com.samsung.shealth.stand_day_summary,7006003,2
create_sh_ver,stand_time,modify_sh_ver,update_time,create_time,deviceuuid,pkg_name,datauuid,day_time
,2097152,,2019-09-30 16:18:56.321,2019-09-30 10:59:26.779,S7Wp0spWno,com.sec.android.app.shealth,195485e5-6d22-7ac2-f471-4119bb85b69a,2019-09-30 00:00:00.000,
,11550720,,2019-10-01 18:15:05.255,2019-09-30 18:35:06.442,S7Wp0spWno,com.sec.android.app.shealth,e92db656-2818-2045-8703-d22b93e2419c,2019-10-01 00:00:00.000,
,8192,,2019-10-24 07:37:39.345,2019-10-23 18:30:15.438,S7Wp0spWno,com.sec.android.app.shealth,2e993d64-2f2b-1ed0-1720-3b40f24904b2,2019-10-24 00:00:00.000,
,3150336,,2019-10-22 16:16:09.282,2019-10-21 18:35:13.358,S7Wp0spWno,com.sec.android.app.shealth,1a9eefb1-9908-c58e-cd91-080e988cf11d,2019-10-22 00:00:00.000,
,0,,2019-10-14 18:30:09.271,2019-10-14 18:30:09.271,S7Wp0spWno,com.sec.android.app.shealth,6cb50368-eaff-cdd4-d8ce-fcd7388a9f4b,2019-10-15 00:00:00.000,
,0,,2019-10-20 08:33:51.967,2019-10-19 18:30:06.871,S7Wp0spWno,com.sec.android.app.shealth,e87623fe-cf71-a8cc-8aad-ca3d675d7b23,2019-10-20 00:00:00.000,
,2048,,2019-10-21 05:46:03.359,2019-10-20 18:30:33.769,S7Wp0spWno,com.sec.android.app.shealth,a4d0c020-614d-5da1-95ac-daa4d6b2f30e,2019-10-21 00:00:00.000,
,4196352,,2019-10-23 16:34:29.600,2019-10-22 18:35:07.340,S7Wp0spWno,com.sec.android.app.shealth,8874a0cc-6ea4-702d-7753-18ef0c4c808d,2019-10-23 00:00:00.000,
,0,,2019-10-18 18:30:11.925,2019-10-18 18:30:11.925,S7Wp0spWno,com.sec.android.app.shealth,f5e50cab-d4f8-37e1-9948-1b6d9004f9c9,2019-10-19 00:00:00.000,
,2162688,,2019-10-16 15:33:24.320,2019-10-15 18:32:42.030,S7Wp0spWno,com.sec.android.app.shealth,4f07b540-1bad-d5b2-d5d8-8ee0da9e6963,2019-10-16 00:00:00.000,
,256,,2019-10-13 02:33:42.222,2019-10-12 18:35:08.358,S7Wp0spWno,com.sec.android.app.shealth,c4eee8e9-11af-9f9a-847f-9f3f0839f371,2019-10-13 00:00:00.000,
,1310721,,2019-10-14 15:20:39.293,2019-10-13 18:30:25.195,S7Wp0spWno,com.sec.android.app.shealth,92f93492-3572-fe5c-a961-e61a9d96228e,2019-10-14 00:00:00.000,
,1048576,,2019-10-12 15:11:10.315,2019-10-11 18:32:38.414,S7Wp0spWno,com.sec.android.app.shealth,caa68dee-c5eb-0ab3-9efc-775ce6d43108,2019-10-12 00:00:00.000,
,10485760,,2019-10-17 18:23:33.344,2019-10-16 18:30:02.733,S7Wp0spWno,com.sec.android.app.shealth,a440c18d-93bf-be5f-b47c-dde19c42e3c5,2019-10-17 00:00:00.000,
,2138112,,2019-10-18 15:43:47.272,2019-10-17 18:35:14.496,S7Wp0spWno,com.sec.android.app.shealth,62428ab1-3cae-7eaa-ec0b-49b6d7a80c1a,2019-10-18 00:00:00.000,
,2686976,,2019-10-11 16:08:33.322,2019-10-10 18:33:59.692,S7Wp0spWno,com.sec.android.app.shealth,5d3d6e36-7af2-798f-2b33-42c6e2af09f5,2019-10-11 00:00:00.000,
,8396801,,2019-10-02 17:34:49.257,2019-10-01 18:31:19.411,S7Wp0spWno,com.sec.android.app.shealth,86110eb6-1366-e85b-b255-e0a46f68200d,2019-10-02 00:00:00.000,
,2228224,,2019-10-06 16:01:08.311,2019-10-05 18:35:05.427,S7Wp0spWno,com.sec.android.app.shealth,54373856-66f2-8588-d712-54772aaa4400,2019-10-06 00:00:00.000,
,1048576,,2019-10-07 14:53:26.350,2019-10-06 18:30:02.614,S7Wp0spWno,com.sec.android.app.shealth,098a4542-88ea-5a66-22d2-2cca8a4f9841,2019-10-07 00:00:00.000,
,18432,,2019-10-05 08:42:05.679,2019-10-04 18:35:06.290,S7Wp0spWno,com.sec.android.app.shealth,2598755a-ba5d-8daf-0a37-167870071d75,2019-10-05 00:00:00.000,
,128,,2019-10-10 01:30:27.211,2019-10-09 18:35:09.381,S7Wp0spWno,com.sec.android.app.shealth,09768e61-42f8-708f-387d-3678002ca7f0,2019-10-10 00:00:00.000,
,0,,2019-10-07 18:30:02.761,2019-10-07 18:30:02.760,S7Wp0spWno,com.sec.android.app.shealth,fbca5db7-4a45-4bca-cfa4-c458c5219216,2019-10-08 00:00:00.000,
,217088,,2019-10-09 12:13:48.338,2019-10-08 18:35:04.454,S7Wp0spWno,com.sec.android.app.shealth,9fff4231-dbab-e09a-5386-521005eeae8b,2019-10-09 00:00:00.000,
,2236416,,2019-10-03 15:44:12.273,2019-10-02 18:30:29.436,S7Wp0spWno,com.sec.android.app.shealth,ec44ea4d-93d0-44e4-c9dd-59e624203151,2019-10-03 00:00:00.000,
,0,,2019-10-03 18:35:05.258,2019-10-03 18:35:05.258,S7Wp0spWno,com.sec.android.app.shealth,1742ca80-1772-5b01-9703-d901fd7cb27d,2019-10-04 00:00:00.000,
,1122304,,2019-10-31 14:37:40.273,2019-10-30 18:30:04.872,S7Wp0spWno,com.sec.android.app.shealth,a881e534-9303-fd6b-b9ec-8f7d0561c410,2019-10-31 00:00:00.000,
,20480,,2019-10-26 08:34:22.327,2019-10-25 18:35:14.339,S7Wp0spWno,com.sec.android.app.shealth,5dbcd603-ee64-9007-e303-b2fdf17c5017,2019-10-26 00:00:00.000,
,4096,,2019-11-04 07:27:56.327,2019-11-03 18:30:03.080,S7Wp0spWno,com.sec.android.app.shealth,f4868101-b605-79b1-e0b3-6c80170e4338,2019-11-04 00:00:00.000,
,1056768,,2019-11-06 15:10:13.291,2019-11-05 18:35:08.351,S7Wp0spWno,com.sec.android.app.shealth,b3177c1c-58c0-56d7-4178-68e1e2a8ecad,2019-11-06 00:00:00.000,
,0,,2019-10-24 18:35:31.089,2019-10-24 18:35:31.088,S7Wp0spWno,com.sec.android.app.shealth,ae441ef8-604a-3beb-08a2-f710aee8ffed,2019-10-25 00:00:00.000,
,2428928,,2019-11-14 15:50:24.281,2019-11-13 18:35:07.418,S7Wp0spWno,com.sec.android.app.shealth,5cf8091e-641e-53d4-1856-b8dd1db50300,2019-11-14 00:00:00.000,
,0,,2019-11-10 18:30:04.935,2019-11-10 18:30:04.935,S7Wp0spWno,com.sec.android.app.shealth,db155c09-0878-2073-933c-435058a70252,2019-11-11 00:00:00.000,
,2424832,,2019-11-13 16:13:14.272,2019-11-12 18:31:58.393,S7Wp0spWno,com.sec.android.app.shealth,3d3f3650-4681-f76d-33b1-40a3743747f7,2019-11-13 00:00:00.000,
,2162816,,2019-10-27 16:08:44.317,2019-10-26 18:35:13.308,S7Wp0spWno,com.sec.android.app.shealth,0981c67c-cc62-4aec-5ded-2313a94364aa,2019-10-27 00:00:00.000,
,1441792,,2019-11-03 15:23:08.285,2019-11-02 18:33:06.435,S7Wp0spWno,com.sec.android.app.shealth,b9923ef8-2038-dd43-1dc5-7500765b40a4,2019-11-03 00:00:00.000,
,4194304,,2019-11-09 16:41:10.296,2019-11-08 18:35:07.367,S7Wp0spWno,com.sec.android.app.shealth,a1af5a10-d036-8a1f-3be1-6f9350309aff,2019-11-09 00:00:00.000,
,0,,2019-11-09 18:30:05.464,2019-11-09 18:30:05.464,S7Wp0spWno,com.sec.android.app.shealth,9afb2edb-b3f4-13b1-add7-e3159417a593,2019-11-10 00:00:00.000,
,2105344,,2019-11-07 15:44:54.261,2019-11-06 18:30:59.421,S7Wp0spWno,com.sec.android.app.shealth,c3d32ea4-5de1-1071-81ca-93f6c3190b80,2019-11-07 00:00:00.000,
,1249280,,2019-11-05 15:20:35.275,2019-11-04 18:35:08.413,S7Wp0spWno,com.sec.android.app.shealth,57ecb384-eb29-9541-ac98-b69d8368b191,2019-11-05 00:00:00.000,
,6291456,,2019-10-30 16:52:53.278,2019-10-29 18:35:05.355,S7Wp0spWno,com.sec.android.app.shealth,b076538e-b9c9-0024-9de3-caa7b938e6cc,2019-10-30 00:00:00.000,
,2097152,,2019-11-02 16:14:34.313,2019-11-01 18:30:07.945,S7Wp0spWno,com.sec.android.app.shealth,ca089a34-7d0e-1aeb-364b-21e6304f2b9b,2019-11-02 00:00:00.000,
,2359296,,2019-10-29 16:06:10.346,2019-10-28 18:35:09.475,S7Wp0spWno,com.sec.android.app.shealth,2866625d-1ae4-f4cd-4fb5-4a76f06d22d4,2019-10-29 00:00:00.000,
,2707584,,2019-11-12 15:31:18.296,2019-11-11 18:30:24.502,S7Wp0spWno,com.sec.android.app.shealth,ffc0ae98-75a4-3f32-ed82-54c00fb4f98d,2019-11-12 00:00:00.000,
,65536,,2019-11-01 11:27:14.298,2019-10-31 18:35:09.380,S7Wp0spWno,com.sec.android.app.shealth,001469d1-488c-60fa-ac8c-a9acf17df743,2019-11-01 00:00:00.000,
,0,,2019-10-27 18:30:33.628,2019-10-27 18:30:33.624,S7Wp0spWno,com.sec.android.app.shealth,5fefb797-c8a3-b9f3-b733-456a15c55324,2019-10-28 00:00:00.000,
,266240,,2019-11-08 13:16:09.319,2019-11-07 18:35:04.489,S7Wp0spWno,com.sec.android.app.shealth,dd7603dc-dbf5-08ed-bdb9-263ac1db4fae,2019-11-08 00:00:00.000,
,2228224,,2020-02-05 15:33:26.354,2020-02-04 18:33:33.355,S7Wp0spWno,com.sec.android.app.shealth,702651f3-1dda-c56e-0faa-f04af15980b5,2020-02-05 00:00:00.000,
,65536,,2020-02-06 11:28:55.463,2020-02-05 18:30:33.883,S7Wp0spWno,com.sec.android.app.shealth,675b8f90-ffa6-3371-24a2-f1d2b99aab2d,2020-02-06 00:00:00.000,
,2752512,,2020-02-04 16:18:32.340,2020-02-03 19:06:41.582,S7Wp0spWno,com.sec.android.app.shealth,2873eef5-b917-4775-1db5-39b3b6e71cc8,2020-02-04 00:00:00.000,
,0,,2020-02-07 18:33:15.861,2020-02-07 18:33:15.861,S7Wp0spWno,com.sec.android.app.shealth,c7a7f625-91d8-6c8b-6ab4-844483435a97,2020-02-08 00:00:00.000,
,0,,2020-02-09 18:31:39.180,2020-02-09 18:31:39.180,S7Wp0spWno,com.sec.android.app.shealth,3665dd34-25b1-8c8b-44a7-941af3bad521,2020-02-10 00:00:00.000,
,4096,,2020-02-09 06:40:49.296,2020-02-08 19:35:41.244,S7Wp0spWno,com.sec.android.app.shealth,9a0f0b20-83ba-ab4f-248f-b85ee23ef1ec,2020-02-09 00:00:00.000,
,8192,,2020-02-07 07:34:36.318,2020-02-06 19:01:43.304,S7Wp0spWno,com.sec.android.app.shealth,78ecff41-d71b-b609-ab96-619c8650b01c,2020-02-07 00:00:00.000,
,131073,,2020-01-25 12:28:20.270,2020-01-24 18:30:41.379,S7Wp0spWno,com.sec.android.app.shealth,38bee1ff-dca1-4a56-1073-8a00272a187e,2020-01-25 00:00:00.000,
,8192,,2020-01-16 07:32:55.329,2020-01-15 18:49:50.872,S7Wp0spWno,com.sec.android.app.shealth,2c1a562d-5e5c-b242-706e-2fa0af255065,2020-01-16 00:00:00.000,
,663552,,2020-01-24 14:02:25.286,2020-01-23 19:35:19.192,S7Wp0spWno,com.sec.android.app.shealth,dac36424-dfc9-2dd1-a930-b2a3d41a8b47,2020-01-24 00:00:00.000,
,0,,2020-01-19 18:37:02.173,2020-01-19 18:37:02.173,S7Wp0spWno,com.sec.android.app.shealth,307d767f-0114-dc3e-8ad6-c8fabe0184d6,2020-01-20 00:00:00.000,
,1312768,,2020-01-27 14:58:55.248,2020-01-26 18:35:05.264,S7Wp0spWno,com.sec.android.app.shealth,c67239ad-6884-609f-d31a-694f49e4f0e2,2020-01-27 00:00:00.000,
,339968,,2020-01-29 12:38:40.275,2020-01-28 18:35:05.355,S7Wp0spWno,com.sec.android.app.shealth,3a0fdd5b-df53-e178-2b66-1fc94de2539b,2020-01-29 00:00:00.000,
,2392064,,2020-02-02 15:58:58.286,2020-02-01 18:41:08.636,S7Wp0spWno,com.sec.android.app.shealth,e6a55968-7d84-74de-82e4-be371399db6c,2020-02-02 00:00:00.000,
,0,,2020-01-31 18:31:46.490,2020-01-31 18:31:46.489,S7Wp0spWno,com.sec.android.app.shealth,d702c7fa-afed-ffe0-9cde-3291b4f12ea9,2020-02-01 00:00:00.000,
,4194304,,2020-01-18 16:49:55.318,2020-01-17 18:34:13.790,S7Wp0spWno,com.sec.android.app.shealth,64ab56fc-a2fc-2d53-b672-e37fbb377ca4,2020-01-18 00:00:00.000,
,32896,,2020-01-13 10:12:07.352,2020-01-12 18:35:05.196,S7Wp0spWno,com.sec.android.app.shealth,a967fcd7-ab9e-9589-8598-acaa100ef83a,2020-01-13 00:00:00.000,
,274432,,2020-02-03 12:32:37.339,2020-02-02 18:34:50.327,S7Wp0spWno,com.sec.android.app.shealth,9ea82801-dad8-cc13-d474-03ab6a1744b4,2020-02-03 00:00:00.000,
,2097152,,2020-01-26 15:44:06.788,2020-01-25 18:31:24.598,S7Wp0spWno,com.sec.android.app.shealth,2287ce31-3c1e-35d6-228b-185d1afddda2,2020-01-26 00:00:00.000,
,73728,,2020-01-23 10:44:42.445,2020-01-22 18:30:49.262,S7Wp0spWno,com.sec.android.app.shealth,a332a822-8f77-26cd-aa26-ee5c970f8225,2020-01-23 00:00:00.000,
,196608,,2020-01-14 12:13:10.185,2020-01-13 19:43:49.147,S7Wp0spWno,com.sec.android.app.shealth,ed7dce0b-1b21-5c7b-0dd9-94bf0deb8f4d,2020-01-14 00:00:00.000,
,67584,,2020-01-22 10:54:17.332,2020-01-21 19:15:08.394,S7Wp0spWno,com.sec.android.app.shealth,40895f0d-0b44-19ee-e4e1-d290ab11c7c2,2020-01-22 00:00:00.000,
,2097152,,2020-01-17 15:35:30.438,2020-01-16 18:33:18.239,S7Wp0spWno,com.sec.android.app.shealth,a2d8a87f-f22c-0128-a79c-14ab5f8472ab,2020-01-17 00:00:00.000,
,2130048,,2020-01-21 15:38:09.358,2020-01-20 18:34:59.273,S7Wp0spWno,com.sec.android.app.shealth,4057d571-30b0-6ffd-e911-29c68b52f87b,2020-01-21 00:00:00.000,
,1187840,,2020-01-28 15:29:43.334,2020-01-27 18:55:17.023,S7Wp0spWno,com.sec.android.app.shealth,4d5b1a40-5d92-63f8-57f1-38943a3d9100,2020-01-28 00:00:00.000,
,4734976,,2020-01-31 17:08:05.338,2020-01-30 18:30:41.913,S7Wp0spWno,com.sec.android.app.shealth,a936b056-b39d-bb7c-e716-e188da296553,2020-01-31 00:00:00.000,
,65536,,2020-02-11 11:24:33.454,2020-02-10 18:32:00.358,S7Wp0spWno,com.sec.android.app.shealth,cd282db8-a0c6-5877-bc5d-65f9ca08b3f2,2020-02-11 00:00:00.000,
,256,,2020-01-19 02:39:20.268,2020-01-18 18:55:06.811,S7Wp0spWno,com.sec.android.app.shealth,c5321210-db63-4d7e-36f1-d2d69358eb0d,2020-01-19 00:00:00.000,
,139264,,2020-01-30 11:58:51.344,2020-01-29 18:30:23.078,S7Wp0spWno,com.sec.android.app.shealth,6c2c17b1-2a34-1084-9c1f-9179d4c6e924,2020-01-30 00:00:00.000,
,2097152,,2020-01-15 16:02:54.304,2020-01-14 18:33:20.728,S7Wp0spWno,com.sec.android.app.shealth,204155eb-d6e7-06e1-c1ee-f5d406d317e8,2020-01-15 00:00:00.000,
,0,,2021-03-19 18:33:08.601,2021-03-19 18:33:08.601,S7Wp0spWno,com.sec.android.app.shealth,0ba74438-7004-7cc6-3a8b-28ba53701d42,2021-03-20 00:00:00.000,
,0,,2021-03-13 18:37:55.684,2021-03-13 18:37:55.684,S7Wp0spWno,com.sec.android.app.shealth,52b511f4-173c-ffb4-f517-93c9d19b33ef,2021-03-14 00:00:00.000,
,2,,2021-03-11 20:16:15.637,2021-03-11 18:33:33.200,S7Wp0spWno,com.sec.android.app.shealth,d9e11fa6-b7c5-6dd4-be4b-53eeb29ac57e,2021-03-12 00:00:00.000,
,0,,2021-03-25 18:30:48.255,2021-03-25 18:30:48.255,S7Wp0spWno,com.sec.android.app.shealth,91b918d1-a501-96df-3476-5eeca63e4825,2021-03-26 00:00:00.000,
,0,,2021-04-01 18:31:14.038,2021-04-01 18:31:14.037,S7Wp0spWno,com.sec.android.app.shealth,1cab9f2c-4cc4-c777-aaba-d672fd3d1b35,2021-04-02 00:00:00.000,
,8527872,,2021-03-09 17:47:56.522,2021-03-08 19:38:33.381,S7Wp0spWno,com.sec.android.app.shealth,d291bdab-8be4-7e9e-36b7-c81d6f5f9730,2021-03-09 00:00:00.000,
,0,,2021-03-07 18:37:29.433,2021-03-07 18:37:29.432,S7Wp0spWno,com.sec.android.app.shealth,a85688d5-28d9-7152-a07b-d012328a5f22,2021-03-08 00:00:00.000,
,2097152,,2021-03-11 15:42:16.973,2021-03-10 19:04:43.693,S7Wp0spWno,com.sec.android.app.shealth,9c879e30-705d-e105-6f16-e03647d8695a,2021-03-11 00:00:00.000,
,0,,2021-03-31 18:30:04.982,2021-03-31 18:30:04.981,S7Wp0spWno,com.sec.android.app.shealth,3e10f107-ed8f-e7bf-b58d-110f019c34e7,2021-04-01 00:00:00.000,
,0,,2021-03-05 18:41:17.338,2021-03-05 18:41:17.338,S7Wp0spWno,com.sec.android.app.shealth,00c9ede0-2389-5c17-7cf5-98237a9829e2,2021-03-06 00:00:00.000,
,8396800,,2021-03-07 17:36:26.902,2021-03-06 20:35:33.624,S7Wp0spWno,com.sec.android.app.shealth,8603eaf4-e44b-4987-fed8-dd8499902eef,2021-03-07 00:00:00.000,
,0,,2021-03-12 21:35:01.808,2021-03-12 21:35:01.808,S7Wp0spWno,com.sec.android.app.shealth,9c17ac88-e57f-5bee-97aa-88383dc8c3c1,2021-03-13 00:00:00.000,
,4194304,,2021-03-15 16:42:36.921,2021-03-14 21:07:15.480,S7Wp0spWno,com.sec.android.app.shealth,e4a3abc0-b254-42a4-cb16-7df4bfed2395,2021-03-15 00:00:00.000,
,2097152,,2021-03-24 16:08:53.312,2021-03-23 18:33:31.182,S7Wp0spWno,com.sec.android.app.shealth,1c9c875b-441e-0879-8d2e-f7f40dda2fe1,2021-03-24 00:00:00.000,
,2097152,,2021-03-25 16:16:37.323,2021-03-24 18:30:14.890,S7Wp0spWno,com.sec.android.app.shealth,f2a0ed08-029a-c45e-cdc1-8ecb2a0aca37,2021-03-25 00:00:00.000,
,0,,2021-03-17 20:15:25.208,2021-03-17 20:15:25.208,S7Wp0spWno,com.sec.android.app.shealth,af0e639c-adee-d9d8-21e5-efac619eae1f,2021-03-18 00:00:00.000,
,0,,2021-03-16 21:15:34.432,2021-03-16 21:15:34.432,S7Wp0spWno,com.sec.android.app.shealth,e68c1d8b-223a-6e3c-a729-4d72abfbd422,2021-03-17 00:00:00.000,
,2228224,,2021-03-19 15:56:08.158,2021-03-18 18:40:27.432,S7Wp0spWno,com.sec.android.app.shealth,f772b711-8101-6827-40d6-95ed38709c2b,2021-03-19 00:00:00.000,
,0,,2021-03-28 18:30:20.558,2021-03-28 18:30:20.557,S7Wp0spWno,com.sec.android.app.shealth,507141bf-7217-5613-1f9d-6b96748bc0ad,2021-03-29 00:00:00.000,
,0,,2021-03-30 18:30:10.329,2021-03-30 18:30:10.329,S7Wp0spWno,com.sec.android.app.shealth,1f2fd07e-37a7-6789-13cb-93ac6771aa74,2021-03-31 00:00:00.000,
,0,,2021-03-15 18:55:43.468,2021-03-15 18:55:43.468,S7Wp0spWno,com.sec.android.app.shealth,1df48e21-f1aa-a68a-7c5c-de15b64432c0,2021-03-16 00:00:00.000,
,0,,2021-03-26 18:30:37.785,2021-03-26 18:30:37.784,S7Wp0spWno,com.sec.android.app.shealth,f770b2ff-911f-595a-d849-7128a0ca8958,2021-03-27 00:00:00.000,
,0,,2021-03-04 18:32:02.075,2021-03-04 18:32:02.075,S7Wp0spWno,com.sec.android.app.shealth,0d0c2ccb-893e-756f-a296-ec833288091b,2021-03-05 00:00:00.000,
,294913,,2021-03-21 12:45:57.693,2021-03-20 18:37:33.636,S7Wp0spWno,com.sec.android.app.shealth,ad041122-4081-719f-77a7-85b6c41972dd,2021-03-21 00:00:00.000,
,0,,2021-03-27 18:31:05.827,2021-03-27 18:31:05.827,S7Wp0spWno,com.sec.android.app.shealth,f85124b1-61ab-c93f-aa8b-9018764412d7,2021-03-28 00:00:00.000,
,0,,2021-03-22 19:33:52.477,2021-03-22 19:33:52.477,S7Wp0spWno,com.sec.android.app.shealth,4820417e-e521-c0b6-a943-b3c08f4670ff,2021-03-23 00:00:00.000,
,3,,2021-03-09 19:59:39.580,2021-03-09 18:39:38.774,S7Wp0spWno,com.sec.android.app.shealth,8a7b8500-7171-9aad-8ad6-551303da99cb,2021-03-10 00:00:00.000,
,0,,2021-03-03 18:35:05.044,2021-03-03 18:35:05.044,S7Wp0spWno,com.sec.android.app.shealth,17921b2c-39b7-0af2-9e09-3e0ca36140cf,2021-03-04 00:00:00.000,
,0,,2021-03-21 19:15:19.312,2021-03-21 19:15:19.312,S7Wp0spWno,com.sec.android.app.shealth,d8846f22-0e0a-f2c6-7432-e9b615e5bfe8,2021-03-22 00:00:00.000,
,0,,2021-03-29 18:30:24.776,2021-03-29 18:30:24.776,S7Wp0spWno,com.sec.android.app.shealth,bf371dcb-dc73-ef36-728d-6c1a03f10f3a,2021-03-30 00:00:00.000,
,0,,2021-05-16 03:20:40.203,2021-05-15 18:30:03.554,S7Wp0spWno,com.sec.android.app.shealth,21be3e18-b263-af48-d3a0-627105562bfa,2021-05-16 00:00:00.000,
,1048576,,2021-06-09 15:01:30.283,2021-06-08 18:30:03.709,S7Wp0spWno,com.sec.android.app.shealth,0ba91894-2c09-afd4-95f1-efe4eb4acc3c,2021-06-09 00:00:00.000,
,0,,2021-06-01 18:30:04.586,2021-06-01 18:30:04.586,S7Wp0spWno,com.sec.android.app.shealth,1b525e15-dff2-09fa-cb08-956ae153b2e5,2021-06-02 00:00:00.000,
,0,,2021-06-06 18:30:03.742,2021-06-06 18:30:03.742,S7Wp0spWno,com.sec.android.app.shealth,502d2e82-23b6-7e3b-aab3-9e76531f19d0,2021-06-07 00:00:00.000,
,0,,2021-06-09 18:30:04.771,2021-06-09 18:30:04.771,S7Wp0spWno,com.sec.android.app.shealth,76639d8b-63ef-e925-5daf-67b0fa1fa100,2021-06-10 00:00:00.000,
,0,,2021-05-18 18:30:04.839,2021-05-18 18:30:04.839,S7Wp0spWno,com.sec.android.app.shealth,3964027e-9021-5f35-3979-789312340193,2021-05-19 00:00:00.000,
,0,,2021-06-11 18:30:03.791,2021-06-11 18:30:03.791,S7Wp0spWno,com.sec.android.app.shealth,17219f2c-10fd-83c0-9d61-f1fba64826d9,2021-06-12 00:00:00.000,
,0,,2021-05-29 18:30:34.512,2021-05-29 18:30:34.512,S7Wp0spWno,com.sec.android.app.shealth,f56f7b75-6154-625f-88b9-739796fca674,2021-05-30 00:00:00.000,
,0,,2021-05-24 18:30:42.905,2021-05-24 18:30:42.905,S7Wp0spWno,com.sec.android.app.shealth,fc18483b-74f8-abc3-fec2-3ff279d3a2b4,2021-05-25 00:00:00.000,
,0,,2021-05-20 18:30:04.745,2021-05-20 18:30:04.745,S7Wp0spWno,com.sec.android.app.shealth,854882cb-dd38-5d83-7932-9134d0871d8e,2021-05-21 00:00:00.000,
,4194304,,2021-05-28 17:25:55.243,2021-05-27 18:30:20.997,S7Wp0spWno,com.sec.android.app.shealth,d6ed861e-a011-ca20-8b7e-42ec6dced7de,2021-05-28 00:00:00.000,
,0,,2021-06-10 18:30:05.019,2021-06-10 18:30:05.019,S7Wp0spWno,com.sec.android.app.shealth,4272b092-833f-9ffd-f3b6-1eb5d947d108,2021-06-11 00:00:00.000,
,0,,2021-05-28 18:31:25.572,2021-05-28 18:31:25.572,S7Wp0spWno,com.sec.android.app.shealth,4bf00c9c-f8b6-32c8-0eee-9e69b9702793,2021-05-29 00:00:00.000,
,0,,2021-05-23 18:31:11.437,2021-05-23 18:31:11.437,S7Wp0spWno,com.sec.android.app.shealth,5f4e539f-7d1a-78b5-05dd-2262346a4897,2021-05-24 00:00:00.000,
,0,,2021-06-03 18:30:03.520,2021-06-03 18:30:03.520,S7Wp0spWno,com.sec.android.app.shealth,cc3f9f6b-f888-4395-fae3-5d8ec74356b7,2021-06-04 00:00:00.000,
,0,,2021-06-07 18:30:04.969,2021-06-07 18:30:04.969,S7Wp0spWno,com.sec.android.app.shealth,2e5804c8-e53a-82e4-b20a-1152cbe48c7b,2021-06-08 00:00:00.000,
,0,,2021-05-26 18:30:45.923,2021-05-26 18:30:45.923,S7Wp0spWno,com.sec.android.app.shealth,d8a5c132-bc94-14b9-0a4e-d638308d3009,2021-05-27 00:00:00.000,
,0,,2021-05-17 18:30:03.714,2021-05-17 18:30:03.714,S7Wp0spWno,com.sec.android.app.shealth,44acda82-e76b-738e-c3d8-93711a58e4f5,2021-05-18 00:00:00.000,
,0,,2021-05-30 18:31:17.390,2021-05-30 18:31:17.390,S7Wp0spWno,com.sec.android.app.shealth,44704609-e99f-d1aa-5069-fd153a10860a,2021-05-31 00:00:00.000,
,0,,2021-05-19 18:30:05.137,2021-05-19 18:30:05.137,S7Wp0spWno,com.sec.android.app.shealth,05781b37-b9f0-ad79-602b-8052bfcd4009,2021-05-20 00:00:00.000,
,0,,2021-05-25 18:31:22.579,2021-05-25 18:31:22.579,S7Wp0spWno,com.sec.android.app.shealth,fedd945c-1804-4628-6963-b2518174a42a,2021-05-26 00:00:00.000,
,0,,2021-05-22 18:31:16.263,2021-05-22 18:31:16.260,S7Wp0spWno,com.sec.android.app.shealth,32fc5922-646a-33b5-5c71-0a0d7aa8081d,2021-05-23 00:00:00.000,
,0,,2021-06-05 18:30:04.953,2021-06-05 18:30:04.953,S7Wp0spWno,com.sec.android.app.shealth,e9dea39f-f71e-e990-6192-e42477224d79,2021-06-06 00:00:00.000,
,10485760,,2021-05-15 17:45:54.362,2021-05-14 18:30:04.787,S7Wp0spWno,com.sec.android.app.shealth,da0147ee-682b-eb54-c748-c275e08b84e1,2021-05-15 00:00:00.000,
,0,,2021-06-02 18:30:03.616,2021-06-02 18:30:03.616,S7Wp0spWno,com.sec.android.app.shealth,4b51dd8d-e8b1-26ed-b79b-00f91a13a055,2021-06-03 00:00:00.000,
,0,,2021-05-31 18:30:03.989,2021-05-31 18:30:03.989,S7Wp0spWno,com.sec.android.app.shealth,bb229237-463f-20e8-8335-a77e159f237e,2021-06-01 00:00:00.000,
,0,,2021-05-16 18:30:04.587,2021-05-16 18:30:04.587,S7Wp0spWno,com.sec.android.app.shealth,09562a77-131b-cd43-5f23-433e8700b1bd,2021-05-17 00:00:00.000,
,0,,2021-06-04 18:30:04.671,2021-06-04 18:30:04.671,S7Wp0spWno,com.sec.android.app.shealth,0d95f6d6-2cd3-6286-45d7-7d1261669619,2021-06-05 00:00:00.000,
,0,,2021-05-21 18:30:09.581,2021-05-21 18:30:09.580,S7Wp0spWno,com.sec.android.app.shealth,4956339f-0bf6-01f6-ef23-2e49a13d7987,2021-05-22 00:00:00.000,
,8388608,,2021-06-20 17:56:09.296,2021-06-19 18:30:14.651,S7Wp0spWno,com.sec.android.app.shealth,67217033-e488-855b-c6bf-648d4881ead4,2021-06-20 00:00:00.000,
,0,,2021-06-18 18:30:03.726,2021-06-18 18:30:03.725,S7Wp0spWno,com.sec.android.app.shealth,5ce65a21-e159-db6b-2e6c-f47d1f9166f2,2021-06-19 00:00:00.000,
,256,,2021-06-18 02:35:13.687,2021-06-17 18:30:09.774,S7Wp0spWno,com.sec.android.app.shealth,39e4f759-79be-4ec2-f41e-3c027667f7f8,2021-06-18 00:00:00.000,
,0,,2021-06-17 07:02:52.769,2021-06-17 07:02:52.768,S7Wp0spWno,com.sec.android.app.shealth,dafd3384-c446-c86e-ca48-c75f58782af1,2021-06-17 00:00:00.000,
,4194304,,2021-06-21 17:20:36.254,2021-06-20 18:30:17.837,S7Wp0spWno,com.sec.android.app.shealth,b9ee72de-8504-9083-dffc-dc37951b8901,2021-06-21 00:00:00.000,
,0,,2021-06-21 18:30:31.897,2021-06-21 18:30:31.896,S7Wp0spWno,com.sec.android.app.shealth,9f804f81-e438-e431-4f68-82d2ba4bc12c,2021-06-22 00:00:00.000,
,0,,2021-06-13 18:30:25.265,2021-06-13 18:30:25.264,S7Wp0spWno,com.sec.android.app.shealth,993445db-dccc-4636-03fa-16889ea6c828,2021-06-14 00:00:00.000,
,4227072,,2021-06-13 16:49:02.266,2021-06-12 18:30:03.371,S7Wp0spWno,com.sec.android.app.shealth,1d5b5b3b-cdaa-0f7c-d528-26494fe6d9c3,2021-06-13 00:00:00.000,
,65536,,2021-06-23 11:28:58.643,2021-06-22 18:30:13.397,S7Wp0spWno,com.sec.android.app.shealth,48f571f6-9976-d773-f378-011305dba0e3,2021-06-23 00:00:00.000,
,0,,2021-06-24 18:30:27.362,2021-06-24 18:30:27.361,S7Wp0spWno,com.sec.android.app.shealth,92cc5daa-e883-fa82-8c84-44352379c95e,2021-06-25 00:00:00.000,
,131072,,2021-06-24 11:49:55.310,2021-06-23 18:30:18.372,S7Wp0spWno,com.sec.android.app.shealth,87e0ae6a-8bba-8c12-322b-67435d588c30,2021-06-24 00:00:00.000,
,0,,2021-06-26 18:30:08.457,2021-06-26 18:30:08.457,S7Wp0spWno,com.sec.android.app.shealth,22b775ed-6b81-7a14-e7e2-9b467365d497,2021-06-27 00:00:00.000,
,172032,,2021-06-26 11:36:14.322,2021-06-25 18:30:18.285,S7Wp0spWno,com.sec.android.app.shealth,60a87529-64b2-2681-234e-a5a0da75eb02,2021-06-26 00:00:00.000,
,0,,2021-06-27 18:30:06.201,2021-06-27 18:30:06.199,S7Wp0spWno,com.sec.android.app.shealth,e50f8c9c-ab75-2b2c-590a-c7bfcf0a3ef2,2021-06-28 00:00:00.000,
,0,,2021-06-28 18:30:19.839,2021-06-28 18:30:19.838,S7Wp0spWno,com.sec.android.app.shealth,27d5b1e5-e917-22f8-f037-6af2aea81c2a,2021-06-29 00:00:00.000,
,0,,2021-06-29 18:30:08.212,2021-06-29 18:30:08.208,S7Wp0spWno,com.sec.android.app.shealth,7a0bc800-aac6-2c31-96b6-95d9969ece20,2021-06-30 00:00:00.000,
,131072,,2021-07-02 12:20:05.257,2021-07-01 18:30:03.745,S7Wp0spWno,com.sec.android.app.shealth,6e0cdd63-5625-35ad-485a-62ea25a49f92,2021-07-02 00:00:00.000,
,65536,,2021-07-01 10:56:04.673,2021-06-30 18:30:15.786,S7Wp0spWno,com.sec.android.app.shealth,32ccd0b6-ad90-26d3-8ab4-cb82a19a63ad,2021-07-01 00:00:00.000,
,0,,2021-07-02 18:30:17.922,2021-07-02 18:30:17.922,S7Wp0spWno,com.sec.android.app.shealth,45a7d714-5461-65bf-5133-6677e00a029c,2021-07-03 00:00:00.000,
,32769,,2021-07-04 10:17:14.263,2021-07-03 18:30:13.923,S7Wp0spWno,com.sec.android.app.shealth,82bfc486-ab8f-32af-0195-cb7942ff201e,2021-07-04 00:00:00.000,
,0,,2021-07-04 18:30:07.541,2021-07-04 18:30:07.541,S7Wp0spWno,com.sec.android.app.shealth,b6918907-bd39-52e2-937b-24a29c5cc62e,2021-07-05 00:00:00.000,
,524288,,2021-07-06 13:34:47.278,2021-07-05 18:30:20.751,S7Wp0spWno,com.sec.android.app.shealth,3bbbed44-00d2-3f63-f1db-9fb2b2924660,2021-07-06 00:00:00.000,
,131072,,2021-07-07 12:15:59.260,2021-07-06 18:30:10.599,S7Wp0spWno,com.sec.android.app.shealth,9a6e4819-7f94-9b7a-746f-c9fcbe77be3e,2021-07-07 00:00:00.000,
,128,,2021-07-08 02:26:38.262,2021-07-07 18:30:18.847,S7Wp0spWno,com.sec.android.app.shealth,71283091-3637-604c-3318-5a6da212676c,2021-07-08 00:00:00.000,
,0,,2021-07-08 18:30:22.122,2021-07-08 18:30:22.121,S7Wp0spWno,com.sec.android.app.shealth,72a94f74-4109-74d0-c225-2040775b6c63,2021-07-09 00:00:00.000,
,8454144,,2021-07-10 17:58:11.253,2021-07-09 18:30:25.997,S7Wp0spWno,com.sec.android.app.shealth,27a27adb-9f39-ae8c-9f3e-729c43baee58,2021-07-10 00:00:00.000,
,32768,,2021-07-11 09:47:45.251,2021-07-10 18:30:12.063,S7Wp0spWno,com.sec.android.app.shealth,f73fbc59-8dc0-73d2-adcb-5ee1fb18b619,2021-07-11 00:00:00.000,
,0,,2021-07-11 18:30:02.792,2021-07-11 18:30:02.791,S7Wp0spWno,com.sec.android.app.shealth,f0750adb-1bc4-84fd-fb10-5d20b1607d74,2021-07-12 00:00:00.000,
,256,,2021-07-13 14:50:17.629,2021-07-12 18:30:11.810,S7Wp0spWno,com.sec.android.app.shealth,a929f7ec-6d5d-9d5e-305b-6f5a2add67c0,2021-07-13 00:00:00.000,
,294912,,2021-07-14 12:53:23.338,2021-07-13 18:30:11.187,S7Wp0spWno,com.sec.android.app.shealth,9690a3da-aa83-c07d-a1a3-93ec35616e62,2021-07-14 00:00:00.000,
,2949120,,2021-07-15 16:06:48.287,2021-07-14 18:30:13.838,S7Wp0spWno,com.sec.android.app.shealth,6ff7dfa4-27bf-a565-4041-283c0e3a0e9c,2021-07-15 00:00:00.000,
,512,,2021-07-16 03:42:38.722,2021-07-15 18:30:08.509,S7Wp0spWno,com.sec.android.app.shealth,10afb7fa-0c26-760e-49ee-f79012ec424b,2021-07-16 00:00:00.000,
,0,,2021-07-17 18:30:23.763,2021-07-17 18:30:23.762,S7Wp0spWno,com.sec.android.app.shealth,c1c2832a-e83e-7b94-4360-5ebb2da8b9b8,2021-07-18 00:00:00.000,
,4096,,2021-07-17 07:20:28.247,2021-07-16 18:30:08.186,S7Wp0spWno,com.sec.android.app.shealth,6b2200f9-271a-bdde-6715-6d69b6b198e8,2021-07-17 00:00:00.000,
,0,,2021-07-18 18:30:04.058,2021-07-18 18:30:04.058,S7Wp0spWno,com.sec.android.app.shealth,00748715-8c04-29ff-3215-a59553f91b0a,2021-07-19 00:00:00.000,
,128,,2021-07-20 02:14:17.675,2021-07-19 18:30:20.731,S7Wp0spWno,com.sec.android.app.shealth,89d0f1d2-284b-1fa2-285f-a71c631a1821,2021-07-20 00:00:00.000,
,1,,2021-07-20 18:34:51.365,2021-07-20 18:30:04.859,S7Wp0spWno,com.sec.android.app.shealth,774b1b28-46f5-981b-9f50-d2db14f3302b,2021-07-21 00:00:00.000,
,1,,2021-07-22 19:05:18.273,2021-07-22 18:30:15.028,S7Wp0spWno,com.sec.android.app.shealth,1c09c85c-6b66-d766-b4a9-fcd88da2baff,2021-07-23 00:00:00.000,
,0,,2021-07-21 18:30:25.061,2021-07-21 18:30:25.060,S7Wp0spWno,com.sec.android.app.shealth,6bfa871d-80eb-6ba2-ed4d-18e9a0feea2a,2021-07-22 00:00:00.000,
,262144,,2021-07-24 15:53:40.879,2021-07-23 18:30:10.900,S7Wp0spWno,com.sec.android.app.shealth,71e5bced-75af-d57d-ea42-dc1d838f11a5,2021-07-24 00:00:00.000,
,0,,2021-07-25 18:30:29.380,2021-07-25 18:30:29.378,S7Wp0spWno,com.sec.android.app.shealth,c93f111d-d28d-7a9d-e778-567bcfe46980,2021-07-26 00:00:00.000,
,8388608,,2021-07-25 18:05:16.259,2021-07-24 18:30:06.588,S7Wp0spWno,com.sec.android.app.shealth,13a648c0-f494-aee6-cab7-7dc32ce33331,2021-07-25 00:00:00.000,
,256,,2021-07-27 03:15:59.285,2021-07-26 18:30:37.996,S7Wp0spWno,com.sec.android.app.shealth,f7cfb07f-66c5-331b-a596-8083ad3af120,2021-07-27 00:00:00.000,
,147456,,2021-07-28 11:52:34.836,2021-07-27 18:30:23.469,S7Wp0spWno,com.sec.android.app.shealth,6aabf0a4-af62-c727-cec7-529d1439493c,2021-07-28 00:00:00.000,
,0,,2021-07-28 18:30:19.371,2021-07-28 18:30:19.371,S7Wp0spWno,com.sec.android.app.shealth,e2d459bf-d5c9-9ec6-0fcb-67d3d2d90b4c,2021-07-29 00:00:00.000,
,8716288,,2021-07-30 17:40:23.701,2021-07-29 18:30:22.810,S7Wp0spWno,com.sec.android.app.shealth,05f25b8d-5136-aecd-227d-f83724b02c4f,2021-07-30 00:00:00.000,
,0,,2021-07-31 18:30:44.417,2021-07-31 18:30:44.417,S7Wp0spWno,com.sec.android.app.shealth,87b1da82-f42a-56f7-4d41-e58821b0cd0f,2021-08-01 00:00:00.000,
,8388608,,2021-07-31 17:32:36.223,2021-07-30 18:30:07.108,S7Wp0spWno,com.sec.android.app.shealth,349e41b6-e944-9b68-c6e2-611dcee2f13b,2021-07-31 00:00:00.000,
,0,,2021-08-01 18:30:10.217,2021-08-01 18:30:10.216,S7Wp0spWno,com.sec.android.app.shealth,61706e05-5691-fe61-e390-038bf5c0eee3,2021-08-02 00:00:00.000,
,0,,2021-08-02 18:30:17.722,2021-08-02 18:30:17.722,S7Wp0spWno,com.sec.android.app.shealth,45fd45f3-f10e-5d9b-61c0-33c4f32b3b52,2021-08-03 00:00:00.000,
,295040,,2021-08-04 12:32:38.276,2021-08-03 18:30:21.901,S7Wp0spWno,com.sec.android.app.shealth,1060ed94-607b-e6d4-cf2b-3db481e2f16e,2021-08-04 00:00:00.000,
,0,,2021-08-04 18:30:18.510,2021-08-04 18:30:18.509,S7Wp0spWno,com.sec.android.app.shealth,e759b576-6093-7871-551a-b836f228891f,2021-08-05 00:00:00.000,
,2097152,,2021-08-06 16:13:28.353,2021-08-05 18:30:02.679,S7Wp0spWno,com.sec.android.app.shealth,a2b9b3b9-4159-f0c2-5b24-b4ef1084fb5c,2021-08-06 00:00:00.000,
,4489216,,2021-08-07 16:54:19.309,2021-08-06 18:30:04.441,S7Wp0spWno,com.sec.android.app.shealth,6ff16c85-b2dc-d879-d614-e2dc7ca542fc,2021-08-07 00:00:00.000,
,65536,,2021-08-08 10:50:59.274,2021-08-07 18:30:07.154,S7Wp0spWno,com.sec.android.app.shealth,e3739f16-d656-d9a6-0136-c71713769c00,2021-08-08 00:00:00.000,
,0,,2021-08-08 18:30:03.753,2021-08-08 18:30:03.753,S7Wp0spWno,com.sec.android.app.shealth,05a82ece-fb3d-8821-bd17-c890f2df7cd2,2021-08-09 00:00:00.000,
,0,,2021-08-09 18:30:12.913,2021-08-09 18:30:12.912,S7Wp0spWno,com.sec.android.app.shealth,be92eb70-e062-ed0a-ebdf-f0cd5907259a,2021-08-10 00:00:00.000,
,344064,,2021-08-11 12:31:05.309,2021-08-10 18:30:04.893,S7Wp0spWno,com.sec.android.app.shealth,be721db3-a1bb-ef7b-8888-965162c720a4,2021-08-11 00:00:00.000,
,0,,2021-08-11 18:30:12.271,2021-08-11 18:30:12.271,S7Wp0spWno,com.sec.android.app.shealth,3e95cae7-1188-8450-65a0-afd7311c53fe,2021-08-12 00:00:00.000,
,0,,2021-08-12 18:30:09.984,2021-08-12 18:30:09.984,S7Wp0spWno,com.sec.android.app.shealth,f90d09a5-b174-3d82-0f51-ba200bd3e84d,2021-08-13 00:00:00.000,
,0,,2021-08-13 18:30:10.938,2021-08-13 18:30:10.938,S7Wp0spWno,com.sec.android.app.shealth,bdb4d702-5b10-bb25-c482-8af5ad500d13,2021-08-14 00:00:00.000,
,0,,2021-08-15 18:30:15.566,2021-08-15 18:30:15.565,S7Wp0spWno,com.sec.android.app.shealth,fa9e9094-ecdb-9326-eff3-7e9a20d902a8,2021-08-16 00:00:00.000,
,512,,2021-08-15 03:58:07.294,2021-08-14 18:30:16.852,S7Wp0spWno,com.sec.android.app.shealth,c02177ba-ebbd-c454-4bf2-1965b28c0c46,2021-08-15 00:00:00.000,
,0,,2021-08-17 18:30:26.807,2021-08-17 18:30:26.807,S7Wp0spWno,com.sec.android.app.shealth,372dfa9e-f812-d3d7-f76e-71dc695826fc,2021-08-18 00:00:00.000,
,1183744,,2021-08-17 15:01:35.372,2021-08-16 18:30:25.112,S7Wp0spWno,com.sec.android.app.shealth,946d21e1-7e51-ef99-2633-4358da1f6765,2021-08-17 00:00:00.000,
,0,,2021-08-18 18:30:20.783,2021-08-18 18:30:20.783,S7Wp0spWno,com.sec.android.app.shealth,8dd24cca-30d6-66dd-2ec9-4e34ffc7b31d,2021-08-19 00:00:00.000,
,1,,2021-08-19 18:40:28.320,2021-08-19 18:30:04.203,S7Wp0spWno,com.sec.android.app.shealth,33892caf-1825-0861-f242-bbf4d8ddbcbc,2021-08-20 00:00:00.000,
,0,,2021-08-20 18:30:26.969,2021-08-20 18:30:26.969,S7Wp0spWno,com.sec.android.app.shealth,3fc80551-d172-70ef-292a-f8897fd1fc55,2021-08-21 00:00:00.000,
,0,,2021-08-22 18:30:24.955,2021-08-22 18:30:24.954,S7Wp0spWno,com.sec.android.app.shealth,c29bbb50-ecb8-4bb9-cd66-21ce1b4fe0b3,2021-08-23 00:00:00.000,
,2097152,,2021-08-22 16:23:59.268,2021-08-21 18:30:32.863,S7Wp0spWno,com.sec.android.app.shealth,e32f4dc7-948a-b186-5472-fe8b8e1bf2ff,2021-08-22 00:00:00.000,
,0,,2021-08-23 18:30:30.425,2021-08-23 18:30:30.425,S7Wp0spWno,com.sec.android.app.shealth,ce6b1bee-b5e6-b948-85bd-0ac4035c1bab,2021-08-24 00:00:00.000,
,0,,2021-08-24 18:30:18.324,2021-08-24 18:30:18.323,S7Wp0spWno,com.sec.android.app.shealth,1895a92b-7293-631c-0ba7-270e39206c92,2021-08-25 00:00:00.000,
,4333568,,2021-08-26 17:18:27.310,2021-08-25 18:30:36.870,S7Wp0spWno,com.sec.android.app.shealth,a357cc64-f16c-47b1-0bf7-70a78db89ac7,2021-08-26 00:00:00.000,
,0,,2021-08-26 18:30:05.900,2021-08-26 18:30:05.899,S7Wp0spWno,com.sec.android.app.shealth,93bafd3d-8be5-31f6-05e9-f2f12f4ff53c,2021-08-27 00:00:00.000,
,4268032,,2021-08-28 16:54:15.306,2021-08-27 18:30:16.922,S7Wp0spWno,com.sec.android.app.shealth,9c33d61a-f086-bd61-06ab-d86e97f26e10,2021-08-28 00:00:00.000,
,0,,2021-08-28 18:30:07.210,2021-08-28 18:30:07.208,S7Wp0spWno,com.sec.android.app.shealth,0f62d101-fc51-bf40-5de7-95132c9e37bc,2021-08-29 00:00:00.000,
,1,,2021-08-29 19:06:04.221,2021-08-29 18:30:03.986,S7Wp0spWno,com.sec.android.app.shealth,99b18278-742c-da94-9616-a3414d3818dc,2021-08-30 00:00:00.000,
,16,,2021-08-30 23:20:56.295,2021-08-30 18:30:06.296,S7Wp0spWno,com.sec.android.app.shealth,eeecb969-6917-50cc-8c20-978b5c86ff23,2021-08-31 00:00:00.000,
,0,,2021-08-31 18:30:23.161,2021-08-31 18:30:23.161,S7Wp0spWno,com.sec.android.app.shealth,320213a1-96a9-2a7b-11b6-67172db4348f,2021-09-01 00:00:00.000,
,0,,2021-09-01 18:30:10.821,2021-09-01 18:30:10.821,S7Wp0spWno,com.sec.android.app.shealth,255c1300-eb8b-cbcd-868a-e5574522965a,2021-09-02 00:00:00.000,
,0,,2021-09-02 18:30:07.211,2021-09-02 18:30:07.211,S7Wp0spWno,com.sec.android.app.shealth,bb737a3a-f9a7-3fc9-62a3-0deb857d0d90,2021-09-03 00:00:00.000,
,0,,2021-09-04 18:30:22.706,2021-09-04 18:30:22.706,S7Wp0spWno,com.sec.android.app.shealth,9f825a4b-e5b4-1154-ddca-c608a83b0fa2,2021-09-05 00:00:00.000,
,4210688,,2021-09-04 16:49:07.316,2021-09-03 18:30:05.802,S7Wp0spWno,com.sec.android.app.shealth,6276cc0d-3cdc-9e53-c446-0c8605a3f8c5,2021-09-04 00:00:00.000,
,2097152,,2021-09-06 15:49:10.380,2021-09-05 18:30:27.013,S7Wp0spWno,com.sec.android.app.shealth,6aec0054-b80c-7b64-95ec-605d7e5d4752,2021-09-06 00:00:00.000,
,0,,2021-09-06 18:30:20.727,2021-09-06 18:30:20.727,S7Wp0spWno,com.sec.android.app.shealth,beeef49d-13b0-c948-1005-4458f0dcfba3,2021-09-07 00:00:00.000,
,0,,2021-09-08 18:30:18.094,2021-09-08 18:30:18.094,S7Wp0spWno,com.sec.android.app.shealth,a8a7ca01-1fc9-9734-3e87-78c4bd1e422d,2021-09-09 00:00:00.000,
,131072,,2021-09-08 12:09:15.361,2021-09-07 18:30:28.752,S7Wp0spWno,com.sec.android.app.shealth,02594cf6-6427-be70-14a1-975c1c62867b,2021-09-08 00:00:00.000,
,16896,,2021-09-10 09:08:13.607,2021-09-09 18:30:34.765,S7Wp0spWno,com.sec.android.app.shealth,173f97b4-5041-ef4c-4ed1-9c49a83e38b2,2021-09-10 00:00:00.000,
,512,,2021-09-11 04:11:45.391,2021-09-10 18:30:11.129,S7Wp0spWno,com.sec.android.app.shealth,b1b91210-6c20-9fe6-a711-043b0f9199c9,2021-09-11 00:00:00.000,
,0,,2021-09-13 18:30:08.965,2021-09-13 18:30:08.959,S7Wp0spWno,com.sec.android.app.shealth,79d0e933-ec32-e65b-a65b-23bfc61c5a95,2021-09-14 00:00:00.000,
,9699328,,2021-09-12 17:38:45.252,2021-09-11 18:30:16.981,S7Wp0spWno,com.sec.android.app.shealth,8b1c2700-ac83-e1eb-18d0-70bcfbe29ff7,2021-09-12 00:00:00.000,
,0,,2021-09-12 18:30:17.934,2021-09-12 18:30:17.934,S7Wp0spWno,com.sec.android.app.shealth,7ad3a2ba-a80e-2a49-c5a6-15973e51ab69,2021-09-13 00:00:00.000,
,0,,2021-09-14 18:30:06.849,2021-09-14 18:30:06.849,S7Wp0spWno,com.sec.android.app.shealth,c0a500fd-593b-fc71-cfbc-773aaa5eb8e6,2021-09-15 00:00:00.000,
,0,,2021-09-15 18:30:05.207,2021-09-15 18:30:05.207,S7Wp0spWno,com.sec.android.app.shealth,c8cae669-4258-fa60-8f25-aa89f6b93dd5,2021-09-16 00:00:00.000,
,0,,2021-09-16 18:30:05.388,2021-09-16 18:30:05.386,S7Wp0spWno,com.sec.android.app.shealth,517091f2-6ae5-c2f6-1939-d1d972aae76f,2021-09-17 00:00:00.000,
,0,,2021-09-17 18:30:12.295,2021-09-17 18:30:12.295,S7Wp0spWno,com.sec.android.app.shealth,21533e58-6f49-0c53-fa4a-de4223b0c545,2021-09-18 00:00:00.000,
,1048576,,2021-09-19 14:56:52.296,2021-09-18 18:30:38.310,S7Wp0spWno,com.sec.android.app.shealth,280da79a-4d76-0cc5-25df-fa757f0ba030,2021-09-19 00:00:00.000,
,2097152,,2021-09-20 16:22:56.298,2021-09-19 18:30:05.286,S7Wp0spWno,com.sec.android.app.shealth,ad294636-2afb-e9f0-c23d-e480b4d7a80a,2021-09-20 00:00:00.000,
,0,,2021-09-21 18:30:12.838,2021-09-21 18:30:12.835,S7Wp0spWno,com.sec.android.app.shealth,6d7c8fc3-f590-2bbd-14d3-ce449229b1cc,2021-09-22 00:00:00.000,
,2105344,,2021-09-21 15:31:39.287,2021-09-20 18:30:14.394,S7Wp0spWno,com.sec.android.app.shealth,0522a2cd-150d-0070-43a2-9c189d3da73f,2021-09-21 00:00:00.000,
,0,,2021-09-24 18:30:16.138,2021-09-24 18:30:16.138,S7Wp0spWno,com.sec.android.app.shealth,b788c368-2e0c-6662-04db-14ded7f1b35a,2021-09-25 00:00:00.000,
,8454144,,2021-09-23 18:24:47.316,2021-09-22 18:30:14.227,S7Wp0spWno,com.sec.android.app.shealth,dafeb115-129f-d8e3-dbe8-e25e6f909c4c,2021-09-23 00:00:00.000,
,0,,2021-09-23 18:30:25.244,2021-09-23 18:30:25.243,S7Wp0spWno,com.sec.android.app.shealth,fa87dd6d-6f71-1724-4e9e-897e3434aeb4,2021-09-24 00:00:00.000,
,0,,2021-09-26 18:30:26.955,2021-09-26 18:30:26.955,S7Wp0spWno,com.sec.android.app.shealth,206e9334-ad65-56ef-38c3-5dfe45137a6c,2021-09-27 00:00:00.000,
,32768,,2021-09-26 09:35:24.308,2021-09-25 18:30:34.812,S7Wp0spWno,com.sec.android.app.shealth,fb7b2a34-e958-3272-0bfb-328b9531a1ba,2021-09-26 00:00:00.000,
,0,,2021-09-28 18:30:13.361,2021-09-28 18:30:13.361,S7Wp0spWno,com.sec.android.app.shealth,7c30986b-a110-f46f-d088-aa107eb5049a,2021-09-29 00:00:00.000,
,1089536,,2021-09-28 15:13:37.339,2021-09-27 18:30:43.419,S7Wp0spWno,com.sec.android.app.shealth,d637ad2b-5f60-732c-7d1e-12236c8359cf,2021-09-28 00:00:00.000,
,4325376,,2021-09-30 17:10:30.336,2021-09-29 18:30:03.782,S7Wp0spWno,com.sec.android.app.shealth,a9e6b06d-72a2-bd3e-030e-158a7b3e7534,2021-09-30 00:00:00.000,
,0,,2021-09-30 18:30:03.862,2021-09-30 18:30:03.862,S7Wp0spWno,com.sec.android.app.shealth,4360e6cb-dd91-3612-10fc-5831895f527c,2021-10-01 00:00:00.000,
,4194304,,2021-10-02 16:49:49.325,2021-10-01 18:30:19.572,S7Wp0spWno,com.sec.android.app.shealth,30b62a8b-5649-3cdd-affc-16bbb17114ff,2021-10-02 00:00:00.000,
,2097152,,2021-10-03 16:23:24.964,2021-10-02 18:30:14.046,S7Wp0spWno,com.sec.android.app.shealth,db16f95f-62d6-f695-868a-eeaf3328298d,2021-10-03 00:00:00.000,
,0,,2021-10-03 18:30:12.291,2021-10-03 18:30:12.291,S7Wp0spWno,com.sec.android.app.shealth,cb69270c-2e1c-fe6a-a660-a304303eceb2,2021-10-04 00:00:00.000,
,139264,,2021-10-05 11:59:51.349,2021-10-04 18:30:21.320,S7Wp0spWno,com.sec.android.app.shealth,fb1797a7-2786-12fa-44d9-d467e2ccc7ca,2021-10-05 00:00:00.000,
,0,,2021-10-05 18:30:06.640,2021-10-05 18:30:06.640,S7Wp0spWno,com.sec.android.app.shealth,52a1f62f-ae35-502d-de11-b6fd425af954,2021-10-06 00:00:00.000,
,344064,,2021-10-07 12:52:41.389,2021-10-06 18:30:16.250,S7Wp0spWno,com.sec.android.app.shealth,9d7786d7-9c34-93f0-3868-2a53ec59df32,2021-10-07 00:00:00.000,
,4194304,,2021-10-08 17:13:04.306,2021-10-07 18:30:07.212,S7Wp0spWno,com.sec.android.app.shealth,23f1ec6e-5d94-61b7-b45a-e417f7e3af98,2021-10-08 00:00:00.000,
,0,,2021-10-08 18:30:04.107,2021-10-08 18:30:04.105,S7Wp0spWno,com.sec.android.app.shealth,cd644612-bb7a-4fd6-3f76-80b0e6686351,2021-10-09 00:00:00.000,
,9437184,,2021-10-10 18:08:16.294,2021-10-09 18:30:05.361,S7Wp0spWno,com.sec.android.app.shealth,c5041c5f-f975-25f6-08dc-f44649e655bd,2021-10-10 00:00:00.000,
,0,,2021-10-10 18:30:19.231,2021-10-10 18:30:19.230,S7Wp0spWno,com.sec.android.app.shealth,824b371c-c22e-d424-6539-931533af0978,2021-10-11 00:00:00.000,
,8388608,,2021-10-12 17:44:12.324,2021-10-11 18:30:10.416,S7Wp0spWno,com.sec.android.app.shealth,b9c3ce2a-f011-1587-fbaf-077006b67129,2021-10-12 00:00:00.000,
,0,,2021-10-12 18:30:19.958,2021-10-12 18:30:19.957,S7Wp0spWno,com.sec.android.app.shealth,6cdde144-7016-5d25-ddd9-9519b82fe239,2021-10-13 00:00:00.000,
,0,,2021-10-13 18:30:24.208,2021-10-13 18:30:24.206,S7Wp0spWno,com.sec.android.app.shealth,86ad3a57-70e4-bd1f-42d8-767a282a0348,2021-10-14 00:00:00.000,
,8192,,2021-10-15 07:37:40.701,2021-10-14 18:30:27.943,S7Wp0spWno,com.sec.android.app.shealth,18f540e1-f162-5aea-c11c-f2a1a652774a,2021-10-15 00:00:00.000,
,0,,2021-10-15 18:30:22.068,2021-10-15 18:30:22.068,S7Wp0spWno,com.sec.android.app.shealth,8018cebe-6f34-7236-2d80-8c432d9884a6,2021-10-16 00:00:00.000,
,0,,2021-10-17 18:30:20.391,2021-10-17 18:30:20.390,S7Wp0spWno,com.sec.android.app.shealth,8af19099-4149-ecb4-60fc-94b8f55e7cb0,2021-10-18 00:00:00.000,
,65536,,2021-10-17 10:53:14.319,2021-10-16 18:30:16.868,S7Wp0spWno,com.sec.android.app.shealth,9835cb7f-0cb0-a598-b11c-491acc788c7a,2021-10-17 00:00:00.000,
,0,,2021-10-18 18:30:10.440,2021-10-18 18:30:10.439,S7Wp0spWno,com.sec.android.app.shealth,535c5691-3e24-8dc6-60ef-b07a05852a68,2021-10-19 00:00:00.000,
,1081344,,2021-10-20 15:10:07.281,2021-10-19 18:30:17.989,S7Wp0spWno,com.sec.android.app.shealth,f6e62458-b305-0b13-f877-a7400458728b,2021-10-20 00:00:00.000,
,0,,2021-10-20 18:30:13.555,2021-10-20 18:30:13.555,S7Wp0spWno,com.sec.android.app.shealth,c3dde6a0-b292-ac1e-0f69-f1ce07827ab8,2021-10-21 00:00:00.000,
,0,,2021-10-21 18:30:07.807,2021-10-21 18:30:07.807,S7Wp0spWno,com.sec.android.app.shealth,b27d0b41-fa4e-149e-2464-8dd5ccadd1ed,2021-10-22 00:00:00.000,
,6291456,,2021-10-23 16:49:52.301,2021-10-22 18:30:05.658,S7Wp0spWno,com.sec.android.app.shealth,f44b272e-6e7a-6623-572b-22fa6219be19,2021-10-23 00:00:00.000,
,131072,,2021-10-24 11:53:00.282,2021-10-23 18:30:03.900,S7Wp0spWno,com.sec.android.app.shealth,44532fa8-44c6-74ff-5254-2203698e7e16,2021-10-24 00:00:00.000,
,262144,,2021-10-26 13:00:01.383,2021-10-25 18:30:10.796,S7Wp0spWno,com.sec.android.app.shealth,409dfbd4-93a4-787b-2f37-43bc73090b0b,2021-10-26 00:00:00.000,
,16384,,2021-10-25 09:00:06.081,2021-10-24 18:30:02.900,S7Wp0spWno,com.sec.android.app.shealth,c396e6e6-5965-662d-ff20-8765ceb2aaf5,2021-10-25 00:00:00.000,
,0,,2021-10-27 18:30:20.845,2021-10-27 18:30:20.845,S7Wp0spWno,com.sec.android.app.shealth,3b555ccc-00e2-e2c0-006e-8fd03ab41f61,2021-10-28 00:00:00.000,
,73728,,2021-10-27 10:30:54.748,2021-10-26 18:30:17.517,S7Wp0spWno,com.sec.android.app.shealth,eebecbcf-4a95-3332-f3b1-8f04b1352b44,2021-10-27 00:00:00.000,
,0,,2021-10-28 18:30:28.621,2021-10-28 18:30:28.621,S7Wp0spWno,com.sec.android.app.shealth,a4cda742-d4e1-406a-f665-0763e9116d00,2021-10-29 00:00:00.000,
,1048576,,2021-10-30 15:06:32.225,2021-10-29 18:30:27.157,S7Wp0spWno,com.sec.android.app.shealth,d6f6dbd0-7850-f501-7cf0-64550508adbe,2021-10-30 00:00:00.000,
,0,,2021-10-31 18:30:30.254,2021-10-31 18:30:30.252,S7Wp0spWno,com.sec.android.app.shealth,165df4c8-a6c2-e8a6-2e76-1de31cdea595,2021-11-01 00:00:00.000,
,2097152,,2021-10-31 16:05:28.218,2021-10-30 18:30:28.219,S7Wp0spWno,com.sec.android.app.shealth,99f16519-4eed-3db8-27b7-55361138e929,2021-10-31 00:00:00.000,
,32768,,2021-11-02 09:43:20.018,2021-11-01 18:30:19.777,S7Wp0spWno,com.sec.android.app.shealth,57f8481b-e12e-d85c-73f7-3ca7c0c1c63d,2021-11-02 00:00:00.000,
,0,,2021-11-05 18:30:09.982,2021-11-05 18:30:09.982,S7Wp0spWno,com.sec.android.app.shealth,db719ea2-0c1d-0e7a-2b52-eee8c4dc487f,2021-11-06 00:00:00.000,
,0,,2021-11-02 18:30:16.462,2021-11-02 18:30:16.462,S7Wp0spWno,com.sec.android.app.shealth,a0139795-200f-1692-0e05-6310d5c6cdad,2021-11-03 00:00:00.000,
,4210688,,2021-11-04 16:51:30.289,2021-11-03 18:30:22.887,S7Wp0spWno,com.sec.android.app.shealth,5cc454a8-1138-a499-4024-8c74df4db628,2021-11-04 00:00:00.000,
,0,,2021-11-04 18:30:16.008,2021-11-04 18:30:16.008,S7Wp0spWno,com.sec.android.app.shealth,84ab951e-e82e-a992-9200-746a912fdbf9,2021-11-05 00:00:00.000,
,8192,,2021-11-07 07:40:21.334,2021-11-06 18:30:11.257,S7Wp0spWno,com.sec.android.app.shealth,642b351e-3da2-3613-6a5e-ccc846f77539,2021-11-07 00:00:00.000,
,8388608,,2021-11-08 17:37:20.351,2021-11-07 18:30:05.800,S7Wp0spWno,com.sec.android.app.shealth,4ba4b2e4-80be-32c6-f91b-ead52201003a,2021-11-08 00:00:00.000,
,0,,2021-11-08 18:30:05.938,2021-11-08 18:30:05.936,S7Wp0spWno,com.sec.android.app.shealth,ed8326e1-8af6-c826-699a-be20f7b2bb5b,2021-11-09 00:00:00.000,
,0,,2021-11-09 18:30:26.425,2021-11-09 18:30:26.423,S7Wp0spWno,com.sec.android.app.shealth,a61f719f-c80b-5943-00ca-2b3e2fc71491,2021-11-10 00:00:00.000,
,2162688,,2021-11-11 15:41:20.231,2021-11-10 18:30:18.849,S7Wp0spWno,com.sec.android.app.shealth,dfb0b21e-669e-e354-5262-5f8fafe24860,2021-11-11 00:00:00.000,
,0,,2021-11-12 18:30:12.202,2021-11-12 18:30:12.202,S7Wp0spWno,com.sec.android.app.shealth,2bb3bc30-9204-dd5c-4ea2-c629fed7da97,2021-11-13 00:00:00.000,
,2097152,,2021-11-12 15:51:48.344,2021-11-11 18:30:06.825,S7Wp0spWno,com.sec.android.app.shealth,09afbe8e-1d0d-a582-a3a5-2a12ce27a623,2021-11-12 00:00:00.000,
,6291456,,2021-11-14 16:41:27.274,2021-11-13 18:30:32.224,S7Wp0spWno,com.sec.android.app.shealth,f1fcea8c-a801-27ff-e429-1e5393764fbf,2021-11-14 00:00:00.000,
,0,,2021-11-14 18:30:09.976,2021-11-14 18:30:09.976,S7Wp0spWno,com.sec.android.app.shealth,f15e8830-b03b-6b34-0c27-8eec7f1efd0f,2021-11-15 00:00:00.000,
,1,,2021-11-15 19:10:14.533,2021-11-15 18:30:20.957,S7Wp0spWno,com.sec.android.app.shealth,683bd007-19d4-6fd1-87cc-b75d08763ad7,2021-11-16 00:00:00.000,
,0,,2021-11-16 18:30:25.598,2021-11-16 18:30:25.598,S7Wp0spWno,com.sec.android.app.shealth,03c5b293-ccb9-1132-d228-24dc6bb30cb4,2021-11-17 00:00:00.000,
,0,,2021-11-17 18:30:14.922,2021-11-17 18:30:14.922,S7Wp0spWno,com.sec.android.app.shealth,e576f400-d9f3-e146-ef2a-230cbbfa6848,2021-11-18 00:00:00.000,
,1048576,,2021-11-19 14:48:59.276,2021-11-18 18:30:23.915,S7Wp0spWno,com.sec.android.app.shealth,47113b7a-c673-f65d-a7af-945e8b3e3d80,2021-11-19 00:00:00.000,
,2097152,,2021-11-20 16:12:43.317,2021-11-19 18:30:05.205,S7Wp0spWno,com.sec.android.app.shealth,96f71766-8903-1d29-3492-3e7796edcdd6,2021-11-20 00:00:00.000,
,6291456,,2021-11-21 16:53:26.352,2021-11-20 18:30:03.825,S7Wp0spWno,com.sec.android.app.shealth,4dfec0c9-d7bd-18c5-c9eb-3a937f4cfb67,2021-11-21 00:00:00.000,
,4096,,2021-11-22 06:38:57.860,2021-11-21 18:30:08.081,S7Wp0spWno,com.sec.android.app.shealth,7e6cbcba-59fb-5ff0-6608-cb37025c0724,2021-11-22 00:00:00.000,
,4194304,,2021-11-23 17:20:25.962,2021-11-22 18:30:12.292,S7Wp0spWno,com.sec.android.app.shealth,1d167640-a748-02a6-fb0d-718efc242cc5,2021-11-23 00:00:00.000,
,32768,,2021-11-24 10:27:43.779,2021-11-23 18:30:05.270,S7Wp0spWno,com.sec.android.app.shealth,11ce5cfd-0fe6-97af-2679-bf6acb96564e,2021-11-24 00:00:00.000,
,540672,,2021-11-25 14:26:54.251,2021-11-25 04:49:31.478,S7Wp0spWno,com.sec.android.app.shealth,12a149ac-6997-47e8-0d7b-02e122168ebe,2021-11-25 00:00:00.000,
,65536,,2021-11-26 10:39:07.625,2021-11-25 18:30:12.593,S7Wp0spWno,com.sec.android.app.shealth,305a226a-f4c7-ecd3-3b07-2787cc5bad1f,2021-11-26 00:00:00.000,
,0,,2021-11-26 18:30:09.557,2021-11-26 18:30:09.556,S7Wp0spWno,com.sec.android.app.shealth,1c641206-62eb-802d-bd78-ccb345721776,2021-11-27 00:00:00.000,
,0,,2021-11-28 18:30:21.928,2021-11-28 18:30:21.928,S7Wp0spWno,com.sec.android.app.shealth,6d1876bc-761e-ecd0-28ca-59fe0c6fd011,2021-11-29 00:00:00.000,
,0,,2021-11-27 18:30:24.972,2021-11-27 18:30:24.972,S7Wp0spWno,com.sec.android.app.shealth,7280bd64-1284-6420-f65f-f4961adc8158,2021-11-28 00:00:00.000,
,0,,2021-11-30 18:30:07.045,2021-11-30 18:30:07.045,S7Wp0spWno,com.sec.android.app.shealth,27cffc32-54a2-38ca-7bcc-3b211d6d94c8,2021-12-01 00:00:00.000,
,0,,2021-12-02 18:30:12.216,2021-12-02 18:30:12.216,S7Wp0spWno,com.sec.android.app.shealth,76a97450-f2ad-0419-b8c5-129dfff5fecd,2021-12-03 00:00:00.000,
,32768,,2021-11-30 17:18:14.819,2021-11-29 18:30:22.450,S7Wp0spWno,com.sec.android.app.shealth,0a331502-1a3f-b90d-3bac-fbb0ec02fe48,2021-11-30 00:00:00.000,
,0,,2021-12-01 18:30:26.655,2021-12-01 18:30:26.654,S7Wp0spWno,com.sec.android.app.shealth,cafe45ba-8b3c-d734-6af9-97759b235602,2021-12-02 00:00:00.000,
,5259264,,2021-12-04 16:44:37.217,2021-12-03 18:30:04.891,S7Wp0spWno,com.sec.android.app.shealth,fbb529c8-e571-91c7-3c7b-c051553783fc,2021-12-04 00:00:00.000,
,2101248,,2021-12-06 16:24:19.996,2021-12-05 18:30:03.728,S7Wp0spWno,com.sec.android.app.shealth,2545e9ef-abbf-3486-c6a0-2697f943a3f6,2021-12-06 00:00:00.000,
,32768,,2021-12-05 10:00:07.216,2021-12-04 18:30:05.192,S7Wp0spWno,com.sec.android.app.shealth,e4201049-e9a4-f2a3-9d7a-1753f7718904,2021-12-05 00:00:00.000,
,0,,2021-12-06 18:30:12.781,2021-12-06 18:30:12.781,S7Wp0spWno,com.sec.android.app.shealth,874aa323-45d0-fe78-3028-f9b98c6c4394,2021-12-07 00:00:00.000,
,1396736,,2021-12-08 15:01:38.286,2021-12-07 18:30:14.084,S7Wp0spWno,com.sec.android.app.shealth,d56b9f4b-7545-07a7-5610-f4db84e4d312,2021-12-08 00:00:00.000,
,1048576,,2021-12-09 15:18:54.341,2021-12-08 18:30:11.121,S7Wp0spWno,com.sec.android.app.shealth,baabdab2-5c25-d072-96a4-eaaab7591712,2021-12-09 00:00:00.000,
,4194304,,2021-12-10 16:54:32.270,2021-12-09 18:30:28.556,S7Wp0spWno,com.sec.android.app.shealth,1921b158-a947-edc0-efc7-58b16777cffc,2021-12-10 00:00:00.000,
,0,,2021-12-11 18:30:22.935,2021-12-11 18:30:22.935,S7Wp0spWno,com.sec.android.app.shealth,0ab71c10-6fc3-fade-9a05-7bff438a7b5c,2021-12-12 00:00:00.000,
,2097155,,2021-12-11 15:53:19.259,2021-12-10 18:30:14.604,S7Wp0spWno,com.sec.android.app.shealth,eab7b433-e747-9b29-0f01-98300eaff422,2021-12-11 00:00:00.000,
,0,,2021-12-12 18:30:16.787,2021-12-12 18:30:16.787,S7Wp0spWno,com.sec.android.app.shealth,374304e8-f0ca-b97d-bf6a-4790babbc6bc,2021-12-13 00:00:00.000,
,2113536,,2021-12-14 15:39:53.335,2021-12-13 18:30:09.006,S7Wp0spWno,com.sec.android.app.shealth,c47d4ea9-edc5-dff7-0d37-ed9c789457c0,2021-12-14 00:00:00.000,
,1,,2021-12-14 19:29:06.303,2021-12-14 18:30:18.657,S7Wp0spWno,com.sec.android.app.shealth,f812127a-40fc-ac05-6ed7-e1fb57a7f58b,2021-12-15 00:00:00.000,
,12615680,,2021-12-16 18:14:48.309,2021-12-15 18:30:44.104,S7Wp0spWno,com.sec.android.app.shealth,59232f4c-b448-1b58-22f3-2eda35993561,2021-12-16 00:00:00.000,
,3145728,,2021-12-17 15:57:45.271,2021-12-16 18:30:10.665,S7Wp0spWno,com.sec.android.app.shealth,458035fd-00ee-799d-bff6-567c88c3bcd7,2021-12-17 00:00:00.000,
,32768,,2021-12-19 09:56:32.310,2021-12-18 18:30:25.060,S7Wp0spWno,com.sec.android.app.shealth,427c4002-eaaa-c269-5997-0399434985fa,2021-12-19 00:00:00.000,
,5349376,,2021-12-18 16:50:13.391,2021-12-17 18:30:32.627,S7Wp0spWno,com.sec.android.app.shealth,102d573f-031d-7c1b-d4a8-c77086358405,2021-12-18 00:00:00.000,
,0,,2021-12-19 18:30:16.958,2021-12-19 18:30:16.957,S7Wp0spWno,com.sec.android.app.shealth,a4646bf3-3bf9-868e-6578-09341bdd0cc6,2021-12-20 00:00:00.000,
,0,,2021-12-20 18:30:05.234,2021-12-20 18:30:05.234,S7Wp0spWno,com.sec.android.app.shealth,3ac63143-1828-a608-dbcd-61f9c14e5d23,2021-12-21 00:00:00.000,
,131072,,2021-12-22 12:17:28.686,2021-12-21 18:30:07.249,S7Wp0spWno,com.sec.android.app.shealth,7faa7ef2-696e-3858-2f92-89d0913c7bfb,2021-12-22 00:00:00.000,
,12584960,,2021-12-23 17:54:46.253,2021-12-22 18:30:03.689,S7Wp0spWno,com.sec.android.app.shealth,94a1c045-aad8-da0b-b333-66d523e44c21,2021-12-23 00:00:00.000,
,0,,2021-12-23 18:30:12.096,2021-12-23 18:30:12.093,S7Wp0spWno,com.sec.android.app.shealth,cc3c6a4e-4aee-1eee-634d-9f31b8e4312c,2021-12-24 00:00:00.000,
,0,,2021-12-25 18:30:28.448,2021-12-25 18:30:28.446,S7Wp0spWno,com.sec.android.app.shealth,1d4e4c72-98ae-5b2a-b483-c3bdbc05b65c,2021-12-26 00:00:00.000,
,8396800,,2021-12-25 18:13:58.418,2021-12-24 18:30:15.979,S7Wp0spWno,com.sec.android.app.shealth,711e3b9d-6f18-c893-dd65-c982de526cbc,2021-12-25 00:00:00.000,
,6291456,,2021-12-27 17:18:38.264,2021-12-26 18:30:12.985,S7Wp0spWno,com.sec.android.app.shealth,035e47e9-8920-7767-f174-93db2e3623db,2021-12-27 00:00:00.000,
,0,,2021-12-27 18:30:24.029,2021-12-27 18:30:24.028,S7Wp0spWno,com.sec.android.app.shealth,1431e5b1-1d8c-4c98-45b0-6064c3525048,2021-12-28 00:00:00.000,
,4096,,2021-12-29 07:20:23.678,2021-12-28 18:30:33.154,S7Wp0spWno,com.sec.android.app.shealth,747ce027-2565-2cf8-58cd-4e965ee5d234,2021-12-29 00:00:00.000,
,0,,2021-12-30 18:30:33.191,2021-12-30 18:30:33.190,S7Wp0spWno,com.sec.android.app.shealth,4c83a525-5529-e8ec-af07-767990758a79,2021-12-31 00:00:00.000,
,12288,,2021-12-30 08:24:26.234,2021-12-29 18:30:04.852,S7Wp0spWno,com.sec.android.app.shealth,9e897287-c25d-dd1f-e418-f24900496c40,2021-12-30 00:00:00.000,
,0,,2021-12-31 18:30:28.090,2021-12-31 18:30:28.089,S7Wp0spWno,com.sec.android.app.shealth,ccd2fdcb-9e27-22c0-a2d5-af96e1fc0a9f,2022-01-01 00:00:00.000,
,0,,2022-01-01 18:30:04.547,2022-01-01 18:30:04.547,S7Wp0spWno,com.sec.android.app.shealth,5bbf539e-072b-2397-590b-7140cb5db866,2022-01-02 00:00:00.000,
,0,,2022-01-02 18:30:05.839,2022-01-02 18:30:05.838,S7Wp0spWno,com.sec.android.app.shealth,a529fc2b-106d-8fc7-4f1c-c07b50dd191e,2022-01-03 00:00:00.000,
,0,,2022-01-04 18:30:30.727,2022-01-04 18:30:30.726,S7Wp0spWno,com.sec.android.app.shealth,901b688f-0b50-58f2-5205-c931d5a2f267,2022-01-05 00:00:00.000,
,0,,2022-01-03 18:30:38.934,2022-01-03 18:30:38.933,S7Wp0spWno,com.sec.android.app.shealth,9554d4d3-b325-6d42-fcc1-e44989050cd9,2022-01-04 00:00:00.000,
,0,,2022-01-05 18:30:06.044,2022-01-05 18:30:06.044,S7Wp0spWno,com.sec.android.app.shealth,d9583d4d-47e8-ccb4-d84e-9e22b3d9054a,2022-01-06 00:00:00.000,
,2097152,,2022-01-07 15:30:48.306,2022-01-06 18:30:20.993,S7Wp0spWno,com.sec.android.app.shealth,2869dd95-afbb-0f2c-4c45-2e40270139a8,2022-01-07 00:00:00.000,
,8192,,2022-01-08 11:59:21.752,2022-01-07 18:30:05.617,S7Wp0spWno,com.sec.android.app.shealth,ea691d2f-47e4-2963-899c-7fca691a12a5,2022-01-08 00:00:00.000,
,135168,,2022-01-09 06:53:02.894,2022-01-09 11:58:25.082,S7Wp0spWno,com.sec.android.app.shealth,0fd5a1ef-0018-acf5-5de3-dd5d08a4e7a5,2022-01-09 00:00:00.000,
,0,,2022-01-09 18:30:04.930,2022-01-09 18:30:04.930,S7Wp0spWno,com.sec.android.app.shealth,c9711658-a01a-443f-7c7b-caa455a80b35,2022-01-10 00:00:00.000,
,0,,2022-01-11 07:33:01.407,2022-01-10 18:30:04.251,S7Wp0spWno,com.sec.android.app.shealth,fa6c78ee-3256-4e71-c2f6-f478a6217e11,2022-01-11 00:00:00.000,
,0,,2022-01-11 18:30:05.752,2022-01-11 18:30:05.750,S7Wp0spWno,com.sec.android.app.shealth,5f202956-7375-49fc-4591-935f127b0429,2022-01-12 00:00:00.000,
,0,,2022-01-13 15:44:57.897,2022-01-12 18:30:05.432,S7Wp0spWno,com.sec.android.app.shealth,14e1157a-20a4-cd8f-6096-572e5bb4091b,2022-01-13 00:00:00.000,
,0,,2022-01-15 02:57:54.192,2022-01-14 18:30:02.759,S7Wp0spWno,com.sec.android.app.shealth,04d87415-7a06-eb3f-6df8-1ce42a8d48a1,2022-01-15 00:00:00.000,
,4194304,,2022-01-14 17:27:39.370,2022-01-13 18:30:03.782,S7Wp0spWno,com.sec.android.app.shealth,d83cc9c4-1575-cfe0-61ba-65d59f684bc3,2022-01-14 00:00:00.000,
,0,,2022-01-18 02:30:08.674,2022-01-17 18:30:04.628,S7Wp0spWno,com.sec.android.app.shealth,2ea33e10-6c67-024b-2976-34d32c904613,2022-01-18 00:00:00.000,
,0,,2022-01-17 12:57:53.375,2022-01-16 18:30:08.822,S7Wp0spWno,com.sec.android.app.shealth,846aa3db-e6cc-0656-07e0-dd512db8b410,2022-01-17 00:00:00.000,
,33024,,2022-01-19 10:09:08.714,2022-01-18 18:30:04.723,S7Wp0spWno,com.sec.android.app.shealth,d02be240-d7fe-9348-6c1c-eae7c716b544,2022-01-19 00:00:00.000,
,16385,,2022-01-16 10:24:52.797,2022-01-15 18:30:08.988,S7Wp0spWno,com.sec.android.app.shealth,4b565f83-e093-329c-72d6-65aa047e3168,2022-01-16 00:00:00.000,
,1126400,,2022-01-20 15:23:49.258,2022-01-19 18:30:13.330,S7Wp0spWno,com.sec.android.app.shealth,a7a7a152-38ff-e95a-67d1-7395a5967e4e,2022-01-20 00:00:00.000,
,3145728,,2022-01-21 16:13:41.310,2022-01-20 18:30:04.942,S7Wp0spWno,com.sec.android.app.shealth,673b59a0-69a0-cfa2-4352-670f8635f9a7,2022-01-21 00:00:00.000,
,258,,2022-01-22 06:16:27.963,2022-01-22 02:38:58.208,S7Wp0spWno,com.sec.android.app.shealth,f1470b7a-3842-825f-6670-4a0d60a71f12,2022-01-22 00:00:00.000,
,8192,,2022-01-23 08:06:54.272,2022-01-22 18:30:09.028,S7Wp0spWno,com.sec.android.app.shealth,3a7840a9-9891-f641-2ef7-be128ef47ba6,2022-01-23 00:00:00.000,
,0,,2022-01-23 18:30:23.971,2022-01-23 18:30:23.971,S7Wp0spWno,com.sec.android.app.shealth,3b10f1f3-9f55-b72a-0843-b2e59d9ac810,2022-01-24 00:00:00.000,
,0,,2022-01-24 18:30:34.007,2022-01-24 18:30:34.007,S7Wp0spWno,com.sec.android.app.shealth,f6e65257-6efd-b52e-09f5-1117124c2e4a,2022-01-25 00:00:00.000,
,139264,,2022-01-26 11:41:44.371,2022-01-25 18:30:19.518,S7Wp0spWno,com.sec.android.app.shealth,49ff7ea1-8b44-f770-ebeb-0a76d80e6c6c,2022-01-26 00:00:00.000,
,256,,2022-01-27 02:46:57.251,2022-01-26 18:30:05.381,S7Wp0spWno,com.sec.android.app.shealth,37d0a654-fbda-5683-d778-656b7f166b2d,2022-01-27 00:00:00.000,
,1048576,,2022-01-28 14:52:39.280,2022-01-27 18:30:07.033,S7Wp0spWno,com.sec.android.app.shealth,f439b74c-9b7e-8a64-2b51-bf547d3000f8,2022-01-28 00:00:00.000,
,1024,,2022-01-29 04:56:42.269,2022-01-28 18:30:19.115,S7Wp0spWno,com.sec.android.app.shealth,ec137538-8415-43a8-8186-43c8a69f131f,2022-01-29 00:00:00.000,
,1064961,,2022-01-30 14:52:17.274,2022-01-29 18:30:02.782,S7Wp0spWno,com.sec.android.app.shealth,ecc9bf6f-dde0-6206-8b65-de4080bdf2ba,2022-01-30 00:00:00.000,
,8192,,2022-01-31 07:42:18.543,2022-01-30 18:30:08.908,S7Wp0spWno,com.sec.android.app.shealth,e9118c5e-0ff9-3cfd-4ac7-61aa32176a70,2022-01-31 00:00:00.000,
,16384,,2022-02-01 08:33:35.150,2022-01-31 18:30:03.249,S7Wp0spWno,com.sec.android.app.shealth,26e7ddb5-069a-e32f-c94c-deed228d5d83,2022-02-01 00:00:00.000,
,0,,2022-02-03 18:30:14.902,2022-02-03 18:30:14.902,S7Wp0spWno,com.sec.android.app.shealth,f5f850ae-4ce5-2801-e826-3074912e062a,2022-02-04 00:00:00.000,
,0,,2022-02-01 18:30:05.525,2022-02-01 18:30:05.525,S7Wp0spWno,com.sec.android.app.shealth,53789006-752c-f1ef-c241-5ee6d755b907,2022-02-02 00:00:00.000,
,2359808,,2022-02-03 15:33:08.320,2022-02-02 18:30:13.979,S7Wp0spWno,com.sec.android.app.shealth,75ba7d3f-1e4c-abd1-7e67-eba0732fe144,2022-02-03 00:00:00.000,
,0,,2022-02-04 18:30:07.011,2022-02-04 18:30:07.011,S7Wp0spWno,com.sec.android.app.shealth,f8f9e68a-ee53-1844-a519-1e9b5cf9729f,2022-02-05 00:00:00.000,
,0,,2022-02-06 18:30:06.290,2022-02-06 18:30:06.290,S7Wp0spWno,com.sec.android.app.shealth,b5fb3c77-6630-9986-0c41-8ec7d7b6e8af,2022-02-07 00:00:00.000,
,16384,,2022-02-06 09:26:52.379,2022-02-05 18:30:10.309,S7Wp0spWno,com.sec.android.app.shealth,938a9b3a-fa8b-8f61-d1d6-91954f7a20c8,2022-02-06 00:00:00.000,
,65536,,2022-02-08 10:34:27.824,2022-02-07 18:30:03.799,S7Wp0spWno,com.sec.android.app.shealth,53531f8d-4d55-cfa8-f9e5-4a8de5c40e61,2022-02-08 00:00:00.000,
,2252800,,2022-02-09 16:18:52.275,2022-02-08 18:30:17.893,S7Wp0spWno,com.sec.android.app.shealth,8fed2e71-3932-8a49-78d8-901a1bd95c8a,2022-02-09 00:00:00.000,
,0,,2022-02-10 18:30:05.781,2022-02-10 18:30:05.781,S7Wp0spWno,com.sec.android.app.shealth,5390906e-e987-d253-4b5f-bf5103f19486,2022-02-11 00:00:00.000,
,4096,,2022-02-10 07:22:56.695,2022-02-09 18:30:18.283,S7Wp0spWno,com.sec.android.app.shealth,9b6444bd-1464-abad-ada8-c03e82f634c4,2022-02-10 00:00:00.000,
,4210688,,2022-02-12 16:54:23.268,2022-02-11 18:30:07.057,S7Wp0spWno,com.sec.android.app.shealth,9a2e48fe-3c1d-a011-ba0e-147b3b8f693e,2022-02-12 00:00:00.000,
,5242880,,2022-02-13 17:14:08.297,2022-02-12 18:30:06.349,S7Wp0spWno,com.sec.android.app.shealth,70fdd934-3870-4fd6-c2db-3a324a4233fa,2022-02-13 00:00:00.000,
,0,,2022-02-13 18:30:04.775,2022-02-13 18:30:04.774,S7Wp0spWno,com.sec.android.app.shealth,563adfb3-8ac7-13e0-a72d-5ce22436edce,2022-02-14 00:00:00.000,
,458752,,2022-02-16 13:26:03.257,2022-02-15 18:30:07.020,S7Wp0spWno,com.sec.android.app.shealth,2fbae686-ff03-156c-2664-4b2a50402838,2022-02-16 00:00:00.000,
,0,,2022-02-16 18:30:09.393,2022-02-16 18:30:09.391,S7Wp0spWno,com.sec.android.app.shealth,5dd37449-2271-f87f-a898-e0e5a3f98744,2022-02-17 00:00:00.000,
,36864,,2022-02-15 15:02:49.462,2022-02-14 18:30:04.192,S7Wp0spWno,com.sec.android.app.shealth,ae92f119-1ad6-4870-7ebe-f23b1cf2bce1,2022-02-15 00:00:00.000,
,0,,2022-02-20 18:30:06.776,2022-02-20 18:30:06.776,S7Wp0spWno,com.sec.android.app.shealth,6c87296d-f2a6-ed3b-f703-9a3e752654c3,2022-02-21 00:00:00.000,
,0,,2022-02-17 18:30:05.978,2022-02-17 18:30:05.977,S7Wp0spWno,com.sec.android.app.shealth,91b3d000-ddcc-7156-8cb2-6a53614012dd,2022-02-18 00:00:00.000,
,8192,,2022-02-19 08:24:14.356,2022-02-18 18:30:03.845,S7Wp0spWno,com.sec.android.app.shealth,b2f7ff66-bd25-844b-cb87-8ae74835e226,2022-02-19 00:00:00.000,
,0,,2022-02-20 02:46:32.629,2022-02-19 18:30:04.127,S7Wp0spWno,com.sec.android.app.shealth,61e9a800-91b9-a943-c924-87da2de6d051,2022-02-20 00:00:00.000,
,65536,,2022-02-22 10:47:11.656,2022-02-21 18:30:07.061,S7Wp0spWno,com.sec.android.app.shealth,1fe8088f-0d8a-8952-cb4d-0d51089d4697,2022-02-22 00:00:00.000,
,1114112,,2022-02-23 15:14:57.477,2022-02-22 18:30:12.868,S7Wp0spWno,com.sec.android.app.shealth,af7eb0df-470c-f17b-7043-d66a4f40acca,2022-02-23 00:00:00.000,
,0,,2022-02-23 18:30:22.755,2022-02-23 18:30:22.754,S7Wp0spWno,com.sec.android.app.shealth,cadb652d-3022-4010-3647-d87d3d6f33c3,2022-02-24 00:00:00.000,
,0,,2022-02-24 18:30:03.876,2022-02-24 18:30:03.876,S7Wp0spWno,com.sec.android.app.shealth,f759bae4-7ea4-4baa-a289-8de742c82463,2022-02-25 00:00:00.000,
,1064960,,2022-02-26 15:28:30.305,2022-02-25 18:30:15.848,S7Wp0spWno,com.sec.android.app.shealth,a3cccfa4-3383-d1b5-9681-3134e63db04a,2022-02-26 00:00:00.000,
,0,,2022-02-27 18:30:06.765,2022-02-27 18:30:06.765,S7Wp0spWno,com.sec.android.app.shealth,e9ff5524-025a-599b-3c34-0aebb685eb58,2022-02-28 00:00:00.000,
,16386,,2022-02-27 09:03:01.261,2022-02-26 18:30:09.256,S7Wp0spWno,com.sec.android.app.shealth,c76eecd0-c2b3-59b7-0fb6-02a9ddd4d0e4,2022-02-27 00:00:00.000,
,0,,2022-02-28 18:30:09.347,2022-02-28 18:30:09.343,S7Wp0spWno,com.sec.android.app.shealth,522c7233-d502-c806-76a7-4d2c1a8a4eaf,2022-03-01 00:00:00.000,
,196608,,2022-03-02 11:54:01.302,2022-03-01 18:30:17.802,S7Wp0spWno,com.sec.android.app.shealth,a44a4eb5-ff98-0529-f395-93e87918c48d,2022-03-02 00:00:00.000,
,128,,2022-03-03 02:10:21.385,2022-03-02 18:30:33.896,S7Wp0spWno,com.sec.android.app.shealth,a4366b63-7ac3-6bee-ec91-5a7e07316238,2022-03-03 00:00:00.000,
,0,,2022-03-03 18:30:37.446,2022-03-03 18:30:37.446,S7Wp0spWno,com.sec.android.app.shealth,1c0e56f5-be2c-ce6b-d141-1a423fb03ae8,2022-03-04 00:00:00.000,
,0,,2022-03-05 18:30:22.128,2022-03-05 18:30:22.127,S7Wp0spWno,com.sec.android.app.shealth,3134c53b-2a2e-0a3e-5a83-638793dbdc1b,2022-03-06 00:00:00.000,
,0,,2022-03-06 18:30:46.618,2022-03-06 18:30:46.617,S7Wp0spWno,com.sec.android.app.shealth,75cf769e-96f1-3e67-520f-8c765a6bbfe3,2022-03-07 00:00:00.000,
,49152,,2022-03-05 10:26:37.238,2022-03-04 18:30:08.855,S7Wp0spWno,com.sec.android.app.shealth,34780649-60af-3535-7085-eec5d707428b,2022-03-05 00:00:00.000,
,0,,2022-03-07 18:30:42.061,2022-03-07 18:30:42.059,S7Wp0spWno,com.sec.android.app.shealth,2ea12096-6923-9c41-a177-ea8f4923b489,2022-03-08 00:00:00.000,
,0,,2022-03-08 18:30:07.273,2022-03-08 18:30:07.273,S7Wp0spWno,com.sec.android.app.shealth,c8fbf1ef-f895-80b2-c1a6-bd04b7257e44,2022-03-09 00:00:00.000,
,2162688,,2022-03-10 16:28:51.255,2022-03-09 18:30:29.027,S7Wp0spWno,com.sec.android.app.shealth,dd1593ce-e426-b2fa-4b0d-afdef41b18ef,2022-03-10 00:00:00.000,
,65536,,2022-03-11 10:34:42.704,2022-03-10 18:30:11.749,S7Wp0spWno,com.sec.android.app.shealth,8dfe6925-46d3-0a0b-f15e-bed565c5c9e2,2022-03-11 00:00:00.000,
,2162816,,2022-03-12 15:31:54.308,2022-03-11 18:30:09.416,S7Wp0spWno,com.sec.android.app.shealth,bae70a70-a70a-297c-1a63-f14d3e4d8887,2022-03-12 00:00:00.000,
,851968,,2022-03-14 14:08:07.371,2022-03-13 18:30:04.094,S7Wp0spWno,com.sec.android.app.shealth,539cb69e-cc2e-1bd4-c0e4-7029870e9a05,2022-03-14 00:00:00.000,
,2097152,,2022-03-15 15:52:47.243,2022-03-14 18:30:06.114,S7Wp0spWno,com.sec.android.app.shealth,a8516a15-0360-d6e4-f260-33382216b5b3,2022-03-15 00:00:00.000,
,32769,,2022-03-13 09:34:38.307,2022-03-12 18:30:03.797,S7Wp0spWno,com.sec.android.app.shealth,062dca78-dfa5-a393-0efc-ede07325165b,2022-03-13 00:00:00.000,
,1122304,,2022-03-16 15:13:40.304,2022-03-15 18:30:05.203,S7Wp0spWno,com.sec.android.app.shealth,9fa747ca-2dd7-cb95-c111-acabfaf692c1,2022-03-16 00:00:00.000,
,266240,,2022-03-17 13:03:46.284,2022-03-16 18:30:12.050,S7Wp0spWno,com.sec.android.app.shealth,74a0d3a4-b140-beec-a1a2-2ec564628807,2022-03-17 00:00:00.000,
,393216,,2022-03-19 13:20:53.889,2022-03-18 18:30:07.926,S7Wp0spWno,com.sec.android.app.shealth,5c79c6e4-12b6-a182-1d96-928cf60e6a52,2022-03-19 00:00:00.000,
,0,,2022-03-17 18:30:06.465,2022-03-17 18:30:06.465,S7Wp0spWno,com.sec.android.app.shealth,eaaad2ef-3710-005c-3f18-91259957885e,2022-03-18 00:00:00.000,
,0,,2022-03-23 18:30:03.807,2022-03-23 18:30:03.805,S7Wp0spWno,com.sec.android.app.shealth,c8bc6df1-113b-fe1e-1381-2e6b763b23a3,2022-03-24 00:00:00.000,
,4194304,,2022-03-20 17:08:08.272,2022-03-19 18:30:05.187,S7Wp0spWno,com.sec.android.app.shealth,0dc8ebd4-9058-af16-580d-a9ebd67fabf2,2022-03-20 00:00:00.000,
,4268032,,2022-03-23 17:04:24.242,2022-03-22 18:30:17.223,S7Wp0spWno,com.sec.android.app.shealth,0a3ea789-833b-8ec6-f872-30f467a1efd3,2022-03-23 00:00:00.000,
,147456,,2022-03-21 12:11:53.283,2022-03-20 18:30:05.778,S7Wp0spWno,com.sec.android.app.shealth,cc9cb60b-3877-3ea7-a2a5-b0aee6718884,2022-03-21 00:00:00.000,
,614400,,2022-03-22 14:12:33.281,2022-03-21 18:30:04.827,S7Wp0spWno,com.sec.android.app.shealth,0e8ba1b2-b49b-facd-b9a9-59e8e988dffa,2022-03-22 00:00:00.000,
,6291456,,2022-03-25 17:06:53.504,2022-03-24 18:30:04.509,S7Wp0spWno,com.sec.android.app.shealth,549e79cb-f6eb-5dbb-6eeb-471efdd5f133,2022-03-25 00:00:00.000,
,8404993,,2022-03-27 17:57:14.303,2022-03-26 18:30:03.735,S7Wp0spWno,com.sec.android.app.shealth,78f6bd76-3364-dc59-30d8-96132cb4cb36,2022-03-27 00:00:00.000,
,6291457,,2022-03-26 17:02:14.344,2022-03-25 18:30:04.082,S7Wp0spWno,com.sec.android.app.shealth,ba5d9084-78b2-d061-6061-e83019dc834d,2022-03-26 00:00:00.000,
,196608,,2022-03-28 12:03:27.288,2022-03-27 18:30:12.778,S7Wp0spWno,com.sec.android.app.shealth,5a40682f-b6cd-de3f-114c-78c3511fd862,2022-03-28 00:00:00.000,
,4276224,,2022-03-29 16:44:06.159,2022-03-28 18:30:27.192,S7Wp0spWno,com.sec.android.app.shealth,ef694e8f-7c94-34bf-c0fd-d9aa779e2001,2022-03-29 00:00:00.000,
,4202496,,2022-03-30 16:40:09.264,2022-03-29 18:30:02.840,S7Wp0spWno,com.sec.android.app.shealth,5b080f9c-97a7-f793-3296-02fe9a74a3e5,2022-03-30 00:00:00.000,
,0,,2022-03-30 18:30:15.954,2022-03-30 18:30:15.953,S7Wp0spWno,com.sec.android.app.shealth,e1ec712d-110b-93c0-af4c-e5739f2aa10d,2022-03-31 00:00:00.000,
,1,,2022-03-31 18:32:08.725,2022-03-31 18:30:03.885,S7Wp0spWno,com.sec.android.app.shealth,019918c9-4071-dd35-ab17-b62a9e0519ca,2022-04-01 00:00:00.000,
,0,,2022-04-02 18:30:11.227,2022-04-02 18:30:11.227,S7Wp0spWno,com.sec.android.app.shealth,1219356b-28a8-9721-4bc8-acc317fb8f07,2022-04-03 00:00:00.000,
,5242880,,2022-04-02 16:57:58.227,2022-04-01 18:30:04.164,S7Wp0spWno,com.sec.android.app.shealth,272ec668-b56f-aec2-3c58-54c73b927cb3,2022-04-02 00:00:00.000,
,0,,2022-04-03 18:30:03.144,2022-04-03 18:30:03.144,S7Wp0spWno,com.sec.android.app.shealth,25eac379-a3d1-b818-c79b-da1dd61116c3,2022-04-04 00:00:00.000,
,2097152,,2022-04-05 15:36:11.242,2022-04-04 18:30:08.960,S7Wp0spWno,com.sec.android.app.shealth,e3d686e2-1c75-5457-fb24-c0c74b990854,2022-04-05 00:00:00.000,
,65536,,2022-04-07 10:52:34.284,2022-04-06 18:30:07.583,S7Wp0spWno,com.sec.android.app.shealth,7ac246de-79e5-5900-217b-df964a4225c7,2022-04-07 00:00:00.000,
,1265664,,2022-04-06 15:27:14.256,2022-04-05 18:30:22.511,S7Wp0spWno,com.sec.android.app.shealth,de86f9f3-2d8d-3f62-a7ab-88472170f773,2022-04-06 00:00:00.000,
,4194304,,2022-04-08 16:56:10.291,2022-04-07 18:30:17.526,S7Wp0spWno,com.sec.android.app.shealth,f6cc5e3b-07ed-faee-4fa7-5a4adededfc4,2022-04-08 00:00:00.000,
,3153920,,2022-04-09 16:12:59.813,2022-04-08 18:30:12.316,S7Wp0spWno,com.sec.android.app.shealth,d2c73c47-dbc7-398b-0095-426f8e7dc6eb,2022-04-09 00:00:00.000,
,2105344,,2022-04-10 16:01:43.363,2022-04-09 18:30:10.569,S7Wp0spWno,com.sec.android.app.shealth,4daa850f-386f-a2ee-6218-91df29518ace,2022-04-10 00:00:00.000,
,0,,2022-04-10 18:30:17.301,2022-04-10 18:30:17.299,S7Wp0spWno,com.sec.android.app.shealth,544d2657-8c91-be0c-1418-d8728d8c56ba,2022-04-11 00:00:00.000,
,589824,,2022-04-13 13:58:37.238,2022-04-12 18:30:22.490,S7Wp0spWno,com.sec.android.app.shealth,0b8a03a2-0156-fb52-e1e7-1e2429dbb6c1,2022-04-13 00:00:00.000,
,1280,,2022-04-12 05:16:31.301,2022-04-11 18:30:05.832,S7Wp0spWno,com.sec.android.app.shealth,0c8220a5-63ad-ebdd-b5bc-ececad2150c7,2022-04-12 00:00:00.000,
,0,,2022-04-13 18:30:03.770,2022-04-13 18:30:03.769,S7Wp0spWno,com.sec.android.app.shealth,c03df675-d1fa-4778-bea2-94518e937110,2022-04-14 00:00:00.000,
,131585,,2022-04-15 12:29:42.267,2022-04-14 18:30:02.883,S7Wp0spWno,com.sec.android.app.shealth,d99b801f-68d8-3c7b-50f2-c5b3ec3706fe,2022-04-15 00:00:00.000,
,262144,,2022-04-17 13:13:17.819,2022-04-16 18:30:20.800,S7Wp0spWno,com.sec.android.app.shealth,8317083d-0e77-d897-76c6-2608a61917df,2022-04-17 00:00:00.000,
,4194304,,2022-04-16 17:25:57.237,2022-04-15 18:30:04.033,S7Wp0spWno,com.sec.android.app.shealth,13c5c419-cdd7-056f-c17e-447db2c919bc,2022-04-16 00:00:00.000,
,0,,2022-04-18 18:30:05.945,2022-04-18 18:30:05.945,S7Wp0spWno,com.sec.android.app.shealth,116df917-2815-fced-d802-47d8b2c15f35,2022-04-19 00:00:00.000,
,532480,,2022-04-18 13:38:53.271,2022-04-17 18:30:09.853,S7Wp0spWno,com.sec.android.app.shealth,b85fe236-6fdc-bf9e-5814-bc37ceec8f6b,2022-04-18 00:00:00.000,
,8192,,2022-04-20 12:45:51.391,2022-04-19 18:30:04.795,S7Wp0spWno,com.sec.android.app.shealth,231d09a7-f834-ec99-e362-db70a673ce7f,2022-04-20 00:00:00.000,
,0,,2022-04-20 18:30:05.111,2022-04-20 18:30:05.110,S7Wp0spWno,com.sec.android.app.shealth,5e7beb26-d191-5dcf-d41b-268f1b24fd3a,2022-04-21 00:00:00.000,
,0,,2022-04-21 18:30:07.332,2022-04-21 18:30:07.332,S7Wp0spWno,com.sec.android.app.shealth,ab05d463-203f-beef-633d-30fbfdcf2e1e,2022-04-22 00:00:00.000,
,0,,2022-04-22 18:30:12.107,2022-04-22 18:30:12.106,S7Wp0spWno,com.sec.android.app.shealth,c2ba5a8d-8537-9685-c17e-42c545c0c84e,2022-04-23 00:00:00.000,
,16384,,2022-04-24 08:38:55.263,2022-04-23 18:30:05.959,S7Wp0spWno,com.sec.android.app.shealth,10a530e9-96e6-8702-9bbe-5fa6f6b52aec,2022-04-24 00:00:00.000,
,8388608,,2022-04-25 18:02:59.373,2022-04-24 18:30:20.903,S7Wp0spWno,com.sec.android.app.shealth,47a371c8-ab2a-aaaf-861e-ff563910c049,2022-04-25 00:00:00.000,
,196608,,2022-04-26 12:22:25.132,2022-04-25 18:30:11.332,S7Wp0spWno,com.sec.android.app.shealth,4e6f4038-fdce-e7fb-e079-e0ac14c995a9,2022-04-26 00:00:00.000,
,163840,,2022-04-27 11:30:30.277,2022-04-26 18:30:23.013,S7Wp0spWno,com.sec.android.app.shealth,ec9a1abc-b456-97b7-4f14-2ab8fec9f9a6,2022-04-27 00:00:00.000,
,0,,2022-04-27 18:30:24.224,2022-04-27 18:30:24.223,S7Wp0spWno,com.sec.android.app.shealth,0a86d242-6f9f-c524-6ac6-d18568ed0605,2022-04-28 00:00:00.000,
,65536,,2022-04-29 11:25:06.676,2022-04-28 18:30:33.871,S7Wp0spWno,com.sec.android.app.shealth,41bb82b7-1d26-68f2-9919-bd8cf7aee3fd,2022-04-29 00:00:00.000,
,4194304,,2022-04-30 17:21:54.214,2022-04-29 18:30:13.776,S7Wp0spWno,com.sec.android.app.shealth,de17d225-7bd2-4bf4-0187-f8968dd13a67,2022-04-30 00:00:00.000,
,8193,,2022-05-01 08:24:33.295,2022-04-30 18:30:24.817,S7Wp0spWno,com.sec.android.app.shealth,4fd8b4f0-f3f9-f704-2a36-dfe613cf3137,2022-05-01 00:00:00.000,
,1,,2022-05-01 19:15:08.654,2022-05-01 18:30:17.704,S7Wp0spWno,com.sec.android.app.shealth,c418bc1b-105e-500a-374c-8cb821f90671,2022-05-02 00:00:00.000,
,0,,2022-05-02 18:30:17.476,2022-05-02 18:30:17.476,S7Wp0spWno,com.sec.android.app.shealth,030d5491-c59e-1ac4-8fa0-d8b893c83b6a,2022-05-03 00:00:00.000,
,1048576,,2022-05-04 14:30:29.317,2022-05-03 18:30:26.160,S7Wp0spWno,com.sec.android.app.shealth,401aa07a-1477-0a9d-91ad-0765a644d97e,2022-05-04 00:00:00.000,
,532480,,2022-05-05 13:38:33.023,2022-05-04 18:30:24.379,S7Wp0spWno,com.sec.android.app.shealth,34652683-75f3-35ba-e20e-4d40bfabf221,2022-05-05 00:00:00.000,
,4096,,2022-05-06 07:02:08.752,2022-05-05 18:30:12.790,S7Wp0spWno,com.sec.android.app.shealth,249659dc-7b63-3dad-abfd-1802b48ca105,2022-05-06 00:00:00.000,
,65536,,2022-05-07 11:15:27.582,2022-05-06 18:30:05.664,S7Wp0spWno,com.sec.android.app.shealth,bae14ef0-3d8f-bb9c-ae1d-dbe03db2494c,2022-05-07 00:00:00.000,
,67584,,2022-05-08 11:14:05.336,2022-05-07 18:30:03.766,S7Wp0spWno,com.sec.android.app.shealth,0298d9e0-cba7-8c7c-8c4c-6b6ac1e11a31,2022-05-08 00:00:00.000,
,262144,,2022-05-10 13:16:56.329,2022-05-09 18:30:10.646,S7Wp0spWno,com.sec.android.app.shealth,bf79723d-3f05-5808-d3d6-a681501d94b7,2022-05-10 00:00:00.000,
,2048,,2022-05-09 06:23:24.413,2022-05-08 18:30:04.638,S7Wp0spWno,com.sec.android.app.shealth,0c82d5f5-614d-e220-f979-73205692262e,2022-05-09 00:00:00.000,
,8192,,2022-05-11 07:36:51.551,2022-05-10 18:30:06.914,S7Wp0spWno,com.sec.android.app.shealth,7bc1d474-e58b-d2ea-f780-2e32d5a974d4,2022-05-11 00:00:00.000,
,0,,2022-05-11 18:30:29.996,2022-05-11 18:30:29.996,S7Wp0spWno,com.sec.android.app.shealth,8c0ec0d5-1cf3-a823-139d-192ba698dc85,2022-05-12 00:00:00.000,
,4194304,,2022-05-13 16:38:10.411,2022-05-12 18:30:26.224,S7Wp0spWno,com.sec.android.app.shealth,670ccd3d-c0b1-1bf4-5d26-da3d0774f392,2022-05-13 00:00:00.000,
,16384,,2022-05-14 08:38:08.283,2022-05-13 18:30:35.043,S7Wp0spWno,com.sec.android.app.shealth,cbd36e80-bd33-5286-96a9-3c582b09e7fc,2022-05-14 00:00:00.000,
,0,,2022-05-15 18:30:19.525,2022-05-15 18:30:19.524,S7Wp0spWno,com.sec.android.app.shealth,2857241b-d59a-30ff-a3a0-075864777e58,2022-05-16 00:00:00.000,
,8388617,,2022-05-15 18:22:03.316,2022-05-14 18:30:22.507,S7Wp0spWno,com.sec.android.app.shealth,4998fca4-6949-135d-4ccf-e986578cb76d,2022-05-15 00:00:00.000,
,256,,2022-05-17 03:05:41.282,2022-05-16 18:30:28.499,S7Wp0spWno,com.sec.android.app.shealth,ab340a4f-c3c0-7c7a-eea2-411493c8bc35,2022-05-17 00:00:00.000,
,1114240,,2022-05-18 15:10:06.273,2022-05-17 18:30:23.841,S7Wp0spWno,com.sec.android.app.shealth,70cad96b-77b3-06f7-dea6-e0748efcb95d,2022-05-18 00:00:00.000,
,0,,2022-05-18 18:30:14.387,2022-05-18 18:30:14.387,S7Wp0spWno,com.sec.android.app.shealth,9378177d-44be-db91-19bb-adade3ee0f38,2022-05-19 00:00:00.000,
,4194304,,2022-05-20 16:52:30.543,2022-05-19 18:30:20.962,S7Wp0spWno,com.sec.android.app.shealth,337413b0-da96-20e1-71d0-dae27871d679,2022-05-20 00:00:00.000,
,0,,2022-05-21 12:44:10.439,2022-05-20 18:30:07.199,S7Wp0spWno,com.sec.android.app.shealth,7b6449f3-35c8-3508-d831-d3e3cc35927b,2022-05-21 00:00:00.000,
,0,,2022-05-22 18:30:17.745,2022-05-22 18:30:17.745,S7Wp0spWno,com.sec.android.app.shealth,7ccbe309-677a-7125-f449-6cc793430794,2022-05-23 00:00:00.000,
,65537,,2022-05-22 11:13:41.278,2022-05-21 18:30:10.711,S7Wp0spWno,com.sec.android.app.shealth,f061cf53-9d8f-32ad-66b5-e94b770a2f86,2022-05-22 00:00:00.000,
,8192,,2022-05-24 07:46:14.717,2022-05-23 18:30:04.103,S7Wp0spWno,com.sec.android.app.shealth,dc12f859-5f9c-05fc-c48d-65c13337cbb6,2022-05-24 00:00:00.000,
,0,,2022-05-24 18:30:08.258,2022-05-24 18:30:08.257,S7Wp0spWno,com.sec.android.app.shealth,8ce920b7-8c42-d48c-0f7a-fb5f0441c347,2022-05-25 00:00:00.000,
,262400,,2022-05-26 12:49:12.315,2022-05-25 18:30:03.978,S7Wp0spWno,com.sec.android.app.shealth,2cc9f4b2-5a12-99a0-f211-71f946717944,2022-05-26 00:00:00.000,
,2129920,,2022-05-28 16:24:23.247,2022-05-27 18:30:04.434,S7Wp0spWno,com.sec.android.app.shealth,9a99c72b-5ee9-646e-8f86-dc82c278c804,2022-05-28 00:00:00.000,
,0,,2022-05-29 18:30:06.965,2022-05-29 18:30:06.964,S7Wp0spWno,com.sec.android.app.shealth,e6051458-feaa-f4a1-c6a9-578ff9c83428,2022-05-30 00:00:00.000,
,5267712,,2022-05-29 16:51:51.279,2022-05-28 18:30:15.731,S7Wp0spWno,com.sec.android.app.shealth,9368873a-b2b2-a9e0-61a9-a0fb82358060,2022-05-29 00:00:00.000,
,1310720,,2022-05-27 14:30:49.267,2022-05-26 18:30:25.785,S7Wp0spWno,com.sec.android.app.shealth,37959821-9201-8032-093c-324523d7354f,2022-05-27 00:00:00.000,
,2097152,,2022-05-31 16:07:00.453,2022-05-30 18:30:23.111,S7Wp0spWno,com.sec.android.app.shealth,b899e4a3-7f25-dc75-6f2c-3d3c664d99ed,2022-05-31 00:00:00.000,
,131072,,2022-06-01 12:13:03.226,2022-05-31 18:30:21.307,S7Wp0spWno,com.sec.android.app.shealth,8cdc5194-f0b5-8b48-4511-e0afe54f1894,2022-06-01 00:00:00.000,
,16384,,2022-06-04 09:01:03.261,2022-06-03 18:30:05.029,S7Wp0spWno,com.sec.android.app.shealth,b658f7a2-dbbb-d9fa-bd63-3b5a5107ca53,2022-06-04 00:00:00.000,
,4718592,,2022-06-02 16:47:22.288,2022-06-01 18:30:15.864,S7Wp0spWno,com.sec.android.app.shealth,a03c8583-1940-c9f2-5c18-e746f4da544b,2022-06-02 00:00:00.000,
,0,,2022-06-02 18:30:15.732,2022-06-02 18:30:15.732,S7Wp0spWno,com.sec.android.app.shealth,28421a95-9ec1-c3f3-e29b-96eec358d64e,2022-06-03 00:00:00.000,
,8192,,2022-06-05 08:25:26.285,2022-06-04 18:30:03.806,S7Wp0spWno,com.sec.android.app.shealth,443acc0a-8d9d-79cd-0b25-32a0fa22e716,2022-06-05 00:00:00.000,
,212992,,2022-06-06 12:10:13.289,2022-06-05 18:30:11.700,S7Wp0spWno,com.sec.android.app.shealth,56ac7976-477d-1d6d-4169-9b17c005e11e,2022-06-06 00:00:00.000,
,327680,,2022-06-07 13:09:53.221,2022-06-06 18:30:22.861,S7Wp0spWno,com.sec.android.app.shealth,cb67bc79-baed-9a32-0ca7-8fd99ef1b96a,2022-06-07 00:00:00.000,
,4259840,,2022-06-08 17:14:31.277,2022-06-07 18:30:09.023,S7Wp0spWno,com.sec.android.app.shealth,79aab32c-15a2-5160-98a1-ed3e4b9c908c,2022-06-08 00:00:00.000,
,0,,2022-06-08 18:30:04.819,2022-06-08 18:30:04.817,S7Wp0spWno,com.sec.android.app.shealth,8c605828-dd2c-001b-023a-4d201b58dfaa,2022-06-09 00:00:00.000,
,73728,,2022-06-10 10:48:55.703,2022-06-09 18:30:14.297,S7Wp0spWno,com.sec.android.app.shealth,82ac5778-cd06-48f6-f467-7cda600df574,2022-06-10 00:00:00.000,
,0,,2022-06-11 18:30:13.212,2022-06-11 18:30:13.210,S7Wp0spWno,com.sec.android.app.shealth,09712f76-a310-7e4b-0238-7e948d45a46c,2022-06-12 00:00:00.000,
,12582912,,2022-06-11 17:53:09.259,2022-06-10 18:30:06.566,S7Wp0spWno,com.sec.android.app.shealth,6198496d-518d-c7c1-92e1-9598fda3fb28,2022-06-11 00:00:00.000,
,1130496,,2022-06-13 14:52:56.312,2022-06-12 18:30:14.797,S7Wp0spWno,com.sec.android.app.shealth,1af05609-1abe-79ae-d2bc-140432b94a9f,2022-06-13 00:00:00.000,
,32768,,2022-06-14 10:29:38.356,2022-06-13 18:30:13.917,S7Wp0spWno,com.sec.android.app.shealth,cfb09331-5db5-0bb9-7dc4-495a21dcb68b,2022-06-14 00:00:00.000,
,0,,2022-06-14 18:30:09.156,2022-06-14 18:30:09.156,S7Wp0spWno,com.sec.android.app.shealth,7d67fc3c-51bf-3b40-171e-188eca2a9079,2022-06-15 00:00:00.000,
,0,,2022-06-16 18:30:05.267,2022-06-16 18:30:05.266,S7Wp0spWno,com.sec.android.app.shealth,ccd26715-763c-4dc6-769e-0376c7c68f6a,2022-06-17 00:00:00.000,
,212992,,2022-06-16 12:26:33.473,2022-06-15 18:30:07.747,S7Wp0spWno,com.sec.android.app.shealth,ff03b66b-b061-707e-80f4-82939e372940,2022-06-16 00:00:00.000,
,4194305,,2022-06-18 16:47:38.284,2022-06-17 18:30:05.374,S7Wp0spWno,com.sec.android.app.shealth,95494480-ac07-8a67-a9cd-ba4635078ff9,2022-06-18 00:00:00.000,
,0,,2022-06-19 18:30:04.757,2022-06-19 18:30:04.757,S7Wp0spWno,com.sec.android.app.shealth,bb6c0ef0-ebd0-de54-0a0d-db45fc4793d4,2022-06-20 00:00:00.000,
,5242881,,2022-06-19 16:57:08.321,2022-06-18 18:30:02.898,S7Wp0spWno,com.sec.android.app.shealth,df6fa9f1-25b9-354e-4427-ea6a080c3c3c,2022-06-19 00:00:00.000,
,0,,2022-06-20 18:37:03.418,2022-06-20 18:37:03.418,S7Wp0spWno,com.sec.android.app.shealth,9b5f8a06-d812-7a36-a9ed-7b358c370bfb,2022-06-21 00:00:00.000,
,8192,,2022-06-23 07:37:38.289,2022-06-22 18:30:07.202,S7Wp0spWno,com.sec.android.app.shealth,0c3f9a03-7000-51db-f274-7467ce3a5c94,2022-06-23 00:00:00.000,
,0,,2022-06-21 18:30:02.783,2022-06-21 18:30:02.783,S7Wp0spWno,com.sec.android.app.shealth,d00a34f5-84a2-abc8-5748-1fd3a0c4f543,2022-06-22 00:00:00.000,
,1048576,,2022-06-24 14:57:57.276,2022-06-23 18:30:13.944,S7Wp0spWno,com.sec.android.app.shealth,281b8e7e-7930-1d40-f39a-3e9fb985366f,2022-06-24 00:00:00.000,
,10485760,,2022-06-25 18:14:28.274,2022-06-24 18:30:06.233,S7Wp0spWno,com.sec.android.app.shealth,ab72756c-ceb6-6de3-9eec-567f3a96ad94,2022-06-25 00:00:00.000,
,4194304,,2022-06-26 16:42:45.325,2022-06-25 18:30:12.103,S7Wp0spWno,com.sec.android.app.shealth,7cf11bdc-032f-0ebb-7b18-225226feb8fb,2022-06-26 00:00:00.000,
,0,,2022-06-26 18:30:30.870,2022-06-26 18:30:30.870,S7Wp0spWno,com.sec.android.app.shealth,95969a27-2e34-35f5-1180-5111c5c9f156,2022-06-27 00:00:00.000,
,4194304,,2022-06-28 17:01:20.836,2022-06-27 18:30:30.894,S7Wp0spWno,com.sec.android.app.shealth,677c8ccd-5248-8d23-616e-09ef9848d7c4,2022-06-28 00:00:00.000,
,0,,2022-06-28 18:30:33.971,2022-06-28 18:30:33.971,S7Wp0spWno,com.sec.android.app.shealth,07b67739-3ea8-4c2c-e5f4-04d075adcc96,2022-06-29 00:00:00.000,
,0,,2022-06-29 18:30:35.144,2022-06-29 18:30:35.144,S7Wp0spWno,com.sec.android.app.shealth,3dd9c9ba-6a16-0d6f-9f95-aa53b462757a,2022-06-30 00:00:00.000,
,1048576,,2022-07-01 15:21:20.225,2022-06-30 18:30:19.867,S7Wp0spWno,com.sec.android.app.shealth,7a91f88a-7cd4-89da-4192-24262294a63e,2022-07-01 00:00:00.000,
,1048576,,2022-07-02 15:17:11.298,2022-07-01 18:30:33.031,S7Wp0spWno,com.sec.android.app.shealth,75a72d97-9bb3-e73a-311d-2f2d54249db1,2022-07-02 00:00:00.000,
,524288,,2022-07-03 14:15:32.253,2022-07-02 18:30:11.524,S7Wp0spWno,com.sec.android.app.shealth,3632adba-5148-c4d9-6260-035ab4776d1e,2022-07-03 00:00:00.000,
,4194304,,2022-07-04 17:11:02.825,2022-07-03 18:30:06.236,S7Wp0spWno,com.sec.android.app.shealth,914a67a0-3f61-aa43-4d87-6c1b671fd6e3,2022-07-04 00:00:00.000,
,2097152,,2022-07-05 16:17:47.240,2022-07-04 18:30:20.984,S7Wp0spWno,com.sec.android.app.shealth,aaceb92b-f520-4b03-88f8-1fdd28e9facd,2022-07-05 00:00:00.000,
,425984,,2022-07-06 13:02:21.152,2022-07-05 18:30:12.609,S7Wp0spWno,com.sec.android.app.shealth,d680185e-a270-fff4-0085-f7b747456339,2022-07-06 00:00:00.000,
,344064,,2022-07-07 13:00:53.397,2022-07-06 18:30:06.759,S7Wp0spWno,com.sec.android.app.shealth,435736d2-27e0-b1c4-666d-6b5c173fdb42,2022-07-07 00:00:00.000,
,9437184,,2022-07-09 18:27:25.423,2022-07-08 18:30:08.875,S7Wp0spWno,com.sec.android.app.shealth,1939b41c-c62d-4326-5173-b8b14b34df92,2022-07-09 00:00:00.000,
,8388608,,2022-07-08 18:15:22.413,2022-07-07 18:30:04.680,S7Wp0spWno,com.sec.android.app.shealth,8e811036-6df6-3d0a-9d5f-18c41fbe7703,2022-07-08 00:00:00.000,
,256,,2022-07-10 02:33:55.407,2022-07-09 18:30:16.574,S7Wp0spWno,com.sec.android.app.shealth,76a93df5-f491-1448-8800-0032c035cfee,2022-07-10 00:00:00.000,
,0,,2022-07-10 18:30:05.108,2022-07-10 18:30:05.108,S7Wp0spWno,com.sec.android.app.shealth,106c9af7-d693-2c33-3f0b-95fe14524e85,2022-07-11 00:00:00.000,
,65536,,2022-07-12 11:07:22.792,2022-07-11 18:30:25.857,S7Wp0spWno,com.sec.android.app.shealth,c0e9063f-fc51-2a52-809e-47b4af2a948f,2022-07-12 00:00:00.000,
,0,,2022-07-13 18:30:04.755,2022-07-13 18:30:04.754,S7Wp0spWno,com.sec.android.app.shealth,a8af1562-2a23-a36c-e04f-286e6aa41875,2022-07-14 00:00:00.000,
,196608,,2022-07-13 12:20:37.364,2022-07-12 18:30:16.995,S7Wp0spWno,com.sec.android.app.shealth,e38824ea-1d11-06b9-046d-4f6ec394350f,2022-07-13 00:00:00.000,
,2097152,,2022-07-15 15:55:00.308,2022-07-14 18:30:12.347,S7Wp0spWno,com.sec.android.app.shealth,41bc44c1-d31b-05f3-e335-49e81b868a1f,2022-07-15 00:00:00.000,
,6291456,,2022-07-17 17:21:33.234,2022-07-16 18:30:18.822,S7Wp0spWno,com.sec.android.app.shealth,e3a16ec7-f440-5500-871f-9f77996d1273,2022-07-17 00:00:00.000,
,0,,2022-07-17 18:30:03.743,2022-07-17 18:30:03.740,S7Wp0spWno,com.sec.android.app.shealth,567dad33-bd1a-0f87-37be-a76b178652d7,2022-07-18 00:00:00.000,
,8388608,,2022-07-16 17:43:41.297,2022-07-15 18:30:10.849,S7Wp0spWno,com.sec.android.app.shealth,1208c835-a8ca-0ceb-fad2-e46b0da3c081,2022-07-16 00:00:00.000,
,0,,2022-07-18 18:30:04.447,2022-07-18 18:30:04.447,S7Wp0spWno,com.sec.android.app.shealth,d537bee4-86b3-218d-e453-8112cd7f1128,2022-07-19 00:00:00.000,
,0,,2022-07-20 18:30:04.899,2022-07-20 18:30:04.899,S7Wp0spWno,com.sec.android.app.shealth,76e06a12-3bf8-5bd9-10ec-d1dfe45c82c5,2022-07-21 00:00:00.000,
,229376,,2022-07-20 12:13:27.345,2022-07-19 18:30:12.159,S7Wp0spWno,com.sec.android.app.shealth,dd63f9b3-3ec8-f090-8ed6-97c6b8d55e74,2022-07-20 00:00:00.000,
,0,,2022-07-22 18:30:04.734,2022-07-22 18:30:04.733,S7Wp0spWno,com.sec.android.app.shealth,a8fd75ee-d1d8-756a-1bc0-262205a66074,2022-07-23 00:00:00.000,
,1048576,,2022-07-22 15:01:39.348,2022-07-21 18:30:05.030,S7Wp0spWno,com.sec.android.app.shealth,3d92d562-a0b6-b98c-7078-a34a795c8e22,2022-07-22 00:00:00.000,
,4456448,,2022-07-24 16:59:45.303,2022-07-23 18:30:05.094,S7Wp0spWno,com.sec.android.app.shealth,055b7855-46c2-f11b-3f1c-80810ea3067e,2022-07-24 00:00:00.000,
,4096,,2022-07-25 07:13:45.704,2022-07-24 18:30:05.852,S7Wp0spWno,com.sec.android.app.shealth,10b2f73c-a197-ec7d-0ea5-ceac1c4a4397,2022-07-25 00:00:00.000,
,4194304,,2022-07-26 17:10:03.263,2022-07-25 18:30:06.784,S7Wp0spWno,com.sec.android.app.shealth,14d8d89b-7e5e-1c1b-b242-1bfc0ea38efc,2022-07-26 00:00:00.000,
,0,,2022-07-26 18:30:04.102,2022-07-26 18:30:04.102,S7Wp0spWno,com.sec.android.app.shealth,8a9acd38-acb5-45c2-0b65-8cad099e6658,2022-07-27 00:00:00.000,
,0,,2022-07-27 18:30:17.432,2022-07-27 18:30:17.432,S7Wp0spWno,com.sec.android.app.shealth,23b8d4a2-d1d8-d444-8f2f-b62d70173a66,2022-07-28 00:00:00.000,
,0,,2022-07-28 18:30:03.920,2022-07-28 18:30:03.920,S7Wp0spWno,com.sec.android.app.shealth,7011359f-3ac0-0703-4f38-de820881f87c,2022-07-29 00:00:00.000,
,11542528,,2022-07-30 17:39:42.272,2022-07-29 18:30:13.026,S7Wp0spWno,com.sec.android.app.shealth,d950ca3e-9eae-63ac-2d9e-e61949002b59,2022-07-30 00:00:00.000,
,24576,,2022-07-31 08:45:01.240,2022-07-30 18:30:18.392,S7Wp0spWno,com.sec.android.app.shealth,601e323e-163a-6501-d005-c43392cd8ce5,2022-07-31 00:00:00.000,
,0,,2022-08-01 16:59:06.379,2022-07-31 18:30:18.130,S7Wp0spWno,com.sec.android.app.shealth,571c4f4b-8f29-c88b-831d-e7a1251f86e9,2022-08-01 00:00:00.000,
,4194304,,2022-08-02 16:54:06.274,2022-08-01 18:30:04.582,S7Wp0spWno,com.sec.android.app.shealth,bfe96136-ea50-9c38-e8b8-8777f8b826ea,2022-08-02 00:00:00.000,
,2953216,,2022-08-03 16:20:57.634,2022-08-02 18:30:25.373,S7Wp0spWno,com.sec.android.app.shealth,55aaa5b0-dd56-781e-21f7-078eb214440a,2022-08-03 00:00:00.000,
,0,,2022-08-03 18:30:08.147,2022-08-03 18:30:08.146,S7Wp0spWno,com.sec.android.app.shealth,352e9a93-84ee-dede-e834-c8985c6da2d4,2022-08-04 00:00:00.000,
,0,,2022-08-04 18:30:08.924,2022-08-04 18:30:08.923,S7Wp0spWno,com.sec.android.app.shealth,ab838dba-8282-3490-af2e-c5302ba42836,2022-08-05 00:00:00.000,
,0,,2022-08-06 10:08:21.287,2022-08-05 18:30:25.606,S7Wp0spWno,com.sec.android.app.shealth,029e050d-1f75-0562-0b37-9e9d48d59313,2022-08-06 00:00:00.000,
,1048576,,2022-08-07 14:54:38.300,2022-08-06 18:30:09.506,S7Wp0spWno,com.sec.android.app.shealth,0ff481c5-1e80-6785-c52c-c40ea61d5d27,2022-08-07 00:00:00.000,
,0,,2022-08-08 15:12:34.986,2022-08-07 18:30:02.749,S7Wp0spWno,com.sec.android.app.shealth,6cae6a9a-e359-fde2-6848-ada6788bef22,2022-08-08 00:00:00.000,
,2097152,,2022-08-09 15:32:05.661,2022-08-08 18:30:04.476,S7Wp0spWno,com.sec.android.app.shealth,32fadbe4-44be-35f7-9982-bef15d3a12f0,2022-08-09 00:00:00.000,
,0,,2022-08-10 04:11:29.737,2022-08-09 18:30:09.923,S7Wp0spWno,com.sec.android.app.shealth,da2c638f-0cc8-a976-e6aa-2c6e19ef3349,2022-08-10 00:00:00.000,
,3145728,,2022-08-11 16:29:33.452,2022-08-10 18:30:17.227,S7Wp0spWno,com.sec.android.app.shealth,5d4c949c-2a3c-00df-728b-1756fd035347,2022-08-11 00:00:00.000,
,0,,2022-08-13 03:55:54.748,2022-08-12 18:30:14.791,S7Wp0spWno,com.sec.android.app.shealth,db7edb6a-8cdf-485b-ccd9-8cad6d04d22f,2022-08-13 00:00:00.000,
,16384,,2022-08-12 08:44:14.748,2022-08-11 18:30:17.382,S7Wp0spWno,com.sec.android.app.shealth,95d54a82-06c6-f989-f445-0c6aa634364c,2022-08-12 00:00:00.000,
,1064960,,2022-08-14 15:14:08.286,2022-08-13 18:30:10.200,S7Wp0spWno,com.sec.android.app.shealth,afd0d740-fee0-3b7c-10e1-e630d1a9bd34,2022-08-14 00:00:00.000,
,16384,,2022-08-15 08:41:34.748,2022-08-14 18:30:10.360,S7Wp0spWno,com.sec.android.app.shealth,49196845-c90a-0d39-c7e6-5213e351d011,2022-08-15 00:00:00.000,
,8388609,,2022-08-16 17:49:29.316,2022-08-15 18:30:03.706,S7Wp0spWno,com.sec.android.app.shealth,26017bab-19c1-e95e-beb8-6d6574b48666,2022-08-16 00:00:00.000,
,4194304,,2022-08-17 17:21:14.489,2022-08-16 18:30:07.807,S7Wp0spWno,com.sec.android.app.shealth,7e98cb60-f768-9353-ee87-56d1e7d8d5fb,2022-08-17 00:00:00.000,
,0,,2022-08-17 18:30:05.347,2022-08-17 18:30:05.346,S7Wp0spWno,com.sec.android.app.shealth,bda8dd5b-b85b-2802-64a7-e35f1653fbfc,2022-08-18 00:00:00.000,
,0,,2022-08-18 18:30:14.013,2022-08-18 18:30:14.013,S7Wp0spWno,com.sec.android.app.shealth,2f9c4510-4a24-c22a-d7dc-07dfe4ddee52,2022-08-19 00:00:00.000,
,8192,,2022-08-20 14:01:31.487,2022-08-19 18:30:31.896,S7Wp0spWno,com.sec.android.app.shealth,4348a0c8-1563-708a-72f0-df79dc19ab7a,2022-08-20 00:00:00.000,
,524288,,2022-08-21 14:06:14.262,2022-08-20 18:30:05.098,S7Wp0spWno,com.sec.android.app.shealth,39883548-b538-8698-f188-cc5254c81f97,2022-08-21 00:00:00.000,
,1,,2022-08-22 09:18:53.318,2022-08-21 18:30:27.677,S7Wp0spWno,com.sec.android.app.shealth,671bc20d-7a5d-4009-cbc7-d37e91de3427,2022-08-22 00:00:00.000,
,0,,2022-08-22 18:30:12.205,2022-08-22 18:30:12.205,S7Wp0spWno,com.sec.android.app.shealth,dd0e9b3e-c491-15ec-b5a9-ae92fac61707,2022-08-23 00:00:00.000,
,163840,,2022-08-24 11:53:07.265,2022-08-23 18:30:19.856,S7Wp0spWno,com.sec.android.app.shealth,9276faac-4114-d181-9404-1f4d554b79c5,2022-08-24 00:00:00.000,
,1024,,2022-08-25 04:41:18.631,2022-08-24 18:30:16.249,S7Wp0spWno,com.sec.android.app.shealth,7eb07294-87df-14db-8b03-031a4f3461c2,2022-08-25 00:00:00.000,
,524288,,2022-08-26 14:24:49.336,2022-08-25 18:30:18.809,S7Wp0spWno,com.sec.android.app.shealth,533adbd4-f723-58f7-183e-fed7271cfa67,2022-08-26 00:00:00.000,
,4194304,,2022-08-27 16:51:16.506,2022-08-26 18:30:10.203,S7Wp0spWno,com.sec.android.app.shealth,7165ff1b-a401-311b-b3ed-a419fbdbef74,2022-08-27 00:00:00.000,
,0,,2022-08-27 18:30:04.954,2022-08-27 18:30:04.954,S7Wp0spWno,com.sec.android.app.shealth,a9395ce0-0e1f-41b5-8800-b5abff1f53e3,2022-08-28 00:00:00.000,
,0,,2022-08-28 18:30:06.892,2022-08-28 18:30:06.883,S7Wp0spWno,com.sec.android.app.shealth,93e70197-2576-5f33-c5e0-b8526142bc37,2022-08-29 00:00:00.000,
,0,,2022-08-30 18:30:03.944,2022-08-30 18:30:03.944,S7Wp0spWno,com.sec.android.app.shealth,10d23e70-5e4e-3ae8-088d-8b6588e6b19e,2022-08-31 00:00:00.000,
,1574912,,2022-08-30 15:23:54.331,2022-08-29 18:30:04.050,S7Wp0spWno,com.sec.android.app.shealth,75869efb-f695-12c5-4c1b-68320f67d936,2022-08-30 00:00:00.000,
,0,,2022-09-01 18:30:06.826,2022-09-01 18:30:06.825,S7Wp0spWno,com.sec.android.app.shealth,2da00d57-df54-5abf-3f3c-3b62076ad5cc,2022-09-02 00:00:00.000,
,6660096,,2022-09-01 16:48:44.278,2022-08-31 18:30:04.307,S7Wp0spWno,com.sec.android.app.shealth,9e1b4e60-1821-c822-a56d-abfc77955b50,2022-09-01 00:00:00.000,
,16384,,2022-09-03 09:01:57.679,2022-09-02 18:30:03.676,S7Wp0spWno,com.sec.android.app.shealth,065feb04-dc10-f6b4-11b1-503fce95983e,2022-09-03 00:00:00.000,
,0,,2022-09-04 18:30:09.938,2022-09-04 18:30:09.937,S7Wp0spWno,com.sec.android.app.shealth,0ff4ba39-8aa0-2ecb-89a6-9411d7a30d88,2022-09-05 00:00:00.000,
,3145730,,2022-09-04 15:41:12.342,2022-09-03 18:30:16.812,S7Wp0spWno,com.sec.android.app.shealth,a234c856-2d27-9c2e-913f-0c3458de1d09,2022-09-04 00:00:00.000,
,0,,2022-09-05 18:30:06.035,2022-09-05 18:30:06.035,S7Wp0spWno,com.sec.android.app.shealth,5882151b-c554-2b9f-d2e5-9e168e113c65,2022-09-06 00:00:00.000,
,196608,,2022-09-07 12:17:50.833,2022-09-06 18:30:26.465,S7Wp0spWno,com.sec.android.app.shealth,bd16128a-1bdc-179c-e9cb-42cc13a69a8e,2022-09-07 00:00:00.000,
,12288,,2022-09-08 07:45:28.686,2022-09-07 18:30:10.597,S7Wp0spWno,com.sec.android.app.shealth,77001800-3ccd-9368-3b47-f7ad9a865ee9,2022-09-08 00:00:00.000,
,1,,2022-09-08 18:55:38.273,2022-09-08 18:30:11.301,S7Wp0spWno,com.sec.android.app.shealth,409e0b72-6fa0-daed-f14b-250b949fffcc,2022-09-09 00:00:00.000,
,540672,,2022-09-10 14:06:40.299,2022-09-09 18:30:08.758,S7Wp0spWno,com.sec.android.app.shealth,57a1d39e-0a46-0571-761c-e3593dc8aae3,2022-09-10 00:00:00.000,
,0,,2022-09-10 18:30:41.054,2022-09-10 18:30:41.054,S7Wp0spWno,com.sec.android.app.shealth,bb1af1be-bad9-5a8d-7bd7-5ff0389fbe4b,2022-09-11 00:00:00.000,
,0,,2022-09-11 18:30:29.858,2022-09-11 18:30:29.858,S7Wp0spWno,com.sec.android.app.shealth,28e1eb84-153c-9bfb-58b5-e3c3a570423a,2022-09-12 00:00:00.000,
,0,,2022-09-13 21:16:20.634,2022-09-13 18:30:16.869,S7Wp0spWno,com.sec.android.app.shealth,4c6afaf7-9294-24a6-174c-935d399ee94a,2022-09-14 00:00:00.000,
,43008,,2022-09-13 09:45:10.821,2022-09-12 18:30:15.971,S7Wp0spWno,com.sec.android.app.shealth,154ed66a-fb3c-5e2a-4ce5-20f0895bd5f7,2022-09-13 00:00:00.000,
,0,,2022-09-15 18:30:11.093,2022-09-15 18:30:11.093,S7Wp0spWno,com.sec.android.app.shealth,474ad97c-e463-1844-c872-e66f43c4c37f,2022-09-16 00:00:00.000,
,1114112,,2022-09-15 15:01:52.258,2022-09-14 18:30:06.936,S7Wp0spWno,com.sec.android.app.shealth,360f876c-b76c-140b-aac7-9d62c2c4a55e,2022-09-15 00:00:00.000,
,9216,,2022-09-17 08:29:44.308,2022-09-16 18:30:06.282,S7Wp0spWno,com.sec.android.app.shealth,ac4b5299-a700-0521-8050-fb11d851182a,2022-09-17 00:00:00.000,
,10485760,,2022-09-18 17:42:09.302,2022-09-17 18:30:08.076,S7Wp0spWno,com.sec.android.app.shealth,f1c72b2e-7ec3-7986-9780-2e19a55dbf09,2022-09-18 00:00:00.000,
,0,,2022-09-18 18:30:04.680,2022-09-18 18:30:04.679,S7Wp0spWno,com.sec.android.app.shealth,462db231-0ddb-8c94-c396-f86de45ac41d,2022-09-19 00:00:00.000,
,0,,2022-09-19 18:30:36.315,2022-09-19 18:30:36.313,S7Wp0spWno,com.sec.android.app.shealth,95f483f8-6389-93f4-b637-f6df872e4b61,2022-09-20 00:00:00.000,
,65536,,2022-09-21 10:31:22.797,2022-09-20 18:30:45.491,S7Wp0spWno,com.sec.android.app.shealth,3ccaac00-5a7c-6abd-f234-0fd359510106,2022-09-21 00:00:00.000,
,540672,,2022-09-22 14:04:46.268,2022-09-21 18:30:34.246,S7Wp0spWno,com.sec.android.app.shealth,8856e61d-8b24-8dae-9e55-3cfcd7de9492,2022-09-22 00:00:00.000,
,2097152,,2022-09-23 16:06:44.318,2022-09-22 18:30:10.269,S7Wp0spWno,com.sec.android.app.shealth,a80c78e7-945e-35f4-1baf-2ed8bed4d3d7,2022-09-23 00:00:00.000,
,0,,2022-09-23 18:30:04.246,2022-09-23 18:30:04.246,S7Wp0spWno,com.sec.android.app.shealth,d18a98e5-058b-9ecd-56d2-f9023fb7ac88,2022-09-24 00:00:00.000,
,4204544,,2022-09-25 17:23:42.245,2022-09-24 18:30:07.180,S7Wp0spWno,com.sec.android.app.shealth,a67f0a7b-c459-fe7a-e90e-b4aee20ca0db,2022-09-25 00:00:00.000,
,0,,2022-09-25 18:30:15.017,2022-09-25 18:30:15.017,S7Wp0spWno,com.sec.android.app.shealth,876c666e-d60e-a49d-5c1a-b1cd34c179b0,2022-09-26 00:00:00.000,
,66560,,2022-09-27 11:13:58.748,2022-09-26 18:30:06.834,S7Wp0spWno,com.sec.android.app.shealth,05e86b41-0388-3ea4-ae39-22a84011d547,2022-09-27 00:00:00.000,
,9437184,,2022-09-28 17:49:44.257,2022-09-27 18:30:05.165,S7Wp0spWno,com.sec.android.app.shealth,98ec8fac-7354-a366-5f51-37fc65b077b4,2022-09-28 00:00:00.000,
,10485760,,2022-09-29 17:34:48.300,2022-09-28 18:30:04.851,S7Wp0spWno,com.sec.android.app.shealth,dadf646b-993b-1a87-24ea-d0a2e99657eb,2022-09-29 00:00:00.000,
,0,,2022-09-29 18:30:08.659,2022-09-29 18:30:08.659,S7Wp0spWno,com.sec.android.app.shealth,7e691e68-89fc-d6f1-7905-26184f250a1e,2022-09-30 00:00:00.000,
,4096,,2022-10-01 07:00:14.907,2022-09-30 18:30:24.323,S7Wp0spWno,com.sec.android.app.shealth,db45fd22-401f-2552-0132-1342b3fcb224,2022-10-01 00:00:00.000,
,0,,2022-10-01 18:30:25.809,2022-10-01 18:30:25.808,S7Wp0spWno,com.sec.android.app.shealth,70ce28d8-2829-2be7-0868-5a67d11c7ee5,2022-10-02 00:00:00.000,
,524288,,2022-10-03 14:25:07.360,2022-10-02 18:30:02.770,S7Wp0spWno,com.sec.android.app.shealth,6d765f62-5eec-464e-21ff-46f732bb5c54,2022-10-03 00:00:00.000,
,8390656,,2022-10-04 17:59:38.934,2022-10-03 18:30:30.423,S7Wp0spWno,com.sec.android.app.shealth,9c4e1fd4-3202-e4d6-e252-fc875ae613be,2022-10-04 00:00:00.000,
,4202496,,2022-10-05 16:51:15.345,2022-10-04 18:30:30.900,S7Wp0spWno,com.sec.android.app.shealth,83e77d6f-8c8d-ef3b-2806-e43ad4581d7d,2022-10-05 00:00:00.000,
,4097,,2022-10-06 06:51:18.794,2022-10-05 18:30:23.172,S7Wp0spWno,com.sec.android.app.shealth,6fae033b-7fc5-77b1-7a28-e9cc26e78648,2022-10-06 00:00:00.000,
,0,,2022-10-06 18:30:09.025,2022-10-06 18:30:09.023,S7Wp0spWno,com.sec.android.app.shealth,75a6a174-9d01-6068-447f-8e0b69666947,2022-10-07 00:00:00.000,
,0,,2022-10-08 18:30:49.129,2022-10-08 18:30:49.129,S7Wp0spWno,com.sec.android.app.shealth,c74955e4-b535-f6d5-4eff-fb07df329bc3,2022-10-09 00:00:00.000,
,8388608,,2022-10-08 18:05:58.341,2022-10-07 18:30:25.190,S7Wp0spWno,com.sec.android.app.shealth,682d1540-02cc-d5d3-f89c-6edb4623c7e2,2022-10-08 00:00:00.000,
,8193,,2022-10-10 08:28:34.628,2022-10-09 18:30:23.165,S7Wp0spWno,com.sec.android.app.shealth,2f37f7c0-d619-5362-74b1-30c6d048e986,2022-10-10 00:00:00.000,
,0,,2022-10-11 08:54:14.383,2022-10-10 18:30:05.879,S7Wp0spWno,com.sec.android.app.shealth,c6b6bace-ba1e-f68a-ce1a-61f99073be85,2022-10-11 00:00:00.000,
,65536,,2022-10-12 10:56:31.874,2022-10-11 18:30:08.783,S7Wp0spWno,com.sec.android.app.shealth,91fb93bf-5177-2d21-12b6-5d7c2e07115e,2022-10-12 00:00:00.000,
,0,,2022-10-12 18:30:05.820,2022-10-12 18:30:05.820,S7Wp0spWno,com.sec.android.app.shealth,19dbf155-3f2a-5307-8030-f3d586cc5ccb,2022-10-13 00:00:00.000,
,8388608,,2022-10-14 18:00:43.497,2022-10-13 18:30:10.065,S7Wp0spWno,com.sec.android.app.shealth,b610da07-50f4-704d-7207-e06f9ef4f261,2022-10-14 00:00:00.000,
,0,,2022-10-15 18:30:09.747,2022-10-15 18:30:09.747,S7Wp0spWno,com.sec.android.app.shealth,1cc30179-3a85-5b63-ea03-d2761fbe2b3c,2022-10-16 00:00:00.000,
,4194304,,2022-10-15 17:11:58.377,2022-10-14 18:30:05.726,S7Wp0spWno,com.sec.android.app.shealth,fd4c8750-15bb-b920-85b9-f987d82d1454,2022-10-15 00:00:00.000,
,0,,2022-10-16 18:30:05.941,2022-10-16 18:30:05.941,S7Wp0spWno,com.sec.android.app.shealth,ab25f91f-485e-14cf-7a6e-d447e0020f3e,2022-10-17 00:00:00.000,
,262144,,2022-10-18 13:19:37.216,2022-10-17 18:30:08.779,S7Wp0spWno,com.sec.android.app.shealth,f30597e2-208b-5b69-3861-2e2e6196e654,2022-10-18 00:00:00.000,
,0,,2022-10-18 18:30:09.094,2022-10-18 18:30:09.094,S7Wp0spWno,com.sec.android.app.shealth,e277ec40-6f48-65da-7b11-31dacdbe9cc4,2022-10-19 00:00:00.000,
,0,,2022-10-19 18:30:26.440,2022-10-19 18:30:26.440,S7Wp0spWno,com.sec.android.app.shealth,c29532c4-03b2-ad9a-7e0f-713484fcd344,2022-10-20 00:00:00.000,
,0,,2022-10-20 18:30:39.451,2022-10-20 18:30:39.451,S7Wp0spWno,com.sec.android.app.shealth,a3bf9d18-1366-2353-636e-c6cf44fc3662,2022-10-21 00:00:00.000,
,4194304,,2022-10-22 17:04:02.282,2022-10-21 18:30:33.055,S7Wp0spWno,com.sec.android.app.shealth,47ac969e-9b6e-cfc7-4ef8-da5ea2107040,2022-10-22 00:00:00.000,
,1048576,,2022-10-23 15:15:18.252,2022-10-22 18:30:07.730,S7Wp0spWno,com.sec.android.app.shealth,7d614dfe-6e11-8301-ea49-184bf23b7078,2022-10-23 00:00:00.000,
,57344,,2022-10-24 10:12:43.300,2022-10-23 18:30:07.715,S7Wp0spWno,com.sec.android.app.shealth,2595dd79-1efa-f8ef-5664-4bafd40c0bc8,2022-10-24 00:00:00.000,
,0,,2022-10-24 18:30:08.959,2022-10-24 18:30:08.958,S7Wp0spWno,com.sec.android.app.shealth,35a9f715-fe0a-5eb8-ba9c-960659578a9e,2022-10-25 00:00:00.000,
,0,,2022-10-25 18:30:28.877,2022-10-25 18:30:28.876,S7Wp0spWno,com.sec.android.app.shealth,777f7f96-df36-1867-c27a-9f42fdbaeb58,2022-10-26 00:00:00.000,
,0,,2022-10-27 16:01:31.426,2022-10-26 18:31:04.212,S7Wp0spWno,com.sec.android.app.shealth,ffb53355-1e2e-53d7-b980-18e71bafd5a4,2022-10-27 00:00:00.000,
,131072,,2022-10-28 12:06:59.307,2022-10-27 18:30:04.671,S7Wp0spWno,com.sec.android.app.shealth,e6e60cf0-c710-6b9a-d383-20f8db352bee,2022-10-28 00:00:00.000,
,0,,2022-10-28 18:30:09.109,2022-10-28 18:30:09.107,S7Wp0spWno,com.sec.android.app.shealth,2d587ae9-7fdb-e15a-f985-83371a4ea3f6,2022-10-29 00:00:00.000,
,0,,2022-10-29 18:30:19.592,2022-10-29 18:30:19.592,S7Wp0spWno,com.sec.android.app.shealth,79b2e160-7ccb-655a-e5eb-c0a2fe69dcf0,2022-10-30 00:00:00.000,
,0,,2022-10-31 18:30:03.786,2022-10-31 18:30:03.786,S7Wp0spWno,com.sec.android.app.shealth,ed2ff731-5aa4-f9c6-b684-6e02a03c7601,2022-11-01 00:00:00.000,
,8388608,,2022-10-31 18:23:45.399,2022-10-30 18:30:03.820,S7Wp0spWno,com.sec.android.app.shealth,92c24046-561c-3603-1939-a24ca7ae1294,2022-10-31 00:00:00.000,
,0,,2022-11-02 18:30:03.721,2022-11-02 18:30:03.719,S7Wp0spWno,com.sec.android.app.shealth,400cdbbc-8142-cc67-94c7-73900a8332b3,2022-11-03 00:00:00.000,
,9453568,,2022-11-02 18:02:19.261,2022-11-01 18:30:07.279,S7Wp0spWno,com.sec.android.app.shealth,303bb52d-f00e-8276-6096-6fece36c8996,2022-11-02 00:00:00.000,
,135168,,2022-11-04 11:36:32.361,2022-11-03 18:30:02.854,S7Wp0spWno,com.sec.android.app.shealth,3468e910-baf3-89ac-dd81-1a71a8bf79d9,2022-11-04 00:00:00.000,
,0,,2022-11-04 18:30:11.316,2022-11-04 18:30:11.315,S7Wp0spWno,com.sec.android.app.shealth,0fc37fee-c1e6-4b85-6131-b3b22a86f31c,2022-11-05 00:00:00.000,
,0,,2022-11-06 18:30:09.342,2022-11-06 18:30:09.338,S7Wp0spWno,com.sec.android.app.shealth,db697a7c-6b3e-fcc0-9de7-7f0ab155776a,2022-11-07 00:00:00.000,
,2097152,,2022-11-06 16:11:16.368,2022-11-05 18:30:15.776,S7Wp0spWno,com.sec.android.app.shealth,06979c43-031e-126f-3dc2-acfaa67ad7d4,2022-11-06 00:00:00.000,
,8388608,,2022-11-08 17:49:00.402,2022-11-07 18:30:14.772,S7Wp0spWno,com.sec.android.app.shealth,bddbe777-4bdf-4c42-e96c-a66d132b8ae0,2022-11-08 00:00:00.000,
,0,,2022-11-08 18:30:05.222,2022-11-08 18:30:05.222,S7Wp0spWno,com.sec.android.app.shealth,cbd3dfc8-2e6a-0077-f1c0-d328a4791707,2022-11-09 00:00:00.000,
,2097152,,2022-11-10 16:02:37.256,2022-11-09 18:30:11.817,S7Wp0spWno,com.sec.android.app.shealth,5e6b58dc-e7ee-370f-db34-39b059976550,2022-11-10 00:00:00.000,
,2097152,,2022-11-11 15:31:55.338,2022-11-10 18:30:18.257,S7Wp0spWno,com.sec.android.app.shealth,a8f76842-d3ae-6a0a-abdc-9ffa016cadbf,2022-11-11 00:00:00.000,
,6308864,,2022-11-12 17:26:46.235,2022-11-11 18:30:28.757,S7Wp0spWno,com.sec.android.app.shealth,3357de40-8e99-4d2a-0342-2f3d0ea2b7cd,2022-11-12 00:00:00.000,
,32768,,2022-11-13 09:43:30.260,2022-11-12 18:30:08.340,S7Wp0spWno,com.sec.android.app.shealth,16fbaa9f-8f95-36c5-e31e-24574a17e7c2,2022-11-13 00:00:00.000,
,0,,2022-11-13 18:30:18.908,2022-11-13 18:30:18.908,S7Wp0spWno,com.sec.android.app.shealth,4acc50db-1575-ac3b-5506-dcea2951e931,2022-11-14 00:00:00.000,
,0,,2022-11-14 18:30:07.430,2022-11-14 18:30:07.429,S7Wp0spWno,com.sec.android.app.shealth,bb64ec1b-dd1c-7dd8-a56f-bd9d2e5734ef,2022-11-15 00:00:00.000,
,524288,,2022-11-16 13:32:54.297,2022-11-15 18:30:15.302,S7Wp0spWno,com.sec.android.app.shealth,1468fb62-4685-86cc-e35a-9303fd3a20f1,2022-11-16 00:00:00.000,
,0,,2022-11-16 18:30:31.687,2022-11-16 18:30:31.683,S7Wp0spWno,com.sec.android.app.shealth,571ba491-3dbb-f54d-1e93-f0cf355acd0a,2022-11-17 00:00:00.000,
,0,,2022-11-17 18:30:07.257,2022-11-17 18:30:07.256,S7Wp0spWno,com.sec.android.app.shealth,a5a7395e-6096-a4d4-4392-96d3193d3af4,2022-11-18 00:00:00.000,
,10485760,,2022-11-19 18:03:49.259,2022-11-18 18:30:14.909,S7Wp0spWno,com.sec.android.app.shealth,5b849d11-d4e0-c601-2610-c27eea25734d,2022-11-19 00:00:00.000,
,8192,,2022-11-20 07:58:18.283,2022-11-19 18:30:38.484,S7Wp0spWno,com.sec.android.app.shealth,cd66ac67-8927-6332-4baf-413d1cd67238,2022-11-20 00:00:00.000,
,16384,,2022-11-21 08:34:07.332,2022-11-20 18:30:30.187,S7Wp0spWno,com.sec.android.app.shealth,08e6ba8d-7045-27b7-66e8-c85472fded3e,2022-11-21 00:00:00.000,
,0,,2022-11-21 18:30:05.179,2022-11-21 18:30:05.178,S7Wp0spWno,com.sec.android.app.shealth,3795a8d0-f83b-a38e-f5b5-b077a7be2a7f,2022-11-22 00:00:00.000,
,12288,,2022-11-23 07:55:37.287,2022-11-22 18:30:16.873,S7Wp0spWno,com.sec.android.app.shealth,62de5a24-57ce-8255-b717-cb7450e9e1cd,2022-11-23 00:00:00.000,
,51200,,2022-11-24 09:53:06.814,2022-11-23 18:30:10.287,S7Wp0spWno,com.sec.android.app.shealth,1df76a27-dee2-4a71-9c72-7c20aa45e20a,2022-11-24 00:00:00.000,
,2097152,,2022-11-25 15:38:02.309,2022-11-24 18:30:12.823,S7Wp0spWno,com.sec.android.app.shealth,129c03a5-c291-4945-29c2-951455db5b53,2022-11-25 00:00:00.000,
,0,,2022-11-26 18:30:21.349,2022-11-26 18:30:21.348,S7Wp0spWno,com.sec.android.app.shealth,b4589b9e-0fc5-f1c8-b327-e15df5520ad1,2022-11-27 00:00:00.000,
,4194304,,2022-11-26 17:15:32.435,2022-11-25 18:30:10.401,S7Wp0spWno,com.sec.android.app.shealth,7df3e620-1159-a99f-104f-2b6f4f228bf8,2022-11-26 00:00:00.000,
,4194304,,2022-11-28 16:57:30.148,2022-11-27 18:30:16.785,S7Wp0spWno,com.sec.android.app.shealth,9b360f62-4aa8-a2c2-0984-316d93e9a551,2022-11-28 00:00:00.000,
,12288,,2022-11-29 08:20:30.184,2022-11-28 18:30:04.804,S7Wp0spWno,com.sec.android.app.shealth,605a28d6-d762-1845-0b62-805327635f4a,2022-11-29 00:00:00.000,
,212992,,2022-11-30 11:52:02.273,2022-11-29 18:30:05.577,S7Wp0spWno,com.sec.android.app.shealth,2e4c1a64-3867-5099-a65e-3303eabe31d9,2022-11-30 00:00:00.000,
,0,,2022-11-30 18:30:13.846,2022-11-30 18:30:13.845,S7Wp0spWno,com.sec.android.app.shealth,16a20e13-9a7c-f7bd-c7a4-743a68b2db7b,2022-12-01 00:00:00.000,
,4196352,,2022-12-02 16:40:54.239,2022-12-01 18:30:38.925,S7Wp0spWno,com.sec.android.app.shealth,a8cb00e5-7e88-b7ab-e987-ada8e513772a,2022-12-02 00:00:00.000,
,4096,,2022-12-03 07:18:46.255,2022-12-02 18:30:28.881,S7Wp0spWno,com.sec.android.app.shealth,99abea55-4251-12e5-6780-0b39e0947f27,2022-12-03 00:00:00.000,
,0,,2022-12-03 23:31:00.223,2022-12-03 18:30:07.435,S7Wp0spWno,com.sec.android.app.shealth,ed0c5788-e3b2-dace-6e94-ba0a67f93e95,2022-12-04 00:00:00.000,
,0,,2022-12-04 18:30:17.878,2022-12-04 18:30:17.877,S7Wp0spWno,com.sec.android.app.shealth,c647d8ed-9b18-b44e-9445-48862516089d,2022-12-05 00:00:00.000,
,0,,2022-12-05 18:30:11.358,2022-12-05 18:30:11.357,S7Wp0spWno,com.sec.android.app.shealth,b5997825-d5bf-49bd-20ec-9934f87e2391,2022-12-06 00:00:00.000,
,0,,2022-12-06 18:30:19.815,2022-12-06 18:30:19.814,S7Wp0spWno,com.sec.android.app.shealth,c5fe3fb0-fe33-f9f6-9ae3-b3333ad0ac50,2022-12-07 00:00:00.000,
,0,,2022-12-07 18:30:23.191,2022-12-07 18:30:23.188,S7Wp0spWno,com.sec.android.app.shealth,3b95ffc1-43a6-3a19-3974-05686ca99372,2022-12-08 00:00:00.000,
,0,,2022-12-08 18:30:04.708,2022-12-08 18:30:04.708,S7Wp0spWno,com.sec.android.app.shealth,52ed4df3-8546-7705-8e64-ebc47ca80e53,2022-12-09 00:00:00.000,
,0,,2022-12-09 18:30:11.343,2022-12-09 18:30:11.343,S7Wp0spWno,com.sec.android.app.shealth,4c1e6610-1d64-9966-ee13-6eb46363f737,2022-12-10 00:00:00.000,
,262144,,2022-12-11 12:31:03.235,2022-12-10 18:30:41.097,S7Wp0spWno,com.sec.android.app.shealth,70fc81ed-3761-39ca-5233-b43f7c0b0276,2022-12-11 00:00:00.000,
,135680,,2022-12-12 11:56:37.263,2022-12-11 18:30:15.858,S7Wp0spWno,com.sec.android.app.shealth,c8237948-0011-ae5a-b53c-9e8b64bc334c,2022-12-12 00:00:00.000,
,4096,,2022-12-13 07:09:38.484,2022-12-12 18:30:16.028,S7Wp0spWno,com.sec.android.app.shealth,c9052567-5d8d-c4ef-dcf9-f18ec994fbb8,2022-12-13 00:00:00.000,
,0,,2022-12-14 18:30:29.197,2022-12-14 18:30:29.192,S7Wp0spWno,com.sec.android.app.shealth,d8bc05c8-1dfe-e7c7-e2f2-d059b12f10ca,2022-12-15 00:00:00.000,
,131072,,2022-12-14 11:34:38.257,2022-12-13 18:30:31.976,S7Wp0spWno,com.sec.android.app.shealth,2f2463a9-360b-7981-f28e-c593819bc13e,2022-12-14 00:00:00.000,
,262145,,2022-12-16 12:48:09.494,2022-12-15 18:30:25.849,S7Wp0spWno,com.sec.android.app.shealth,38bd74f6-fd01-3588-6fa0-f31c1daa3104,2022-12-16 00:00:00.000,
,4194306,,2022-12-17 17:26:28.275,2022-12-16 18:30:04.917,S7Wp0spWno,com.sec.android.app.shealth,e5333f04-0b5b-8144-6dde-aa9f9f23d552,2022-12-17 00:00:00.000,
,0,,2022-12-18 18:30:15.204,2022-12-18 18:30:15.190,S7Wp0spWno,com.sec.android.app.shealth,054fcb30-649d-56c9-2ffc-f7275a352ee6,2022-12-19 00:00:00.000,
,6291456,,2022-12-18 16:57:34.270,2022-12-17 18:30:39.676,S7Wp0spWno,com.sec.android.app.shealth,5f0e42f7-7444-a5a2-bd4e-d36af9dc5c0a,2022-12-18 00:00:00.000,
,0,,2022-12-19 18:30:26.818,2022-12-19 18:30:26.818,S7Wp0spWno,com.sec.android.app.shealth,09313e28-73d7-15db-887c-1bfa676b6577,2022-12-20 00:00:00.000,
,2097152,,2022-12-21 15:42:39.914,2022-12-20 18:30:52.191,S7Wp0spWno,com.sec.android.app.shealth,64852eb2-3944-c6f0-f64d-7a7834412f34,2022-12-21 00:00:00.000,
,0,,2022-12-21 18:30:26.138,2022-12-21 18:30:26.134,S7Wp0spWno,com.sec.android.app.shealth,55ec362a-5024-3bc6-768c-68ac183a6a51,2022-12-22 00:00:00.000,
,0,,2022-12-22 18:30:41.293,2022-12-22 18:30:41.291,S7Wp0spWno,com.sec.android.app.shealth,187b8eb6-14aa-796c-6159-7d1561c2fb89,2022-12-23 00:00:00.000,
,0,,2022-12-23 18:30:05.108,2022-12-23 18:30:05.108,S7Wp0spWno,com.sec.android.app.shealth,16f5b55d-b364-9566-d908-353251778a26,2022-12-24 00:00:00.000,
,294913,,2022-12-25 12:47:19.919,2022-12-24 18:30:11.194,S7Wp0spWno,com.sec.android.app.shealth,36c2ef14-35e9-b53b-ca4e-dfc77831d16a,2022-12-25 00:00:00.000,
,8388608,,2022-12-26 17:42:23.241,2022-12-25 18:30:38.726,S7Wp0spWno,com.sec.android.app.shealth,6293f649-64c5-8b8f-61c1-a02e7896b41c,2022-12-26 00:00:00.000,
,294912,,2022-12-27 12:52:26.404,2022-12-26 18:30:22.145,S7Wp0spWno,com.sec.android.app.shealth,c0ac22a9-adb0-89a6-0f85-4178ce64cdad,2022-12-27 00:00:00.000,
,4194304,,2022-12-28 16:57:42.520,2022-12-27 18:30:20.303,S7Wp0spWno,com.sec.android.app.shealth,7a27927d-8a2f-0ff4-b114-d54c92cdb12c,2022-12-28 00:00:00.000,
,32768,,2022-12-29 10:10:32.810,2022-12-28 18:30:20.175,S7Wp0spWno,com.sec.android.app.shealth,413b6b4e-288d-5a5a-79e3-e78bab4dfcbe,2022-12-29 00:00:00.000,
,0,,2022-12-29 18:30:24.314,2022-12-29 18:30:24.312,S7Wp0spWno,com.sec.android.app.shealth,12253ea8-d54c-a57d-5e13-14e15a4173c1,2022-12-30 00:00:00.000,
,4194304,,2022-12-31 16:50:10.249,2022-12-30 18:30:03.257,S7Wp0spWno,com.sec.android.app.shealth,16fce844-e023-bdf0-4b64-3719661afdc3,2022-12-31 00:00:00.000,
,393216,,2023-01-01 12:57:13.358,2022-12-31 18:30:22.318,S7Wp0spWno,com.sec.android.app.shealth,82c7e424-8fd6-eb5d-9c1a-968de0a86158,2023-01-01 00:00:00.000,
,8388608,,2023-01-03 18:18:45.433,2023-01-02 18:30:11.868,S7Wp0spWno,com.sec.android.app.shealth,869b90ed-d3b0-7047-d24d-1218466467c4,2023-01-03 00:00:00.000,
,8388608,,2023-01-02 18:01:03.352,2023-01-01 18:30:30.416,S7Wp0spWno,com.sec.android.app.shealth,0800cf8c-353d-3c56-bd3b-264c7a5145a8,2023-01-02 00:00:00.000,
,0,,2023-01-04 18:30:15.777,2023-01-04 18:30:15.777,S7Wp0spWno,com.sec.android.app.shealth,5a807fb0-8822-2443-66d4-31da69c2a36e,2023-01-05 00:00:00.000,
,2097152,,2023-01-04 15:40:28.286,2023-01-03 18:30:13.566,S7Wp0spWno,com.sec.android.app.shealth,b453a5ab-3597-e3a2-b51e-b9b088226e81,2023-01-04 00:00:00.000,
,0,,2023-01-05 18:30:10.328,2023-01-05 18:30:10.328,S7Wp0spWno,com.sec.android.app.shealth,a2d0a9de-3c8a-fe45-c87f-6ce68ed92dfe,2023-01-06 00:00:00.000,
,262144,,2023-01-07 13:08:26.402,2023-01-06 18:30:31.906,S7Wp0spWno,com.sec.android.app.shealth,d1ff6721-6519-3f10-c445-98649ed32a3e,2023-01-07 00:00:00.000,
,16384,,2023-01-08 09:05:56.434,2023-01-07 18:30:11.994,S7Wp0spWno,com.sec.android.app.shealth,f90f4ae2-eec7-56e6-8137-ea34a7604e37,2023-01-08 00:00:00.000,
,0,,2023-01-08 18:30:39.254,2023-01-08 18:30:39.253,S7Wp0spWno,com.sec.android.app.shealth,0cbae7cb-22a8-a35e-736b-dca5bfae76bb,2023-01-09 00:00:00.000,
,0,,2023-01-09 18:30:42.830,2023-01-09 18:30:42.829,S7Wp0spWno,com.sec.android.app.shealth,898e2333-8a25-0cd2-11e9-a33ced64ba5e,2023-01-10 00:00:00.000,
,524288,,2023-01-11 13:35:10.580,2023-01-10 18:30:22.951,S7Wp0spWno,com.sec.android.app.shealth,628f8c48-51cb-981e-afb7-31a9f3942371,2023-01-11 00:00:00.000,
,1122304,,2023-01-12 14:58:50.333,2023-01-11 18:30:16.996,S7Wp0spWno,com.sec.android.app.shealth,c9881427-496e-5a9c-e97c-ba7a9e0e19c7,2023-01-12 00:00:00.000,
,0,,2023-01-12 18:30:18.221,2023-01-12 18:30:18.221,S7Wp0spWno,com.sec.android.app.shealth,deb8d078-6e03-6eef-7d29-ce16c1666b2b,2023-01-13 00:00:00.000,
,65536,,2023-01-14 10:38:25.376,2023-01-13 18:30:32.666,S7Wp0spWno,com.sec.android.app.shealth,85be6a7d-74df-69bd-d4bb-1d54c2d4c0e0,2023-01-14 00:00:00.000,
,0,,2023-01-15 18:30:14.872,2023-01-15 18:30:14.872,S7Wp0spWno,com.sec.android.app.shealth,a5f01e8b-9d17-776a-70ee-5abc0d1c3a18,2023-01-16 00:00:00.000,
,6307840,,2023-01-15 16:49:22.356,2023-01-14 18:30:03.044,S7Wp0spWno,com.sec.android.app.shealth,2a42b18f-c335-6e61-a908-7a965c983752,2023-01-15 00:00:00.000,
,0,,2023-01-16 18:30:15.229,2023-01-16 18:30:15.229,S7Wp0spWno,com.sec.android.app.shealth,9463faad-4293-d74a-8851-177b3fe6e3ea,2023-01-17 00:00:00.000,
,212992,,2023-01-19 11:38:36.238,2023-01-18 18:30:23.513,S7Wp0spWno,com.sec.android.app.shealth,4b07fe44-e415-7fad-31f3-dcb6bd361a81,2023-01-19 00:00:00.000,
,2097152,,2023-01-18 15:41:51.265,2023-01-17 18:30:38.290,S7Wp0spWno,com.sec.android.app.shealth,abf91826-f6d4-7679-c5c1-7c3df6e9aa5a,2023-01-18 00:00:00.000,
,8454144,,2023-01-20 17:49:22.337,2023-01-19 18:30:29.038,S7Wp0spWno,com.sec.android.app.shealth,4d51b1a4-d47b-9a64-4585-e7f3eba95d5f,2023-01-20 00:00:00.000,
,8454144,,2023-01-21 18:02:53.213,2023-01-20 18:31:01.868,S7Wp0spWno,com.sec.android.app.shealth,73587fbc-992e-fde9-db4b-e16a93786c8b,2023-01-21 00:00:00.000,
,2105344,,2023-01-22 16:10:29.289,2023-01-21 18:30:22.831,S7Wp0spWno,com.sec.android.app.shealth,9b66e6d1-92e7-4177-fdf2-d2941d5f6f7c,2023-01-22 00:00:00.000,
,2097152,,2023-01-23 16:03:31.316,2023-01-22 18:30:12.168,S7Wp0spWno,com.sec.android.app.shealth,cb04d9f1-c1b3-cd5e-d921-d47bab74ce92,2023-01-23 00:00:00.000,
,4194304,,2023-01-24 16:59:08.269,2023-01-23 18:30:25.455,S7Wp0spWno,com.sec.android.app.shealth,9e1f2977-81ed-a286-0240-2c0133032670,2023-01-24 00:00:00.000,
,2097152,,2023-01-25 15:52:45.258,2023-01-24 18:30:05.922,S7Wp0spWno,com.sec.android.app.shealth,89ffd2ea-1994-8352-da1f-76dd9a9fb9b2,2023-01-25 00:00:00.000,
,25600,,2023-01-26 08:41:45.344,2023-01-25 18:30:04.844,S7Wp0spWno,com.sec.android.app.shealth,6d8dbd3b-0eae-ec18-9f2d-1f7f27128511,2023-01-26 00:00:00.000,
,10485760,,2023-01-27 18:03:35.288,2023-01-26 18:30:18.362,S7Wp0spWno,com.sec.android.app.shealth,6e550428-e46f-74c5-3fbe-be67ff2ccfe0,2023-01-27 00:00:00.000,
,5259264,,2023-01-28 16:35:35.307,2023-01-27 18:30:23.468,S7Wp0spWno,com.sec.android.app.shealth,72b1ec48-e824-07e8-aa9f-c00f0294f571,2023-01-28 00:00:00.000,
,4194304,,2023-01-29 17:12:19.332,2023-01-28 18:30:24.420,S7Wp0spWno,com.sec.android.app.shealth,89845afb-8862-c6e3-a87a-018cbfbf7d6b,2023-01-29 00:00:00.000,
,0,,2023-01-29 18:30:15.928,2023-01-29 18:30:15.927,S7Wp0spWno,com.sec.android.app.shealth,16cb5b13-f32e-888c-134e-7865318887f4,2023-01-30 00:00:00.000,
,0,,2023-01-31 18:30:06.091,2023-01-31 18:30:06.091,S7Wp0spWno,com.sec.android.app.shealth,d61c780c-edb3-ea00-f192-46417687c00b,2023-02-01 00:00:00.000,
,8388608,,2023-01-31 18:16:55.364,2023-01-30 18:30:25.887,S7Wp0spWno,com.sec.android.app.shealth,e65d0c58-29e5-ee20-199e-b4ec2b436fe5,2023-01-31 00:00:00.000,
,4202496,,2023-02-02 16:42:20.253,2023-02-01 18:30:53.911,S7Wp0spWno,com.sec.android.app.shealth,2e83d7e9-7b8f-0f0f-1816-3e6de8bb2074,2023-02-02 00:00:00.000,
,2097152,,2023-02-03 16:06:28.382,2023-02-02 18:30:39.310,S7Wp0spWno,com.sec.android.app.shealth,b23b124a-2c04-bd43-55b6-ebf5779961de,2023-02-03 00:00:00.000,
,2097152,,2023-02-04 15:46:40.375,2023-02-03 18:30:05.283,S7Wp0spWno,com.sec.android.app.shealth,7158aaeb-bcd9-7eeb-f946-bf0274b96478,2023-02-04 00:00:00.000,
,4259840,,2023-02-08 16:34:28.283,2023-02-07 18:30:11.962,S7Wp0spWno,com.sec.android.app.shealth,be1dda1c-5778-e443-8fe1-40078395aa90,2023-02-08 00:00:00.000,
,17408,,2023-02-07 08:37:25.663,2023-02-06 18:30:03.916,S7Wp0spWno,com.sec.android.app.shealth,22cf1561-7d39-5ad9-8849-8c318ced3140,2023-02-07 00:00:00.000,
,0,,2023-02-05 18:30:09.950,2023-02-05 18:30:09.948,S7Wp0spWno,com.sec.android.app.shealth,8a1a7c8b-98de-e708-905a-132743e23298,2023-02-06 00:00:00.000,
,567296,,2023-02-05 14:04:25.249,2023-02-04 18:30:54.270,S7Wp0spWno,com.sec.android.app.shealth,e32083df-28fc-40e3-c3fd-2a6264380db6,2023-02-05 00:00:00.000,
,5312512,,2023-02-09 17:03:34.270,2023-02-08 18:30:41.185,S7Wp0spWno,com.sec.android.app.shealth,6c43cf5f-8937-491a-fd3c-468d9d0a2137,2023-02-09 00:00:00.000,
,512,,2023-02-10 04:07:08.129,2023-02-09 18:30:13.819,S7Wp0spWno,com.sec.android.app.shealth,f1ca6bb3-e2ce-ab91-c073-4b9f9e144b95,2023-02-10 00:00:00.000,
,8192,,2023-02-11 08:02:18.245,2023-02-10 18:30:08.541,S7Wp0spWno,com.sec.android.app.shealth,da9118be-01c7-2bcf-27ef-02aab792c60f,2023-02-11 00:00:00.000,
,0,,2023-02-11 18:30:10.382,2023-02-11 18:30:10.382,S7Wp0spWno,com.sec.android.app.shealth,2a73ddb1-e280-af8b-da6b-816de1d1910c,2023-02-12 00:00:00.000,
,1048576,,2023-02-13 14:31:21.354,2023-02-12 18:30:15.196,S7Wp0spWno,com.sec.android.app.shealth,0e631ed0-af74-996f-3551-5c515e7689ab,2023-02-13 00:00:00.000,
,7503872,,2023-02-14 16:44:07.289,2023-02-13 18:30:11.015,S7Wp0spWno,com.sec.android.app.shealth,11bb48aa-8e69-0d4d-3957-18970eb7a221,2023-02-14 00:00:00.000,
,1097729,,2023-02-15 15:10:56.169,2023-02-14 18:30:18.325,S7Wp0spWno,com.sec.android.app.shealth,7f3e4f64-3a20-bc9c-68eb-8ce4c06b4b6a,2023-02-15 00:00:00.000,
,0,,2023-02-15 18:30:17.038,2023-02-15 18:30:17.038,S7Wp0spWno,com.sec.android.app.shealth,fc135011-2b94-4e92-0807-8ddfc9169f0e,2023-02-16 00:00:00.000,
,0,,2023-02-16 18:30:13.196,2023-02-16 18:30:13.194,S7Wp0spWno,com.sec.android.app.shealth,3a83a98e-bbdf-e16c-5ec0-a26c0e1295d0,2023-02-17 00:00:00.000,
,8396800,,2023-02-18 17:33:48.338,2023-02-17 18:30:13.116,S7Wp0spWno,com.sec.android.app.shealth,eb9e1c45-80f1-c4d2-aabf-5b222d048f07,2023-02-18 00:00:00.000,
,4472832,,2023-02-19 16:49:55.275,2023-02-18 18:30:22.368,S7Wp0spWno,com.sec.android.app.shealth,c1b21776-a348-e0f6-f2e2-9a9cec7aaef5,2023-02-19 00:00:00.000,
,8388608,,2023-02-20 18:04:30.338,2023-02-19 18:30:26.983,S7Wp0spWno,com.sec.android.app.shealth,e39b2d85-2196-56e7-3497-039e0faba3a1,2023-02-20 00:00:00.000,
,12582912,,2023-02-21 17:43:13.233,2023-02-20 18:30:38.868,S7Wp0spWno,com.sec.android.app.shealth,242bbdcf-4469-c63b-51df-309e17df94c9,2023-02-21 00:00:00.000,
,8388608,,2023-02-22 17:47:47.286,2023-02-21 18:30:26.759,S7Wp0spWno,com.sec.android.app.shealth,f4bf3421-23cb-22db-706a-1c3618f73a6c,2023-02-22 00:00:00.000,
,9773056,,2023-02-23 18:08:51.502,2023-02-22 18:30:23.325,S7Wp0spWno,com.sec.android.app.shealth,c5f217e1-4b9c-74c3-dd87-6416c58a927d,2023-02-23 00:00:00.000,
,1,,2023-02-23 19:14:40.269,2023-02-23 18:30:04.202,S7Wp0spWno,com.sec.android.app.shealth,03219cad-614b-d1ed-3e9e-c83ccd60cf45,2023-02-24 00:00:00.000,
,14680064,,2023-02-25 17:59:56.716,2023-02-24 18:30:08.346,S7Wp0spWno,com.sec.android.app.shealth,c91f5aca-fa05-511b-16ff-2cee6cb93630,2023-02-25 00:00:00.000,
,0,,2023-02-25 18:30:08.807,2023-02-25 18:30:08.807,S7Wp0spWno,com.sec.android.app.shealth,4b286b66-163f-8eff-59e8-e910c1525ed5,2023-02-26 00:00:00.000,
,1048576,,2023-02-27 15:25:59.285,2023-02-26 18:30:15.662,S7Wp0spWno,com.sec.android.app.shealth,ff503bc4-cc94-05a4-2e14-48a1f99a64c1,2023-02-27 00:00:00.000,
,0,,2023-02-28 18:30:03.711,2023-02-28 18:30:03.711,S7Wp0spWno,com.sec.android.app.shealth,c63af5c9-9093-0138-c386-6ed8c283071c,2023-03-01 00:00:00.000,
,2097152,,2023-02-28 16:07:00.525,2023-02-27 18:30:32.488,S7Wp0spWno,com.sec.android.app.shealth,d553e59a-01ea-a2f8-0bad-1c148eb3e7e6,2023-02-28 00:00:00.000,
,2097152,,2023-03-02 16:09:34.294,2023-03-01 18:30:24.471,S7Wp0spWno,com.sec.android.app.shealth,2e4badf6-d0e6-3085-adc2-0492c4aff2a2,2023-03-02 00:00:00.000,
,196608,,2023-03-03 11:54:24.385,2023-03-02 18:30:18.378,S7Wp0spWno,com.sec.android.app.shealth,dad95c0a-01d0-389f-d8c0-b02868724820,2023-03-03 00:00:00.000,
,6291456,,2023-03-04 16:59:28.361,2023-03-03 18:30:04.207,S7Wp0spWno,com.sec.android.app.shealth,5f196145-1655-0581-4a8a-4b678f62a159,2023-03-04 00:00:00.000,
,1048577,,2023-03-05 15:24:40.330,2023-03-04 18:30:05.791,S7Wp0spWno,com.sec.android.app.shealth,5355de1f-0add-990f-d1f2-4c53d65d18ff,2023-03-05 00:00:00.000,
,2048,,2023-03-06 06:19:43.256,2023-03-05 18:30:26.997,S7Wp0spWno,com.sec.android.app.shealth,4a45e4f7-2e28-6e81-0fbc-fc9a4eae27ff,2023-03-06 00:00:00.000,
,1,,2023-03-06 18:41:50.241,2023-03-06 18:30:31.197,S7Wp0spWno,com.sec.android.app.shealth,6c28ecf5-4d61-c0f1-71bd-130f0b86c46c,2023-03-07 00:00:00.000,
,2097152,,2023-03-08 16:28:12.290,2023-03-07 18:30:11.421,S7Wp0spWno,com.sec.android.app.shealth,ae68ec48-06eb-9f36-c3d9-8149ee0a06b4,2023-03-08 00:00:00.000,
,0,,2023-03-09 18:30:10.076,2023-03-09 18:30:10.076,S7Wp0spWno,com.sec.android.app.shealth,9e8aae82-8b8b-bf09-7592-f67689793e4e,2023-03-10 00:00:00.000,
,0,,2023-03-09 13:06:04.392,2023-03-08 18:30:12.054,S7Wp0spWno,com.sec.android.app.shealth,3e9c6c30-7e30-12f1-f1c7-a6a54189996a,2023-03-09 00:00:00.000,
,6291457,,2023-03-11 16:43:55.575,2023-03-10 18:30:03.073,S7Wp0spWno,com.sec.android.app.shealth,67f21a50-9bd0-b457-71cd-3c06d6c11f3e,2023-03-11 00:00:00.000,
,344064,,2023-03-12 13:01:22.215,2023-03-11 18:30:20.304,S7Wp0spWno,com.sec.android.app.shealth,a7005bee-97e6-7d46-da36-b3b9083c21e4,2023-03-12 00:00:00.000,
,0,,2023-03-12 18:30:16.157,2023-03-12 18:30:16.135,S7Wp0spWno,com.sec.android.app.shealth,69e528e0-5363-a0dc-d199-af4663a49602,2023-03-13 00:00:00.000,
,2097152,,2023-03-14 16:15:26.375,2023-03-13 18:30:26.218,S7Wp0spWno,com.sec.android.app.shealth,16fc9914-398d-af1a-22a6-99e06537074b,2023-03-14 00:00:00.000,
,2162688,,2023-03-15 15:57:29.276,2023-03-14 18:30:09.281,S7Wp0spWno,com.sec.android.app.shealth,2f7fcc7a-a313-1294-baa4-b861cf58fbad,2023-03-15 00:00:00.000,
,344064,,2023-03-16 12:36:53.365,2023-03-15 18:30:58.759,S7Wp0spWno,com.sec.android.app.shealth,5949fb13-1dd3-f599-bf62-7bd189776d29,2023-03-16 00:00:00.000,
,10747904,,2023-03-17 18:01:08.386,2023-03-16 18:30:07.762,S7Wp0spWno,com.sec.android.app.shealth,2435f25e-1e14-155d-11ce-f961ae9175fe,2023-03-17 00:00:00.000,
,8192,,2023-03-18 08:26:38.337,2023-03-17 18:30:13.982,S7Wp0spWno,com.sec.android.app.shealth,fcfb5a58-0f22-eecc-2547-260fb3c4f86a,2023-03-18 00:00:00.000,
,0,,2023-03-19 18:30:05.825,2023-03-19 18:30:05.825,S7Wp0spWno,com.sec.android.app.shealth,b796a647-a476-4bd4-9017-d76452b33345,2023-03-20 00:00:00.000,
,32768,,2023-03-19 10:02:04.082,2023-03-18 18:30:28.193,S7Wp0spWno,com.sec.android.app.shealth,b4e6859a-c8e7-3780-bfa9-ea894a05712d,2023-03-19 00:00:00.000,
,0,,2023-03-20 18:30:56.264,2023-03-20 18:30:56.262,S7Wp0spWno,com.sec.android.app.shealth,2bbc6290-b5db-fb95-cdaa-ba353bde96e1,2023-03-21 00:00:00.000,
,81920,,2023-03-22 10:57:32.657,2023-03-21 18:30:17.145,S7Wp0spWno,com.sec.android.app.shealth,d19f82cf-b04a-8daf-faba-3cd40544b3f2,2023-03-22 00:00:00.000,
,0,,2023-03-23 18:30:05.964,2023-03-23 18:30:05.962,S7Wp0spWno,com.sec.android.app.shealth,b0c465e8-5d53-6971-71d1-7dfb0b96e82f,2023-03-24 00:00:00.000,
,73728,,2023-03-23 11:19:52.713,2023-03-22 18:30:05.105,S7Wp0spWno,com.sec.android.app.shealth,7cdd1b44-32e2-b195-26de-af53f5014749,2023-03-23 00:00:00.000,
,9453568,,2023-03-25 18:17:32.351,2023-03-24 18:30:03.926,S7Wp0spWno,com.sec.android.app.shealth,4d961212-5e6e-36b6-07ed-c9f19b962f4b,2023-03-25 00:00:00.000,
,0,,2023-03-26 18:30:24.331,2023-03-26 18:30:24.331,S7Wp0spWno,com.sec.android.app.shealth,0e5828aa-91f0-f09b-8532-8430b450b3c1,2023-03-27 00:00:00.000,
,40960,,2023-03-26 10:06:33.293,2023-03-25 18:30:06.995,S7Wp0spWno,com.sec.android.app.shealth,5ccc6bdc-55cf-5455-69be-78ba7ded0cfa,2023-03-26 00:00:00.000,
,4849664,,2023-03-28 17:23:42.465,2023-03-27 18:30:09.455,S7Wp0spWno,com.sec.android.app.shealth,80dd4dcc-0bbe-4ae7-621f-d1000146439c,2023-03-28 00:00:00.000,
,1048576,,2023-03-29 15:16:29.347,2023-03-28 18:30:21.367,S7Wp0spWno,com.sec.android.app.shealth,c3ff4102-cdee-d44b-1700-f15bebf4454b,2023-03-29 00:00:00.000,
,2162688,,2023-03-30 16:03:47.401,2023-03-30 01:02:00.862,S7Wp0spWno,com.sec.android.app.shealth,4600fd53-a49c-f002-2d35-565120be806b,2023-03-30 00:00:00.000,
,0,,2023-03-30 18:30:04.156,2023-03-30 18:30:04.155,S7Wp0spWno,com.sec.android.app.shealth,9f88afa8-de3e-dfab-b4a4-b100f0ea47b1,2023-03-31 00:00:00.000,
,0,,2023-03-31 18:30:08.123,2023-03-31 18:30:08.123,S7Wp0spWno,com.sec.android.app.shealth,8b3965d9-77ea-27be-eeee-8d9a45fcfeca,2023-04-01 00:00:00.000,
,0,,2023-04-01 18:30:11.788,2023-04-01 18:30:11.787,S7Wp0spWno,com.sec.android.app.shealth,268985f2-13a5-9f69-4d59-58933620e0b6,2023-04-02 00:00:00.000,
,4227072,,2023-04-03 17:23:51.267,2023-04-02 18:30:48.930,S7Wp0spWno,com.sec.android.app.shealth,4e12efdf-2e7e-847c-2ed4-ec837fed7450,2023-04-03 00:00:00.000,
,0,,2023-04-04 18:30:19.080,2023-04-04 18:30:19.077,S7Wp0spWno,com.sec.android.app.shealth,46c2b675-18ba-5495-24d6-5316e4a9a3b5,2023-04-05 00:00:00.000,
,9437185,,2023-04-04 18:17:15.263,2023-04-03 18:30:05.153,S7Wp0spWno,com.sec.android.app.shealth,0fde6201-eead-5208-41cd-bb59c8f42b34,2023-04-04 00:00:00.000,
,1048576,,2023-04-06 15:01:06.262,2023-04-05 18:30:33.429,S7Wp0spWno,com.sec.android.app.shealth,eb636a06-d3aa-ffdd-f1af-e5283e50a39f,2023-04-06 00:00:00.000,
,1474560,,2023-04-08 15:13:58.655,2023-04-07 18:30:07.584,S7Wp0spWno,com.sec.android.app.shealth,2abfdd5b-a63e-6815-7ef5-d074739996dc,2023-04-08 00:00:00.000,
,64,,2023-04-09 00:35:13.321,2023-04-08 18:30:03.700,S7Wp0spWno,com.sec.android.app.shealth,1d37ae71-df90-e8c1-f6ab-53d7993c04ca,2023-04-09 00:00:00.000,
,4224,,2023-04-07 07:29:20.764,2023-04-06 18:30:07.571,S7Wp0spWno,com.sec.android.app.shealth,c140ceae-61c3-ab89-dd9f-da37c7208a6b,2023-04-07 00:00:00.000,
,4194304,,2023-04-10 16:55:37.233,2023-04-09 18:30:02.882,S7Wp0spWno,com.sec.android.app.shealth,9750c0ff-4de1-db34-f8b0-5473e7d9da1f,2023-04-10 00:00:00.000,
,1048576,,2023-04-11 15:22:36.294,2023-04-10 18:30:24.810,S7Wp0spWno,com.sec.android.app.shealth,691f5b44-cf9b-cae6-6c99-b64672d1f8e8,2023-04-11 00:00:00.000,
,2359296,,2023-04-12 16:25:27.254,2023-04-11 18:30:38.392,S7Wp0spWno,com.sec.android.app.shealth,9b6c04db-a86c-574e-d962-aceee9446f54,2023-04-12 00:00:00.000,
,1327104,,2023-04-13 14:35:37.233,2023-04-12 18:30:26.042,S7Wp0spWno,com.sec.android.app.shealth,870d48fe-c5f2-c6b2-959e-d628e6d09cbe,2023-04-13 00:00:00.000,
,4587520,,2023-04-14 16:40:23.271,2023-04-13 18:30:22.410,S7Wp0spWno,com.sec.android.app.shealth,3196fdcc-778c-dfee-d785-5570430a0027,2023-04-14 00:00:00.000,
,0,,2023-04-14 18:30:05.484,2023-04-14 18:30:05.483,S7Wp0spWno,com.sec.android.app.shealth,78d83dba-2025-8bce-249e-3bd514db6f5e,2023-04-15 00:00:00.000,
,131072,,2023-04-16 11:40:37.373,2023-04-15 18:30:11.726,S7Wp0spWno,com.sec.android.app.shealth,1b51a269-758e-e52c-fdaf-2501741c05ac,2023-04-16 00:00:00.000,
,0,,2023-04-17 18:30:08.806,2023-04-17 18:30:08.806,S7Wp0spWno,com.sec.android.app.shealth,13a110de-1a75-836e-9cdf-35d3c1017852,2023-04-18 00:00:00.000,
,1052672,,2023-04-17 15:18:57.167,2023-04-16 18:30:05.099,S7Wp0spWno,com.sec.android.app.shealth,47c5ce0c-1cdc-a15a-6211-e754db05fedd,2023-04-17 00:00:00.000,
,1048576,,2023-04-19 15:18:05.427,2023-04-18 18:30:51.279,S7Wp0spWno,com.sec.android.app.shealth,c828ea95-d0dd-6bb1-3df2-648b7434f3f1,2023-04-19 00:00:00.000,
,2097152,,2023-04-20 16:05:11.339,2023-04-19 18:30:03.423,S7Wp0spWno,com.sec.android.app.shealth,66e8d6d9-6d9a-a4d9-1124-589882e0759c,2023-04-20 00:00:00.000,
,8389632,,2023-04-21 17:50:28.384,2023-04-20 18:30:25.755,S7Wp0spWno,com.sec.android.app.shealth,2872b11e-5439-5943-c6b7-32666b45eb44,2023-04-21 00:00:00.000,
,0,,2023-04-22 18:30:19.951,2023-04-22 18:30:19.949,S7Wp0spWno,com.sec.android.app.shealth,fe14e846-4df5-f7d6-204d-a2679e560a2c,2023-04-23 00:00:00.000,
,32768,,2023-04-22 09:40:01.459,2023-04-21 18:30:46.652,S7Wp0spWno,com.sec.android.app.shealth,a096dea0-7779-4e92-4fee-d1068df26c46,2023-04-22 00:00:00.000,
,1024,,2023-04-24 04:57:08.731,2023-04-23 18:30:41.867,S7Wp0spWno,com.sec.android.app.shealth,9294e0af-24a3-13a5-4839-cc09723713a0,2023-04-24 00:00:00.000,
,2097152,,2023-04-25 16:15:46.394,2023-04-24 18:30:02.850,S7Wp0spWno,com.sec.android.app.shealth,efeecdbc-4bae-88d6-8477-888d01b5fd3e,2023-04-25 00:00:00.000,
,0,,2023-04-25 18:30:24.137,2023-04-25 18:30:24.136,S7Wp0spWno,com.sec.android.app.shealth,6e27fbb3-4c00-d488-8de7-cc7c1599336e,2023-04-26 00:00:00.000,
,1048576,,2023-04-27 15:16:17.345,2023-04-26 18:30:42.150,S7Wp0spWno,com.sec.android.app.shealth,d4e08940-f22f-8988-ffca-2d559cdb799a,2023-04-27 00:00:00.000,
,2098176,,2023-04-28 16:17:20.308,2023-04-27 18:30:12.896,S7Wp0spWno,com.sec.android.app.shealth,ecfda603-88bf-0511-e7c8-ed5d50d469c2,2023-04-28 00:00:00.000,
,4195328,,2023-04-29 16:37:42.292,2023-04-28 18:30:22.206,S7Wp0spWno,com.sec.android.app.shealth,f9a2c2b5-0c24-f094-8398-99a2ba6832ed,2023-04-29 00:00:00.000,
,1,,2023-04-30 19:06:27.348,2023-04-30 18:30:14.964,S7Wp0spWno,com.sec.android.app.shealth,2e728279-dc6e-e731-b9f9-d677d1f7a62b,2023-05-01 00:00:00.000,
,10485760,,2023-04-30 17:59:45.351,2023-04-29 18:30:29.326,S7Wp0spWno,com.sec.android.app.shealth,ef2a612f-1aea-7795-3cf5-99bf6f893e2d,2023-04-30 00:00:00.000,
,0,,2023-05-01 18:30:27.169,2023-05-01 18:30:27.169,S7Wp0spWno,com.sec.android.app.shealth,d192cad3-989e-baee-cbbe-aec8e6672064,2023-05-02 00:00:00.000,
,1024,,2023-05-03 04:52:58.374,2023-05-02 18:30:13.838,S7Wp0spWno,com.sec.android.app.shealth,2fc498b0-301f-91fb-bdb2-f71e935649ad,2023-05-03 00:00:00.000,
,1024,,2023-05-04 04:34:43.544,2023-05-03 18:30:18.984,S7Wp0spWno,com.sec.android.app.shealth,ee965509-d820-cb4d-026a-6f81621b416c,2023-05-04 00:00:00.000,
,8913920,,2023-05-05 17:40:54.270,2023-05-04 18:30:06.350,S7Wp0spWno,com.sec.android.app.shealth,aa8daafe-2e81-4223-163f-086ebb4b162f,2023-05-05 00:00:00.000,
,6291456,,2023-05-06 16:59:10.307,2023-05-05 18:30:20.169,S7Wp0spWno,com.sec.android.app.shealth,8a6424e6-6311-f21f-0344-ba7b991b3b87,2023-05-06 00:00:00.000,
,0,,2023-05-07 18:30:03.018,2023-05-07 18:30:03.018,S7Wp0spWno,com.sec.android.app.shealth,4b9ea7c4-f1e6-5b02-72d0-fec3f996bcf7,2023-05-08 00:00:00.000,
,262144,,2023-05-07 12:51:38.390,2023-05-06 18:30:12.717,S7Wp0spWno,com.sec.android.app.shealth,4b56f48d-51d8-25f0-3141-3ef4f52d26bf,2023-05-07 00:00:00.000,
,2098176,,2023-05-09 16:09:21.317,2023-05-08 18:30:20.073,S7Wp0spWno,com.sec.android.app.shealth,9bd8db4a-31df-5784-5109-24a58f12f0f5,2023-05-09 00:00:00.000,
,5768192,,2023-05-10 17:01:18.652,2023-05-09 18:30:06.753,S7Wp0spWno,com.sec.android.app.shealth,bfe642b4-c2ed-1cc3-915d-edc794f6dc85,2023-05-10 00:00:00.000,
,0,,2023-05-11 18:30:09.248,2023-05-11 18:30:09.248,S7Wp0spWno,com.sec.android.app.shealth,498017d6-61e3-5972-15da-b78a7662de7c,2023-05-12 00:00:00.000,
,10764288,,2023-05-11 18:12:45.444,2023-05-10 18:30:22.844,S7Wp0spWno,com.sec.android.app.shealth,173db5b2-d3ea-28ff-9a73-7d118ed71a92,2023-05-11 00:00:00.000,
,0,,2023-05-12 18:30:16.315,2023-05-12 18:30:16.315,S7Wp0spWno,com.sec.android.app.shealth,f72d1b16-4fab-c6c4-8dc8-39e44ba56534,2023-05-13 00:00:00.000,
,417793,,2023-05-14 13:14:23.357,2023-05-13 18:30:07.934,S7Wp0spWno,com.sec.android.app.shealth,e1ff0c93-2b82-c433-3f19-f37d3e3a9dae,2023-05-14 00:00:00.000,
,0,,2023-05-14 18:30:04.087,2023-05-14 18:30:04.087,S7Wp0spWno,com.sec.android.app.shealth,4b0ba798-b619-9530-6971-37693b2ece39,2023-05-15 00:00:00.000,
,1024,,2023-05-16 04:44:35.262,2023-05-15 18:30:12.202,S7Wp0spWno,com.sec.android.app.shealth,4a7c6eec-16fb-9633-fa2c-f5d798024afb,2023-05-16 00:00:00.000,
,1064960,,2023-05-17 15:07:14.338,2023-05-16 18:30:37.424,S7Wp0spWno,com.sec.android.app.shealth,4b0c546b-23ff-db79-b6e9-ea4fa36bdcc7,2023-05-17 00:00:00.000,
,4358144,,2023-05-18 16:37:19.303,2023-05-17 18:30:04.117,S7Wp0spWno,com.sec.android.app.shealth,9ea81650-0db1-6736-6765-06dca2935a56,2023-05-18 00:00:00.000,
,6292480,,2023-05-19 16:47:23.274,2023-05-18 18:30:05.047,S7Wp0spWno,com.sec.android.app.shealth,d9e6f5ef-0de4-2dc5-8b8f-d61485eddae3,2023-05-19 00:00:00.000,
,4198400,,2023-05-20 16:40:49.338,2023-05-19 18:30:13.198,S7Wp0spWno,com.sec.android.app.shealth,b03f1e5f-0f4c-a573-779b-6443b1773773,2023-05-20 00:00:00.000,
,2097152,,2023-05-21 15:38:46.156,2023-05-20 18:30:04.158,S7Wp0spWno,com.sec.android.app.shealth,ee700544-467b-c71a-e482-30f5c7adb44c,2023-05-21 00:00:00.000,
,2098176,,2023-05-22 16:14:38.040,2023-05-21 18:30:20.734,S7Wp0spWno,com.sec.android.app.shealth,e9d6614e-5186-d4c5-7276-83e0d5d42924,2023-05-22 00:00:00.000,
,9216,,2023-05-23 07:40:12.812,2023-05-22 18:30:30.270,S7Wp0spWno,com.sec.android.app.shealth,02f1155f-7765-7e78-afce-f8557b8140cf,2023-05-23 00:00:00.000,
,0,,2023-05-23 18:30:23.185,2023-05-23 18:30:23.185,S7Wp0spWno,com.sec.android.app.shealth,3cc72078-3af5-7a56-d936-a0c8d198e6af,2023-05-24 00:00:00.000,
,1056768,,2023-05-25 15:28:33.330,2023-05-24 18:30:28.915,S7Wp0spWno,com.sec.android.app.shealth,7c9cb27f-d226-64d5-71d5-6809cefadb12,2023-05-25 00:00:00.000,
,1024,,2023-05-26 04:38:53.170,2023-05-25 18:30:35.283,S7Wp0spWno,com.sec.android.app.shealth,4cfcc6bb-9e65-96ae-ac1d-697c4224071a,2023-05-26 00:00:00.000,
,1048576,,2023-05-27 15:16:04.313,2023-05-26 18:30:09.113,S7Wp0spWno,com.sec.android.app.shealth,04fe230e-f693-7fab-a8cd-67b88c8835ba,2023-05-27 00:00:00.000,
,2097152,,2023-05-28 15:33:45.378,2023-05-27 18:30:27.324,S7Wp0spWno,com.sec.android.app.shealth,66ea3c9a-254f-fd9a-d794-4a2da2df74f0,2023-05-28 00:00:00.000,
,0,,2023-05-28 18:30:43.388,2023-05-28 18:30:43.388,S7Wp0spWno,com.sec.android.app.shealth,24eb3277-9605-6e2d-fe90-1bfb64f5174c,2023-05-29 00:00:00.000,
,2098176,,2023-05-30 16:11:05.348,2023-05-29 18:30:27.244,S7Wp0spWno,com.sec.android.app.shealth,4a00a808-ed72-5e17-4f4d-9d2a39434af1,2023-05-30 00:00:00.000,
,4202497,,2023-05-31 16:54:17.346,2023-05-30 18:30:03.719,S7Wp0spWno,com.sec.android.app.shealth,22f34f9c-bfe5-387d-2ab1-12af562f4b8a,2023-05-31 00:00:00.000,
,0,,2023-06-01 18:30:15.488,2023-06-01 18:30:15.488,S7Wp0spWno,com.sec.android.app.shealth,6485f7e0-2d8d-7aa2-1c21-0138e7c29397,2023-06-02 00:00:00.000,
,12582912,,2023-06-01 18:21:05.479,2023-05-31 18:30:14.457,S7Wp0spWno,com.sec.android.app.shealth,f21646c7-cf08-e0b3-10e5-df6fd62b2187,2023-06-01 00:00:00.000,
,4214784,,2023-06-03 17:22:33.369,2023-06-02 18:30:16.852,S7Wp0spWno,com.sec.android.app.shealth,45858c1a-e822-cd49-b8a1-400cce1706f6,2023-06-03 00:00:00.000,
,151552,,2023-06-04 11:40:50.272,2023-06-03 18:30:07.503,S7Wp0spWno,com.sec.android.app.shealth,9e900a5d-0e92-83fd-2fc1-5a4a3257fd8a,2023-06-04 00:00:00.000,
,16384,,2023-06-05 08:41:21.478,2023-06-04 18:30:20.048,S7Wp0spWno,com.sec.android.app.shealth,374de404-3772-f329-2b4f-3ecc1c05742e,2023-06-05 00:00:00.000,
,65600,,2023-06-07 16:02:46.768,2023-06-07 00:00:04.959,S7Wp0spWno,com.sec.android.app.shealth,95c5c8a0-6c73-531a-17bc-723cc958181c,2023-06-07 00:00:00.000,
,524928,,2023-06-06 19:09:53.375,2023-06-06 00:00:09.955,S7Wp0spWno,com.sec.android.app.shealth,c704906d-1ce2-b728-4f6f-5f9b0d253f6e,2023-06-06 00:00:00.000,
,2192,,2023-06-08 11:55:25.233,2023-06-08 00:00:06.295,S7Wp0spWno,com.sec.android.app.shealth,2c8471d6-cbd8-7d60-165c-e3265f179bc8,2023-06-08 00:00:00.000,
,16,,2023-06-09 04:37:09.265,2023-06-09 00:00:25.560,S7Wp0spWno,com.sec.android.app.shealth,3be41bf2-efa7-0657-ca62-ea0cd6d5b3a1,2023-06-09 00:00:00.000,
,262432,,2023-06-10 18:12:22.398,2023-06-10 00:00:28.697,S7Wp0spWno,com.sec.android.app.shealth,e08ce0bc-b2d3-9ed0-0718-0ad8acd04a56,2023-06-10 00:00:00.000,
,65536,,2023-06-11 16:38:03.645,2023-06-11 00:00:03.996,S7Wp0spWno,com.sec.android.app.shealth,e72089c4-547b-c7ef-5359-96be0bb590df,2023-06-11 00:00:00.000,
,0,,2023-06-12 00:00:10.883,2023-06-12 00:00:10.883,S7Wp0spWno,com.sec.android.app.shealth,fad6c791-bc75-8d88-2bdd-d20003f3f756,2023-06-12 00:00:00.000,
,5243904,,2023-06-12 16:55:59.256,2023-06-12 01:16:39.046,S7Wp0spWno,com.sec.android.app.shealth,ac113c6b-f084-ee82-e895-d09b307c8374,2023-06-12 00:00:00.000,
,1024,,2023-06-13 04:52:43.854,2023-06-12 18:30:07.127,S7Wp0spWno,com.sec.android.app.shealth,e08dbea0-e7f8-596b-62dc-2ea17aabb515,2023-06-13 00:00:00.000,
,1089536,,2023-06-14 14:49:37.344,2023-06-13 18:30:09.917,S7Wp0spWno,com.sec.android.app.shealth,121b83ae-c043-27e2-d93f-f2bff9da03de,2023-06-14 00:00:00.000,
,2097152,,2023-06-15 15:48:43.305,2023-06-14 18:30:08.154,S7Wp0spWno,com.sec.android.app.shealth,f5f6a5af-d473-be7d-792f-d3ade8595843,2023-06-15 00:00:00.000,
,2097152,,2023-06-16 16:04:07.240,2023-06-15 18:30:05.583,S7Wp0spWno,com.sec.android.app.shealth,ff618977-7ebe-c592-a947-069a775ce6c4,2023-06-16 00:00:00.000,
,4229121,,2023-06-17 16:43:27.415,2023-06-16 18:30:10.111,S7Wp0spWno,com.sec.android.app.shealth,45a33c99-c688-774c-99b2-1006ae097e18,2023-06-17 00:00:00.000,
,16384,,2023-06-18 08:40:39.319,2023-06-17 18:30:10.940,S7Wp0spWno,com.sec.android.app.shealth,12edb043-4cb7-3ee0-203f-731ce0799863,2023-06-18 00:00:00.000,
,1048576,,2023-06-19 17:00:21.426,2023-06-18 18:30:05.349,S7Wp0spWno,com.sec.android.app.shealth,9b8a7dc6-51fa-16d4-07c9-76bed9348a14,2023-06-19 00:00:00.000,
,525312,,2023-06-20 14:11:42.260,2023-06-19 18:30:05.910,S7Wp0spWno,com.sec.android.app.shealth,bc0eaade-863d-3169-a147-c319419c25f5,2023-06-20 00:00:00.000,
,1024,,2023-06-21 04:45:21.626,2023-06-20 18:30:13.162,S7Wp0spWno,com.sec.android.app.shealth,7b9344d2-e3d3-58e0-414b-7c4b5cea5b83,2023-06-21 00:00:00.000,
,2097152,,2023-06-22 15:48:25.294,2023-06-21 18:30:04.217,S7Wp0spWno,com.sec.android.app.shealth,de9f16b1-059a-8d57-555a-fcb2d4499bf0,2023-06-22 00:00:00.000,
,1024,,2023-06-23 04:47:10.718,2023-06-22 18:30:20.308,S7Wp0spWno,com.sec.android.app.shealth,3a6108c0-d25d-fe4e-c197-e772d3716673,2023-06-23 00:00:00.000,
,4195328,,2023-06-24 16:58:16.222,2023-06-23 18:30:19.780,S7Wp0spWno,com.sec.android.app.shealth,29200b46-0012-198c-12e8-82f59291a7da,2023-06-24 00:00:00.000,
,0,,2023-06-24 18:30:05.794,2023-06-24 18:30:05.794,S7Wp0spWno,com.sec.android.app.shealth,ce0e9eb7-011b-1a8a-4d1e-4e733fc1960d,2023-06-25 00:00:00.000,
,1024,,2023-06-26 04:44:48.649,2023-06-25 18:30:27.153,S7Wp0spWno,com.sec.android.app.shealth,200b8dcc-88b1-9e9c-1657-e5723f43919e,2023-06-26 00:00:00.000,
,1024,,2023-06-27 04:49:16.625,2023-06-26 18:30:25.761,S7Wp0spWno,com.sec.android.app.shealth,1c8552b6-c5b6-9616-0932-e3d64707c50c,2023-06-27 00:00:00.000,
,135168,,2023-06-28 11:46:00.309,2023-06-27 18:30:18.746,S7Wp0spWno,com.sec.android.app.shealth,0490c7d2-4167-5c8f-df4e-df9a752f1b6b,2023-06-28 00:00:00.000,
,0,,2023-06-28 18:30:05.217,2023-06-28 18:30:05.216,S7Wp0spWno,com.sec.android.app.shealth,ecc43f2b-b399-d921-e978-06cb9240e453,2023-06-29 00:00:00.000,
,0,,2023-06-29 18:30:16.168,2023-06-29 18:30:16.164,S7Wp0spWno,com.sec.android.app.shealth,44cca3e2-32e9-3f50-4799-6fbcd7df2538,2023-06-30 00:00:00.000,
,1024,,2023-07-01 04:53:42.283,2023-06-30 18:30:21.707,S7Wp0spWno,com.sec.android.app.shealth,45aafe9c-0e74-03e8-6ccc-c8ba5a4a06cc,2023-07-01 00:00:00.000,
,256,,2023-07-02 02:32:18.245,2023-07-01 18:30:06.775,S7Wp0spWno,com.sec.android.app.shealth,02c90483-c014-de13-f0d4-354bb30b0cdd,2023-07-02 00:00:00.000,
,8389632,,2023-07-03 17:43:06.344,2023-07-02 18:30:46.990,S7Wp0spWno,com.sec.android.app.shealth,1ddfbd2a-2a89-d3ff-ffb6-737b07a71beb,2023-07-03 00:00:00.000,
,4195328,,2023-07-04 16:59:38.344,2023-07-03 18:30:36.102,S7Wp0spWno,com.sec.android.app.shealth,e5597129-67e6-2f52-7468-1372ecea432d,2023-07-04 00:00:00.000,
,0,,2023-07-04 18:30:09.813,2023-07-04 18:30:09.813,S7Wp0spWno,com.sec.android.app.shealth,030ea62f-6bb2-e62f-c677-271074987863,2023-07-05 00:00:00.000,
,2105344,,2023-07-06 15:31:56.302,2023-07-05 18:30:13.122,S7Wp0spWno,com.sec.android.app.shealth,b7caafdd-6a50-782c-e76a-39613477c7ac,2023-07-06 00:00:00.000,
,4195328,,2023-07-07 16:42:03.306,2023-07-06 18:30:28.908,S7Wp0spWno,com.sec.android.app.shealth,c11077a1-741c-b892-0348-0cb4eac65c86,2023-07-07 00:00:00.000,
,525312,,2023-07-08 14:29:24.381,2023-07-07 18:30:24.353,S7Wp0spWno,com.sec.android.app.shealth,653a97b8-5849-a916-feeb-4b67239910d9,2023-07-08 00:00:00.000,
,0,,2023-07-08 18:30:22.405,2023-07-08 18:30:22.405,S7Wp0spWno,com.sec.android.app.shealth,84620e7d-efd2-535c-b0d2-c434d9c19f96,2023-07-09 00:00:00.000,
,1049600,,2023-07-10 15:21:13.297,2023-07-09 18:30:25.584,S7Wp0spWno,com.sec.android.app.shealth,e7f3ebe0-f03b-d34d-ab2d-f71c1fd46ab0,2023-07-10 00:00:00.000,
,5514240,,2023-07-11 16:40:06.242,2023-07-10 18:30:25.119,S7Wp0spWno,com.sec.android.app.shealth,b37f831c-2a5c-b629-b6b1-e098b1d43a45,2023-07-11 00:00:00.000,
,1377280,,2023-07-12 15:23:03.272,2023-07-11 18:30:17.326,S7Wp0spWno,com.sec.android.app.shealth,10dad649-b872-cdb1-2a64-30b554538cba,2023-07-12 00:00:00.000,
,0,,2023-07-12 18:30:11.234,2023-07-12 18:30:11.234,S7Wp0spWno,com.sec.android.app.shealth,6e6a83bc-648e-e827-d78c-1c8c6916af61,2023-07-13 00:00:00.000,
,1024,,2023-07-14 04:56:51.074,2023-07-13 18:30:03.779,S7Wp0spWno,com.sec.android.app.shealth,d7733cea-9afc-01a7-ea34-0d76d1580ba1,2023-07-14 00:00:00.000,
,10485760,,2023-07-15 18:11:11.321,2023-07-14 18:30:17.421,S7Wp0spWno,com.sec.android.app.shealth,fdfb9d83-f7b7-db29-c9a8-e9eab053cb6e,2023-07-15 00:00:00.000,
,2097152,,2023-07-16 15:54:06.257,2023-07-15 18:30:24.934,S7Wp0spWno,com.sec.android.app.shealth,d4ec3ab8-f4ad-743c-64c7-aed985250d36,2023-07-16 00:00:00.000,
,0,,2023-07-17 18:30:02.721,2023-07-17 18:30:02.721,S7Wp0spWno,com.sec.android.app.shealth,6d99a21d-3af2-0278-82ea-d85f33152837,2023-07-18 00:00:00.000,
,4096,,2023-07-17 07:12:09.060,2023-07-16 18:30:45.979,S7Wp0spWno,com.sec.android.app.shealth,cd588b64-5a29-c45a-160c-8c50465e6b38,2023-07-17 00:00:00.000,
,0,,2023-07-18 18:30:15.663,2023-07-18 18:30:15.663,S7Wp0spWno,com.sec.android.app.shealth,84e5631e-6038-d39e-320c-8a3b8330d23b,2023-07-19 00:00:00.000,
,4194304,,2023-07-22 16:38:45.335,2023-07-21 18:30:14.032,S7Wp0spWno,com.sec.android.app.shealth,8aa2564e-e7b9-66fc-97c9-8aca261f12c6,2023-07-22 00:00:00.000,
,4096,,2023-07-21 06:43:52.035,2023-07-20 18:30:04.200,S7Wp0spWno,com.sec.android.app.shealth,85a8f0b3-41fe-cca8-6892-a70a2be63d45,2023-07-21 00:00:00.000,
,0,,2023-07-22 18:30:18.285,2023-07-22 18:30:18.285,S7Wp0spWno,com.sec.android.app.shealth,ad6b8d07-0e63-f3ed-13bc-20d371fddf6d,2023-07-23 00:00:00.000,
,2102272,,2023-07-20 16:00:26.477,2023-07-19 18:30:23.386,S7Wp0spWno,com.sec.android.app.shealth,f5299836-cb86-ecdb-0b0c-a89b9adb2da9,2023-07-20 00:00:00.000,
,1048576,,2023-07-24 15:15:46.349,2023-07-23 18:30:24.124,S7Wp0spWno,com.sec.android.app.shealth,31925a5b-dcb0-5a86-473f-e16a08f95d6b,2023-07-24 00:00:00.000,
,1048576,,2023-07-25 15:25:13.315,2023-07-24 18:30:11.932,S7Wp0spWno,com.sec.android.app.shealth,14929805-15f3-7191-96f2-c9e0480b6833,2023-07-25 00:00:00.000,
,65536,,2023-07-26 11:12:47.310,2023-07-25 18:30:30.001,S7Wp0spWno,com.sec.android.app.shealth,c9b8c5be-2652-7cbd-96e3-bf68fb421112,2023-07-26 00:00:00.000,
,0,,2023-07-26 18:30:03.950,2023-07-26 18:30:03.950,S7Wp0spWno,com.sec.android.app.shealth,cf512f08-4b81-8394-e111-50e27c6007cc,2023-07-27 00:00:00.000,
,0,,2023-07-28 18:30:09.258,2023-07-28 18:30:09.257,S7Wp0spWno,com.sec.android.app.shealth,d1696309-1e5f-51e1-1c6a-8d8fcf032d78,2023-07-29 00:00:00.000,
,4096,,2023-07-28 07:16:25.204,2023-07-27 18:30:09.810,S7Wp0spWno,com.sec.android.app.shealth,44ac410c-96d3-25e8-e2e3-630f853d24ae,2023-07-28 00:00:00.000,
,8388608,,2023-07-30 17:34:13.246,2023-07-29 18:30:03.966,S7Wp0spWno,com.sec.android.app.shealth,5af784b1-6b92-97d0-14a2-ece3a0ae9df2,2023-07-30 00:00:00.000,
,4096,,2023-07-31 07:27:19.344,2023-07-30 18:30:05.794,S7Wp0spWno,com.sec.android.app.shealth,875d280f-927b-0b0e-0f5c-d59243d05de5,2023-07-31 00:00:00.000,
,0,,2023-07-31 18:30:12.073,2023-07-31 18:30:12.073,S7Wp0spWno,com.sec.android.app.shealth,82963e4d-485b-c12b-d061-2bcf859fd98d,2023-08-01 00:00:00.000,
,0,,2023-08-02 18:30:20.778,2023-08-02 18:30:20.778,S7Wp0spWno,com.sec.android.app.shealth,ec538006-6fe6-817f-3166-dde60a1619f9,2023-08-03 00:00:00.000,
,0,,2023-08-02 07:52:22.215,2023-08-01 18:30:21.271,S7Wp0spWno,com.sec.android.app.shealth,d43960f6-cc67-623c-a372-8c9b706e3e23,2023-08-02 00:00:00.000,
,0,,2023-08-03 18:30:35.946,2023-08-03 18:30:35.941,S7Wp0spWno,com.sec.android.app.shealth,53172eb3-0012-a610-0aa7-608285edec9b,2023-08-04 00:00:00.000,
,0,,2023-08-04 18:30:32.061,2023-08-04 18:30:32.061,S7Wp0spWno,com.sec.android.app.shealth,8c1b7473-36c3-0c4c-019d-1bc40d6347b3,2023-08-05 00:00:00.000,
,0,,2023-08-05 18:30:24.154,2023-08-05 18:30:24.153,S7Wp0spWno,com.sec.android.app.shealth,cf9bbe4c-e7cb-7eaf-043f-3197a05135f6,2023-08-06 00:00:00.000,
,0,,2023-08-07 18:30:06.316,2023-08-07 18:30:06.316,S7Wp0spWno,com.sec.android.app.shealth,582f5a0b-64fe-2ff2-f04a-9f3bbc95a8b0,2023-08-08 00:00:00.000,
,3145728,,2023-08-07 16:26:20.356,2023-08-06 18:30:35.840,S7Wp0spWno,com.sec.android.app.shealth,14475d39-93d5-68d3-1cdc-39942e63b5fe,2023-08-07 00:00:00.000,
,0,,2023-08-08 18:30:31.897,2023-08-08 18:30:31.896,S7Wp0spWno,com.sec.android.app.shealth,0ca7077e-4d32-01df-0b8a-6e250dd5642b,2023-08-09 00:00:00.000,
,2097152,,2023-08-10 15:59:21.255,2023-08-09 18:30:08.981,S7Wp0spWno,com.sec.android.app.shealth,a7bb7e89-569e-1fbc-b659-05e30b00d165,2023-08-10 00:00:00.000,
,6,,2023-08-11 21:15:12.254,2023-08-11 18:30:10.083,S7Wp0spWno,com.sec.android.app.shealth,7e9b06ab-a391-345a-8622-1ff1e7ddc9e6,2023-08-12 00:00:00.000,
,10502144,,2023-08-11 18:08:29.261,2023-08-10 18:30:09.640,S7Wp0spWno,com.sec.android.app.shealth,9a8b9a56-d5ed-1f8a-4c2f-12c1b53854b8,2023-08-11 00:00:00.000,
,0,,2023-08-13 18:30:07.192,2023-08-13 18:30:07.192,S7Wp0spWno,com.sec.android.app.shealth,109f9f9f-ff12-111c-e5e2-b829515a7713,2023-08-14 00:00:00.000,
,2097152,,2023-08-13 15:48:02.311,2023-08-12 18:30:08.881,S7Wp0spWno,com.sec.android.app.shealth,13eba184-9e6a-807d-fd68-f7e2cf5973bb,2023-08-13 00:00:00.000,
,524288,,2023-08-15 13:33:58.229,2023-08-14 18:30:04.096,S7Wp0spWno,com.sec.android.app.shealth,e3428c66-200b-3553-3bf0-b19085c15728,2023-08-15 00:00:00.000,
,0,,2023-08-16 11:01:43.383,2023-08-15 18:30:14.871,S7Wp0spWno,com.sec.android.app.shealth,b1bdb30a-df7e-466c-6f52-fbd9aa360276,2023-08-16 00:00:00.000,
,0,,2023-08-16 18:30:09.763,2023-08-16 18:30:09.763,S7Wp0spWno,com.sec.android.app.shealth,caf5ce36-0ac1-7ae9-c716-af2aaffb1557,2023-08-17 00:00:00.000,
,8192,,2023-08-18 07:31:31.684,2023-08-17 18:30:16.355,S7Wp0spWno,com.sec.android.app.shealth,f2933be3-f5ac-88c8-424b-fffe6c36895f,2023-08-18 00:00:00.000,
,0,,2023-08-18 18:30:19.008,2023-08-18 18:30:19.008,S7Wp0spWno,com.sec.android.app.shealth,81b1c9c9-c4bb-504c-9f23-996dbfae1b22,2023-08-19 00:00:00.000,
,0,,2023-08-19 18:30:05.840,2023-08-19 18:30:05.840,S7Wp0spWno,com.sec.android.app.shealth,441cf0d3-5357-88df-fce5-943bcef533e8,2023-08-20 00:00:00.000,
,0,,2023-08-20 18:30:36.890,2023-08-20 18:30:36.890,S7Wp0spWno,com.sec.android.app.shealth,2a7dcb0b-1075-8436-eb52-d5ed4fdf7080,2023-08-21 00:00:00.000,
,8388608,,2023-08-22 18:08:34.482,2023-08-21 18:30:25.103,S7Wp0spWno,com.sec.android.app.shealth,4f78fefc-743f-951b-146e-90db6f4305e3,2023-08-22 00:00:00.000,
,131072,,2023-08-23 11:40:32.417,2023-08-22 18:30:26.891,S7Wp0spWno,com.sec.android.app.shealth,b6a5f88a-dfe6-ac7c-ac5f-9d99902e38de,2023-08-23 00:00:00.000,
,0,,2023-08-24 18:30:28.452,2023-08-24 18:30:28.451,S7Wp0spWno,com.sec.android.app.shealth,4e6bdce8-41f1-7988-e9b4-4c0cc5f52a51,2023-08-25 00:00:00.000,
,5505024,,2023-08-24 17:18:21.984,2023-08-23 18:30:08.040,S7Wp0spWno,com.sec.android.app.shealth,cccb091c-aef6-80c3-b546-e6a580128bf2,2023-08-24 00:00:00.000,
,2138112,,2023-08-26 16:05:11.244,2023-08-25 18:30:44.626,S7Wp0spWno,com.sec.android.app.shealth,0044a862-8c20-b4c3-096b-cc45d0eb6da2,2023-08-26 00:00:00.000,
,2053,,2023-08-27 05:33:43.221,2023-08-26 18:30:07.747,S7Wp0spWno,com.sec.android.app.shealth,5d0c02b2-2ded-4730-6afd-cd06cbbe321c,2023-08-27 00:00:00.000,
,1048577,,2023-08-28 15:23:41.276,2023-08-27 18:30:28.453,S7Wp0spWno,com.sec.android.app.shealth,d1d3c5b3-7b1b-d90b-4627-4cfa7004cc1c,2023-08-28 00:00:00.000,
,11272192,,2023-08-29 18:15:55.329,2023-08-28 18:30:13.831,S7Wp0spWno,com.sec.android.app.shealth,bd0cd787-c2ae-0ba4-1024-d71229de8b6b,2023-08-29 00:00:00.000,
,32768,,2023-08-30 10:07:04.657,2023-08-29 18:30:04.996,S7Wp0spWno,com.sec.android.app.shealth,763f2f26-2bcd-73b9-5530-b9d706472ed3,2023-08-30 00:00:00.000,
,32768,,2023-08-31 10:15:51.646,2023-08-30 18:30:47.728,S7Wp0spWno,com.sec.android.app.shealth,6b667105-1046-b979-e6c2-f7f2d1319192,2023-08-31 00:00:00.000,
,2048,,2023-09-01 05:55:54.029,2023-08-31 18:30:28.547,S7Wp0spWno,com.sec.android.app.shealth,a2fba6a9-ccb4-be70-7b3e-40c62a6de27a,2023-09-01 00:00:00.000,
,0,,2023-09-01 18:30:21.094,2023-09-01 18:30:21.094,S7Wp0spWno,com.sec.android.app.shealth,ebb6de4c-9caf-adda-ed36-8a7e0b9fdffd,2023-09-02 00:00:00.000,
,1,,2023-09-02 19:06:46.253,2023-09-02 18:30:15.202,S7Wp0spWno,com.sec.android.app.shealth,212a2200-a6ee-ebb7-4a71-d6a54a04a483,2023-09-03 00:00:00.000,
,2,,2023-09-03 19:36:59.261,2023-09-03 18:30:10.744,S7Wp0spWno,com.sec.android.app.shealth,24ca7ba8-eea6-9fbf-1bdf-7a97c060fda0,2023-09-04 00:00:00.000,
,4227072,,2023-09-05 17:27:22.225,2023-09-04 18:30:46.793,S7Wp0spWno,com.sec.android.app.shealth,59b1e2c2-103d-b339-f170-a97e8ded67ea,2023-09-05 00:00:00.000,
,0,,2023-09-05 18:30:20.901,2023-09-05 18:30:20.897,S7Wp0spWno,com.sec.android.app.shealth,6e700805-84bc-00d6-11d7-1ce72ab4c991,2023-09-06 00:00:00.000,
,8650880,,2023-09-07 17:56:36.255,2023-09-06 18:30:04.100,S7Wp0spWno,com.sec.android.app.shealth,e56216d7-5aeb-45f4-2a29-f4170b0f75d1,2023-09-07 00:00:00.000,
,2097408,,2023-09-08 16:13:03.312,2023-09-07 18:30:21.848,S7Wp0spWno,com.sec.android.app.shealth,408a4319-d5cd-6eff-981c-e1a76fb614ae,2023-09-08 00:00:00.000,
,0,,2023-09-08 18:30:18.892,2023-09-08 18:30:18.890,S7Wp0spWno,com.sec.android.app.shealth,d7dc7780-7e17-2360-7ece-25dd5f2b0016,2023-09-09 00:00:00.000,
,0,,2023-09-10 18:30:29.828,2023-09-10 18:30:29.826,S7Wp0spWno,com.sec.android.app.shealth,8abbfb5a-c434-9b07-d34c-db4e27be02c7,2023-09-11 00:00:00.000,
,2097153,,2023-09-10 16:24:22.289,2023-09-09 18:30:27.873,S7Wp0spWno,com.sec.android.app.shealth,444a34e5-d3e4-18bc-5224-b8cc74792227,2023-09-10 00:00:00.000,
,0,,2023-09-12 18:30:16.269,2023-09-12 18:30:16.269,S7Wp0spWno,com.sec.android.app.shealth,fee4110e-6ec7-3368-1d41-6f17df14346a,2023-09-13 00:00:00.000,
,8593408,,2023-09-12 18:28:33.253,2023-09-11 18:30:24.879,S7Wp0spWno,com.sec.android.app.shealth,04dbca22-aa1a-d1df-08c0-8c70a832cd47,2023-09-12 00:00:00.000,
,131072,,2023-09-14 12:18:30.289,2023-09-13 18:30:15.106,S7Wp0spWno,com.sec.android.app.shealth,d39067a6-3aa5-8de3-a9e5-5edf709dad39,2023-09-14 00:00:00.000,
,8388608,,2023-09-15 18:20:11.233,2023-09-14 18:30:10.233,S7Wp0spWno,com.sec.android.app.shealth,37549dad-25bc-3544-c25c-9f992f1418d6,2023-09-15 00:00:00.000,
,0,,2023-09-15 18:30:16.193,2023-09-15 18:30:16.193,S7Wp0spWno,com.sec.android.app.shealth,7d7fc65b-dacb-8fc6-221b-47b2dd3f6765,2023-09-16 00:00:00.000,
,0,,2023-09-16 18:30:46.028,2023-09-16 18:30:46.028,S7Wp0spWno,com.sec.android.app.shealth,c424101d-7c6c-6f07-f5f1-85bb9ff922c8,2023-09-17 00:00:00.000,
,0,,2023-09-18 18:30:04.047,2023-09-18 18:30:04.047,S7Wp0spWno,com.sec.android.app.shealth,8eb81b5a-1803-5694-76e4-712ab6a88093,2023-09-19 00:00:00.000,
,0,,2023-09-18 13:06:50.046,2023-09-18 13:06:50.046,S7Wp0spWno,com.sec.android.app.shealth,2fc8b5b3-b0f0-f9d4-7cc9-aa78811ad4a0,2023-09-18 00:00:00.000,
,2424832,,2023-09-20 15:43:27.308,2023-09-19 18:30:21.365,S7Wp0spWno,com.sec.android.app.shealth,879b1ddd-5795-76f7-e30f-0941b02c9c4f,2023-09-20 00:00:00.000,
,131072,,2023-09-21 12:10:33.261,2023-09-20 18:30:17.081,S7Wp0spWno,com.sec.android.app.shealth,5c3ae222-a77c-b6a1-09a7-82e6f40dc559,2023-09-21 00:00:00.000,
,0,,2023-09-21 18:30:07.179,2023-09-21 18:30:07.176,S7Wp0spWno,com.sec.android.app.shealth,1d1d75cc-707a-3800-ee30-922a46e5eb5d,2023-09-22 00:00:00.000,
,0,,2023-09-22 18:30:08.115,2023-09-22 18:30:08.113,S7Wp0spWno,com.sec.android.app.shealth,8335b07e-9d90-ebeb-8807-004af8f84eb2,2023-09-23 00:00:00.000,
,24576,,2023-09-24 09:04:10.261,2023-09-23 18:30:36.360,S7Wp0spWno,com.sec.android.app.shealth,494153e5-8e1d-19ab-7088-d929339450d7,2023-09-24 00:00:00.000,
,1081344,,2023-09-26 14:48:05.239,2023-09-25 18:30:03.982,S7Wp0spWno,com.sec.android.app.shealth,5dacddc9-de68-1ad0-69d7-3810ea4a76f0,2023-09-26 00:00:00.000,
,5521920,,2023-09-27 16:32:16.480,2023-09-26 18:30:06.691,S7Wp0spWno,com.sec.android.app.shealth,6dcf7d8b-b9f6-e516-b2e9-7170ae8a5120,2023-09-27 00:00:00.000,
,7602176,,2023-09-25 16:52:58.212,2023-09-24 18:30:03.103,S7Wp0spWno,com.sec.android.app.shealth,292b3c4c-f3a9-1b39-98ed-e1a159975bf4,2023-09-25 00:00:00.000,
,0,,2023-09-27 18:30:13.331,2023-09-27 18:30:13.330,S7Wp0spWno,com.sec.android.app.shealth,eab10054-0294-17a8-4c03-fc364e405aea,2023-09-28 00:00:00.000,
,2,,2023-09-29 19:46:50.237,2023-09-29 18:31:02.048,S7Wp0spWno,com.sec.android.app.shealth,e45ec848-b3bf-8a93-5ffc-b6d29383b277,2023-09-30 00:00:00.000,
,12582912,,2023-09-29 18:25:57.238,2023-09-28 18:30:36.558,S7Wp0spWno,com.sec.android.app.shealth,cd441e4a-2c78-d6f2-5ff1-da359bc50ce3,2023-09-29 00:00:00.000,
,65536,,2023-10-01 10:37:12.508,2023-09-30 18:30:08.884,S7Wp0spWno,com.sec.android.app.shealth,1018dfda-32fa-a0c9-4625-bb8aef30bc72,2023-10-01 00:00:00.000,
,0,,2023-10-02 18:30:23.110,2023-10-02 18:30:23.110,S7Wp0spWno,com.sec.android.app.shealth,275641ad-a630-9898-0597-1bc1dd84a418,2023-10-03 00:00:00.000,
,3153920,,2023-10-02 16:23:08.271,2023-10-01 18:30:32.828,S7Wp0spWno,com.sec.android.app.shealth,60c6536e-9372-f0e4-ee86-5277e3a11942,2023-10-02 00:00:00.000,
,655360,,2023-10-04 14:07:15.445,2023-10-03 18:30:41.924,S7Wp0spWno,com.sec.android.app.shealth,3c9bcf16-1e75-8752-08db-4bd5c2665ac3,2023-10-04 00:00:00.000,
,0,,2023-10-04 18:30:19.887,2023-10-04 18:30:19.886,S7Wp0spWno,com.sec.android.app.shealth,110218bc-336f-4bc4-f125-4e2c39dea2d1,2023-10-05 00:00:00.000,
,1024,,2023-10-06 08:32:19.097,2023-10-05 18:30:21.051,S7Wp0spWno,com.sec.android.app.shealth,55d26595-e859-4407-855d-c663a7c5cd4f,2023-10-06 00:00:00.000,
,0,,2023-10-07 18:30:18.441,2023-10-07 18:30:18.441,S7Wp0spWno,com.sec.android.app.shealth,b321cc0b-5096-60eb-d8e5-dff5ca8c9a5a,2023-10-08 00:00:00.000,
,263168,,2023-10-07 13:11:56.262,2023-10-06 18:30:04.832,S7Wp0spWno,com.sec.android.app.shealth,52912b09-80cd-e39c-f6fc-52455e10d6bb,2023-10-07 00:00:00.000,
,0,,2023-10-08 18:30:27.864,2023-10-08 18:30:27.864,S7Wp0spWno,com.sec.android.app.shealth,bad5fe95-f310-bd0d-5776-64fe01de6857,2023-10-09 00:00:00.000,
,2228224,,2023-10-10 15:51:47.243,2023-10-09 18:30:28.765,S7Wp0spWno,com.sec.android.app.shealth,e50be4b2-4d6a-3c4a-c162-da7a0a75702a,2023-10-10 00:00:00.000,
,0,,2023-10-11 18:30:15.846,2023-10-11 18:30:15.846,S7Wp0spWno,com.sec.android.app.shealth,dde1c2db-8054-fa21-d0af-54d4fc77010a,2023-10-12 00:00:00.000,
,1024,,2023-10-11 05:01:25.617,2023-10-10 18:30:23.146,S7Wp0spWno,com.sec.android.app.shealth,cc592036-05e6-6603-e949-24aa7c505c98,2023-10-11 00:00:00.000,
,0,,2023-10-12 18:30:24.502,2023-10-12 18:30:24.502,S7Wp0spWno,com.sec.android.app.shealth,fd1701ba-b933-8071-a7a2-2dee79a218bd,2023-10-13 00:00:00.000,
,1048576,,2023-10-14 15:23:48.590,2023-10-13 18:30:07.967,S7Wp0spWno,com.sec.android.app.shealth,2f9b696c-f4fc-94c8-cb61-783e2356cd7a,2023-10-14 00:00:00.000,
,8388608,,2023-10-15 17:53:49.314,2023-10-14 18:30:04.730,S7Wp0spWno,com.sec.android.app.shealth,a157aedb-86f5-4966-e2d8-201a64d9fa71,2023-10-15 00:00:00.000,
,8388608,,2023-10-16 17:39:55.265,2023-10-15 18:30:05.684,S7Wp0spWno,com.sec.android.app.shealth,df87c287-9f3c-0ef3-7825-a69260ab6121,2023-10-16 00:00:00.000,
,0,,2023-10-17 18:30:06.272,2023-10-17 18:30:06.272,S7Wp0spWno,com.sec.android.app.shealth,99198157-5e0e-2d34-116e-33dc833c19f6,2023-10-18 00:00:00.000,
,262144,,2023-10-17 13:07:46.295,2023-10-16 18:30:20.732,S7Wp0spWno,com.sec.android.app.shealth,5c98d7cc-c2e5-afc1-873b-9a18f9359462,2023-10-17 00:00:00.000,
,4194304,,2023-10-19 17:01:18.316,2023-10-18 18:30:18.847,S7Wp0spWno,com.sec.android.app.shealth,c9c3dd6e-f813-c38e-c4ad-ef3e18ac6cc5,2023-10-19 00:00:00.000,
,0,,2023-10-20 18:30:16.277,2023-10-20 18:30:16.277,S7Wp0spWno,com.sec.android.app.shealth,41297591-71e8-05e6-dd33-1505e68dd403,2023-10-21 00:00:00.000,
,10486784,,2023-10-20 17:51:50.322,2023-10-19 18:30:25.428,S7Wp0spWno,com.sec.android.app.shealth,f71ca062-cf97-678c-c4ad-5a6b97de9f7a,2023-10-20 00:00:00.000,
,6307840,,2023-10-22 17:10:32.254,2023-10-21 18:30:25.294,S7Wp0spWno,com.sec.android.app.shealth,6298aa05-45cd-9bb0-b09b-fd499d711676,2023-10-22 00:00:00.000,
,2098176,,2023-10-23 15:34:12.273,2023-10-22 18:30:04.014,S7Wp0spWno,com.sec.android.app.shealth,5e24e40f-0693-fd75-ddc3-4bfb040192d8,2023-10-23 00:00:00.000,
,0,,2023-10-24 18:30:04.106,2023-10-24 18:30:04.106,S7Wp0spWno,com.sec.android.app.shealth,8f699a35-4df6-bbce-f58f-55fcf52170a1,2023-10-25 00:00:00.000,
,4194304,,2023-10-24 16:43:56.859,2023-10-23 18:30:04.738,S7Wp0spWno,com.sec.android.app.shealth,fe62ced1-ab64-9b85-f4a5-bb5b0be8140e,2023-10-24 00:00:00.000,
,1122304,,2023-10-26 15:20:49.354,2023-10-25 18:30:17.444,S7Wp0spWno,com.sec.android.app.shealth,3e7b1885-8377-ed09-6c5e-4683f11aac17,2023-10-26 00:00:00.000,
,12583936,,2023-10-27 17:44:53.308,2023-10-26 18:30:13.206,S7Wp0spWno,com.sec.android.app.shealth,c6e24b7c-f4b9-d7b6-94a6-1b12cf162d9b,2023-10-27 00:00:00.000,
,2105344,,2023-10-28 16:23:48.286,2023-10-27 18:30:13.796,S7Wp0spWno,com.sec.android.app.shealth,d8417cd5-66c3-c45e-9cc0-064f60ef752e,2023-10-28 00:00:00.000,
,0,,2023-10-28 18:30:10.857,2023-10-28 18:30:10.857,S7Wp0spWno,com.sec.android.app.shealth,be2c30ce-c24b-fa78-8f3c-0bd47679b519,2023-10-29 00:00:00.000,
,0,,2023-10-29 18:30:18.252,2023-10-29 18:30:18.248,S7Wp0spWno,com.sec.android.app.shealth,59e832b2-29a3-61af-a7fb-86e68b5d2168,2023-10-30 00:00:00.000,
,0,,2023-10-31 18:13:30.504,2023-10-30 18:30:18.116,S7Wp0spWno,com.sec.android.app.shealth,be250781-35b1-0e28-38e8-44b612634e06,2023-10-31 00:00:00.000,
,0,,2023-11-01 18:30:18.334,2023-11-01 18:30:18.334,S7Wp0spWno,com.sec.android.app.shealth,f16d8c44-b71f-03b5-09db-68d76a4ea1d8,2023-11-02 00:00:00.000,
,3227648,,2023-11-01 16:18:58.323,2023-10-31 18:30:05.344,S7Wp0spWno,com.sec.android.app.shealth,3fe0899d-4236-f1e3-1c8d-1180ec3e7285,2023-11-01 00:00:00.000,
,655360,,2023-11-03 13:43:45.285,2023-11-02 18:30:37.607,S7Wp0spWno,com.sec.android.app.shealth,b0f11937-44da-c2c5-4b42-4abf493103ce,2023-11-03 00:00:00.000,
,8650752,,2023-11-04 18:21:55.345,2023-11-03 18:30:05.075,S7Wp0spWno,com.sec.android.app.shealth,cec3ad31-0765-bba1-e6c6-c48591828284,2023-11-04 00:00:00.000,
,0,,2023-11-04 18:30:10.081,2023-11-04 18:30:10.080,S7Wp0spWno,com.sec.android.app.shealth,73a7fa86-268a-d41e-b3dc-88a0dc1274f9,2023-11-05 00:00:00.000,
,0,,2023-11-05 18:30:16.169,2023-11-05 18:30:16.169,S7Wp0spWno,com.sec.android.app.shealth,13ef8637-7a71-026e-0fc6-fd471e58c044,2023-11-06 00:00:00.000,
,0,,2023-11-07 18:30:09.447,2023-11-07 18:30:09.446,S7Wp0spWno,com.sec.android.app.shealth,6a1888c2-f5ec-16b4-f8ae-986ae282d932,2023-11-08 00:00:00.000,
,263168,,2023-11-07 13:00:16.378,2023-11-06 18:30:08.631,S7Wp0spWno,com.sec.android.app.shealth,5d2136f7-42b1-201d-cf79-f7bf800b5124,2023-11-07 00:00:00.000,
,0,,2023-11-08 18:30:10.805,2023-11-08 18:30:10.804,S7Wp0spWno,com.sec.android.app.shealth,18869828-b108-b158-5093-d6c9b8c88059,2023-11-09 00:00:00.000,
,0,,2023-11-09 18:30:03.749,2023-11-09 18:30:03.749,S7Wp0spWno,com.sec.android.app.shealth,56345054-8a1b-0c5e-7456-b6a6ece09927,2023-11-10 00:00:00.000,
,0,,2023-11-10 18:30:35.312,2023-11-10 18:30:35.308,S7Wp0spWno,com.sec.android.app.shealth,13063ed3-b704-ca91-9181-93eff62fe2b5,2023-11-11 00:00:00.000,
,5120,,2023-11-12 07:22:12.202,2023-11-11 18:30:07.184,S7Wp0spWno,com.sec.android.app.shealth,6c76b8d0-f9d6-9190-0980-bf7997b16570,2023-11-12 00:00:00.000,
,0,,2023-11-12 18:30:12.284,2023-11-12 18:30:12.283,S7Wp0spWno,com.sec.android.app.shealth,aaacc76b-4635-d7fc-f050-df42057149ba,2023-11-13 00:00:00.000,
,0,,2023-11-13 18:30:02.580,2023-11-13 18:30:02.579,S7Wp0spWno,com.sec.android.app.shealth,fd13df46-5408-9846-91af-3385be9270bd,2023-11-14 00:00:00.000,
,131072,,2023-11-15 12:22:04.220,2023-11-14 18:30:14.117,S7Wp0spWno,com.sec.android.app.shealth,358e0973-9d5c-07d4-abc9-0c751c422093,2023-11-15 00:00:00.000,
,2097280,,2023-11-16 16:14:48.245,2023-11-15 18:30:03.955,S7Wp0spWno,com.sec.android.app.shealth,72dc94a5-ca8e-774a-117b-7d949f587497,2023-11-16 00:00:00.000,
,2097152,,2023-11-17 15:34:35.277,2023-11-16 18:30:05.155,S7Wp0spWno,com.sec.android.app.shealth,888de198-1e9f-2a9d-dc65-ae8ccc830cb7,2023-11-17 00:00:00.000,
,12582912,,2023-11-18 17:54:16.302,2023-11-17 18:30:39.084,S7Wp0spWno,com.sec.android.app.shealth,e4bb7584-380d-8f5c-fdb2-d67840c18495,2023-11-18 00:00:00.000,
,737280,,2023-11-19 14:25:06.279,2023-11-18 18:30:14.737,S7Wp0spWno,com.sec.android.app.shealth,06bdc011-9564-1d47-b12c-264dffcdb792,2023-11-19 00:00:00.000,
,9437184,,2023-11-20 17:34:25.252,2023-11-19 18:30:12.288,S7Wp0spWno,com.sec.android.app.shealth,54b27ef8-2e30-ce08-38e8-044d3ed9ccb9,2023-11-20 00:00:00.000,
,0,,2023-11-20 18:30:26.537,2023-11-20 18:30:26.537,S7Wp0spWno,com.sec.android.app.shealth,0b8fdee2-9609-af3e-f78c-8ac89dc1310b,2023-11-21 00:00:00.000,
,3145728,,2023-11-22 15:46:03.278,2023-11-21 18:30:26.050,S7Wp0spWno,com.sec.android.app.shealth,550eb31d-da82-f8f0-6fa6-d9ca4c8ec86a,2023-11-22 00:00:00.000,
,0,,2023-11-22 18:30:05.066,2023-11-22 18:30:05.065,S7Wp0spWno,com.sec.android.app.shealth,a41e4fdb-7842-4fb0-7235-d1b9e275c3b9,2023-11-23 00:00:00.000,
,0,,2023-11-23 18:30:12.187,2023-11-23 18:30:12.187,S7Wp0spWno,com.sec.android.app.shealth,2f346257-3c89-5879-93b5-a07c3b3685d2,2023-11-24 00:00:00.000,
,278528,,2023-11-25 12:32:46.833,2023-11-24 18:30:05.498,S7Wp0spWno,com.sec.android.app.shealth,eee98ba2-4c9d-a6ce-42f3-ba2b78459af9,2023-11-25 00:00:00.000,
,1,,2023-11-25 19:24:26.322,2023-11-25 18:30:34.345,S7Wp0spWno,com.sec.android.app.shealth,66a402c5-d1e1-f14c-4e7b-95f2ae1a8ef0,2023-11-26 00:00:00.000,
,32768,,2023-11-27 09:45:22.185,2023-11-26 18:30:11.705,S7Wp0spWno,com.sec.android.app.shealth,4a265d61-8ffb-5e20-a579-792793de8175,2023-11-27 00:00:00.000,
,4259840,,2023-11-28 17:29:58.257,2023-11-27 18:30:26.775,S7Wp0spWno,com.sec.android.app.shealth,483f5b6f-6bf3-7a3f-a46b-378fe002ad28,2023-11-28 00:00:00.000,
,327680,,2023-11-29 13:11:13.266,2023-11-28 18:30:24.180,S7Wp0spWno,com.sec.android.app.shealth,3f4f0519-37ae-3e80-8bde-e7878fb63c98,2023-11-29 00:00:00.000,
,98304,,2023-11-30 11:19:28.288,2023-11-29 18:30:18.975,S7Wp0spWno,com.sec.android.app.shealth,875b18c1-04cf-56ea-84a4-27160eee735d,2023-11-30 00:00:00.000,
,196608,,2023-12-01 12:11:48.371,2023-11-30 18:30:14.759,S7Wp0spWno,com.sec.android.app.shealth,2626bd93-c71b-893d-a4cd-695e68f6ed86,2023-12-01 00:00:00.000,
,8388608,,2023-12-02 18:17:57.246,2023-12-01 18:30:12.823,S7Wp0spWno,com.sec.android.app.shealth,be31a2da-669a-f8db-cb40-681d6e01bd97,2023-12-02 00:00:00.000,
,3145728,,2023-12-03 16:18:59.269,2023-12-02 18:30:14.181,S7Wp0spWno,com.sec.android.app.shealth,adcf9924-1232-c7f8-d679-5e8a91994fec,2023-12-03 00:00:00.000,
,8454144,,2023-12-04 17:42:45.279,2023-12-03 18:30:09.301,S7Wp0spWno,com.sec.android.app.shealth,ed815d93-bd4f-6196-4e30-37730a2b494d,2023-12-04 00:00:00.000,
,131072,,2023-12-05 12:22:00.821,2023-12-04 18:30:14.256,S7Wp0spWno,com.sec.android.app.shealth,776fbcad-0144-999d-18db-de38316ce7e3,2023-12-05 00:00:00.000,
,4096,,2023-12-06 07:10:52.672,2023-12-05 18:30:28.486,S7Wp0spWno,com.sec.android.app.shealth,44d6e240-757c-f0eb-cbc5-3a821b58f538,2023-12-06 00:00:00.000,
,2228224,,2023-12-07 16:17:48.284,2023-12-06 18:30:02.618,S7Wp0spWno,com.sec.android.app.shealth,0164c7da-3ba7-8a59-eccf-0eead4545973,2023-12-07 00:00:00.000,
,8392704,,2023-12-08 18:26:56.335,2023-12-07 18:30:07.228,S7Wp0spWno,com.sec.android.app.shealth,0966c8af-fbd2-d9ed-4f74-53c29afdae1f,2023-12-08 00:00:00.000,
,0,,2023-12-08 18:30:32.925,2023-12-08 18:30:32.925,S7Wp0spWno,com.sec.android.app.shealth,8e4bb350-c815-50b5-cdca-23c51cb513a4,2023-12-09 00:00:00.000,
,2,,2023-12-09 19:45:30.963,2023-12-09 18:30:29.354,S7Wp0spWno,com.sec.android.app.shealth,c1a8134c-559a-ad29-f511-d2159cd6fda1,2023-12-10 00:00:00.000,
,0,,2023-12-10 18:30:08.190,2023-12-10 18:30:08.190,S7Wp0spWno,com.sec.android.app.shealth,893906bf-cb17-2587-a946-a0bb6fe554ce,2023-12-11 00:00:00.000,
,1,,2023-12-11 18:42:50.084,2023-12-11 18:30:04.496,S7Wp0spWno,com.sec.android.app.shealth,f442c090-1a91-8d76-69de-0a7af915190a,2023-12-12 00:00:00.000,
,0,,2023-12-12 18:30:07.057,2023-12-12 18:30:07.057,S7Wp0spWno,com.sec.android.app.shealth,ec2c6e81-eb68-99e1-49ea-b40b94577a26,2023-12-13 00:00:00.000,
,0,,2023-12-13 18:30:12.278,2023-12-13 18:30:12.278,S7Wp0spWno,com.sec.android.app.shealth,3fbe1c27-9d9c-b47c-1d79-f19c2e7bfa37,2023-12-14 00:00:00.000,
,8388608,,2023-12-15 17:46:51.263,2023-12-15 17:46:51.262,S7Wp0spWno,com.sec.android.app.shealth,30f4bfc8-9f7f-cf66-5771-ae600fe2e1e7,2023-12-15 00:00:00.000,
,0,,2023-12-15 18:30:05.737,2023-12-15 18:30:05.737,S7Wp0spWno,com.sec.android.app.shealth,88757168-e201-a0f9-5f5c-3b9ea09c0788,2023-12-16 00:00:00.000,
,0,,2023-12-16 18:30:18.161,2023-12-16 18:30:18.161,S7Wp0spWno,com.sec.android.app.shealth,0a4654c7-d63a-c261-a3c0-8cf4e417dee2,2023-12-17 00:00:00.000,
,8388608,,2023-12-18 17:50:48.390,2023-12-17 18:30:09.094,S7Wp0spWno,com.sec.android.app.shealth,889c3680-60c8-5f49-2f72-a52cb364359a,2023-12-18 00:00:00.000,
,0,,2023-12-19 18:30:07.944,2023-12-19 18:30:07.943,S7Wp0spWno,com.sec.android.app.shealth,fbeb099d-0b1e-ca3c-7416-ea92d37cb4bc,2023-12-20 00:00:00.000,
,1916928,,2023-12-19 14:50:36.282,2023-12-18 18:30:04.050,S7Wp0spWno,com.sec.android.app.shealth,86c088a4-44c3-aa58-e460-a48f7bd813e3,2023-12-19 00:00:00.000,
,0,,2023-12-20 18:30:05.980,2023-12-20 18:30:05.980,S7Wp0spWno,com.sec.android.app.shealth,c9afe963-2306-288d-832d-cf44b40d088f,2023-12-21 00:00:00.000,
,8388608,,2023-12-22 17:31:35.287,2023-12-21 18:30:04.606,S7Wp0spWno,com.sec.android.app.shealth,75c1e730-3296-2b35-ab55-78d99f65c61d,2023-12-22 00:00:00.000,
,0,,2023-12-22 18:30:16.203,2023-12-22 18:30:16.203,S7Wp0spWno,com.sec.android.app.shealth,b3a0850b-d49f-169e-5fce-b048dae94d92,2023-12-23 00:00:00.000,
,65536,,2023-12-24 10:44:24.236,2023-12-23 18:30:32.264,S7Wp0spWno,com.sec.android.app.shealth,179a3eba-bdea-41b1-f6e4-0584282f0191,2023-12-24 00:00:00.000,
,4096,,2023-12-25 06:38:42.711,2023-12-24 18:30:33.187,S7Wp0spWno,com.sec.android.app.shealth,649a49bb-560c-615a-e396-68eb6e1d6bef,2023-12-25 00:00:00.000,
,65536,,2023-12-26 11:21:10.721,2023-12-25 18:30:08.439,S7Wp0spWno,com.sec.android.app.shealth,90bf9b12-2f53-08a6-f3fd-fa21a626ae3a,2023-12-26 00:00:00.000,
,524288,,2023-12-27 13:47:23.265,2023-12-26 18:30:15.203,S7Wp0spWno,com.sec.android.app.shealth,8b4daa5c-dbcd-274c-09aa-9b4d0850eead,2023-12-27 00:00:00.000,
62600630,0,62600630,2023-12-27 18:30:16.293,2023-12-27 18:30:16.287,S7Wp0spWno,com.sec.android.app.shealth,9c8d4f90-e0be-a933-a64f-4d51d91253ab,2023-12-28 00:00:00.000,
62600630,11542528,62600630,2023-12-29 18:26:57.295,2023-12-28 18:30:23.877,S7Wp0spWno,com.sec.android.app.shealth,cd9646c9-5bed-e22a-998a-221492aa6da5,2023-12-29 00:00:00.000,
62600630,0,62600630,2023-12-29 18:30:02.701,2023-12-29 18:30:02.701,S7Wp0spWno,com.sec.android.app.shealth,19c357d3-a318-3bfa-1209-a62530f7486e,2023-12-30 00:00:00.000,
62600630,11010048,62600630,2023-12-31 17:57:43.297,2023-12-30 18:30:08.900,S7Wp0spWno,com.sec.android.app.shealth,b36a8132-ef4c-c877-8140-135674145ee6,2023-12-31 00:00:00.000,
62600630,20480,62600630,2024-01-01 09:21:46.681,2023-12-31 18:30:15.659,S7Wp0spWno,com.sec.android.app.shealth,fdf2897c-0ed8-162a-ec14-58ee21bf3a23,2024-01-01 00:00:00.000,
62600630,1048576,62600630,2024-01-02 15:19:44.321,2024-01-01 18:30:12.062,S7Wp0spWno,com.sec.android.app.shealth,c092f4e3-3db3-89e1-0db4-0ddc280c9da8,2024-01-02 00:00:00.000,
62600630,4278272,62600630,2024-01-03 17:22:02.321,2024-01-02 18:30:21.408,S7Wp0spWno,com.sec.android.app.shealth,be658413-1887-490d-c2d9-78512ffdc6c3,2024-01-03 00:00:00.000,
62600630,262144,62600630,2024-01-04 13:19:51.349,2024-01-03 18:30:12.098,S7Wp0spWno,com.sec.android.app.shealth,6cacdd5c-9e7b-0513-d17a-fc3b056d29bb,2024-01-04 00:00:00.000,
62600630,6291456,62600630,2024-01-05 16:53:46.276,2024-01-04 18:30:25.978,S7Wp0spWno,com.sec.android.app.shealth,87258c17-60d7-f94c-b0f5-f9b20795970b,2024-01-05 00:00:00.000,
62600630,6995968,62600630,2024-01-06 16:50:31.132,2024-01-05 18:30:08.384,S7Wp0spWno,com.sec.android.app.shealth,40a8a820-a88c-5a75-f118-4073823a0b56,2024-01-06 00:00:00.000,
62600630,0,62600630,2024-01-06 18:30:16.099,2024-01-06 18:30:16.099,S7Wp0spWno,com.sec.android.app.shealth,b481f1cc-bdf4-cbc8-028b-da30d6c89fad,2024-01-07 00:00:00.000,
62600630,6291712,62600630,2024-01-08 16:42:45.333,2024-01-07 18:30:14.049,S7Wp0spWno,com.sec.android.app.shealth,a4f0001c-687b-38cb-1c12-637a4de2a035,2024-01-08 00:00:00.000,
62600630,40960,62600630,2024-01-09 10:22:02.430,2024-01-08 18:30:28.151,S7Wp0spWno,com.sec.android.app.shealth,dec02832-d7b7-aa5b-f33b-5104f240bf10,2024-01-09 00:00:00.000,
62600630,0,62600630,2024-01-09 18:30:27.596,2024-01-09 18:30:27.587,S7Wp0spWno,com.sec.android.app.shealth,6619d390-72b0-d4c9-c282-62150dc4e2b8,2024-01-10 00:00:00.000,
62600630,8192,62600630,2024-01-11 07:59:17.230,2024-01-10 18:30:07.434,S7Wp0spWno,com.sec.android.app.shealth,903e8d0a-bfa0-de51-4191-2ff6299ceae5,2024-01-11 00:00:00.000,
62600630,2048,62600630,2024-01-12 06:24:21.729,2024-01-11 18:30:04.564,S7Wp0spWno,com.sec.android.app.shealth,281ac7e7-df86-f74c-70ff-34489f082c62,2024-01-12 00:00:00.000,
62600630,2244608,62600630,2024-01-13 15:56:30.372,2024-01-12 18:30:04.909,S7Wp0spWno,com.sec.android.app.shealth,726b3caf-60ca-cc57-cb9f-70cda60dc842,2024-01-13 00:00:00.000,
62600630,1048576,62600630,2024-01-14 14:54:59.266,2024-01-13 18:30:06.006,S7Wp0spWno,com.sec.android.app.shealth,43dbfbd9-92a6-be9c-74b8-5afb1a0daa91,2024-01-14 00:00:00.000,
62600630,1064960,62600630,2024-01-15 15:15:18.294,2024-01-14 18:30:22.667,S7Wp0spWno,com.sec.android.app.shealth,040a0c7d-a14d-6658-98d8-efe169f5eaa1,2024-01-15 00:00:00.000,
62600630,2097152,62600630,2024-01-16 16:01:47.309,2024-01-15 18:30:30.001,S7Wp0spWno,com.sec.android.app.shealth,59a7a5e0-07b6-0716-5064-5a3980736112,2024-01-16 00:00:00.000,
62600630,8192,62600630,2024-01-17 07:48:52.970,2024-01-16 18:30:06.156,S7Wp0spWno,com.sec.android.app.shealth,d688bbc8-69e6-6998-063a-fc70e4f3174d,2024-01-17 00:00:00.000,
62600630,32768,62600630,2024-01-18 10:16:07.245,2024-01-17 18:30:36.183,S7Wp0spWno,com.sec.android.app.shealth,3ff2828c-7eb4-800a-b060-0467a9e65092,2024-01-18 00:00:00.000,
62600630,4202624,62600630,2024-01-19 17:20:14.298,2024-01-18 18:30:20.082,S7Wp0spWno,com.sec.android.app.shealth,bacccacc-d1b1-8fdb-d243-b443e689d93d,2024-01-19 00:00:00.000,
62600630,10586112,62610110,2024-01-20 18:25:12.409,2024-01-19 18:30:09.082,S7Wp0spWno,com.sec.android.app.shealth,3dc79da3-beef-8472-4224-88d20538713c,2024-01-20 00:00:00.000,
62610110,65536,62610110,2024-01-21 10:49:09.407,2024-01-20 18:30:05.868,S7Wp0spWno,com.sec.android.app.shealth,21c0f2ae-bd31-43d2-d4ae-0b1ddc6c399f,2024-01-21 00:00:00.000,
62610110,12288,62610110,2024-01-22 11:28:03.417,2024-01-21 18:30:14.268,S7Wp0spWno,com.sec.android.app.shealth,481d7266-506d-428c-dc93-be1d32c755d0,2024-01-22 00:00:00.000,
62610110,4202496,62610110,2024-01-23 17:10:08.317,2024-01-22 18:30:07.130,S7Wp0spWno,com.sec.android.app.shealth,89131b60-d8fe-9ccf-3084-5de6f2f3ca5b,2024-01-23 00:00:00.000,
62610110,1712128,62610110,2024-01-24 15:20:15.243,2024-01-23 18:30:16.209,S7Wp0spWno,com.sec.android.app.shealth,a8f79d8d-020b-93f3-13a7-f871c7aaa6a7,2024-01-24 00:00:00.000,
62610110,135168,62610110,2024-01-25 11:47:38.271,2024-01-24 18:30:12.018,S7Wp0spWno,com.sec.android.app.shealth,3b9edcc2-d5e8-bfcf-37aa-cff649e68bec,2024-01-25 00:00:00.000,
62610110,196608,62610110,2024-01-26 12:19:50.276,2024-01-25 18:30:07.953,S7Wp0spWno,com.sec.android.app.shealth,e198b7d3-eb31-823e-c4c0-8f757dacd827,2024-01-26 00:00:00.000,
62610110,73728,62610110,2024-01-27 11:23:58.381,2024-01-26 18:30:05.681,S7Wp0spWno,com.sec.android.app.shealth,9d562571-cfd0-9951-d272-a06e7a2321d5,2024-01-27 00:00:00.000,
62610110,462976,62610110,2024-01-28 13:11:30.320,2024-01-27 18:30:26.064,S7Wp0spWno,com.sec.android.app.shealth,392a8d65-b0ca-8189-5f54-b248971e8eee,2024-01-28 00:00:00.000,
62610110,331776,62610110,2024-01-29 12:39:42.353,2024-01-28 18:30:05.370,S7Wp0spWno,com.sec.android.app.shealth,af2eec75-5835-39bb-433c-492903d51177,2024-01-29 00:00:00.000,
62610110,135168,62610110,2024-01-30 11:44:34.310,2024-01-29 18:30:25.067,S7Wp0spWno,com.sec.android.app.shealth,99dc822a-1de5-b3f4-93a5-e258a3a8e899,2024-01-30 00:00:00.000,
62610110,8978432,62610110,2024-01-31 17:33:41.323,2024-01-30 18:30:22.985,S7Wp0spWno,com.sec.android.app.shealth,2a4e0fc9-61be-5a3f-1586-8cd806eb4c95,2024-01-31 00:00:00.000,
62610110,8388608,62610110,2024-02-01 17:30:29.280,2024-01-31 18:30:11.953,S7Wp0spWno,com.sec.android.app.shealth,b20c78ca-d152-de1c-9a07-94111f5a7b64,2024-02-01 00:00:00.000,
62610110,1212416,62610110,2024-02-02 15:14:15.266,2024-02-01 18:30:10.263,S7Wp0spWno,com.sec.android.app.shealth,41ccff46-a9cf-505a-2ac0-b2be1deb1e76,2024-02-02 00:00:00.000,
62610110,327680,62610110,2024-02-03 12:48:57.778,2024-02-02 18:30:06.331,S7Wp0spWno,com.sec.android.app.shealth,73def34e-ddbf-2b68-5c05-982a45b2a826,2024-02-03 00:00:00.000,
62610110,4096,62610110,2024-02-04 07:05:44.147,2024-02-03 18:30:03.812,S7Wp0spWno,com.sec.android.app.shealth,e11aee99-bc18-7f72-fa6a-e460c8ad77c4,2024-02-04 00:00:00.000,
62610110,1081344,62610110,2024-02-05 15:09:31.873,2024-02-04 18:30:05.643,S7Wp0spWno,com.sec.android.app.shealth,ec12010c-6940-954d-202c-2ceeb3a96348,2024-02-05 00:00:00.000,
62610110,106496,62610110,2024-02-06 10:55:04.193,2024-02-05 18:30:06.177,S7Wp0spWno,com.sec.android.app.shealth,08996fe1-448e-9ed2-dc2e-fb45c7350722,2024-02-06 00:00:00.000,
62620030,327680,62620030,2024-02-07 13:02:25.251,2024-02-06 18:30:07.763,S7Wp0spWno,com.sec.android.app.shealth,fd518f37-6b62-c7bc-9771-3b02687de38e,2024-02-07 00:00:00.000,
62620030,131072,62620030,2024-02-08 11:54:22.954,2024-02-07 18:30:15.871,S7Wp0spWno,com.sec.android.app.shealth,56aae478-fb6c-9407-ac34-2bda775ff5ae,2024-02-08 00:00:00.000,
62620030,4194304,62620030,2024-02-09 16:42:52.235,2024-02-08 18:30:12.012,S7Wp0spWno,com.sec.android.app.shealth,9480d91a-a06a-4dd9-8bbe-c48940597f4a,2024-02-09 00:00:00.000,
62620030,32768,62620030,2024-02-10 09:38:29.353,2024-02-09 18:30:14.074,S7Wp0spWno,com.sec.android.app.shealth,b7dad16d-2919-a103-5f24-9506251b273c,2024-02-10 00:00:00.000,
62620030,8192,62620030,2024-02-11 07:54:14.304,2024-02-10 18:30:16.113,S7Wp0spWno,com.sec.android.app.shealth,4ac1fd1f-cc05-a72b-65dc-397d78bfc733,2024-02-11 00:00:00.000,
62620030,8192,62620030,2024-02-12 08:19:50.879,2024-02-11 18:30:08.407,S7Wp0spWno,com.sec.android.app.shealth,d56b7838-d0e6-80a8-be5e-11e492d58066,2024-02-12 00:00:00.000,
62620030,212992,62620030,2024-02-13 11:52:58.354,2024-02-12 18:30:24.555,S7Wp0spWno,com.sec.android.app.shealth,830db987-85f9-6c13-b173-b30e48da22b5,2024-02-13 00:00:00.000,
62620030,2424832,62620030,2024-02-14 15:45:11.432,2024-02-13 18:30:26.352,S7Wp0spWno,com.sec.android.app.shealth,bf8a4d61-8898-6526-ecc1-0a17f97f6063,2024-02-14 00:00:00.000,
62620030,403456,62620030,2024-02-15 12:48:48.294,2024-02-14 18:30:11.999,S7Wp0spWno,com.sec.android.app.shealth,42768e29-bea9-232e-5587-9688e5d51c14,2024-02-15 00:00:00.000,
62620030,1056768,62620030,2024-02-16 15:01:00.985,2024-02-15 18:30:08.967,S7Wp0spWno,com.sec.android.app.shealth,af2a9ef3-f215-8ef5-0fad-79b1ac9a7d3a,2024-02-16 00:00:00.000,
62620030,2232320,62620030,2024-02-17 16:18:11.329,2024-02-16 18:30:18.353,S7Wp0spWno,com.sec.android.app.shealth,2cf043d0-4c92-235b-1684-734bad12ad11,2024-02-17 00:00:00.000,
62620030,4096,62620030,2024-02-18 06:41:15.313,2024-02-17 18:30:08.882,S7Wp0spWno,com.sec.android.app.shealth,f758ac06-6b4e-1e24-e55c-9a56f2287113,2024-02-18 00:00:00.000,
62620030,65536,62620030,2024-02-19 11:03:03.727,2024-02-18 18:30:11.549,S7Wp0spWno,com.sec.android.app.shealth,28e78e3b-b1eb-abbf-264b-d20e22757125,2024-02-19 00:00:00.000,
62620030,327680,62620030,2024-02-20 13:15:02.310,2024-02-19 18:30:27.983,S7Wp0spWno,com.sec.android.app.shealth,90698063-6e05-2abe-9ad3-3a32e39b7a94,2024-02-20 00:00:00.000,
62620030,2154496,62620030,2024-02-21 15:54:27.274,2024-02-20 18:30:11.109,S7Wp0spWno,com.sec.android.app.shealth,d9ad4529-48e8-3588-1702-dde0ab8405be,2024-02-21 00:00:00.000,
62620030,409600,62620030,2024-02-22 13:24:32.277,2024-02-21 18:30:23.018,S7Wp0spWno,com.sec.android.app.shealth,0a492808-8476-8c6f-39dc-32677cd1a065,2024-02-22 00:00:00.000,
62620030,2533376,62620030,2024-02-23 16:16:44.269,2024-02-22 18:30:10.608,S7Wp0spWno,com.sec.android.app.shealth,641b4a30-4e4f-2658-5618-cc36cb3b5575,2024-02-23 00:00:00.000,
62620030,10854400,62620030,2024-02-24 17:39:16.242,2024-02-23 18:30:11.291,S7Wp0spWno,com.sec.android.app.shealth,f09ba512-bf9e-9b89-4cc1-8f9e95e54390,2024-02-24 00:00:00.000,
62620030,2048,62620030,2024-02-25 05:36:58.583,2024-02-24 18:30:12.214,S7Wp0spWno,com.sec.android.app.shealth,7604bc9c-1cc8-f35a-96cb-d2c48e29f58f,2024-02-25 00:00:00.000,
62620030,4296704,62620030,2024-02-26 16:52:24.292,2024-02-25 18:30:34.085,S7Wp0spWno,com.sec.android.app.shealth,c2a454a0-5a23-e630-9357-5dcc61d246ad,2024-02-26 00:00:00.000,
62620030,16384,62620030,2024-02-27 08:34:17.613,2024-02-26 18:30:04.111,S7Wp0spWno,com.sec.android.app.shealth,c02522d0-072b-d60a-9f1f-91434dac0222,2024-02-27 00:00:00.000,
62620030,10661888,62620030,2024-02-28 17:34:52.235,2024-02-27 18:30:22.388,S7Wp0spWno,com.sec.android.app.shealth,bebb2b6d-a3ac-f08b-0ed3-ed0d00c4e023,2024-02-28 00:00:00.000,
62620030,425984,62620030,2024-02-29 15:35:12.026,2024-02-28 18:30:05.771,S7Wp0spWno,com.sec.android.app.shealth,13313ce4-bf7a-aa27-9f0f-a419266afaac,2024-02-29 00:00:00.000,
62620030,4526080,62620030,2024-03-01 16:39:57.252,2024-02-29 18:30:04.205,S7Wp0spWno,com.sec.android.app.shealth,601b2413-d3fe-7848-79dd-f0c4b9bcfaf4,2024-03-01 00:00:00.000,
62620030,8396800,62620030,2024-03-02 18:02:58.331,2024-03-01 18:30:22.390,S7Wp0spWno,com.sec.android.app.shealth,f5ace4fa-182a-3cf2-4f53-84b274c323bf,2024-03-02 00:00:00.000,
62620030,2621440,62620030,2024-03-03 15:31:25.319,2024-03-02 18:30:26.780,S7Wp0spWno,com.sec.android.app.shealth,3a8b75c5-e87c-e6e1-54c6-e04c82b243b7,2024-03-03 00:00:00.000,
62620030,6291456,62620030,2024-03-04 17:13:15.251,2024-03-03 18:30:17.840,S7Wp0spWno,com.sec.android.app.shealth,90a61cd9-ace5-c4f3-541a-e114e730d28d,2024-03-04 00:00:00.000,
62620030,65536,62620030,2024-03-05 11:28:22.695,2024-03-04 18:30:06.066,S7Wp0spWno,com.sec.android.app.shealth,f545ef93-3c3a-4256-d912-551a7c823e80,2024-03-05 00:00:00.000,
62620030,630784,62620030,2024-03-06 14:27:02.657,2024-03-05 18:30:04.861,S7Wp0spWno,com.sec.android.app.shealth,c092219a-6534-8796-9a27-935cbcebf42a,2024-03-06 00:00:00.000,
62620030,2097152,62620030,2024-03-07 16:10:55.236,2024-03-06 18:30:18.295,S7Wp0spWno,com.sec.android.app.shealth,bd6e9f38-82bf-2891-83a3-d7aa6ccd216a,2024-03-07 00:00:00.000,
62620030,0,62620030,2024-03-07 18:30:04.992,2024-03-07 18:30:04.990,S7Wp0spWno,com.sec.android.app.shealth,dc19722b-7953-3767-490e-9be5a08cd1bc,2024-03-08 00:00:00.000,
62620030,139264,62620030,2024-03-09 12:06:45.298,2024-03-08 18:30:37.326,S7Wp0spWno,com.sec.android.app.shealth,5816a919-fb2a-c560-10a8-cbe5ed63bb54,2024-03-09 00:00:00.000,
62620030,4784128,62620030,2024-03-10 16:52:25.272,2024-03-09 18:30:12.542,S7Wp0spWno,com.sec.android.app.shealth,105e09e2-93b7-2a1d-3958-43e0e6705f70,2024-03-10 00:00:00.000,
62620030,5242880,62620030,2024-03-11 16:33:23.276,2024-03-10 18:30:08.270,S7Wp0spWno,com.sec.android.app.shealth,9ff3acfc-042e-e9d2-9595-ee5c40c81725,2024-03-11 00:00:00.000,
62620030,2109440,62620030,2024-03-12 16:09:46.369,2024-03-11 18:30:34.177,S7Wp0spWno,com.sec.android.app.shealth,9bcf2992-4317-e037-2b19-d763870dd856,2024-03-12 00:00:00.000,
62650170,2170880,62650170,2024-03-13 15:34:03.308,2024-03-12 18:30:19.826,S7Wp0spWno,com.sec.android.app.shealth,f1ed0721-ab94-c673-fde1-73ef7d07e77b,2024-03-13 00:00:00.000,
62650170,2359296,62650170,2024-03-14 16:18:12.559,2024-03-13 18:30:13.398,S7Wp0spWno,com.sec.android.app.shealth,3069a71a-adda-1c54-12b4-ad2b8ba38fca,2024-03-14 00:00:00.000,
62650170,4235264,62650170,2024-03-15 17:22:16.281,2024-03-14 18:30:27.278,S7Wp0spWno,com.sec.android.app.shealth,9eb0ae16-b5e4-c0ff-00b0-17c27a8ab5dc,2024-03-15 00:00:00.000,
62650170,40960,62650170,2024-03-16 10:25:03.329,2024-03-15 18:30:09.199,S7Wp0spWno,com.sec.android.app.shealth,154140e4-ba51-db4f-2007-a8bf3831e968,2024-03-16 00:00:00.000,
62650170,4333568,62650170,2024-03-17 17:04:50.270,2024-03-16 18:30:21.847,S7Wp0spWno,com.sec.android.app.shealth,44788a3c-c17c-4f8f-4286-49eb46852836,2024-03-17 00:00:00.000,
62650170,180224,62650170,2024-03-18 12:24:03.442,2024-03-17 18:30:23.019,S7Wp0spWno,com.sec.android.app.shealth,68b9f6e5-1576-5093-2235-1a51e21803e6,2024-03-18 00:00:00.000,
62650170,49152,62650170,2024-03-19 09:56:44.337,2024-03-18 18:30:13.318,S7Wp0spWno,com.sec.android.app.shealth,4b2143bc-b297-b5d8-bb5c-6b5396488801,2024-03-19 00:00:00.000,
62650170,10756096,62650170,2024-03-20 18:16:17.031,2024-03-19 18:30:21.772,S7Wp0spWno,com.sec.android.app.shealth,65fb98fd-3213-c984-f89b-45086207fb16,2024-03-20 00:00:00.000,
62650170,4366336,62650170,2024-03-21 17:13:37.331,2024-03-20 18:30:13.818,S7Wp0spWno,com.sec.android.app.shealth,f858651f-1f95-cfc9-ce73-7aac57d11d2c,2024-03-21 00:00:00.000,
62650170,10530816,62650170,2024-03-22 17:56:46.454,2024-03-21 18:30:30.775,S7Wp0spWno,com.sec.android.app.shealth,1dbfac7d-402c-4119-39a0-2da3c991c96e,2024-03-22 00:00:00.000,
62650170,2101248,62650170,2024-03-23 15:38:30.512,2024-03-22 18:30:13.159,S7Wp0spWno,com.sec.android.app.shealth,8303ed8a-81f2-69c3-1c10-56024346315c,2024-03-23 00:00:00.000,
62650170,32768,62650170,2024-03-24 10:29:13.472,2024-03-23 18:30:17.573,S7Wp0spWno,com.sec.android.app.shealth,bc42e77a-696e-525f-c9fc-1322941d4b8f,2024-03-24 00:00:00.000,
62650170,4194304,62650170,2024-03-25 17:10:37.293,2024-03-24 18:30:05.941,S7Wp0spWno,com.sec.android.app.shealth,38e5b982-250c-8428-8b9a-e35405b43139,2024-03-25 00:00:00.000,
62650170,4374528,62650170,2024-03-26 16:46:54.403,2024-03-25 18:30:05.795,S7Wp0spWno,com.sec.android.app.shealth,1fdd432f-0162-df62-13bf-aca737f9f038,2024-03-26 00:00:00.000,
62650170,2105344,62650170,2024-03-27 16:05:41.397,2024-03-26 18:30:12.417,S7Wp0spWno,com.sec.android.app.shealth,2cbd4db0-27d7-b2fe-1881-bf5810ed4861,2024-03-27 00:00:00.000,
62650170,2752512,62650170,2024-03-28 15:56:49.842,2024-03-27 18:30:29.016,S7Wp0spWno,com.sec.android.app.shealth,d2843c37-58b9-fbfa-f81c-dea9a32bfbdc,2024-03-28 00:00:00.000,
62650170,11538432,62650170,2024-03-29 18:14:15.256,2024-03-28 22:00:45.657,S7Wp0spWno,com.sec.android.app.shealth,0eae852e-7f85-8f95-f53e-00ed42427f32,2024-03-29 00:00:00.000,
62650170,1,62650170,2024-03-29 19:09:32.746,2024-03-29 18:30:11.204,S7Wp0spWno,com.sec.android.app.shealth,668d47c3-8416-b49b-3f69-cc4afc810d9b,2024-03-30 00:00:00.000,
62650170,10490368,62650170,2024-03-31 17:31:08.252,2024-03-30 18:30:12.018,S7Wp0spWno,com.sec.android.app.shealth,032802b6-8f94-1d9a-e556-eb5096c7eee3,2024-03-31 00:00:00.000,
62650170,4284416,62660010,2024-04-01 17:15:44.832,2024-03-31 18:30:21.891,S7Wp0spWno,com.sec.android.app.shealth,e5d0a378-3067-8596-982a-ac89a8340397,2024-04-01 00:00:00.000,
62660010,2097152,62660010,2024-04-02 15:58:53.266,2024-04-01 18:30:15.217,S7Wp0spWno,com.sec.android.app.shealth,3fb657e2-64cd-ecc9-f519-0fae282c8daa,2024-04-02 00:00:00.000,
62660010,1163264,62660010,2024-04-03 15:27:43.384,2024-04-02 18:30:36.414,S7Wp0spWno,com.sec.android.app.shealth,9a6aad65-e3b3-a71e-fd3a-b3317109cfe2,2024-04-03 00:00:00.000,
62660010,2097152,62660010,2024-04-04 15:55:03.394,2024-04-03 18:30:09.272,S7Wp0spWno,com.sec.android.app.shealth,5f04f752-06f0-4324-7d57-32bf56d1b0fa,2024-04-04 00:00:00.000,
62660010,4194304,62660010,2024-04-05 16:45:31.338,2024-04-04 18:30:16.780,S7Wp0spWno,com.sec.android.app.shealth,0fd86ee2-f706-b7a5-c7c7-7e672a3a39de,2024-04-05 00:00:00.000,
62660010,2297856,62660010,2024-04-06 16:05:33.596,2024-04-05 18:30:45.779,S7Wp0spWno,com.sec.android.app.shealth,164ca2fd-83b2-62a8-1ced-9348e25ac7e4,2024-04-06 00:00:00.000,
62660010,4194305,62660010,2024-04-07 16:52:08.337,2024-04-06 18:30:30.293,S7Wp0spWno,com.sec.android.app.shealth,e4745287-f37c-4f84-3157-ce6cead87b27,2024-04-07 00:00:00.000,
62660010,2166784,62660010,2024-04-08 16:11:35.317,2024-04-07 18:30:21.238,S7Wp0spWno,com.sec.android.app.shealth,9ffcbf9d-b80e-fe26-a77f-df24a5a15b60,2024-04-08 00:00:00.000,
62660010,0,62660010,2024-04-08 18:30:13.205,2024-04-08 18:30:13.205,S7Wp0spWno,com.sec.android.app.shealth,a507c12e-e33c-3704-31c9-59ff586e2fa4,2024-04-09 00:00:00.000,
62660010,2166784,62660010,2024-04-10 15:58:50.255,2024-04-09 18:30:04.799,S7Wp0spWno,com.sec.android.app.shealth,87e18aba-f5fc-6c26-0291-b0d43606a96f,2024-04-10 00:00:00.000,
62660010,81920,62660010,2024-04-11 10:31:32.626,2024-04-10 18:30:21.213,S7Wp0spWno,com.sec.android.app.shealth,2b2085ac-2cd5-911a-97a7-2006b0294a74,2024-04-11 00:00:00.000,
62660010,40960,62660010,2024-04-12 09:46:38.631,2024-04-11 18:30:25.909,S7Wp0spWno,com.sec.android.app.shealth,e1701cb9-4a6a-f5f2-3dc7-3ce1a1a6812c,2024-04-12 00:00:00.000,
62660010,16384,62660010,2024-04-13 08:30:29.267,2024-04-12 18:30:29.418,S7Wp0spWno,com.sec.android.app.shealth,9baeac58-ca52-fb5e-955c-dc176b5f403c,2024-04-13 00:00:00.000,
62660010,16384,62660010,2024-04-14 08:56:59.989,2024-04-13 18:30:16.793,S7Wp0spWno,com.sec.android.app.shealth,aca2075f-407d-2b2b-dac7-798eef328aaf,2024-04-14 00:00:00.000,
62660010,9175040,62660010,2024-04-15 17:35:02.965,2024-04-14 18:30:22.849,S7Wp0spWno,com.sec.android.app.shealth,059259a0-a7b3-1d49-1de9-4d1a52fecc31,2024-04-15 00:00:00.000,
62660010,10518528,62660010,2024-04-16 17:57:43.244,2024-04-15 18:30:07.227,S7Wp0spWno,com.sec.android.app.shealth,539846d0-13c5-f3ab-7451-1bd62f8e11ec,2024-04-16 00:00:00.000,
62660010,8192,62660010,2024-04-17 07:40:10.748,2024-04-16 18:30:18.516,S7Wp0spWno,com.sec.android.app.shealth,de8a2637-fc4e-9b83-ce1e-40d5498f6a73,2024-04-17 00:00:00.000,
62660010,10559488,62660010,2024-04-18 17:50:57.270,2024-04-17 18:30:03.302,S7Wp0spWno,com.sec.android.app.shealth,2541927b-5b09-f9c6-e245-81e1dd4ca640,2024-04-18 00:00:00.000,
62660010,8192,62660010,2024-04-19 07:39:57.822,2024-04-18 18:30:08.087,S7Wp0spWno,com.sec.android.app.shealth,fae39a8e-0929-b599-255b-5d564a5e4a73,2024-04-19 00:00:00.000,
62660010,10494208,62660010,2024-04-20 17:39:25.246,2024-04-19 18:30:14.370,S7Wp0spWno,com.sec.android.app.shealth,a9991ee6-9d33-3e5b-7826-bfe1506fbbc6,2024-04-20 00:00:00.000,
62660010,4096,62660010,2024-04-21 06:33:24.612,2024-04-20 18:30:13.316,S7Wp0spWno,com.sec.android.app.shealth,f844519a-5df3-f133-2ff4-ea3ee84fe65f,2024-04-21 00:00:00.000,
62660010,2166784,62660010,2024-04-22 16:04:43.317,2024-04-21 18:30:11.939,S7Wp0spWno,com.sec.android.app.shealth,cf3a0103-d753-759b-5e7f-5f8eff1cd526,2024-04-22 00:00:00.000,
62660010,2048,62660010,2024-04-23 06:21:24.733,2024-04-22 18:30:15.835,S7Wp0spWno,com.sec.android.app.shealth,c769ddd9-7df7-89a0-4bb5-41ec8898ef00,2024-04-23 00:00:00.000,
62660010,6291584,62660010,2024-04-24 17:20:13.287,2024-04-23 18:30:14.878,S7Wp0spWno,com.sec.android.app.shealth,db0e4f4b-7905-ddfb-b7a1-5cf299fa110b,2024-04-24 00:00:00.000,
62660010,2105344,62660010,2024-04-25 15:55:44.247,2024-04-24 18:30:33.739,S7Wp0spWno,com.sec.android.app.shealth,ae3c9b88-5351-85fe-0c55-1366dc483448,2024-04-25 00:00:00.000,
62660010,139264,62660010,2024-04-26 12:18:42.257,2024-04-25 18:30:11.254,S7Wp0spWno,com.sec.android.app.shealth,3d7efba4-4475-a52f-c785-cea576e7290a,2024-04-26 00:00:00.000,
62660010,10493952,62660010,2024-04-27 17:54:16.303,2024-04-26 18:30:33.891,S7Wp0spWno,com.sec.android.app.shealth,1ae5a779-68d5-67cc-8479-15cfb8eb9afd,2024-04-27 00:00:00.000,
62660010,16385,62660010,2024-04-28 08:40:20.292,2024-04-27 18:30:04.752,S7Wp0spWno,com.sec.android.app.shealth,1a90dc2d-a893-5706-b395-ab81902871b6,2024-04-28 00:00:00.000,
62660010,2097152,62660010,2024-04-29 15:56:33.238,2024-04-28 18:30:26.258,S7Wp0spWno,com.sec.android.app.shealth,eaa31e6e-b12c-d597-4432-4b1ba2540e1c,2024-04-29 00:00:00.000,
62660010,2097152,62660010,2024-04-30 15:32:04.329,2024-04-29 18:30:18.939,S7Wp0spWno,com.sec.android.app.shealth,4e617969-8ef6-d89e-c268-4c6fc9713922,2024-04-30 00:00:00.000,
62660010,131072,62660010,2024-05-01 12:13:57.256,2024-04-30 18:30:03.858,S7Wp0spWno,com.sec.android.app.shealth,b6f4fb01-7414-81f6-4ccb-c932eca00d50,2024-05-01 00:00:00.000,
62660010,4194304,62660010,2024-05-02 16:35:15.222,2024-05-01 18:30:06.270,S7Wp0spWno,com.sec.android.app.shealth,1ac01eb1-272d-7a47-e322-cb6eb1454cd9,2024-05-02 00:00:00.000,
62660010,11534336,62660010,2024-05-03 17:50:12.398,2024-05-02 18:30:09.825,S7Wp0spWno,com.sec.android.app.shealth,f1d3bb8e-0426-cf72-59a3-050b510d6270,2024-05-03 00:00:00.000,
62660010,4227072,62660010,2024-05-04 17:15:07.670,2024-05-03 18:30:35.308,S7Wp0spWno,com.sec.android.app.shealth,6b054397-cefb-f278-16fa-225b3abd60be,2024-05-04 00:00:00.000,
62660010,0,62660010,2024-05-04 18:30:17.294,2024-05-04 18:30:17.294,S7Wp0spWno,com.sec.android.app.shealth,fd783f27-2080-9d04-18d5-cb0d4b5b2bb5,2024-05-05 00:00:00.000,
62660010,2097152,62660010,2024-05-06 16:02:33.277,2024-05-05 18:30:10.436,S7Wp0spWno,com.sec.android.app.shealth,a52a386c-8a61-5813-28fb-c7429c81d6f0,2024-05-06 00:00:00.000,
62660010,4160,62660010,2024-05-07 06:56:57.208,2024-05-06 18:30:14.540,S7Wp0spWno,com.sec.android.app.shealth,515deb58-e4de-4a75-8f98-2d9d475e7757,2024-05-07 00:00:00.000,
62660010,8192,62660010,2024-05-08 07:47:39.245,2024-05-07 18:30:07.267,S7Wp0spWno,com.sec.android.app.shealth,78d63c33-5eb9-19a8-71a4-93328eb74df9,2024-05-08 00:00:00.000,
62660010,4096,62660010,2024-05-09 06:37:43.687,2024-05-08 18:30:17.782,S7Wp0spWno,com.sec.android.app.shealth,585e02f1-87d3-8c12-bc08-94b13716f490,2024-05-09 00:00:00.000,
62660010,0,62660010,2024-05-09 18:30:05.906,2024-05-09 18:30:05.906,S7Wp0spWno,com.sec.android.app.shealth,af271cac-85f2-3152-fa91-2ed7a7a85f55,2024-05-10 00:00:00.000,
62660010,4259840,62660010,2024-05-11 16:45:58.264,2024-05-10 18:30:08.535,S7Wp0spWno,com.sec.android.app.shealth,2f6447b1-25de-af13-e7ca-de99d2b13e63,2024-05-11 00:00:00.000,
62660010,8388610,62660010,2024-05-12 17:35:01.291,2024-05-11 18:30:15.518,S7Wp0spWno,com.sec.android.app.shealth,678eb142-d3e5-275a-aa1e-0994fbf13aab,2024-05-12 00:00:00.000,
62660010,0,62660010,2024-05-12 18:30:17.959,2024-05-12 18:30:17.959,S7Wp0spWno,com.sec.android.app.shealth,e93974fb-9bf2-3927-ab79-d978041ac21a,2024-05-13 00:00:00.000,
62660010,4211072,62660010,2024-05-14 16:42:46.255,2024-05-13 18:30:15.258,S7Wp0spWno,com.sec.android.app.shealth,c6a1ce00-68e3-122a-8122-e36383a2d2e7,2024-05-14 00:00:00.000,
62660010,8192,62660010,2024-05-15 07:50:39.300,2024-05-14 18:30:19.175,S7Wp0spWno,com.sec.android.app.shealth,3fcdebb8-6a69-2886-1279-1ac6d720283b,2024-05-15 00:00:00.000,
62660010,4202496,62660010,2024-05-16 17:02:56.240,2024-05-15 18:30:06.322,S7Wp0spWno,com.sec.android.app.shealth,bbb127c2-6e75-2523-c7fa-bbaa04a06f42,2024-05-16 00:00:00.000,
62660010,8192,62660010,2024-05-17 08:10:46.506,2024-05-16 18:30:05.452,S7Wp0spWno,com.sec.android.app.shealth,85b776eb-321b-37c0-6152-33e8f9a40d88,2024-05-17 00:00:00.000,
62660010,1048576,62660010,2024-05-18 15:25:30.347,2024-05-17 18:30:03.151,S7Wp0spWno,com.sec.android.app.shealth,f5aae688-6926-89ee-4507-281e45ca1b57,2024-05-18 00:00:00.000,
62660010,6307840,62660010,2024-05-19 17:15:14.275,2024-05-18 18:30:09.822,S7Wp0spWno,com.sec.android.app.shealth,2ef2720b-3305-b796-029f-ad93156fde69,2024-05-19 00:00:00.000,
62660010,36864,62660010,2024-05-20 09:45:02.574,2024-05-19 18:30:02.939,S7Wp0spWno,com.sec.android.app.shealth,ec014435-64cb-4daa-2d30-bd0bbf46bfba,2024-05-20 00:00:00.000,
62660010,4349952,62660010,2024-05-21 16:40:20.502,2024-05-20 18:30:07.137,S7Wp0spWno,com.sec.android.app.shealth,0cc0e145-6c2e-7efa-66ad-9f23bd5e517c,2024-05-21 00:00:00.000,
62660010,524288,62660010,2024-05-22 13:38:50.277,2024-05-21 18:30:02.825,S7Wp0spWno,com.sec.android.app.shealth,e69db54c-63ec-4728-40ef-28d2ad415270,2024-05-22 00:00:00.000,
62660010,4227072,62660010,2024-05-23 17:03:04.492,2024-05-22 18:30:05.299,S7Wp0spWno,com.sec.android.app.shealth,45388928-2977-4bc6-8ad9-6d67010ff926,2024-05-23 00:00:00.000,
62660010,2097152,62660010,2024-05-24 16:23:04.342,2024-05-23 18:30:04.184,S7Wp0spWno,com.sec.android.app.shealth,f6db146b-c94e-bcdf-ef14-bc2e17c16126,2024-05-24 00:00:00.000,
62660010,8388608,62660010,2024-05-25 17:43:51.723,2024-05-24 18:30:32.519,S7Wp0spWno,com.sec.android.app.shealth,b05fa3e5-4683-df29-b6b6-5e2f25b5c438,2024-05-25 00:00:00.000,
62660010,147456,62660010,2024-05-26 12:05:01.252,2024-05-25 18:30:03.234,S7Wp0spWno,com.sec.android.app.shealth,be0624ea-e0c3-6d70-f53d-15e319e1b814,2024-05-26 00:00:00.000,
62660010,0,62660010,2024-05-26 18:30:07.608,2024-05-26 18:30:07.608,S7Wp0spWno,com.sec.android.app.shealth,4290d4ba-1eac-0abc-7f43-41b3d849709a,2024-05-27 00:00:00.000,
62660010,6295552,62660010,2024-05-28 17:10:17.214,2024-05-27 18:30:28.229,S7Wp0spWno,com.sec.android.app.shealth,5e852e5a-77ed-1a4d-e81a-c16c4cf79576,2024-05-28 00:00:00.000,
62660010,0,62660010,2024-05-28 18:30:04.241,2024-05-28 18:30:04.241,S7Wp0spWno,com.sec.android.app.shealth,3e7f6f10-2e82-3677-c025-68108c5584ae,2024-05-29 00:00:00.000,
62660010,2375680,62660010,2024-05-30 16:08:27.317,2024-05-29 18:30:03.913,S7Wp0spWno,com.sec.android.app.shealth,5832c306-2014-bfc5-5fec-158434170d4d,2024-05-30 00:00:00.000,
62660010,0,62660010,2024-05-31 03:57:43.181,2024-05-30 18:30:04.471,S7Wp0spWno,com.sec.android.app.shealth,08232080-1abf-18f0-0d2c-822d7f03bd3f,2024-05-31 00:00:00.000,
62660010,4202496,62670070,2024-06-01 17:01:50.251,2024-05-31 18:30:17.341,S7Wp0spWno,com.sec.android.app.shealth,a2bc16cc-34db-6815-2417-082a55530e5b,2024-06-01 00:00:00.000,
62670070,2050,62670070,2024-06-02 06:18:19.235,2024-06-01 18:30:08.856,S7Wp0spWno,com.sec.android.app.shealth,b0d288c9-29c8-b48a-6328-14dd69b59446,2024-06-02 00:00:00.000,
62670070,4215808,62670070,2024-06-03 16:58:35.323,2024-06-02 18:30:17.852,S7Wp0spWno,com.sec.android.app.shealth,3180fd09-4204-7fa1-d77b-0d288378a8a7,2024-06-03 00:00:00.000,
62670070,4194432,62670070,2024-06-04 16:39:46.237,2024-06-03 18:30:05.892,S7Wp0spWno,com.sec.android.app.shealth,d236144f-4598-dabf-4158-f2234f565e9e,2024-06-04 00:00:00.000,
62670070,8192,62670070,2024-06-05 07:42:57.650,2024-06-04 18:30:16.280,S7Wp0spWno,com.sec.android.app.shealth,7ffa91a5-5594-4eb1-8d10-e7e89ee4b643,2024-06-05 00:00:00.000,
62670070,147456,62670070,2024-06-06 11:49:24.260,2024-06-05 18:30:13.016,S7Wp0spWno,com.sec.android.app.shealth,17592aec-d88a-a973-c94e-371e556abf80,2024-06-06 00:00:00.000,
62670070,0,62670070,2024-06-06 18:30:04.043,2024-06-06 18:30:04.043,S7Wp0spWno,com.sec.android.app.shealth,32e3e30b-3115-b82a-8932-ce4a33c9ceb3,2024-06-07 00:00:00.000,
62670070,16384,62670070,2024-06-08 08:44:00.290,2024-06-07 18:30:14.798,S7Wp0spWno,com.sec.android.app.shealth,0e5ed2a3-ddaf-fd61-0d8b-28047db8d37a,2024-06-08 00:00:00.000,
62670070,2113536,62670070,2024-06-09 15:51:38.691,2024-06-08 18:30:06.930,S7Wp0spWno,com.sec.android.app.shealth,02ded1e7-c5c1-9d87-1ece-67e1a319bcd3,2024-06-09 00:00:00.000,
62670070,2170880,62670070,2024-06-10 15:42:41.247,2024-06-09 18:30:04.201,S7Wp0spWno,com.sec.android.app.shealth,6932697d-f866-72b5-b010-92a5497d750c,2024-06-10 00:00:00.000,
62670070,2129920,62670070,2024-06-11 15:44:04.258,2024-06-10 18:30:04.933,S7Wp0spWno,com.sec.android.app.shealth,d2194185-306b-d11b-d2dc-a48cdd73abc7,2024-06-11 00:00:00.000,
62670070,2097152,62670070,2024-06-12 16:02:17.266,2024-06-11 18:30:06.251,S7Wp0spWno,com.sec.android.app.shealth,ec2de075-de53-6be1-ee7f-b903b13bfb9d,2024-06-12 00:00:00.000,
62670070,2138112,62670070,2024-06-13 15:44:31.369,2024-06-12 18:30:34.214,S7Wp0spWno,com.sec.android.app.shealth,862709d3-00fd-3de6-3eff-96781267927d,2024-06-13 00:00:00.000,
62670070,65536,62670070,2024-06-14 10:54:09.652,2024-06-13 18:30:09.551,S7Wp0spWno,com.sec.android.app.shealth,5da3e844-a1ec-e56a-6a71-6ed2a19f89ff,2024-06-14 00:00:00.000,
62670070,1067008,62670070,2024-06-15 15:13:08.310,2024-06-14 18:30:02.562,S7Wp0spWno,com.sec.android.app.shealth,5b78e043-f141-2a74-e3aa-bea8159917da,2024-06-15 00:00:00.000,
62670070,8192,62670070,2024-06-16 08:12:20.261,2024-06-15 18:30:04.162,S7Wp0spWno,com.sec.android.app.shealth,12d2c18b-e890-584b-adfb-2da1f0bcb643,2024-06-16 00:00:00.000,
62670070,1048576,62670070,2024-06-17 14:31:29.281,2024-06-16 18:30:27.082,S7Wp0spWno,com.sec.android.app.shealth,45f6a5d1-e9c0-eb34-6430-dbf61b476be6,2024-06-17 00:00:00.000,
62670070,9601024,62670070,2024-06-18 17:36:56.364,2024-06-17 18:30:06.979,S7Wp0spWno,com.sec.android.app.shealth,073eeedf-0d85-127c-16f5-bdd8fa484032,2024-06-18 00:00:00.000,
62670070,13312,62670070,2024-06-19 08:29:34.674,2024-06-18 18:30:06.345,S7Wp0spWno,com.sec.android.app.shealth,1d5eb24c-d6de-5383-d8b8-e79e41ccf258,2024-06-19 00:00:00.000,
62670070,2629632,62670070,2024-06-20 15:46:34.321,2024-06-19 18:30:14.116,S7Wp0spWno,com.sec.android.app.shealth,a6341c01-2bde-bf49-35da-ddc20f5e98c5,2024-06-20 00:00:00.000,
62670070,131072,62670070,2024-06-21 12:13:31.374,2024-06-20 18:30:12.539,S7Wp0spWno,com.sec.android.app.shealth,71846d2e-ebfc-63c6-b2b8-459bd385cdda,2024-06-21 00:00:00.000,
62670070,8454144,62670070,2024-06-22 18:22:45.318,2024-06-21 18:30:03.976,S7Wp0spWno,com.sec.android.app.shealth,fa9a2a7b-4b99-f646-1ed6-a05d06fdb667,2024-06-22 00:00:00.000,
62670070,8405120,62670070,2024-06-23 17:33:08.778,2024-06-22 18:30:05.118,S7Wp0spWno,com.sec.android.app.shealth,928082f7-23e1-1889-4e4a-732612b2eafe,2024-06-23 00:00:00.000,
62670070,128,62670070,2024-06-24 02:15:26.236,2024-06-23 18:30:04.082,S7Wp0spWno,com.sec.android.app.shealth,8a822709-3830-05fd-0586-f99d0bd44638,2024-06-24 00:00:00.000,
62670070,0,62670070,2024-06-24 18:30:12.698,2024-06-24 18:30:12.698,S7Wp0spWno,com.sec.android.app.shealth,edde3871-6a97-c39f-8f26-f18c3aff499a,2024-06-25 00:00:00.000,
62670070,17408,62670070,2024-06-26 08:58:06.849,2024-06-25 18:30:07.864,S7Wp0spWno,com.sec.android.app.shealth,76927acc-49e3-2c75-a0be-8641eebdad10,2024-06-26 00:00:00.000,
62670070,0,62670070,2024-06-26 18:30:17.197,2024-06-26 18:30:17.197,S7Wp0spWno,com.sec.android.app.shealth,1356e45c-4583-c700-95a8-534254ddd921,2024-06-27 00:00:00.000,
62670070,4198400,62670070,2024-06-28 17:15:31.214,2024-06-27 18:30:22.311,S7Wp0spWno,com.sec.android.app.shealth,8d8c17fb-684b-6693-836e-787cb9391412,2024-06-28 00:00:00.000,
62670070,0,62670070,2024-06-28 18:30:02.874,2024-06-28 18:30:02.873,S7Wp0spWno,com.sec.android.app.shealth,774c792f-b2c9-a19f-e581-fb024b0ced7b,2024-06-29 00:00:00.000,
62670070,4194304,62670070,2024-06-30 17:29:09.301,2024-06-29 18:30:03.733,S7Wp0spWno,com.sec.android.app.shealth,965db347-3f87-2b8f-2867-9500297ef92a,2024-06-30 00:00:00.000,
,0,,2024-07-01 05:57:13.037,2024-06-30 18:30:30.852,S7Wp0spWno,com.sec.android.app.shealth,1d679616-91b9-a9cf-7ce7-5204fede6683,2024-07-01 00:00:00.000,
,3072,,2024-07-02 06:14:35.711,2024-07-01 18:30:17.089,S7Wp0spWno,com.sec.android.app.shealth,a9f315f1-4d98-be87-0b67-5d7a4fa30d48,2024-07-02 00:00:00.000,
,0,,2024-07-02 18:30:28.240,2024-07-02 18:30:28.239,S7Wp0spWno,com.sec.android.app.shealth,7d3e64c2-436e-abf9-0536-0e6d4a5b7d91,2024-07-03 00:00:00.000,
,8192,,2024-07-04 08:23:27.339,2024-07-03 18:30:08.086,S7Wp0spWno,com.sec.android.app.shealth,93513030-5181-f01c-24ff-8b1b7e9d3027,2024-07-04 00:00:00.000,
,1081344,,2024-07-05 15:00:45.312,2024-07-04 18:30:12.515,S7Wp0spWno,com.sec.android.app.shealth,4ad1a358-18fd-f986-3acf-6092276ef404,2024-07-05 00:00:00.000,
,4194304,,2024-07-06 16:56:16.258,2024-07-05 18:30:04.153,S7Wp0spWno,com.sec.android.app.shealth,180213f7-a128-349c-012f-b07690426776,2024-07-06 00:00:00.000,
,0,,2024-07-06 18:30:06.077,2024-07-06 18:30:06.077,S7Wp0spWno,com.sec.android.app.shealth,46dc1892-5d08-2b14-eda0-8861d48d4e01,2024-07-07 00:00:00.000,
,2097152,,2024-07-08 15:45:40.297,2024-07-07 18:30:03.500,S7Wp0spWno,com.sec.android.app.shealth,31eb9853-f09d-036a-9646-42bdec49abc4,2024-07-08 00:00:00.000,
,2097152,,2024-07-09 15:33:47.363,2024-07-08 18:30:04.797,S7Wp0spWno,com.sec.android.app.shealth,424384f8-3d8f-60ec-246c-da880802d9fd,2024-07-09 00:00:00.000,
,32768,,2024-07-10 09:38:50.631,2024-07-09 18:30:30.354,S7Wp0spWno,com.sec.android.app.shealth,17c12c67-ae93-6bce-9d4d-adf484ff663f,2024-07-10 00:00:00.000,
,2260992,,2024-07-11 16:00:12.242,2024-07-10 18:30:42.944,S7Wp0spWno,com.sec.android.app.shealth,fb8ce499-ba03-ea63-410d-f5968d90564d,2024-07-11 00:00:00.000,
,36864,,2024-07-12 10:05:21.432,2024-07-11 18:30:19.406,S7Wp0spWno,com.sec.android.app.shealth,1405f9ac-7bbf-238e-dcd4-7798ca618ecf,2024-07-12 00:00:00.000,
,671744,,2024-07-13 14:05:56.257,2024-07-12 18:30:08.568,S7Wp0spWno,com.sec.android.app.shealth,39a7bf93-225f-9de0-3301-68c9973a38e4,2024-07-13 00:00:00.000,
,8389120,,2024-07-14 17:35:37.311,2024-07-13 18:30:34.098,S7Wp0spWno,com.sec.android.app.shealth,748d81f9-3e2d-fdc7-9e94-41f2873768db,2024-07-14 00:00:00.000,
,4325376,,2024-07-15 16:57:00.230,2024-07-14 18:30:26.305,S7Wp0spWno,com.sec.android.app.shealth,8034e85b-675a-dc92-9b1d-3625e89f7d21,2024-07-15 00:00:00.000,
,40960,,2024-07-16 09:42:03.649,2024-07-15 18:30:27.021,S7Wp0spWno,com.sec.android.app.shealth,9e24d1d4-fef8-f363-f452-c647ef3f2d26,2024-07-16 00:00:00.000,
,2424832,,2024-07-17 15:50:44.280,2024-07-16 18:30:23.419,S7Wp0spWno,com.sec.android.app.shealth,c54cc72d-04dd-c87a-3b13-d591b3bc5992,2024-07-17 00:00:00.000,
,2113536,,2024-07-18 15:52:52.278,2024-07-17 18:30:28.284,S7Wp0spWno,com.sec.android.app.shealth,d430d28c-e001-aaec-4e34-2acba9f22760,2024-07-18 00:00:00.000,
,4718592,,2024-07-19 16:56:43.233,2024-07-18 18:30:38.458,S7Wp0spWno,com.sec.android.app.shealth,f9875c06-0bd0-825a-b46b-1563c6fed1a7,2024-07-19 00:00:00.000,
,32768,,2024-07-20 10:23:45.327,2024-07-19 18:30:15.932,S7Wp0spWno,com.sec.android.app.shealth,0352b926-dbb5-2ef1-2d44-5cf75564ac9b,2024-07-20 00:00:00.000,
,8388608,,2024-07-21 18:27:20.088,2024-07-20 18:30:06.185,S7Wp0spWno,com.sec.android.app.shealth,fe7444d3-405f-29c5-9dff-0becf5d909a4,2024-07-21 00:00:00.000,
,0,,2024-07-21 18:30:44.255,2024-07-21 18:30:44.254,S7Wp0spWno,com.sec.android.app.shealth,b6b49764-19dc-6d11-e337-69fdb096447e,2024-07-22 00:00:00.000,
,2232320,,2024-07-23 15:55:19.333,2024-07-22 18:30:04.220,S7Wp0spWno,com.sec.android.app.shealth,67c2a7e3-e2f1-28b9-d22c-79ff4479b4e8,2024-07-23 00:00:00.000,
,0,,2024-07-23 18:30:04.163,2024-07-23 18:30:04.160,S7Wp0spWno,com.sec.android.app.shealth,c5a743d7-18a6-0453-b0bb-c9d12fa7c994,2024-07-24 00:00:00.000,
,0,,2024-07-25 03:37:48.847,2024-07-25 03:37:48.847,S7Wp0spWno,com.sec.android.app.shealth,7e4eebe8-cdae-be3e-980c-e1b827c0e0a5,2024-07-25 00:00:00.000,
,0,,2024-07-25 18:30:06.112,2024-07-25 18:30:06.112,S7Wp0spWno,com.sec.android.app.shealth,1485b9aa-496b-039a-5441-81534704c7dd,2024-07-26 00:00:00.000,
