com.samsung.shealth.calories_burned.details,7006003,4
active_calories_goal,version,extra_data,exercise_calories,total_exercise_calories,com.samsung.shealth.calories_burned.create_sh_ver,com.samsung.shealth.calories_burned.tef_calorie,com.samsung.shealth.calories_burned.active_time,com.samsung.shealth.calories_burned.rest_calorie,com.samsung.shealth.calories_burned.modify_sh_ver,com.samsung.shealth.calories_burned.update_time,com.samsung.shealth.calories_burned.create_time,com.samsung.shealth.calories_burned.active_calorie,com.samsung.shealth.calories_burned.deviceuuid,com.samsung.shealth.calories_burned.pkg_name,com.samsung.shealth.calories_burned.datauuid,com.samsung.shealth.calories_burned.day_time
,,c2273af0-ac76-49a2-8399-c23fc8870f67.extra_data.json,,0.0,62950170,0.0,951983,1671.5299,63010030,2025-06-18 18:47:13.576,2025-05-23 01:16:53.378,72.37751,w4dMr03254,com.sec.android.app.shealth,c2273af0-ac76-49a2-8399-c23fc8870f67,2025-05-23 00:00:00.000,
,,e9f3d1a0-193b-4105-8c30-9f4ec00fcab8.extra_data.json,,483.0,62950170,0.0,5966698,1573.4323,63010030,2025-06-18 06:40:09.349,2025-05-23 01:16:53.505,637.32983,w4dMr03254,com.sec.android.app.shealth,e9f3d1a0-193b-4105-8c30-9f4ec00fcab8,2025-05-22 00:00:00.000,
,,f19fe4a4-d823-4987-bcaa-543d2fc602f4.extra_data.json,,0.0,62950170,0.0,2751551,1636.3268,63010030,2025-06-15 11:59:37.929,2025-05-23 01:16:53.560,158.94002,w4dMr03254,com.sec.android.app.shealth,f19fe4a4-d823-4987-bcaa-543d2fc602f4,2025-05-20 00:00:00.000,
,,280fb321-341b-427e-bced-816892244a0f.extra_data.json,,0.0,62950170,0.0,3170500,1628.1315,63010030,2025-06-14 00:41:56.886,2025-05-23 01:16:53.622,205.31009,w4dMr03254,com.sec.android.app.shealth,280fb321-341b-427e-bced-816892244a0f,2025-05-18 00:00:00.000,
,,dc607e1f-a9d2-4b7e-9c11-42e0ac5a6c7a.extra_data.json,,0.0,62950170,0.0,3776869,1616.2695,63010030,2025-06-13 13:23:12.145,2025-05-23 01:16:53.642,249.88004,w4dMr03254,com.sec.android.app.shealth,dc607e1f-a9d2-4b7e-9c11-42e0ac5a6c7a,2025-05-17 00:00:00.000,
,,eb0699b5-0b83-4ef6-8cbc-a3aec3032ade.extra_data.json,,424.0,62950170,0.0,6033818,1572.1193,63010030,2025-06-11 00:28:46.731,2025-05-23 01:16:53.665,589.84534,w4dMr03254,com.sec.android.app.shealth,eb0699b5-0b83-4ef6-8cbc-a3aec3032ade,2025-05-16 00:00:00.000,
,,a7903c7d-78fd-469e-8ed0-43c0741b9746.extra_data.json,,540.0,62950170,0.0,7518171,1543.0825,63010030,2025-06-08 01:55:46.972,2025-05-23 01:16:53.712,757.5278,w4dMr03254,com.sec.android.app.shealth,a7903c7d-78fd-469e-8ed0-43c0741b9746,2025-05-14 00:00:00.000,
,,b7905ae7-a070-4e26-98dd-16e312ffa3d3.extra_data.json,,570.0,62950170,0.0,7308737,1547.1794,63010030,2025-06-08 01:55:46.957,2025-05-23 01:16:53.759,749.2825,w4dMr03254,com.sec.android.app.shealth,b7905ae7-a070-4e26-98dd-16e312ffa3d3,2025-05-12 00:00:00.000,
,,f80b5f2a-d0d3-43cc-a4a0-0330d6cdcc97.extra_data.json,,520.0,62950170,0.0,6905268,1555.0721,63010030,2025-06-06 13:21:23.549,2025-05-23 01:16:53.812,707.43335,w4dMr03254,com.sec.android.app.shealth,f80b5f2a-d0d3-43cc-a4a0-0330d6cdcc97,2025-05-10 00:00:00.000,
,,e53dd3ca-3ae1-4310-959e-d075a8f5efeb.extra_data.json,,537.0,62950170,0.0,7905476,1535.5061,63010030,2025-06-04 17:31:19.386,2025-05-23 01:16:53.875,770.29364,w4dMr03254,com.sec.android.app.shealth,e53dd3ca-3ae1-4310-959e-d075a8f5efeb,2025-05-08 00:00:00.000,
,,706d6699-d822-4d0e-aa51-61a9538a7797.extra_data.json,,502.0,62950170,0.0,6233521,1568.2128,62950170,2025-05-31 16:31:10.444,2025-05-23 01:16:53.897,650.9941,w4dMr03254,com.sec.android.app.shealth,706d6699-d822-4d0e-aa51-61a9538a7797,2025-05-07 00:00:00.000,
,,dc5d8906-0246-4580-adcf-2132d8b1e489.extra_data.json,,577.0,62950170,0.0,5844864,1575.8156,62950170,2025-05-31 16:31:10.435,2025-05-23 01:16:53.958,686.5264,w4dMr03254,com.sec.android.app.shealth,dc5d8906-0246-4580-adcf-2132d8b1e489,2025-05-05 00:00:00.000,
,,b77e321b-d287-47da-8d54-59a2366b8561.extra_data.json,,42.0,62950170,0.0,5566316,1581.2644,62950170,2025-05-31 16:31:10.415,2025-05-23 01:16:53.993,365.2898,w4dMr03254,com.sec.android.app.shealth,b77e321b-d287-47da-8d54-59a2366b8561,2025-05-04 00:00:00.000,
,,8dba0bb5-f3d7-4aee-9c0f-af7b75c6f311.extra_data.json,,505.0,62950170,0.0,6747912,1558.1501,62950170,2025-05-29 01:39:49.969,2025-05-23 01:16:54.061,672.3475,w4dMr03254,com.sec.android.app.shealth,8dba0bb5-f3d7-4aee-9c0f-af7b75c6f311,2025-05-02 00:00:00.000,
,,e75154c7-ca77-4c7a-ab89-901276557a4d.extra_data.json,,378.0,62950170,0.0,6701659,1559.055,62950170,2025-05-28 13:57:48.814,2025-05-23 01:16:54.098,622.35583,w4dMr03254,com.sec.android.app.shealth,e75154c7-ca77-4c7a-ab89-901276557a4d,2025-05-01 00:00:00.000,
,,40b8abb2-5e30-4e70-bcf4-5a3679d6a640.extra_data.json,,593.0,62950170,0.0,8110117,1531.5028,62950170,2025-05-26 12:43:19.347,2025-05-23 01:16:54.151,839.74225,w4dMr03254,com.sec.android.app.shealth,40b8abb2-5e30-4e70-bcf4-5a3679d6a640,2025-04-29 00:00:00.000,
,,d47487a3-535d-48e3-8588-0f76301c1762.extra_data.json,,688.0,62950170,0.0,9466583,1504.9677,62950170,2025-05-25 13:33:47.976,2025-05-23 01:16:54.181,975.881,w4dMr03254,com.sec.android.app.shealth,d47487a3-535d-48e3-8588-0f76301c1762,2025-04-28 00:00:00.000,
,,1e1e0440-887a-4465-b802-2e96eab6349e.extra_data.json,,,,0.0,0,1610.3641,,2019-09-30 23:05:53.172,2019-09-30 23:05:53.172,0.0,e/aPUWpNiJ,com.sec.android.app.shealth,1e1e0440-887a-4465-b802-2e96eab6349e,2019-09-25 00:00:00.000,
,,30ca89c4-44eb-48ab-9d70-1fb10a5284e7.extra_data.json,,,,0.0,0,1610.3641,,2019-09-30 23:05:53.139,2019-09-30 23:05:53.139,0.0,e/aPUWpNiJ,com.sec.android.app.shealth,30ca89c4-44eb-48ab-9d70-1fb10a5284e7,2019-09-24 00:00:00.000,
,,33bfbd8b-d0cd-4e3c-8e78-53270baf932c.extra_data.json,,,,0.0,0,1610.3641,,2019-09-30 23:05:53.239,2019-09-30 23:05:53.239,0.0,e/aPUWpNiJ,com.sec.android.app.shealth,33bfbd8b-d0cd-4e3c-8e78-53270baf932c,2019-09-28 00:00:00.000,
,,086bb18e-26dc-4808-a5f9-15751a84ad3b.extra_data.json,,,,0.0,0,1610.3641,,2019-09-30 23:05:52.696,2019-09-30 23:05:52.696,0.0,e/aPUWpNiJ,com.sec.android.app.shealth,086bb18e-26dc-4808-a5f9-15751a84ad3b,2019-09-10 00:00:00.000,
,,b78add9a-dc80-4523-855d-6c8c3818ac99.extra_data.json,,,,0.0,0,1610.3641,,2019-09-30 23:05:52.939,2019-09-30 23:05:52.939,0.0,e/aPUWpNiJ,com.sec.android.app.shealth,b78add9a-dc80-4523-855d-6c8c3818ac99,2019-09-17 00:00:00.000,
,,7391b582-e51c-42ca-9f3a-4a3390db462f.extra_data.json,,,,0.0,0,1610.3641,,2019-09-30 23:05:58.677,2019-09-30 23:05:58.677,0.0,e/aPUWpNiJ,com.sec.android.app.shealth,7391b582-e51c-42ca-9f3a-4a3390db462f,2019-09-09 00:00:00.000,
,,bd68b393-cfef-42ae-bbbc-29cbee017d7d.extra_data.json,,,,0.0,0,1610.3641,,2019-09-30 23:05:52.793,2019-09-30 23:05:52.793,0.0,e/aPUWpNiJ,com.sec.android.app.shealth,bd68b393-cfef-42ae-bbbc-29cbee017d7d,2019-09-12 00:00:00.000,
,,926e8539-eec5-400b-b089-498b24c44932.extra_data.json,,,,0.0,0,1610.3641,,2019-09-30 23:05:52.898,2019-09-30 23:05:52.898,0.0,e/aPUWpNiJ,com.sec.android.app.shealth,926e8539-eec5-400b-b089-498b24c44932,2019-09-16 00:00:00.000,
,,176a8895-3af2-4e46-b23a-f4579e4e8117.extra_data.json,,,,0.0,0,1610.3641,,2019-09-30 23:05:52.863,2019-09-30 23:05:52.863,0.0,e/aPUWpNiJ,com.sec.android.app.shealth,176a8895-3af2-4e46-b23a-f4579e4e8117,2019-09-15 00:00:00.000,
,,26af8348-61df-48d2-bfb2-442f91c3dbc6.extra_data.json,,,,0.0,0,1610.3641,,2019-09-30 23:05:48.536,2019-09-30 23:05:48.536,0.0,e/aPUWpNiJ,com.sec.android.app.shealth,26af8348-61df-48d2-bfb2-442f91c3dbc6,2019-09-06 00:00:00.000,
,,3da74f33-5254-4150-af8d-e2aaf0058fd5.extra_data.json,,,,0.0,0,1610.3641,,2019-09-30 23:05:48.505,2019-09-30 23:05:48.505,0.0,e/aPUWpNiJ,com.sec.android.app.shealth,3da74f33-5254-4150-af8d-e2aaf0058fd5,2019-09-05 00:00:00.000,
,,789b2660-e0f5-400a-8f23-e1d68c8cf834.extra_data.json,,,,0.0,0,1610.3641,,2019-09-30 23:05:52.726,2019-09-30 23:05:52.726,0.0,e/aPUWpNiJ,com.sec.android.app.shealth,789b2660-e0f5-400a-8f23-e1d68c8cf834,2019-09-11 00:00:00.000,
,,f286bd1d-e2cb-4b1c-8ed8-4bf1728179fe.extra_data.json,,,,0.0,0,1610.3641,,2019-09-30 23:05:53.802,2019-09-30 23:05:53.802,0.0,e/aPUWpNiJ,com.sec.android.app.shealth,f286bd1d-e2cb-4b1c-8ed8-4bf1728179fe,2019-09-09 00:00:00.000,
,,ee0ff17a-ddd6-4556-b7f6-575d27036b10.extra_data.json,,,,0.0,0,1610.3641,,2019-09-30 23:05:53.104,2019-09-30 23:05:53.104,0.0,e/aPUWpNiJ,com.sec.android.app.shealth,ee0ff17a-ddd6-4556-b7f6-575d27036b10,2019-09-23 00:00:00.000,
,,f1e03b1a-71ae-457f-acb2-97ca84ff2e95.extra_data.json,,,,0.0,0,1610.3641,,2019-09-30 23:05:53.197,2019-09-30 23:05:53.197,0.0,e/aPUWpNiJ,com.sec.android.app.shealth,f1e03b1a-71ae-457f-acb2-97ca84ff2e95,2019-09-26 00:00:00.000,
,,29472d9e-01d3-48a8-b2e0-d1be3d9fd88e.extra_data.json,,,,0.0,0,1610.3641,,2019-09-30 23:05:48.606,2019-09-30 23:05:48.606,0.0,e/aPUWpNiJ,com.sec.android.app.shealth,29472d9e-01d3-48a8-b2e0-d1be3d9fd88e,2019-09-07 00:00:00.000,
,,f97ed636-4b69-4adb-8ae1-ec8d64ef53dd.extra_data.json,,,,0.0,0,1610.3641,,2019-09-30 23:05:53.002,2019-09-30 23:05:53.002,0.0,e/aPUWpNiJ,com.sec.android.app.shealth,f97ed636-4b69-4adb-8ae1-ec8d64ef53dd,2019-09-19 00:00:00.000,
,,a6b1fb1d-600c-4313-b12b-da52f277e69e.extra_data.json,,,,0.0,0,1610.3641,,2019-09-30 23:05:52.833,2019-09-30 23:05:52.833,0.0,e/aPUWpNiJ,com.sec.android.app.shealth,a6b1fb1d-600c-4313-b12b-da52f277e69e,2019-09-14 00:00:00.000,
,,adc999f6-5ff5-4835-9605-78518f9c44ce.extra_data.json,,,,0.0,0,1610.3641,,2019-09-30 23:05:48.464,2019-09-30 23:05:48.464,0.0,e/aPUWpNiJ,com.sec.android.app.shealth,adc999f6-5ff5-4835-9605-78518f9c44ce,2019-09-04 00:00:00.000,
,,9aca6344-3686-46f1-8fa6-987bbcdf9422.extra_data.json,,,,0.0,0,1610.3641,,2019-09-30 23:05:53.044,2019-09-30 23:05:53.044,0.0,e/aPUWpNiJ,com.sec.android.app.shealth,9aca6344-3686-46f1-8fa6-987bbcdf9422,2019-09-21 00:00:00.000,
,,a5360bb0-e2d3-4f8b-b480-0ccb25b3d404.extra_data.json,,,,0.0,0,1610.3641,,2019-09-30 23:05:48.630,2019-09-30 23:05:48.630,0.0,e/aPUWpNiJ,com.sec.android.app.shealth,a5360bb0-e2d3-4f8b-b480-0ccb25b3d404,2019-09-08 00:00:00.000,
,,4dffa032-170a-433c-88f6-ac1365edfade.extra_data.json,,,,0.0,0,1610.3641,,2019-09-30 23:05:53.025,2019-09-30 23:05:53.025,0.0,e/aPUWpNiJ,com.sec.android.app.shealth,4dffa032-170a-433c-88f6-ac1365edfade,2019-09-20 00:00:00.000,
,,fa54c7b3-5c5c-44c0-bbbe-104da5b1c35f.extra_data.json,,,,0.0,0,1610.3641,,2019-09-30 23:05:52.975,2019-09-30 23:05:52.975,0.0,e/aPUWpNiJ,com.sec.android.app.shealth,fa54c7b3-5c5c-44c0-bbbe-104da5b1c35f,2019-09-18 00:00:00.000,
,,f968f222-e8c7-4815-884f-073854360dab.extra_data.json,,,,0.0,0,1610.3641,,2019-09-30 23:05:53.069,2019-09-30 23:05:53.069,0.0,e/aPUWpNiJ,com.sec.android.app.shealth,f968f222-e8c7-4815-884f-073854360dab,2019-09-22 00:00:00.000,
,,21abd27d-b1c4-4562-a65a-7d4e27dee2b1.extra_data.json,,,,0.0,0,1610.3641,,2019-09-30 23:05:53.224,2019-09-30 23:05:53.224,0.0,e/aPUWpNiJ,com.sec.android.app.shealth,21abd27d-b1c4-4562-a65a-7d4e27dee2b1,2019-09-27 00:00:00.000,
,,68b29874-6b89-4f2a-9aff-38949d35a931.extra_data.json,,,,0.0,418209,1602.5693,,2019-09-30 23:05:53.318,2019-09-30 23:05:53.318,19.960001,e/aPUWpNiJ,com.sec.android.app.shealth,68b29874-6b89-4f2a-9aff-38949d35a931,2019-09-30 00:00:00.000,
,,43f02ebd-adfe-4b5e-b80c-6ea2e56b32f0.extra_data.json,,,,0.0,0,1610.3641,,2019-09-30 23:05:53.272,2019-09-30 23:05:53.272,0.0,e/aPUWpNiJ,com.sec.android.app.shealth,43f02ebd-adfe-4b5e-b80c-6ea2e56b32f0,2019-09-29 00:00:00.000,
,,74fb46cd-1232-49a3-9f35-2573b5d29a4d.extra_data.json,,,,0.0,0,1610.3641,,2019-09-30 23:05:52.810,2019-09-30 23:05:52.810,0.0,e/aPUWpNiJ,com.sec.android.app.shealth,74fb46cd-1232-49a3-9f35-2573b5d29a4d,2019-09-13 00:00:00.000,
,,4919cc76-7299-4d1b-a0f2-75b91b68e8fa.extra_data.json,,,,0.0,5536713,1507.1682,,2019-10-02 03:05:59.053,2019-09-30 23:05:41.248,293.31064,e/aPUWpNiJ,com.sec.android.app.shealth,4919cc76-7299-4d1b-a0f2-75b91b68e8fa,2019-10-01 00:00:00.000,
,,ffddcc2b-64e9-4be7-99dc-4df8d377757e.extra_data.json,,,,0.0,3297241,1548.9086,,2019-10-24 08:25:07.382,2019-10-24 08:24:47.605,169.57004,e/aPUWpNiJ,com.sec.android.app.shealth,ffddcc2b-64e9-4be7-99dc-4df8d377757e,2019-10-23 00:00:00.000,
,,4ea850c2-254f-4c04-8fba-d0d011aab3b8.extra_data.json,,,,0.0,4292209,1530.3639,,2019-10-24 08:26:23.561,2019-10-24 08:24:47.553,216.57993,e/aPUWpNiJ,com.sec.android.app.shealth,4ea850c2-254f-4c04-8fba-d0d011aab3b8,2019-10-22 00:00:00.000,
,,64288d49-2736-45b8-8866-421b48ea7078.extra_data.json,,,,0.0,5041566,1516.397,,2019-10-24 08:26:17.411,2019-10-24 08:24:47.425,246.71002,e/aPUWpNiJ,com.sec.android.app.shealth,64288d49-2736-45b8-8866-421b48ea7078,2019-10-18 00:00:00.000,
,,84f5ea1f-f7f8-49df-ab54-cb18c05772f7.extra_data.json,,,,0.0,3208774,1550.5574,,2019-10-27 18:31:27.578,2019-10-24 08:24:41.480,169.59932,e/aPUWpNiJ,com.sec.android.app.shealth,84f5ea1f-f7f8-49df-ab54-cb18c05772f7,2019-10-24 00:00:00.000,
,,bf57d14d-f8a4-4005-b835-be044dc9d1c5.extra_data.json,,,,0.0,4575359,1525.0863,,2019-10-24 08:26:12.746,2019-10-24 08:24:47.303,231.34998,e/aPUWpNiJ,com.sec.android.app.shealth,bf57d14d-f8a4-4005-b835-be044dc9d1c5,2019-10-14 00:00:00.000,
,,3e1acd2e-8ee2-4802-af3c-b661ba82c06a.extra_data.json,,,,0.0,4515629,1526.1996,,2019-10-24 08:26:07.221,2019-10-24 08:24:45.139,226.61003,e/aPUWpNiJ,com.sec.android.app.shealth,3e1acd2e-8ee2-4802-af3c-b661ba82c06a,2019-10-10 00:00:00.000,
,,b40ca82d-92e1-4edb-9014-03740be6dfde.extra_data.json,,,,0.0,3760169,1540.2803,,2019-10-24 08:26:07.264,2019-10-24 08:24:45.226,192.05,e/aPUWpNiJ,com.sec.android.app.shealth,b40ca82d-92e1-4edb-9014-03740be6dfde,2019-10-11 00:00:00.000,
,,20f4db21-b424-4d8d-b466-c30cde84100b.extra_data.json,,,,0.0,1267652,1586.737,,2019-10-24 08:26:03.376,2019-10-24 08:24:48.725,68.420006,e/aPUWpNiJ,com.sec.android.app.shealth,20f4db21-b424-4d8d-b466-c30cde84100b,2019-10-08 00:00:00.000,
,,d352f0a3-4f13-4e1e-9503-6a6cbc2048e7.extra_data.json,,,,0.0,3573568,1543.7582,,2019-10-24 08:26:03.403,2019-10-24 08:24:45.078,184.47906,e/aPUWpNiJ,com.sec.android.app.shealth,d352f0a3-4f13-4e1e-9503-6a6cbc2048e7,2019-10-09 00:00:00.000,
,,51660539-0145-43a3-8bf6-e6120c08e5b0.extra_data.json,,,,0.0,3594223,1543.3733,,2019-10-24 08:25:57.152,2019-10-24 08:24:44.767,179.87999,e/aPUWpNiJ,com.sec.android.app.shealth,51660539-0145-43a3-8bf6-e6120c08e5b0,2019-10-03 00:00:00.000,
,,9a5a6aab-ecd2-45fb-afd7-8cb0d1d08782.extra_data.json,,,,0.0,5135087,1514.6539,,2019-10-24 08:26:03.348,2019-10-24 08:24:45.004,262.67044,e/aPUWpNiJ,com.sec.android.app.shealth,9a5a6aab-ecd2-45fb-afd7-8cb0d1d08782,2019-10-07 00:00:00.000,
,,0dcbe013-2cc4-4f0a-94b3-95484b3e39ae.extra_data.json,,,,0.0,701684,1597.2859,,2019-10-24 08:26:03.316,2019-10-24 08:24:44.919,33.870003,e/aPUWpNiJ,com.sec.android.app.shealth,0dcbe013-2cc4-4f0a-94b3-95484b3e39ae,2019-10-06 00:00:00.000,
,,3cd28777-36d8-4ceb-94d0-222d3b301ca8.extra_data.json,,,,0.0,477572,1601.4629,,2019-10-24 08:26:22.775,2019-10-24 08:24:47.481,23.01,e/aPUWpNiJ,com.sec.android.app.shealth,3cd28777-36d8-4ceb-94d0-222d3b301ca8,2019-10-20 00:00:00.000,
,,09b08386-2ecc-43a5-9b2e-d7262490d1b0.extra_data.json,,,,0.0,739643,1596.5784,,2019-10-24 08:26:22.761,2019-10-24 08:24:47.455,36.249004,e/aPUWpNiJ,com.sec.android.app.shealth,09b08386-2ecc-43a5-9b2e-d7262490d1b0,2019-10-19 00:00:00.000,
,,09eaf91a-86d1-4078-9033-f29e8bbe0bfb.extra_data.json,,,,0.0,4625606,1524.1498,,2019-10-24 08:26:13.528,2019-10-24 08:24:47.371,228.26103,e/aPUWpNiJ,com.sec.android.app.shealth,09eaf91a-86d1-4078-9033-f29e8bbe0bfb,2019-10-16 00:00:00.000,
,,33982a94-b920-4599-b481-e4e267e69a74.extra_data.json,,,,0.0,637857,1598.4755,,2019-10-24 08:26:23.547,2019-10-24 08:24:47.516,33.12,e/aPUWpNiJ,com.sec.android.app.shealth,33982a94-b920-4599-b481-e4e267e69a74,2019-10-21 00:00:00.000,
,,25cac24c-d50e-4697-843c-793046006bce.extra_data.json,,,,0.0,1668603,1579.2639,,2019-10-24 08:25:53.270,2019-10-02 03:05:49.864,90.886375,e/aPUWpNiJ,com.sec.android.app.shealth,25cac24c-d50e-4697-843c-793046006bce,2019-10-02 00:00:00.000,
,,f55c0f69-554f-432d-9a09-1d6ebac49d86.extra_data.json,,,,0.0,1333286,1585.5137,,2019-10-24 08:26:12.708,2019-10-24 08:24:45.338,70.41002,e/aPUWpNiJ,com.sec.android.app.shealth,f55c0f69-554f-432d-9a09-1d6ebac49d86,2019-10-13 00:00:00.000,
,,2ee50058-3633-4601-9f3b-de1bcab5019e.extra_data.json,,,,0.0,787727,1595.682,,2019-10-24 08:26:02.639,2019-10-24 08:24:54.886,38.05,e/aPUWpNiJ,com.sec.android.app.shealth,2ee50058-3633-4601-9f3b-de1bcab5019e,2019-10-05 00:00:00.000,
,,e50499b2-1fd9-459c-ae2b-a0a963199ef2.extra_data.json,,,,0.0,3105754,1552.4777,,2019-10-24 08:26:13.500,2019-10-24 08:24:47.345,154.78891,e/aPUWpNiJ,com.sec.android.app.shealth,e50499b2-1fd9-459c-ae2b-a0a963199ef2,2019-10-15 00:00:00.000,
,,8a2228c5-18ab-4915-851f-411ea4c52793.extra_data.json,,,,0.0,4426664,1527.8578,,2019-10-24 08:26:02.595,2019-10-24 08:24:44.831,222.53004,e/aPUWpNiJ,com.sec.android.app.shealth,8a2228c5-18ab-4915-851f-411ea4c52793,2019-10-04 00:00:00.000,
,,efda2715-52bf-4ffb-b60f-4a6906ce75fb.extra_data.json,,,,0.0,5948544,1499.4923,,2019-10-24 08:26:17.386,2019-10-24 08:24:47.395,300.86993,e/aPUWpNiJ,com.sec.android.app.shealth,efda2715-52bf-4ffb-b60f-4a6906ce75fb,2019-10-17 00:00:00.000,
,,d9a0f87b-7541-44a2-850e-2e584615cfc6.extra_data.json,,,,0.0,528529,1600.5132,,2019-10-24 08:26:07.298,2019-10-24 08:24:45.285,26.369999,e/aPUWpNiJ,com.sec.android.app.shealth,d9a0f87b-7541-44a2-850e-2e584615cfc6,2019-10-12 00:00:00.000,
,,fa34bff0-6bf4-4ac6-957e-6705b5f92baf.extra_data.json,,,,0.0,1098949,1589.8813,,2019-11-14 12:51:26.699,2019-10-27 18:31:33.645,51.820004,e/aPUWpNiJ,com.sec.android.app.shealth,fa34bff0-6bf4-4ac6-957e-6705b5f92baf,2019-10-28 00:00:00.000,
,,4c0f6aa1-cbc3-4b6e-860d-fa61b5475835.extra_data.json,,,,0.0,1204468,1587.9147,,2019-11-14 12:51:26.663,2019-10-27 18:31:27.782,58.590004,e/aPUWpNiJ,com.sec.android.app.shealth,4c0f6aa1-cbc3-4b6e-860d-fa61b5475835,2019-10-27 00:00:00.000,
,,e912d81a-799d-4180-9ced-1485c4aff803.extra_data.json,,,,0.0,3470426,1545.6807,,2019-11-14 12:51:27.274,2019-11-14 12:50:51.928,171.80898,e/aPUWpNiJ,com.sec.android.app.shealth,e912d81a-799d-4180-9ced-1485c4aff803,2019-11-13 00:00:00.000,
,,acd80e5b-208f-4275-acff-c78dfd519df7.extra_data.json,,,,0.0,3863136,1538.3611,,2019-11-14 12:51:26.779,2019-11-14 12:50:51.289,199.16995,e/aPUWpNiJ,com.sec.android.app.shealth,acd80e5b-208f-4275-acff-c78dfd519df7,2019-10-31 00:00:00.000,
,,451d8e6a-8228-44c5-8bb3-19bc35fe1485.extra_data.json,,,,0.0,1415440,1583.9824,,2019-11-14 12:51:26.754,2019-11-14 12:50:51.249,74.219,e/aPUWpNiJ,com.sec.android.app.shealth,451d8e6a-8228-44c5-8bb3-19bc35fe1485,2019-10-30 00:00:00.000,
,,8244ee8c-b6c3-4ebd-8a72-fc49284c9268.extra_data.json,,,,0.0,3586170,1543.5234,,2019-11-14 12:51:27.062,2019-11-14 12:50:51.553,179.38005,e/aPUWpNiJ,com.sec.android.app.shealth,8244ee8c-b6c3-4ebd-8a72-fc49284c9268,2019-11-08 00:00:00.000,
,,92e0fb3b-9f9e-48f3-89a4-6c2223ae0800.extra_data.json,,,,0.0,4121993,1533.5365,,2019-11-14 12:51:26.951,2019-11-14 12:50:51.480,209.94003,e/aPUWpNiJ,com.sec.android.app.shealth,92e0fb3b-9f9e-48f3-89a4-6c2223ae0800,2019-11-06 00:00:00.000,
,,b0794032-2959-4497-89ee-6ed3d4eb8c28.extra_data.json,,,,0.0,3672907,1541.9067,,2019-11-14 12:51:26.905,2019-11-14 12:50:51.455,190.73102,e/aPUWpNiJ,com.sec.android.app.shealth,b0794032-2959-4497-89ee-6ed3d4eb8c28,2019-11-05 00:00:00.000,
,,dede39f0-a612-450d-8e1f-823162ed659f.extra_data.json,,,,0.0,868167,1594.1827,,2019-11-14 12:51:27.158,2019-11-14 12:50:51.616,42.909004,e/aPUWpNiJ,com.sec.android.app.shealth,dede39f0-a612-450d-8e1f-823162ed659f,2019-11-10 00:00:00.000,
,,ddf9d50d-3818-4f1e-bad0-6b0d93c77e81.extra_data.json,,,,0.0,2177287,1569.7827,,2019-11-14 12:51:26.853,2019-11-14 12:50:51.373,167.47433,e/aPUWpNiJ,com.sec.android.app.shealth,ddf9d50d-3818-4f1e-bad0-6b0d93c77e81,2019-11-03 00:00:00.000,
,,afb9ddf8-40e3-4e48-a0cc-6c5d00516b33.extra_data.json,,,,0.0,4359935,1529.1016,,2019-11-14 12:51:27.242,2019-11-14 12:50:51.688,219.36098,e/aPUWpNiJ,com.sec.android.app.shealth,afb9ddf8-40e3-4e48-a0cc-6c5d00516b33,2019-11-12 00:00:00.000,
,,2951d075-f80c-4121-8629-a7dd4b4fd7e6.extra_data.json,,,,0.0,851491,1594.4937,,2019-11-14 12:51:26.591,2019-10-27 18:31:27.645,41.66,e/aPUWpNiJ,com.sec.android.app.shealth,2951d075-f80c-4121-8629-a7dd4b4fd7e6,2019-10-25 00:00:00.000,
,,9c4172e4-4bb7-415d-8f87-54dd477b83ce.extra_data.json,,,,0.0,3354989,1547.8322,,2019-11-14 12:51:26.803,2019-11-14 12:50:51.319,172.68005,e/aPUWpNiJ,com.sec.android.app.shealth,9c4172e4-4bb7-415d-8f87-54dd477b83ce,2019-11-01 00:00:00.000,
,,b8b455ab-5f29-4ee6-9557-cf853bd61bff.extra_data.json,,,,0.0,3789443,1539.7347,,2019-11-14 12:51:26.876,2019-11-14 12:50:51.427,190.41003,e/aPUWpNiJ,com.sec.android.app.shealth,b8b455ab-5f29-4ee6-9557-cf853bd61bff,2019-11-04 00:00:00.000,
,,69cb46f2-2c5d-4c18-860b-8fa018c32620.extra_data.json,,,,0.0,1215731,1587.7047,,2019-11-14 12:51:27.110,2019-11-14 12:50:51.586,62.471,e/aPUWpNiJ,com.sec.android.app.shealth,69cb46f2-2c5d-4c18-860b-8fa018c32620,2019-11-09 00:00:00.000,
,,6d28ae7b-acb9-4f91-bada-0fea77049407.extra_data.json,,,,0.0,2010060,1572.8995,,2019-11-14 12:51:27.202,2019-11-14 12:50:51.646,159.3223,e/aPUWpNiJ,com.sec.android.app.shealth,6d28ae7b-acb9-4f91-bada-0fea77049407,2019-11-11 00:00:00.000,
,,2d89896f-9233-4260-a058-495e6145294d.extra_data.json,,,,0.0,893375,1593.7129,,2019-11-14 12:51:26.830,2019-11-14 12:50:51.347,45.83,e/aPUWpNiJ,com.sec.android.app.shealth,2d89896f-9233-4260-a058-495e6145294d,2019-11-02 00:00:00.000,
,,4dc0d6f9-73a6-4d00-8937-9c41b1e2d31a.extra_data.json,,,,0.0,547873,1600.1526,,2019-11-14 12:51:26.637,2019-10-27 18:31:27.705,27.479996,e/aPUWpNiJ,com.sec.android.app.shealth,4dc0d6f9-73a6-4d00-8937-9c41b1e2d31a,2019-10-26 00:00:00.000,
,,d308c423-b19e-4105-99c4-cc7152f127bf.extra_data.json,,,,0.0,3513499,1544.8779,,2019-11-14 12:51:26.731,2019-11-14 12:50:51.215,176.09001,e/aPUWpNiJ,com.sec.android.app.shealth,d308c423-b19e-4105-99c4-cc7152f127bf,2019-10-29 00:00:00.000,
,,4b47e1b0-f07d-490d-bda4-6011347d4849.extra_data.json,,,,0.0,4177174,1532.5079,,2019-11-14 12:51:26.988,2019-11-14 12:50:51.514,210.35898,e/aPUWpNiJ,com.sec.android.app.shealth,4b47e1b0-f07d-490d-bda4-6011347d4849,2019-11-07 00:00:00.000,
,,798fa2f5-8292-41b6-aa96-0efc8ba81f0c.extra_data.json,,,,0.0,0,1610.3641,,2019-12-20 03:43:04.986,2019-12-20 03:43:04.986,0.0,e/aPUWpNiJ,com.sec.android.app.shealth,798fa2f5-8292-41b6-aa96-0efc8ba81f0c,2019-11-27 00:00:00.000,
,,34c34d62-10c9-4494-b508-6c4cd684fca3.extra_data.json,,,,0.0,0,1610.3641,,2019-12-20 03:43:06.389,2019-12-20 03:43:06.389,0.0,e/aPUWpNiJ,com.sec.android.app.shealth,34c34d62-10c9-4494-b508-6c4cd684fca3,2019-12-18 00:00:00.000,
,,1ad4980e-f1f7-46c1-af03-8f924e38e8e5.extra_data.json,,,,0.0,0,1610.3641,,2019-12-20 03:43:04.775,2019-12-20 03:43:04.775,0.0,e/aPUWpNiJ,com.sec.android.app.shealth,1ad4980e-f1f7-46c1-af03-8f924e38e8e5,2019-11-24 00:00:00.000,
,,de4727f8-10c7-4182-845e-de53ee573091.extra_data.json,,,,0.0,0,1610.3641,,2019-12-20 03:43:05.468,2019-12-20 03:43:05.468,0.0,e/aPUWpNiJ,com.sec.android.app.shealth,de4727f8-10c7-4182-845e-de53ee573091,2019-12-07 00:00:00.000,
,,afc2cae6-2303-4479-9018-bd44bd20ca26.extra_data.json,,,,0.0,0,1610.3641,,2019-12-20 03:43:05.294,2019-12-20 03:43:05.294,0.0,e/aPUWpNiJ,com.sec.android.app.shealth,afc2cae6-2303-4479-9018-bd44bd20ca26,2019-12-03 00:00:00.000,
,,03509a09-c855-4640-823a-feac76fe30e7.extra_data.json,,,,0.0,0,1610.3641,,2019-12-20 03:43:06.215,2019-12-20 03:43:06.215,0.0,e/aPUWpNiJ,com.sec.android.app.shealth,03509a09-c855-4640-823a-feac76fe30e7,2019-12-15 00:00:00.000,
,,019f408b-7593-4b5b-9d74-7d215c40c9e7.extra_data.json,,,,0.0,0,1610.3641,,2019-12-20 03:43:04.846,2019-12-20 03:43:04.846,0.0,e/aPUWpNiJ,com.sec.android.app.shealth,019f408b-7593-4b5b-9d74-7d215c40c9e7,2019-11-25 00:00:00.000,
,,aa530289-8f0b-4938-bc85-7422d132b7a9.extra_data.json,,,,0.0,0,1610.3641,,2019-12-20 03:43:06.338,2019-12-20 03:43:06.338,0.0,e/aPUWpNiJ,com.sec.android.app.shealth,aa530289-8f0b-4938-bc85-7422d132b7a9,2019-12-17 00:00:00.000,
,,b54beba0-74a3-4f29-acea-77037d530174.extra_data.json,,,,0.0,0,1610.3641,,2019-12-20 03:43:05.607,2019-12-20 03:43:05.607,0.0,e/aPUWpNiJ,com.sec.android.app.shealth,b54beba0-74a3-4f29-acea-77037d530174,2019-12-10 00:00:00.000,
,,e0be07e2-dcd9-44d3-887b-00ffdfd3e5ed.extra_data.json,,,,0.0,0,1610.3641,,2019-12-20 03:43:05.669,2019-12-20 03:43:05.669,0.0,e/aPUWpNiJ,com.sec.android.app.shealth,e0be07e2-dcd9-44d3-887b-00ffdfd3e5ed,2019-12-11 00:00:00.000,
,,17070cd6-ed78-4119-adc5-39e5b24c46c9.extra_data.json,,,,0.0,0,1610.3641,,2019-12-20 03:43:06.437,2019-12-20 03:43:06.437,0.0,e/aPUWpNiJ,com.sec.android.app.shealth,17070cd6-ed78-4119-adc5-39e5b24c46c9,2019-12-19 00:00:00.000,
,,d3df4b80-2584-4b5d-9df7-6f366f221d04.extra_data.json,,,,0.0,0,1610.3641,,2019-12-20 03:43:05.056,2019-12-20 03:43:05.056,0.0,e/aPUWpNiJ,com.sec.android.app.shealth,d3df4b80-2584-4b5d-9df7-6f366f221d04,2019-11-29 00:00:00.000,
,,0de0cae1-fa83-4796-b691-d66207a406cb.extra_data.json,,,,0.0,0,1610.3641,,2019-12-20 03:43:05.014,2019-12-20 03:43:05.014,0.0,e/aPUWpNiJ,com.sec.android.app.shealth,0de0cae1-fa83-4796-b691-d66207a406cb,2019-11-28 00:00:00.000,
,,89450717-29f3-4485-b587-c19aea61118c.extra_data.json,,,,0.0,0,1610.3641,,2019-12-20 03:43:05.253,2019-12-20 03:43:05.253,0.0,e/aPUWpNiJ,com.sec.android.app.shealth,89450717-29f3-4485-b587-c19aea61118c,2019-12-02 00:00:00.000,
,,0c0acc0b-b499-4104-a12a-a42857007af0.extra_data.json,,,,0.0,0,1610.3641,,2019-12-20 03:43:04.660,2019-12-20 03:43:04.660,0.0,e/aPUWpNiJ,com.sec.android.app.shealth,0c0acc0b-b499-4104-a12a-a42857007af0,2019-11-23 00:00:00.000,
,,f259079a-cf22-441c-9c0a-df661a29f19b.extra_data.json,,,,0.0,0,1610.3641,,2019-12-20 03:43:05.367,2019-12-20 03:43:05.367,0.0,e/aPUWpNiJ,com.sec.android.app.shealth,f259079a-cf22-441c-9c0a-df661a29f19b,2019-12-05 00:00:00.000,
,,62b38fa9-1ee3-433f-b959-16ec583b65c5.extra_data.json,,,,0.0,0,1610.3641,,2019-12-20 03:43:05.409,2019-12-20 03:43:05.409,0.0,e/aPUWpNiJ,com.sec.android.app.shealth,62b38fa9-1ee3-433f-b959-16ec583b65c5,2019-12-06 00:00:00.000,
,,f49de49b-0693-41ea-9c23-3eb8e4932eca.extra_data.json,,,,0.0,0,1610.3641,,2019-12-20 03:43:05.509,2019-12-20 03:43:05.509,0.0,e/aPUWpNiJ,com.sec.android.app.shealth,f49de49b-0693-41ea-9c23-3eb8e4932eca,2019-12-08 00:00:00.000,
,,92d587eb-9a6d-4249-a079-b05b1cc28eba.extra_data.json,,,,0.0,0,1610.3641,,2019-12-20 03:43:06.106,2019-12-20 03:43:06.106,0.0,e/aPUWpNiJ,com.sec.android.app.shealth,92d587eb-9a6d-4249-a079-b05b1cc28eba,2019-12-13 00:00:00.000,
,,d666f858-43e8-4f50-81b2-240a107ca41e.extra_data.json,,,,0.0,0,1610.3641,,2019-12-20 03:43:05.118,2019-12-20 03:43:05.118,0.0,e/aPUWpNiJ,com.sec.android.app.shealth,d666f858-43e8-4f50-81b2-240a107ca41e,2019-11-30 00:00:00.000,
,,816c6999-662d-4a2b-93c2-2213bd936773.extra_data.json,,,,0.0,3704408,1491.1462,,2019-11-14 17:45:08.087,2019-11-14 12:50:47.162,187.26704,e/aPUWpNiJ,com.sec.android.app.shealth,816c6999-662d-4a2b-93c2-2213bd936773,2019-11-14 00:00:00.000,
,,b4a89ef5-f0fc-4cb9-b215-b634fcd0a244.extra_data.json,,,,0.0,0,1610.3641,,2019-12-20 03:43:06.149,2019-12-20 03:43:06.149,0.0,e/aPUWpNiJ,com.sec.android.app.shealth,b4a89ef5-f0fc-4cb9-b215-b634fcd0a244,2019-12-14 00:00:00.000,
,,faf08134-6c0d-429d-9795-949d1e9e5f32.extra_data.json,,,,0.0,0,1610.3641,,2019-12-20 03:43:05.212,2019-12-20 03:43:05.212,0.0,e/aPUWpNiJ,com.sec.android.app.shealth,faf08134-6c0d-429d-9795-949d1e9e5f32,2019-12-01 00:00:00.000,
,,56d6369c-3251-47e3-be9b-e67310eb977f.extra_data.json,,,,0.0,0,1610.3641,,2019-12-20 03:43:05.732,2019-12-20 03:43:05.732,0.0,e/aPUWpNiJ,com.sec.android.app.shealth,56d6369c-3251-47e3-be9b-e67310eb977f,2019-12-12 00:00:00.000,
,,f5962199-ef85-4da8-9ee4-e18a8fdc26de.extra_data.json,,,,0.0,0,1610.3641,,2019-12-20 03:43:06.268,2019-12-20 03:43:06.268,0.0,e/aPUWpNiJ,com.sec.android.app.shealth,f5962199-ef85-4da8-9ee4-e18a8fdc26de,2019-12-16 00:00:00.000,
,,459387fc-0ff9-48e2-8a84-4ea630196fd2.extra_data.json,,,,0.0,0,1610.3641,,2019-12-20 03:43:05.339,2019-12-20 03:43:05.339,0.0,e/aPUWpNiJ,com.sec.android.app.shealth,459387fc-0ff9-48e2-8a84-4ea630196fd2,2019-12-04 00:00:00.000,
,,622fc638-61b1-4cd9-9a98-352ba9e1bbc7.extra_data.json,,,,0.0,0,1610.3641,,2019-12-20 03:43:05.570,2019-12-20 03:43:05.570,0.0,e/aPUWpNiJ,com.sec.android.app.shealth,622fc638-61b1-4cd9-9a98-352ba9e1bbc7,2019-12-09 00:00:00.000,
,,2398902c-e0c2-4f30-abe3-62f45cb04d99.extra_data.json,,,,0.0,0,1610.3641,,2019-12-20 03:43:04.934,2019-12-20 03:43:04.934,0.0,e/aPUWpNiJ,com.sec.android.app.shealth,2398902c-e0c2-4f30-abe3-62f45cb04d99,2019-11-26 00:00:00.000,
,,cc7164ab-3a0c-4183-b64a-ce961ef2320b.extra_data.json,,,,0.0,1231521,1587.4104,,2019-12-20 18:30:00.478,2019-12-20 03:42:59.877,72.77904,e/aPUWpNiJ,com.sec.android.app.shealth,cc7164ab-3a0c-4183-b64a-ce961ef2320b,2019-12-20 00:00:00.000,
,,5c45b2b8-cebd-4769-b715-6741a4e5f553.extra_data.json,,,,0.0,2035401,629.17017,,2019-12-21 04:26:31.950,2019-12-20 18:30:00.394,132.42966,e/aPUWpNiJ,com.sec.android.app.shealth,5c45b2b8-cebd-4769-b715-6741a4e5f553,2019-12-21 00:00:00.000,
,,a794edcd-d977-4803-9033-9f6edce2d9f1.extra_data.json,,,,0.0,0,1829.4144,,2020-03-03 00:51:07.199,2020-03-03 00:51:07.199,0.0,e/aPUWpNiJ,com.sec.android.app.shealth,a794edcd-d977-4803-9033-9f6edce2d9f1,2020-02-29 00:00:00.000,
,,7f4bd36a-0e0b-4da0-a294-1f1b62a7da3e.extra_data.json,,,,0.0,0,1829.4144,,2020-03-03 00:51:07.214,2020-03-03 00:51:07.214,0.0,e/aPUWpNiJ,com.sec.android.app.shealth,7f4bd36a-0e0b-4da0-a294-1f1b62a7da3e,2020-03-01 00:00:00.000,
,,5efbc33c-6a99-4cd0-85b4-cc6f5829304f.extra_data.json,,,,0.0,0,1829.4144,,2020-03-03 00:51:07.092,2020-03-03 00:51:07.092,0.0,e/aPUWpNiJ,com.sec.android.app.shealth,5efbc33c-6a99-4cd0-85b4-cc6f5829304f,2020-02-22 00:00:00.000,
,,ea32ca16-698c-4c39-a7d3-4c231185664e.extra_data.json,,,,0.0,755444,1813.419,,2020-02-11 14:51:07.150,2020-02-11 11:06:00.291,40.809002,e/aPUWpNiJ,com.sec.android.app.shealth,ea32ca16-698c-4c39-a7d3-4c231185664e,2020-02-02 00:00:00.000,
,,fc691a59-4341-4288-b5fe-a2a57bedfd5d.extra_data.json,,,,0.0,4827726,1727.1932,,2020-02-11 14:51:07.122,2020-02-11 11:06:00.264,279.68933,e/aPUWpNiJ,com.sec.android.app.shealth,fc691a59-4341-4288-b5fe-a2a57bedfd5d,2020-02-01 00:00:00.000,
,,cd2f59e6-dbaa-4ff1-8b12-1ea0affd95dd.extra_data.json,,,,0.0,4428621,1735.6438,,2020-02-11 14:51:06.850,2020-02-11 11:06:00.160,242.25105,e/aPUWpNiJ,com.sec.android.app.shealth,cd2f59e6-dbaa-4ff1-8b12-1ea0affd95dd,2020-01-27 00:00:00.000,
,,7aeab404-0f38-4805-abcf-aa361be354e7.extra_data.json,,,,0.0,1656011,1760.186,,2020-03-03 00:52:07.481,2020-02-11 11:06:00.434,91.58099,e/aPUWpNiJ,com.sec.android.app.shealth,7aeab404-0f38-4805-abcf-aa361be354e7,2020-02-09 00:00:00.000,
,,e3fa813c-a206-425f-9abc-d87caf29d313.extra_data.json,,,,0.0,5668062,1709.4001,,2020-02-11 14:51:07.209,2020-02-11 11:06:00.332,312.58093,e/aPUWpNiJ,com.sec.android.app.shealth,e3fa813c-a206-425f-9abc-d87caf29d313,2020-02-04 00:00:00.000,
,,3cc2f779-abbe-4452-8c79-8c33f92299f3.extra_data.json,,,,0.0,7380645,1673.1383,,2020-02-11 14:51:06.716,2020-02-11 11:06:00.106,477.47742,e/aPUWpNiJ,com.sec.android.app.shealth,3cc2f779-abbe-4452-8c79-8c33f92299f3,2020-01-24 00:00:00.000,
,,4ecc4d51-0d31-4fa8-ad6e-33079c8acde9.extra_data.json,,,,0.0,964718,1808.9877,,2020-02-11 14:51:06.040,2020-02-11 11:05:59.991,52.22001,e/aPUWpNiJ,com.sec.android.app.shealth,4ecc4d51-0d31-4fa8-ad6e-33079c8acde9,2020-01-19 00:00:00.000,
,,8dbb3072-0875-4f20-869c-dc9342c78791.extra_data.json,,,,0.0,6712832,1687.2784,,2020-02-11 14:51:07.180,2020-02-11 11:06:00.312,373.85913,e/aPUWpNiJ,com.sec.android.app.shealth,8dbb3072-0875-4f20-869c-dc9342c78791,2020-02-03 00:00:00.000,
,,7424d988-4116-4554-a8fa-43682a3885de.extra_data.json,,,,0.0,0,1829.4144,,2020-03-03 00:51:07.136,2020-03-03 00:51:07.136,0.0,e/aPUWpNiJ,com.sec.android.app.shealth,7424d988-4116-4554-a8fa-43682a3885de,2020-02-25 00:00:00.000,
,,7d76351f-d655-44ee-a82b-9ada744101cd.extra_data.json,,,,0.0,0,1829.4144,,2020-02-15 18:31:19.142,2020-02-15 18:31:19.142,0.0,e/aPUWpNiJ,com.sec.android.app.shealth,7d76351f-d655-44ee-a82b-9ada744101cd,2020-02-14 00:00:00.000,
,,c61560ee-f899-40e0-a6cf-87e331dacdad.extra_data.json,,,,0.0,6445367,1692.9417,,2020-02-11 14:51:06.168,2020-02-11 11:06:00.033,340.59567,e/aPUWpNiJ,com.sec.android.app.shealth,c61560ee-f899-40e0-a6cf-87e331dacdad,2020-01-21 00:00:00.000,
,,fe246671-7d3c-4212-9bdc-5108883010be.extra_data.json,,,,0.0,0,1829.4144,,2020-03-03 00:51:07.231,2020-03-03 00:51:07.231,0.0,e/aPUWpNiJ,com.sec.android.app.shealth,fe246671-7d3c-4212-9bdc-5108883010be,2020-03-02 00:00:00.000,
,,35de7eef-0e77-4ddc-950b-08caf634d708.extra_data.json,,,,0.0,4753921,1728.756,,2020-02-11 14:51:06.011,2020-02-11 11:05:59.974,298.37073,e/aPUWpNiJ,com.sec.android.app.shealth,35de7eef-0e77-4ddc-950b-08caf634d708,2020-01-18 00:00:00.000,
,,7b40a35c-bc1a-4f5c-b631-f8c68f5550d4.extra_data.json,,,,0.0,6048946,1701.3354,,2020-02-11 14:51:05.935,2020-02-11 11:05:59.837,346.3435,e/aPUWpNiJ,com.sec.android.app.shealth,7b40a35c-bc1a-4f5c-b631-f8c68f5550d4,2020-01-16 00:00:00.000,
,,3c43b956-e86b-43b7-9293-e223e3638f4b.extra_data.json,,,,0.0,0,1829.4144,,2020-03-03 00:51:07.015,2020-03-03 00:51:07.015,0.0,e/aPUWpNiJ,com.sec.android.app.shealth,3c43b956-e86b-43b7-9293-e223e3638f4b,2020-02-17 00:00:00.000,
,,f70f2a3a-ff56-481d-b870-43fc4e8cf9dd.extra_data.json,,,,0.0,0,1829.4144,,2020-03-03 00:51:07.120,2020-03-03 00:51:07.120,0.0,e/aPUWpNiJ,com.sec.android.app.shealth,f70f2a3a-ff56-481d-b870-43fc4e8cf9dd,2020-02-24 00:00:00.000,
,,1f6da56b-d992-4017-8097-5b600e334ede.extra_data.json,,,,0.0,0,1829.4144,,2020-03-03 00:51:07.030,2020-03-03 00:51:07.030,0.0,e/aPUWpNiJ,com.sec.android.app.shealth,1f6da56b-d992-4017-8097-5b600e334ede,2020-02-18 00:00:00.000,
,,3f50ece5-c6b0-4efc-a7c8-af46e84af075.extra_data.json,,,,0.0,5022933,1690.2528,,2020-03-03 00:52:07.431,2020-02-11 11:06:00.369,272.85904,e/aPUWpNiJ,com.sec.android.app.shealth,3f50ece5-c6b0-4efc-a7c8-af46e84af075,2020-02-06 00:00:00.000,
,,5b8193d3-60f3-408c-a5a0-5ceac677b2fd.extra_data.json,,,,0.0,7036862,1680.4175,,2020-02-11 14:51:06.988,2020-02-11 11:06:00.179,386.58795,e/aPUWpNiJ,com.sec.android.app.shealth,5b8193d3-60f3-408c-a5a0-5ceac677b2fd,2020-01-28 00:00:00.000,
,,61486376-4b2a-4c09-824c-e623fa7407bf.extra_data.json,,,,0.0,7368251,1641.5392,,2020-03-03 00:52:07.466,2020-02-11 11:06:00.417,404.74225,e/aPUWpNiJ,com.sec.android.app.shealth,61486376-4b2a-4c09-824c-e623fa7407bf,2020-02-08 00:00:00.000,
,,4d0749ea-08ba-4af3-a686-d307989e9ea3.extra_data.json,,,,0.0,0,1829.4144,,2020-02-15 18:31:19.029,2020-02-15 18:31:19.029,0.0,e/aPUWpNiJ,com.sec.android.app.shealth,4d0749ea-08ba-4af3-a686-d307989e9ea3,2020-02-12 00:00:00.000,
,,5d64f631-29ff-4ced-b637-1a6f1186ddc7.extra_data.json,,,,0.0,6307337,1695.8644,,2020-02-11 14:51:07.093,2020-02-11 11:06:00.237,373.2574,e/aPUWpNiJ,com.sec.android.app.shealth,5d64f631-29ff-4ced-b637-1a6f1186ddc7,2020-01-31 00:00:00.000,
,,66e7d153-1705-475e-9b44-70e2a4f4fdc2.extra_data.json,,,,0.0,5336,1829.3015,,2020-03-03 00:51:06.926,2020-02-15 18:31:12.325,0.36777842,e/aPUWpNiJ,com.sec.android.app.shealth,66e7d153-1705-475e-9b44-70e2a4f4fdc2,2020-02-16 00:00:00.000,
,,abe8fc43-1054-4ede-abf8-7341d19835e5.extra_data.json,,,,0.0,5085921,1688.9446,,2020-03-03 00:52:07.496,2020-02-11 11:06:00.452,272.374,e/aPUWpNiJ,com.sec.android.app.shealth,abe8fc43-1054-4ede-abf8-7341d19835e5,2020-02-10 00:00:00.000,
,,45f990c2-166a-48ce-9649-0004c0dda230.extra_data.json,,,,0.0,4191716,1740.6602,,2020-02-11 14:51:06.746,2020-02-11 11:06:00.123,232.57288,e/aPUWpNiJ,com.sec.android.app.shealth,45f990c2-166a-48ce-9649-0004c0dda230,2020-01-25 00:00:00.000,
,,bc96e261-ece7-442d-beeb-f8a0c5d91343.extra_data.json,,,,0.0,2395440,1778.694,,2020-02-11 14:51:06.788,2020-02-11 11:06:00.141,136.99997,e/aPUWpNiJ,com.sec.android.app.shealth,bc96e261-ece7-442d-beeb-f8a0c5d91343,2020-01-26 00:00:00.000,
,,93236886-70af-4bff-8aa6-69be88cc4d48.extra_data.json,,,,0.0,0,1829.4144,,2020-03-03 00:51:07.080,2020-03-03 00:51:07.080,0.0,e/aPUWpNiJ,com.sec.android.app.shealth,93236886-70af-4bff-8aa6-69be88cc4d48,2020-02-21 00:00:00.000,
,,ccdb6d4b-2929-4eea-9988-623d6cc96607.extra_data.json,,,,0.0,0,1829.4144,,2020-03-03 00:51:07.155,2020-03-03 00:51:07.155,0.0,e/aPUWpNiJ,com.sec.android.app.shealth,ccdb6d4b-2929-4eea-9988-623d6cc96607,2020-02-26 00:00:00.000,
,,17d4fd93-a46c-41fa-8ff1-848386558b6e.extra_data.json,,,,0.0,0,1829.4144,,2020-02-15 18:31:19.075,2020-02-15 18:31:19.075,0.0,e/aPUWpNiJ,com.sec.android.app.shealth,17d4fd93-a46c-41fa-8ff1-848386558b6e,2020-02-13 00:00:00.000,
,,f8c9b145-f953-42dd-88ef-04c898702487.extra_data.json,,,,0.0,0,1829.4144,,2020-03-03 00:51:07.185,2020-03-03 00:51:07.185,0.0,e/aPUWpNiJ,com.sec.android.app.shealth,f8c9b145-f953-42dd-88ef-04c898702487,2020-02-28 00:00:00.000,
,,1ed5ecaa-114e-4057-8095-06db68777985.extra_data.json,,,,0.0,7508633,1670.4283,,2020-02-11 14:51:06.509,2020-02-11 11:06:00.069,416.59235,e/aPUWpNiJ,com.sec.android.app.shealth,1ed5ecaa-114e-4057-8095-06db68777985,2020-01-22 00:00:00.000,
,,71fcf846-430a-4e31-8141-72615f1f4b23.extra_data.json,,,,0.0,0,1829.4144,,2020-03-03 00:51:07.106,2020-03-03 00:51:07.106,0.0,e/aPUWpNiJ,com.sec.android.app.shealth,71fcf846-430a-4e31-8141-72615f1f4b23,2020-02-23 00:00:00.000,
,,0613bf00-9513-456a-8eb5-6416bbebf7bc.extra_data.json,,,,0.0,5104611,1688.5564,,2020-03-03 00:52:07.451,2020-02-11 11:06:00.396,282.34796,e/aPUWpNiJ,com.sec.android.app.shealth,0613bf00-9513-456a-8eb5-6416bbebf7bc,2020-02-07 00:00:00.000,
,,b8f02bd6-3d92-413a-8da4-d06221d20c5e.extra_data.json,,,,0.0,0,1829.4144,,2020-03-03 00:51:07.045,2020-03-03 00:51:07.045,0.0,e/aPUWpNiJ,com.sec.android.app.shealth,b8f02bd6-3d92-413a-8da4-d06221d20c5e,2020-02-19 00:00:00.000,
,,157e77cf-3815-44da-9fe1-eb156cce5d29.extra_data.json,,,,0.0,7398414,1640.9126,,2020-03-03 00:52:07.403,2020-02-11 11:06:00.348,492.93372,e/aPUWpNiJ,com.sec.android.app.shealth,157e77cf-3815-44da-9fe1-eb156cce5d29,2020-02-05 00:00:00.000,
,,270891d1-7b02-4bd9-bdb6-ca3618fb0984.extra_data.json,,,,0.0,6850379,1684.3661,,2020-02-11 14:51:07.033,2020-02-11 11:06:00.198,360.18924,e/aPUWpNiJ,com.sec.android.app.shealth,270891d1-7b02-4bd9-bdb6-ca3618fb0984,2020-01-29 00:00:00.000,
,,92c2b839-e593-48d2-88a4-9c4313617b74.extra_data.json,,,,0.0,7412037,1672.4736,,2020-02-11 14:51:06.634,2020-02-11 11:06:00.087,414.6536,e/aPUWpNiJ,com.sec.android.app.shealth,92c2b839-e593-48d2-88a4-9c4313617b74,2020-01-23 00:00:00.000,
,,c71cfe29-79b8-4f70-9c23-4a4ca795e5df.extra_data.json,,,,0.0,7996243,1660.1039,,2020-02-15 18:31:18.976,2020-02-11 11:05:56.752,438.13712,e/aPUWpNiJ,com.sec.android.app.shealth,c71cfe29-79b8-4f70-9c23-4a4ca795e5df,2020-02-11 00:00:00.000,
,,3d8c0fb4-aafe-4f2b-b5ce-5b94b7e32ff1.extra_data.json,,,,0.0,0,1829.4144,,2020-02-15 18:31:19.185,2020-02-15 18:31:19.185,0.0,e/aPUWpNiJ,com.sec.android.app.shealth,3d8c0fb4-aafe-4f2b-b5ce-5b94b7e32ff1,2020-02-15 00:00:00.000,
,,7d3760c7-ce36-494b-8d5e-b1c9bc8e90ef.extra_data.json,,,,0.0,2039786,1786.2246,,2020-02-11 14:51:06.105,2020-02-11 11:06:00.016,111.188995,e/aPUWpNiJ,com.sec.android.app.shealth,7d3760c7-ce36-494b-8d5e-b1c9bc8e90ef,2020-01-20 00:00:00.000,
,,601d861d-f8ce-4e5a-ae69-4068a7bd3ec9.extra_data.json,,,,0.0,0,1829.4144,,2020-03-03 00:51:07.060,2020-03-03 00:51:07.060,0.0,e/aPUWpNiJ,com.sec.android.app.shealth,601d861d-f8ce-4e5a-ae69-4068a7bd3ec9,2020-02-20 00:00:00.000,
,,40c07e44-ab4e-48ed-9a6a-7dbf58879ce2.extra_data.json,,,,0.0,3676195,1751.5756,,2020-02-11 14:51:05.983,2020-02-11 11:05:59.955,211.45323,e/aPUWpNiJ,com.sec.android.app.shealth,40c07e44-ab4e-48ed-9a6a-7dbf58879ce2,2020-01-17 00:00:00.000,
,,7ed201e5-c5a6-4aba-bdfc-a94a51870eeb.extra_data.json,,,,0.0,7221533,1676.5073,,2020-02-11 14:51:07.062,2020-02-11 11:06:00.216,470.13574,e/aPUWpNiJ,com.sec.android.app.shealth,7ed201e5-c5a6-4aba-bdfc-a94a51870eeb,2020-01-30 00:00:00.000,
,,5e5aeb28-22d5-4208-8ae3-18c0345abd23.extra_data.json,,,,0.0,0,1829.4144,,2020-03-03 00:51:07.171,2020-03-03 00:51:07.171,0.0,e/aPUWpNiJ,com.sec.android.app.shealth,5e5aeb28-22d5-4208-8ae3-18c0345abd23,2020-02-27 00:00:00.000,
,,1e3de014-a7cd-4d0b-8138-56e2e9cb66c7.extra_data.json,,,,0.0,7889677,1662.3601,,2020-02-11 14:51:05.892,2020-02-11 11:05:59.794,505.99786,e/aPUWpNiJ,com.sec.android.app.shealth,1e3de014-a7cd-4d0b-8138-56e2e9cb66c7,2020-01-15 00:00:00.000,
,,a43360b5-49d4-4593-9721-5e5ded6bc004.extra_data.json,,,,0.0,0,1794.5824,,2020-03-07 18:31:43.642,2020-03-07 18:31:43.642,0.0,e/aPUWpNiJ,com.sec.android.app.shealth,a43360b5-49d4-4593-9721-5e5ded6bc004,2020-03-04 00:00:00.000,
,,6d744545-a780-49fe-9f13-eb0753902e2f.extra_data.json,,,,0.0,0,1794.5824,,2020-03-07 18:31:43.751,2020-03-07 18:31:43.751,0.0,e/aPUWpNiJ,com.sec.android.app.shealth,6d744545-a780-49fe-9f13-eb0753902e2f,2020-03-07 00:00:00.000,
,,18b5e6b8-00b8-4dfb-92f1-e8bfa92af52c.extra_data.json,,,,0.0,0,1794.5824,,2020-03-07 18:31:43.718,2020-03-07 18:31:43.718,0.0,e/aPUWpNiJ,com.sec.android.app.shealth,18b5e6b8-00b8-4dfb-92f1-e8bfa92af52c,2020-03-06 00:00:00.000,
,,7d7b2eef-a4d4-4492-a448-545cb5ab21b7.extra_data.json,,,,0.0,2875883,1734.8485,,2020-03-07 18:31:43.608,2020-03-03 00:51:04.495,212.68509,e/aPUWpNiJ,com.sec.android.app.shealth,7d7b2eef-a4d4-4492-a448-545cb5ab21b7,2020-03-03 00:00:00.000,
,,0c69969f-4bcd-470d-ac89-d38957942865.extra_data.json,,,,0.0,0,1794.5824,,2020-03-07 18:31:43.674,2020-03-07 18:31:43.674,0.0,e/aPUWpNiJ,com.sec.android.app.shealth,0c69969f-4bcd-470d-ac89-d38957942865,2020-03-05 00:00:00.000,
,,8d143c51-f48b-4897-a9d3-e9ac6886f0f9.extra_data.json,,,,0.0,0,1794.5824,,2020-04-29 00:49:08.170,2020-04-29 00:49:08.170,0.0,e/aPUWpNiJ,com.sec.android.app.shealth,8d143c51-f48b-4897-a9d3-e9ac6886f0f9,2020-04-03 00:00:00.000,
,,3fe7b218-019a-485a-9b85-96394ffef438.extra_data.json,,,,0.0,0,1794.5824,,2020-04-29 00:49:08.683,2020-04-29 00:49:08.683,0.0,e/aPUWpNiJ,com.sec.android.app.shealth,3fe7b218-019a-485a-9b85-96394ffef438,2020-04-10 00:00:00.000,
,,c2cb2ec2-a401-4289-86df-04b16b00b13b.extra_data.json,,,,0.0,0,1794.5824,,2020-04-29 00:49:08.399,2020-04-29 00:49:08.399,0.0,e/aPUWpNiJ,com.sec.android.app.shealth,c2cb2ec2-a401-4289-86df-04b16b00b13b,2020-04-06 00:00:00.000,
,,fa466a02-68e9-4548-9adc-848ecde4aa43.extra_data.json,,,,0.0,0,1794.5824,,2020-04-29 00:49:09.032,2020-04-29 00:49:09.032,0.0,e/aPUWpNiJ,com.sec.android.app.shealth,fa466a02-68e9-4548-9adc-848ecde4aa43,2020-04-14 00:00:00.000,
,,5fc4bad4-6ca6-4105-b743-ae3e0e0c4a3c.extra_data.json,,,,0.0,4402,77.252556,,2020-03-07 19:32:03.728,2020-03-07 18:31:39.112,0.7354046,e/aPUWpNiJ,com.sec.android.app.shealth,5fc4bad4-6ca6-4105-b743-ae3e0e0c4a3c,2020-03-08 00:00:00.000,
,,668a3918-cc11-4da0-a01f-07e41bdd745a.extra_data.json,,,,0.0,0,1794.5824,,2020-04-29 00:49:08.838,2020-04-29 00:49:08.838,0.0,e/aPUWpNiJ,com.sec.android.app.shealth,668a3918-cc11-4da0-a01f-07e41bdd745a,2020-04-12 00:00:00.000,
,,f0b37182-472c-4aed-b8fb-939bee0c77d9.extra_data.json,,,,0.0,0,1794.5824,,2020-04-29 00:49:08.766,2020-04-29 00:49:08.766,0.0,e/aPUWpNiJ,com.sec.android.app.shealth,f0b37182-472c-4aed-b8fb-939bee0c77d9,2020-04-11 00:00:00.000,
,,ded7d2c1-bffd-4c21-b7ed-a9d7e2c2344f.extra_data.json,,,,0.0,0,1794.5824,,2020-04-29 00:49:08.216,2020-04-29 00:49:08.216,0.0,e/aPUWpNiJ,com.sec.android.app.shealth,ded7d2c1-bffd-4c21-b7ed-a9d7e2c2344f,2020-04-04 00:00:00.000,
,,8653b219-0641-46ca-8406-b762dba9c24b.extra_data.json,,,,0.0,0,1794.5824,,2020-04-29 00:49:07.993,2020-04-29 00:49:07.993,0.0,e/aPUWpNiJ,com.sec.android.app.shealth,8653b219-0641-46ca-8406-b762dba9c24b,2020-04-02 00:00:00.000,
,,f200e8fd-aa36-4907-a7f8-d9d899c3e3c1.extra_data.json,,,,0.0,0,1794.5824,,2020-04-29 00:49:08.624,2020-04-29 00:49:08.624,0.0,e/aPUWpNiJ,com.sec.android.app.shealth,f200e8fd-aa36-4907-a7f8-d9d899c3e3c1,2020-04-09 00:00:00.000,
,,066f034d-d8bb-430e-85cd-bb4cdf246760.extra_data.json,,,,0.0,0,1794.5824,,2020-04-29 00:49:09.444,2020-04-29 00:49:09.444,0.0,e/aPUWpNiJ,com.sec.android.app.shealth,066f034d-d8bb-430e-85cd-bb4cdf246760,2020-04-21 00:00:00.000,
,,0cb4e5bb-faa8-42d7-96aa-f8bde95e9860.extra_data.json,,,,0.0,0,1794.5824,,2020-04-29 00:49:09.497,2020-04-29 00:49:09.497,0.0,e/aPUWpNiJ,com.sec.android.app.shealth,0cb4e5bb-faa8-42d7-96aa-f8bde95e9860,2020-04-22 00:00:00.000,
,,f691c6db-1c0d-4448-ade1-be4ff45d87f3.extra_data.json,,,,0.0,0,1794.5824,,2020-04-29 00:49:09.773,2020-04-29 00:49:09.773,0.0,e/aPUWpNiJ,com.sec.android.app.shealth,f691c6db-1c0d-4448-ade1-be4ff45d87f3,2020-04-28 00:00:00.000,
,,66e20dfb-3506-4ec9-b8ce-fa5abf09df77.extra_data.json,,,,0.0,0,1794.5824,,2020-04-29 00:49:09.396,2020-04-29 00:49:09.396,0.0,e/aPUWpNiJ,com.sec.android.app.shealth,66e20dfb-3506-4ec9-b8ce-fa5abf09df77,2020-04-20 00:00:00.000,
,,ed7fd790-f527-464c-968d-24a5b5404cca.extra_data.json,,,,0.0,0,1794.5824,,2020-04-29 00:49:08.557,2020-04-29 00:49:08.557,0.0,e/aPUWpNiJ,com.sec.android.app.shealth,ed7fd790-f527-464c-968d-24a5b5404cca,2020-04-08 00:00:00.000,
,,e037d594-5c24-4e74-aae4-67fe1532411f.extra_data.json,,,,0.0,0,1794.5824,,2020-04-29 00:49:09.230,2020-04-29 00:49:09.230,0.0,e/aPUWpNiJ,com.sec.android.app.shealth,e037d594-5c24-4e74-aae4-67fe1532411f,2020-04-17 00:00:00.000,
,,f231ec47-2bff-4acb-ba46-08f0b9b36ed9.extra_data.json,,,,0.0,0,1794.5824,,2020-04-29 00:49:08.898,2020-04-29 00:49:08.898,0.0,e/aPUWpNiJ,com.sec.android.app.shealth,f231ec47-2bff-4acb-ba46-08f0b9b36ed9,2020-04-13 00:00:00.000,
,,5427cb07-6c92-4a00-9c32-79b403727352.extra_data.json,,,,0.0,0,1794.5824,,2020-04-29 00:49:09.590,2020-04-29 00:49:09.590,0.0,e/aPUWpNiJ,com.sec.android.app.shealth,5427cb07-6c92-4a00-9c32-79b403727352,2020-04-25 00:00:00.000,
,,25a48e42-45ec-4a13-844e-5d7cd9747a0c.extra_data.json,,,,0.0,0,1794.5824,,2020-04-29 00:49:09.667,2020-04-29 00:49:09.667,0.0,e/aPUWpNiJ,com.sec.android.app.shealth,25a48e42-45ec-4a13-844e-5d7cd9747a0c,2020-04-26 00:00:00.000,
,,24bd584a-90ab-4c8e-baa5-4bf15c207a50.extra_data.json,,,,0.0,0,1794.5824,,2020-04-29 00:49:09.715,2020-04-29 00:49:09.715,0.0,e/aPUWpNiJ,com.sec.android.app.shealth,24bd584a-90ab-4c8e-baa5-4bf15c207a50,2020-04-27 00:00:00.000,
,,7185ea78-ff0d-4881-80f9-7fb0089f58f5.extra_data.json,,,,0.0,0,1794.5824,,2020-04-29 00:49:09.070,2020-04-29 00:49:09.070,0.0,e/aPUWpNiJ,com.sec.android.app.shealth,7185ea78-ff0d-4881-80f9-7fb0089f58f5,2020-04-15 00:00:00.000,
,,315b5134-8216-4578-bc33-14b6ddae8d8d.extra_data.json,,,,0.0,0,1794.5824,,2020-04-29 00:49:08.483,2020-04-29 00:49:08.483,0.0,e/aPUWpNiJ,com.sec.android.app.shealth,315b5134-8216-4578-bc33-14b6ddae8d8d,2020-04-07 00:00:00.000,
,,93680052-98de-49ae-9975-d762a4b44db3.extra_data.json,,,,0.0,0,1794.5824,,2020-04-29 00:49:09.135,2020-04-29 00:49:09.135,0.0,e/aPUWpNiJ,com.sec.android.app.shealth,93680052-98de-49ae-9975-d762a4b44db3,2020-04-16 00:00:00.000,
,,2c86ed76-7a53-47f8-99f1-3269c35ee352.extra_data.json,,,,0.0,0,1794.5824,,2020-04-29 00:49:08.330,2020-04-29 00:49:08.330,0.0,e/aPUWpNiJ,com.sec.android.app.shealth,2c86ed76-7a53-47f8-99f1-3269c35ee352,2020-04-05 00:00:00.000,
,,0123c9aa-827c-43e9-90f9-1f0658f24781.extra_data.json,,,,0.0,0,1794.5824,,2020-04-29 00:49:09.304,2020-04-29 00:49:09.304,0.0,e/aPUWpNiJ,com.sec.android.app.shealth,0123c9aa-827c-43e9-90f9-1f0658f24781,2020-04-18 00:00:00.000,
,,12069102-0a37-497f-90db-114d17e5d510.extra_data.json,,,,0.0,0,1794.5824,,2020-04-29 00:49:09.553,2020-04-29 00:49:09.553,0.0,e/aPUWpNiJ,com.sec.android.app.shealth,12069102-0a37-497f-90db-114d17e5d510,2020-04-24 00:00:00.000,
,,e423644b-1356-4e21-aea5-c8a0b1fa7f1b.extra_data.json,,,,0.0,0,1794.5824,,2020-04-29 00:49:09.526,2020-04-29 00:49:09.526,0.0,e/aPUWpNiJ,com.sec.android.app.shealth,e423644b-1356-4e21-aea5-c8a0b1fa7f1b,2020-04-23 00:00:00.000,
,,17b2dd08-088b-4c75-be4c-b05563832f5a.extra_data.json,,,,0.0,0,1794.5824,,2020-04-29 00:49:09.348,2020-04-29 00:49:09.348,0.0,e/aPUWpNiJ,com.sec.android.app.shealth,17b2dd08-088b-4c75-be4c-b05563832f5a,2020-04-19 00:00:00.000,
,,ddc4fa71-ba5f-44a3-9973-0a882c9581a6.extra_data.json,,,,0.0,0,1794.5824,,2020-12-11 02:10:35.737,2020-12-11 02:09:41.301,0.0,e/aPUWpNiJ,com.sec.android.app.shealth,ddc4fa71-ba5f-44a3-9973-0a882c9581a6,2020-11-23 00:00:00.000,
,,f7c0371f-2948-4030-90e3-10d43249e98b.extra_data.json,,,,0.0,0,1788.9053,,2021-03-30 05:30:15.593,2021-03-30 05:30:15.593,0.0,e/aPUWpNiJ,com.sec.android.app.shealth,f7c0371f-2948-4030-90e3-10d43249e98b,2021-03-03 00:00:00.000,
,,82d8bb76-32d7-4e57-addd-196947c485de.extra_data.json,,,,0.0,0,1794.5824,,2020-12-11 02:10:35.854,2020-12-11 02:09:42.269,0.0,e/aPUWpNiJ,com.sec.android.app.shealth,82d8bb76-32d7-4e57-addd-196947c485de,2020-12-03 00:00:00.000,
,,dc9fc26d-29b0-4b59-bdf9-8508834d63b9.extra_data.json,,,,0.0,0,1794.5824,,2020-08-20 09:31:21.232,2020-08-20 09:30:23.327,0.0,e/aPUWpNiJ,com.sec.android.app.shealth,dc9fc26d-29b0-4b59-bdf9-8508834d63b9,2020-08-12 00:00:00.000,
,,35bc3d7d-0f60-4b19-b3a1-8271c9c9fca7.extra_data.json,,,,0.0,0,1794.5824,,2020-08-20 09:31:21.294,2020-08-20 09:30:23.388,0.0,e/aPUWpNiJ,com.sec.android.app.shealth,35bc3d7d-0f60-4b19-b3a1-8271c9c9fca7,2020-08-14 00:00:00.000,
,,5331b6bb-d2f2-4e17-a983-691a33c06416.extra_data.json,,,,0.0,0,1794.5824,,2020-08-20 09:31:21.210,2020-08-20 09:30:23.296,0.0,e/aPUWpNiJ,com.sec.android.app.shealth,5331b6bb-d2f2-4e17-a983-691a33c06416,2020-08-11 00:00:00.000,
,,36c6e537-0b61-4d0b-8be4-95626491a524.extra_data.json,,,,0.0,0,1794.5824,,2020-12-11 02:10:35.658,2020-12-11 02:09:41.011,0.0,e/aPUWpNiJ,com.sec.android.app.shealth,36c6e537-0b61-4d0b-8be4-95626491a524,2020-11-18 00:00:00.000,
,,dee1f161-4540-431f-9445-99d9b8bd21d8.extra_data.json,,,,0.0,0,1794.5824,,2020-08-20 09:31:21.067,2020-08-20 09:30:23.120,0.0,e/aPUWpNiJ,com.sec.android.app.shealth,dee1f161-4540-431f-9445-99d9b8bd21d8,2020-08-06 00:00:00.000,
,,f6b05aa7-11f7-4035-b761-fa70cca98a5f.extra_data.json,,,,0.0,0,1794.5824,,2020-12-11 02:10:35.776,2020-12-11 02:09:41.687,0.0,e/aPUWpNiJ,com.sec.android.app.shealth,f6b05aa7-11f7-4035-b761-fa70cca98a5f,2020-11-27 00:00:00.000,
,,f4704bb1-814d-4ba0-b8b0-78a97fa56b4f.extra_data.json,,,,0.0,0,1794.5824,,2020-08-20 09:31:21.341,2020-08-20 09:30:23.438,0.0,e/aPUWpNiJ,com.sec.android.app.shealth,f4704bb1-814d-4ba0-b8b0-78a97fa56b4f,2020-08-16 00:00:00.000,
,,6a81036b-9468-4e0d-803a-3bbb7bd6ddb8.extra_data.json,,,,0.0,0,1794.5824,,2020-08-20 09:31:20.691,2020-08-20 09:30:22.828,0.0,e/aPUWpNiJ,com.sec.android.app.shealth,6a81036b-9468-4e0d-803a-3bbb7bd6ddb8,2020-07-27 00:00:00.000,
,,673ec12d-2f46-457b-bc3c-d0355135769c.extra_data.json,,,,0.0,0,1794.5824,,2020-12-11 02:10:35.815,2020-12-11 02:09:41.966,0.0,e/aPUWpNiJ,com.sec.android.app.shealth,673ec12d-2f46-457b-bc3c-d0355135769c,2020-11-30 00:00:00.000,
,,ee94ef80-c3db-43fc-b263-50316bad838d.extra_data.json,,,,0.0,0,1794.5824,,2020-08-20 09:31:21.126,2020-08-20 09:30:23.188,0.0,e/aPUWpNiJ,com.sec.android.app.shealth,ee94ef80-c3db-43fc-b263-50316bad838d,2020-08-08 00:00:00.000,
,,fe30b648-2e3c-489a-a3c8-a258558470a8.extra_data.json,,,,0.0,1664772,1667.2507,,2020-08-20 17:15:34.411,2020-08-20 09:30:19.658,111.070984,e/aPUWpNiJ,com.sec.android.app.shealth,fe30b648-2e3c-489a-a3c8-a258558470a8,2020-08-20 00:00:00.000,
,,ecdcaeb6-67d2-4166-afbd-e05dce674d21.extra_data.json,,,,0.0,354087,614.8807,,2020-12-11 02:49:17.463,2020-12-11 02:09:35.846,27.482328,e/aPUWpNiJ,com.sec.android.app.shealth,ecdcaeb6-67d2-4166-afbd-e05dce674d21,2020-12-11 00:00:00.000,
,,33ed3a64-61b7-4d0a-b060-29346e3e6caf.extra_data.json,,,,0.0,0,1794.5824,,2020-08-20 09:31:21.236,2020-08-20 09:30:23.367,0.0,e/aPUWpNiJ,com.sec.android.app.shealth,33ed3a64-61b7-4d0a-b060-29346e3e6caf,2020-08-13 00:00:00.000,
,,b8907902-cad3-4759-b435-52daee6103e5.extra_data.json,,,,0.0,0,1794.5824,,2020-08-20 09:31:20.941,2020-08-20 09:30:22.983,0.0,e/aPUWpNiJ,com.sec.android.app.shealth,b8907902-cad3-4759-b435-52daee6103e5,2020-08-02 00:00:00.000,
,,8c23a14a-3f9e-4af4-9b8b-79dd03c56a31.extra_data.json,,,,0.0,0,1794.5824,,2020-12-11 02:10:35.926,2020-12-11 02:09:42.752,0.0,e/aPUWpNiJ,com.sec.android.app.shealth,8c23a14a-3f9e-4af4-9b8b-79dd03c56a31,2020-12-09 00:00:00.000,
,,b6aed1a4-f94d-4110-bee2-3e3ee27f22ff.extra_data.json,,,,0.0,0,1794.5824,,2020-12-11 02:10:35.598,2020-12-11 02:09:40.702,0.0,e/aPUWpNiJ,com.sec.android.app.shealth,b6aed1a4-f94d-4110-bee2-3e3ee27f22ff,2020-11-14 00:00:00.000,
,,e7f00808-c8f3-49d6-b9a0-5caab47064b4.extra_data.json,,,,0.0,0,1794.5824,,2020-12-11 02:10:35.688,2020-12-11 02:09:41.140,0.0,e/aPUWpNiJ,com.sec.android.app.shealth,e7f00808-c8f3-49d6-b9a0-5caab47064b4,2020-11-20 00:00:00.000,
,,cf4d5382-7bd8-4d52-a108-96ee37a38ad5.extra_data.json,,,,0.0,0,1794.5824,,2020-12-11 02:10:35.917,2020-12-11 02:09:42.707,0.0,e/aPUWpNiJ,com.sec.android.app.shealth,cf4d5382-7bd8-4d52-a108-96ee37a38ad5,2020-12-08 00:00:00.000,
,,00bbf17e-4e7c-4698-8d2e-1d966e684bf3.extra_data.json,,,,0.0,0,1794.5824,,2020-08-20 09:31:21.045,2020-08-20 09:30:23.085,0.0,e/aPUWpNiJ,com.sec.android.app.shealth,00bbf17e-4e7c-4698-8d2e-1d966e684bf3,2020-08-05 00:00:00.000,
,,d72e1cda-6050-4a4e-9d4e-25c23e91ae61.extra_data.json,,,,0.0,0,1794.5824,,2020-08-20 09:31:21.149,2020-08-20 09:30:23.217,0.0,e/aPUWpNiJ,com.sec.android.app.shealth,d72e1cda-6050-4a4e-9d4e-25c23e91ae61,2020-08-09 00:00:00.000,
,,08f1d7bf-59d4-4c3b-8ec6-1e17a2b999ca.extra_data.json,,,,0.0,0,1794.5824,,2020-12-11 02:10:35.673,2020-12-11 02:09:41.084,0.0,e/aPUWpNiJ,com.sec.android.app.shealth,08f1d7bf-59d4-4c3b-8ec6-1e17a2b999ca,2020-11-19 00:00:00.000,
,,4c8b6608-5b99-44a4-bf6e-6b919bd60094.extra_data.json,,,,0.0,0,1794.5824,,2020-08-20 09:31:20.776,2020-08-20 09:30:22.857,0.0,e/aPUWpNiJ,com.sec.android.app.shealth,4c8b6608-5b99-44a4-bf6e-6b919bd60094,2020-07-28 00:00:00.000,
,,1b3b4480-b797-4f0a-97c4-d143e4920d0d.extra_data.json,,,,0.0,0,1788.9053,,2021-03-30 05:30:15.701,2021-03-30 05:30:15.701,0.0,e/aPUWpNiJ,com.sec.android.app.shealth,1b3b4480-b797-4f0a-97c4-d143e4920d0d,2021-03-05 00:00:00.000,
,,77b9d9e7-defb-48fa-b9d6-61acfd082dee.extra_data.json,,,,0.0,0,1794.5824,,2020-08-20 09:31:20.918,2020-08-20 09:30:22.958,0.0,e/aPUWpNiJ,com.sec.android.app.shealth,77b9d9e7-defb-48fa-b9d6-61acfd082dee,2020-08-01 00:00:00.000,
,,65988688-747a-4c9b-9262-1a7a9d8729ce.extra_data.json,,,,0.0,0,1794.5824,,2020-08-20 09:31:20.611,2020-08-20 09:30:22.678,0.0,e/aPUWpNiJ,com.sec.android.app.shealth,65988688-747a-4c9b-9262-1a7a9d8729ce,2020-07-25 00:00:00.000,
,,daa80e06-c16e-4d7a-bf44-eb7125efc3be.extra_data.json,,,,0.0,0,1794.5824,,2020-08-20 09:31:21.089,2020-08-20 09:30:23.152,0.0,e/aPUWpNiJ,com.sec.android.app.shealth,daa80e06-c16e-4d7a-bf44-eb7125efc3be,2020-08-07 00:00:00.000,
,,4f6dfde6-36fa-4dd6-9a7b-c5fec5839103.extra_data.json,,,,0.0,0,1794.5824,,2020-12-11 02:10:35.770,2020-12-11 02:09:41.580,0.0,e/aPUWpNiJ,com.sec.android.app.shealth,4f6dfde6-36fa-4dd6-9a7b-c5fec5839103,2020-11-26 00:00:00.000,
,,198f80cb-5b88-494d-aa9e-3fedb7bfff04.extra_data.json,,,,0.0,0,1794.5824,,2020-12-11 02:10:35.839,2020-12-11 02:09:42.223,0.0,e/aPUWpNiJ,com.sec.android.app.shealth,198f80cb-5b88-494d-aa9e-3fedb7bfff04,2020-12-02 00:00:00.000,
,,cd3a441c-f7c0-43e9-b137-251760ce679b.extra_data.json,,,,0.0,0,1794.5824,,2020-12-11 02:10:35.705,2020-12-11 02:09:41.184,0.0,e/aPUWpNiJ,com.sec.android.app.shealth,cd3a441c-f7c0-43e9-b137-251760ce679b,2020-11-21 00:00:00.000,
,,b3cc4eaa-f3e3-4835-8c67-2365fd9a7d81.extra_data.json,,,,0.0,0,1794.5824,,2020-12-11 02:10:35.872,2020-12-11 02:09:42.339,0.0,e/aPUWpNiJ,com.sec.android.app.shealth,b3cc4eaa-f3e3-4835-8c67-2365fd9a7d81,2020-12-04 00:00:00.000,
,,e211ea21-7ff2-4df7-9faa-7f64eeb9a1e1.extra_data.json,,,,0.0,0,1794.5824,,2020-08-20 09:31:21.007,2020-08-20 09:30:23.054,0.0,e/aPUWpNiJ,com.sec.android.app.shealth,e211ea21-7ff2-4df7-9faa-7f64eeb9a1e1,2020-08-04 00:00:00.000,
,,af7c746a-a015-45f7-8cae-758169f4f65d.extra_data.json,,,,0.0,0,1794.5824,,2020-08-20 09:31:21.401,2020-08-20 09:30:23.496,0.0,e/aPUWpNiJ,com.sec.android.app.shealth,af7c746a-a015-45f7-8cae-758169f4f65d,2020-08-18 00:00:00.000,
,,3dedafe0-e61b-4eda-8c40-c2e25b843967.extra_data.json,,,,0.0,0,1794.5824,,2020-12-11 02:10:35.756,2020-12-11 02:09:41.522,0.0,e/aPUWpNiJ,com.sec.android.app.shealth,3dedafe0-e61b-4eda-8c40-c2e25b843967,2020-11-25 00:00:00.000,
,,d0363618-0231-4601-82f6-03e4973c7ad8.extra_data.json,,,,0.0,0,1794.5824,,2020-08-20 09:31:20.669,2020-08-20 09:30:22.784,0.0,e/aPUWpNiJ,com.sec.android.app.shealth,d0363618-0231-4601-82f6-03e4973c7ad8,2020-07-26 00:00:00.000,
,,fad712ff-4fd9-48fc-8837-42e72a3aa2e8.extra_data.json,,,,0.0,0,1794.5824,,2020-12-11 02:10:35.934,2020-12-11 02:09:42.808,0.0,e/aPUWpNiJ,com.sec.android.app.shealth,fad712ff-4fd9-48fc-8837-42e72a3aa2e8,2020-12-10 00:00:00.000,
,,aa874510-5cc5-4267-aeb6-eded8fbed2e4.extra_data.json,,,,0.0,0,1794.5824,,2020-12-11 02:10:35.896,2020-12-11 02:09:42.615,0.0,e/aPUWpNiJ,com.sec.android.app.shealth,aa874510-5cc5-4267-aeb6-eded8fbed2e4,2020-12-06 00:00:00.000,
,,07bb5376-7ed9-4b8a-87d5-c79343bf0374.extra_data.json,,,,0.0,0,1794.5824,,2020-08-20 09:31:20.574,2020-08-20 09:30:22.642,0.0,e/aPUWpNiJ,com.sec.android.app.shealth,07bb5376-7ed9-4b8a-87d5-c79343bf0374,2020-07-24 00:00:00.000,
,,70e0d982-740c-48de-a4a8-b57f607505c1.extra_data.json,,,,0.0,0,1794.5824,,2020-12-11 02:10:35.722,2020-12-11 02:09:41.218,0.0,e/aPUWpNiJ,com.sec.android.app.shealth,70e0d982-740c-48de-a4a8-b57f607505c1,2020-11-22 00:00:00.000,
,,ba99ad34-089d-4e95-8e6d-7a19b22b7ca0.extra_data.json,,,,0.0,0,1794.5824,,2020-08-20 09:31:21.188,2020-08-20 09:30:23.264,0.0,e/aPUWpNiJ,com.sec.android.app.shealth,ba99ad34-089d-4e95-8e6d-7a19b22b7ca0,2020-08-10 00:00:00.000,
,,f87742ba-5676-4d13-9310-0485c9497949.extra_data.json,,,,0.0,0,1788.9053,,2021-03-30 05:30:15.660,2021-03-30 05:30:15.660,0.0,e/aPUWpNiJ,com.sec.android.app.shealth,f87742ba-5676-4d13-9310-0485c9497949,2021-03-04 00:00:00.000,
,,0c1a7381-6466-4dcc-9928-dd4fb91fca0d.extra_data.json,,,,0.0,0,1794.5824,,2020-12-11 02:10:35.613,2020-12-11 02:09:40.756,0.0,e/aPUWpNiJ,com.sec.android.app.shealth,0c1a7381-6466-4dcc-9928-dd4fb91fca0d,2020-11-15 00:00:00.000,
,,8c70703c-fa30-4013-a895-f138a5e082da.extra_data.json,,,,0.0,746496,1683.8464,,2020-04-29 17:13:35.144,2020-04-29 00:49:01.503,62.23612,e/aPUWpNiJ,com.sec.android.app.shealth,8c70703c-fa30-4013-a895-f138a5e082da,2020-04-29 00:00:00.000,
,,dbc2b873-202a-4b99-bb57-2dace309d3b0.extra_data.json,,,,0.0,0,1794.5824,,2020-08-20 09:31:20.966,2020-08-20 09:30:23.019,0.0,e/aPUWpNiJ,com.sec.android.app.shealth,dbc2b873-202a-4b99-bb57-2dace309d3b0,2020-08-03 00:00:00.000,
,,295c4af7-7777-402e-a55c-b681e5088722.extra_data.json,,,,0.0,0,1794.5824,,2020-12-11 02:10:35.742,2020-12-11 02:09:41.415,0.0,e/aPUWpNiJ,com.sec.android.app.shealth,295c4af7-7777-402e-a55c-b681e5088722,2020-11-24 00:00:00.000,
,,90300a48-35f6-49ab-8313-bab637374276.extra_data.json,,,,0.0,0,1794.5824,,2020-12-11 02:10:35.628,2020-12-11 02:09:40.803,0.0,e/aPUWpNiJ,com.sec.android.app.shealth,90300a48-35f6-49ab-8313-bab637374276,2020-11-16 00:00:00.000,
,,156e3c51-61e4-48af-bfaa-2365a78a0937.extra_data.json,,,,0.0,0,1794.5824,,2020-12-11 02:10:35.904,2020-12-11 02:09:42.653,0.0,e/aPUWpNiJ,com.sec.android.app.shealth,156e3c51-61e4-48af-bfaa-2365a78a0937,2020-12-07 00:00:00.000,
,,79c428ae-d70b-4709-a5a0-1e03973d3432.extra_data.json,,,,0.0,0,1794.5824,,2020-08-20 09:31:20.859,2020-08-20 09:30:22.902,0.0,e/aPUWpNiJ,com.sec.android.app.shealth,79c428ae-d70b-4709-a5a0-1e03973d3432,2020-07-30 00:00:00.000,
,,d43dea9b-e638-4883-beb1-a28d4e6b8dcd.extra_data.json,,,,0.0,0,1794.5824,,2020-12-11 02:10:35.643,2020-12-11 02:09:40.859,0.0,e/aPUWpNiJ,com.sec.android.app.shealth,d43dea9b-e638-4883-beb1-a28d4e6b8dcd,2020-11-17 00:00:00.000,
,,1521f282-dfbd-4766-af18-6054666c1010.extra_data.json,,,,0.0,0,1794.5824,,2020-08-20 09:31:21.318,2020-08-20 09:30:23.416,0.0,e/aPUWpNiJ,com.sec.android.app.shealth,1521f282-dfbd-4766-af18-6054666c1010,2020-08-15 00:00:00.000,
,,f53f5476-a7df-4e91-888f-c70b7f1bdb76.extra_data.json,,,,0.0,0,1794.5824,,2020-08-20 09:31:20.880,2020-08-20 09:30:22.928,0.0,e/aPUWpNiJ,com.sec.android.app.shealth,f53f5476-a7df-4e91-888f-c70b7f1bdb76,2020-07-31 00:00:00.000,
,,5d6d5d9f-b5f2-4756-b4f0-7fc5a96b3291.extra_data.json,,,,0.0,0,1794.5824,,2020-08-20 09:31:20.833,2020-08-20 09:30:22.877,0.0,e/aPUWpNiJ,com.sec.android.app.shealth,5d6d5d9f-b5f2-4756-b4f0-7fc5a96b3291,2020-07-29 00:00:00.000,
,,e4c65eea-1d89-46b6-bc7a-a4acb2ea1a39.extra_data.json,,,,0.0,0,1794.5824,,2020-12-11 02:10:35.800,2020-12-11 02:09:41.869,0.0,e/aPUWpNiJ,com.sec.android.app.shealth,e4c65eea-1d89-46b6-bc7a-a4acb2ea1a39,2020-11-29 00:00:00.000,
,,2b04ff09-b760-4216-bd43-71e82a6194d9.extra_data.json,,,,0.0,0,1794.5824,,2020-12-11 02:10:35.790,2020-12-11 02:09:41.764,0.0,e/aPUWpNiJ,com.sec.android.app.shealth,2b04ff09-b760-4216-bd43-71e82a6194d9,2020-11-28 00:00:00.000,
,,bb462457-0f77-4760-82b3-445f1dd26cc9.extra_data.json,,,,0.0,0,1794.5824,,2020-12-11 02:10:35.884,2020-12-11 02:09:42.564,0.0,e/aPUWpNiJ,com.sec.android.app.shealth,bb462457-0f77-4760-82b3-445f1dd26cc9,2020-12-05 00:00:00.000,
,,a34becb6-5b20-468b-9db1-e922af74c2e6.extra_data.json,,,,0.0,0,1794.5824,,2020-08-20 09:31:21.425,2020-08-20 09:30:23.529,0.0,e/aPUWpNiJ,com.sec.android.app.shealth,a34becb6-5b20-468b-9db1-e922af74c2e6,2020-08-19 00:00:00.000,
,,25510db2-80ce-4713-a50f-7d1150f4876e.extra_data.json,,,,0.0,0,1794.5824,,2020-12-11 02:10:35.825,2020-12-11 02:09:42.080,0.0,e/aPUWpNiJ,com.sec.android.app.shealth,25510db2-80ce-4713-a50f-7d1150f4876e,2020-12-01 00:00:00.000,
,,3b40bffe-c89b-4880-b6c6-20c17853914e.extra_data.json,,,,0.0,0,1794.5824,,2020-08-20 09:31:21.363,2020-08-20 09:30:23.468,0.0,e/aPUWpNiJ,com.sec.android.app.shealth,3b40bffe-c89b-4880-b6c6-20c17853914e,2020-08-17 00:00:00.000,
,,eb1e12a9-2896-482a-aec0-b02611dc628a.extra_data.json,,,,0.0,0,1788.9053,,2021-06-13 06:39:03.987,2021-06-13 06:39:03.987,0.0,e/aPUWpNiJ,com.sec.android.app.shealth,eb1e12a9-2896-482a-aec0-b02611dc628a,2021-06-03 00:00:00.000,
,,d35b941c-d51a-416b-a414-ec5c4ab25748.extra_data.json,,,,0.0,1924568,1749.0573,,2021-04-02 12:11:29.959,2021-03-30 05:30:16.849,146.49002,e/aPUWpNiJ,com.sec.android.app.shealth,d35b941c-d51a-416b-a414-ec5c4ab25748,2021-03-23 00:00:00.000,
,,b9f1ef49-c26b-4422-9ca7-81d9719dc4d8.extra_data.json,,,,0.0,5508467,1674.8529,,2021-04-02 12:11:29.308,2021-03-30 05:30:15.956,402.9342,e/aPUWpNiJ,com.sec.android.app.shealth,b9f1ef49-c26b-4422-9ca7-81d9719dc4d8,2021-03-09 00:00:00.000,
,,49b1f7f6-ff5d-40c9-b63a-57bd747c60fd.extra_data.json,,,,0.0,0,1788.9053,,2021-04-09 10:31:48.065,2021-04-09 10:31:48.065,0.0,e/aPUWpNiJ,com.sec.android.app.shealth,49b1f7f6-ff5d-40c9-b63a-57bd747c60fd,2021-04-06 00:00:00.000,
,,df85c4d9-969c-43a7-9cbc-8e6e627aff07.extra_data.json,,,,0.0,0,1788.9053,,2021-04-09 10:31:48.004,2021-04-09 10:31:48.004,0.0,e/aPUWpNiJ,com.sec.android.app.shealth,df85c4d9-969c-43a7-9cbc-8e6e627aff07,2021-04-04 00:00:00.000,
,,72547d56-3e7f-4003-9a2b-352688224bd0.extra_data.json,,,,0.0,2980099,1727.2025,,2021-04-02 12:11:30.276,2021-03-30 18:30:00.785,236.02817,e/aPUWpNiJ,com.sec.android.app.shealth,72547d56-3e7f-4003-9a2b-352688224bd0,2021-03-31 00:00:00.000,
,,636bdbd6-9e95-4f80-98f0-763af7b34420.extra_data.json,,,,0.0,4210700,1701.7229,,2021-04-02 12:11:29.655,2021-03-30 05:30:16.590,305.32266,e/aPUWpNiJ,com.sec.android.app.shealth,636bdbd6-9e95-4f80-98f0-763af7b34420,2021-03-18 00:00:00.000,
,,8ff4aeab-dfb1-4969-b58c-252aa2086d69.extra_data.json,,,,0.0,3584184,1714.695,,2021-04-02 12:11:29.578,2021-03-30 05:30:16.478,340.05896,e/aPUWpNiJ,com.sec.android.app.shealth,8ff4aeab-dfb1-4969-b58c-252aa2086d69,2021-03-16 00:00:00.000,
,,30bc68e9-ce8d-43c4-a215-743baf362bae.extra_data.json,,,,0.0,2681735,1733.3801,,2021-04-02 12:11:29.534,2021-03-30 05:30:16.427,196.81664,e/aPUWpNiJ,com.sec.android.app.shealth,30bc68e9-ce8d-43c4-a215-743baf362bae,2021-03-15 00:00:00.000,
,,baf18678-6792-4f77-9433-2f54cba538e0.extra_data.json,,,,0.0,4077123,1704.4888,,2021-04-02 12:11:29.961,2021-03-30 05:30:16.902,429.44794,e/aPUWpNiJ,com.sec.android.app.shealth,baf18678-6792-4f77-9433-2f54cba538e0,2021-03-24 00:00:00.000,
,,d625a19b-0364-45a2-881b-bb82e014c6c9.extra_data.json,,,,0.0,1834955,1750.9127,,2021-04-02 12:11:29.237,2021-03-30 05:30:15.742,138.95001,e/aPUWpNiJ,com.sec.android.app.shealth,d625a19b-0364-45a2-881b-bb82e014c6c9,2021-03-06 00:00:00.000,
,,e3fa50d6-83a1-45ee-ab11-ad0deb9eda70.extra_data.json,,,,0.0,2441769,1738.3486,,2021-04-02 12:11:30.316,2021-04-02 05:43:10.128,225.99872,e/aPUWpNiJ,com.sec.android.app.shealth,e3fa50d6-83a1-45ee-ab11-ad0deb9eda70,2021-04-01 00:00:00.000,
,,dcd71b0f-db22-4105-a756-80693cf98283.extra_data.json,,,,0.0,724700,1773.9003,,2021-04-02 12:11:29.923,2021-03-30 05:30:16.813,53.849995,e/aPUWpNiJ,com.sec.android.app.shealth,dcd71b0f-db22-4105-a756-80693cf98283,2021-03-22 00:00:00.000,
,,2585afb7-b5a7-45a8-832d-041a84d2fc30.extra_data.json,,,,0.0,405269,1497.203,,2021-04-09 14:41:56.723,2021-04-09 10:31:42.164,27.965553,e/aPUWpNiJ,com.sec.android.app.shealth,2585afb7-b5a7-45a8-832d-041a84d2fc30,2021-04-09 00:00:00.000,
,,c454e4d4-225c-4b18-b0ec-6813849b6a89.extra_data.json,,,,0.0,4332408,1699.203,,2021-04-02 12:11:29.619,2021-03-30 05:30:16.519,528.99927,e/aPUWpNiJ,com.sec.android.app.shealth,c454e4d4-225c-4b18-b0ec-6813849b6a89,2021-03-17 00:00:00.000,
,,ef154077-297a-486e-b5b1-25f2c2fc24be.extra_data.json,,,,0.0,695147,1774.5123,,2021-04-02 12:11:29.863,2021-03-30 05:30:16.736,49.539993,e/aPUWpNiJ,com.sec.android.app.shealth,ef154077-297a-486e-b5b1-25f2c2fc24be,2021-03-21 00:00:00.000,
,,2dc30307-e6b7-4542-a6b2-4147c107bfba.extra_data.json,,,,0.0,0,1788.9053,,2021-04-09 10:31:48.033,2021-04-09 10:31:48.033,0.0,e/aPUWpNiJ,com.sec.android.app.shealth,2dc30307-e6b7-4542-a6b2-4147c107bfba,2021-04-05 00:00:00.000,
,,556a94e7-0595-41b5-9a5c-85cad2f50663.extra_data.json,,,,0.0,0,1788.9053,,2021-04-09 10:31:48.139,2021-04-09 10:31:48.139,0.0,e/aPUWpNiJ,com.sec.android.app.shealth,556a94e7-0595-41b5-9a5c-85cad2f50663,2021-04-08 00:00:00.000,
,,1f7726a1-3656-4cdc-88fa-dc77f51b7b7b.extra_data.json,,,,0.0,0,1788.9053,,2021-04-09 10:31:48.096,2021-04-09 10:31:48.096,0.0,e/aPUWpNiJ,com.sec.android.app.shealth,1f7726a1-3656-4cdc-88fa-dc77f51b7b7b,2021-04-07 00:00:00.000,
,,37721cd8-6358-4e36-af2b-ee0ec6fa96a1.extra_data.json,,,,0.0,4831805,1688.863,,2021-04-02 12:11:29.692,2021-03-30 05:30:16.623,497.52347,e/aPUWpNiJ,com.sec.android.app.shealth,37721cd8-6358-4e36-af2b-ee0ec6fa96a1,2021-03-19 00:00:00.000,
,,f36163e1-eced-4fbf-82ce-0ce65102dfae.extra_data.json,,,,0.0,338302,1781.9006,,2021-04-02 12:11:30.198,2021-03-30 05:30:17.169,24.64,e/aPUWpNiJ,com.sec.android.app.shealth,f36163e1-eced-4fbf-82ce-0ce65102dfae,2021-03-29 00:00:00.000,
,,18a22bbf-aa54-4e3b-9caf-1b973e8cca72.extra_data.json,,,,0.0,0,1788.9053,,2021-04-09 10:31:47.948,2021-04-09 10:31:47.948,0.0,e/aPUWpNiJ,com.sec.android.app.shealth,18a22bbf-aa54-4e3b-9caf-1b973e8cca72,2021-04-03 00:00:00.000,
,,0dd4e274-dee2-43db-b174-6e6f634eeb2b.extra_data.json,,,,0.0,716622,1774.0676,,2021-04-02 12:11:29.239,2021-03-30 05:30:15.835,51.500004,e/aPUWpNiJ,com.sec.android.app.shealth,0dd4e274-dee2-43db-b174-6e6f634eeb2b,2021-03-07 00:00:00.000,
,,de6f2552-9af8-49f2-a25a-962d6be40914.extra_data.json,,,,0.0,1148274,1765.1304,,2021-04-02 12:11:29.323,2021-03-30 05:30:16.059,89.52999,e/aPUWpNiJ,com.sec.android.app.shealth,de6f2552-9af8-49f2-a25a-962d6be40914,2021-03-10 00:00:00.000,
,,3ede1cf6-e540-4885-9650-55f10395b257.extra_data.json,,,,0.0,2208260,1743.1835,,2021-04-02 12:11:29.276,2021-03-30 05:30:15.893,163.21545,e/aPUWpNiJ,com.sec.android.app.shealth,3ede1cf6-e540-4885-9650-55f10395b257,2021-03-08 00:00:00.000,
,,7761310b-e766-4855-98b1-a9615adaa68d.extra_data.json,,,,0.0,22678,1788.4357,,2021-04-02 12:11:30.084,2021-03-30 05:30:17.008,2.22,e/aPUWpNiJ,com.sec.android.app.shealth,7761310b-e766-4855-98b1-a9615adaa68d,2021-03-26 00:00:00.000,
,,af242895-14b7-4dc1-95f9-740c716e066f.extra_data.json,,,,0.0,1070237,1766.746,,2021-04-02 12:11:30.161,2021-03-30 05:30:17.132,76.93001,e/aPUWpNiJ,com.sec.android.app.shealth,af242895-14b7-4dc1-95f9-740c716e066f,2021-03-28 00:00:00.000,
,,2e030252-620d-40f9-a494-860477fdf47f.extra_data.json,,,,0.0,1319796,1761.579,,2021-04-02 12:11:30.025,2021-03-30 05:30:16.961,102.59,e/aPUWpNiJ,com.sec.android.app.shealth,2e030252-620d-40f9-a494-860477fdf47f,2021-03-25 00:00:00.000,
,,8a1b4356-2418-4724-84c0-8ba9755ab688.extra_data.json,,,,0.0,1924782,1749.0527,,2021-04-02 12:11:29.823,2021-03-30 05:30:16.699,141.73898,e/aPUWpNiJ,com.sec.android.app.shealth,8a1b4356-2418-4724-84c0-8ba9755ab688,2021-03-20 00:00:00.000,
,,1b022ca8-b4c9-4987-afa7-de039775240a.extra_data.json,,,,0.0,123395,1786.3503,,2021-04-02 12:11:29.473,2021-03-30 05:30:16.374,8.739,e/aPUWpNiJ,com.sec.android.app.shealth,1b022ca8-b4c9-4987-afa7-de039775240a,2021-03-14 00:00:00.000,
,,75b8e24e-8ce6-4db2-b2c1-d89a8415cf59.extra_data.json,,,,0.0,3005166,1726.6835,,2021-04-02 12:11:29.370,2021-03-30 05:30:16.136,232.37004,e/aPUWpNiJ,com.sec.android.app.shealth,75b8e24e-8ce6-4db2-b2c1-d89a8415cf59,2021-03-11 00:00:00.000,
,,9944136b-cedc-4ff8-adbe-a8e1ce75f481.extra_data.json,,,,0.0,1763312,1752.396,,2021-04-02 12:11:30.123,2021-03-30 05:30:17.047,137.55258,e/aPUWpNiJ,com.sec.android.app.shealth,9944136b-cedc-4ff8-adbe-a8e1ce75f481,2021-03-27 00:00:00.000,
,,45f757b3-1134-499e-99ce-1e6e6fd6b09d.extra_data.json,,,,0.0,5604198,1672.8707,,2021-04-09 10:31:47.878,2021-04-02 05:43:06.396,888.94586,e/aPUWpNiJ,com.sec.android.app.shealth,45f757b3-1134-499e-99ce-1e6e6fd6b09d,2021-04-02 00:00:00.000,
,,9d61e846-524b-4a06-996c-3afc1c0f49c3.extra_data.json,,,,0.0,3301957,1720.5385,,2021-04-02 12:11:29.409,2021-03-30 05:30:16.207,471.48215,e/aPUWpNiJ,com.sec.android.app.shealth,9d61e846-524b-4a06-996c-3afc1c0f49c3,2021-03-12 00:00:00.000,
,,ce203cea-2928-480f-b0a0-1a8d5f7eb76b.extra_data.json,,,,0.0,580690,1776.8821,,2021-04-02 12:11:29.425,2021-03-30 05:30:16.276,40.809998,e/aPUWpNiJ,com.sec.android.app.shealth,ce203cea-2928-480f-b0a0-1a8d5f7eb76b,2021-03-13 00:00:00.000,
,,548470a6-d46a-4e00-9c95-c5451f936481.extra_data.json,,,,0.0,3163700,1723.4011,,2021-04-02 12:11:30.237,2021-03-30 05:30:09.332,288.04108,e/aPUWpNiJ,com.sec.android.app.shealth,548470a6-d46a-4e00-9c95-c5451f936481,2021-03-30 00:00:00.000,
,,2fef7e86-eb76-4d77-a961-29923439a140.extra_data.json,,,,0.0,2873192,1729.416,,2021-06-13 07:08:34.750,2021-06-13 06:39:03.933,195.79,e/aPUWpNiJ,com.sec.android.app.shealth,2fef7e86-eb76-4d77-a961-29923439a140,2021-05-31 00:00:00.000,
,,3fd176c4-6427-43b4-97a8-5605624bcf87.extra_data.json,,,,0.0,269438,1783.3265,,2021-06-13 07:08:34.676,2021-06-13 06:39:03.916,18.79,e/aPUWpNiJ,com.sec.android.app.shealth,3fd176c4-6427-43b4-97a8-5605624bcf87,2021-05-30 00:00:00.000,
,,a753df21-c031-4854-9d19-234a02af064d.extra_data.json,,,,0.0,28014,1788.3252,,2021-06-13 07:08:34.302,2021-06-13 06:39:03.825,1.9600002,e/aPUWpNiJ,com.sec.android.app.shealth,a753df21-c031-4854-9d19-234a02af064d,2021-05-25 00:00:00.000,
,,9ceffbf9-f76e-40dd-8abb-51f9081f66c7.extra_data.json,,,,0.0,888324,1770.5126,,2021-06-13 07:08:34.041,2021-06-13 06:39:03.698,59.800007,e/aPUWpNiJ,com.sec.android.app.shealth,9ceffbf9-f76e-40dd-8abb-51f9081f66c7,2021-05-19 00:00:00.000,
,,37063d5a-042e-4c23-8d31-8fd300741832.extra_data.json,,,,0.0,56695,1787.7313,,2021-06-13 07:08:35.534,2021-06-13 06:39:04.147,3.9900002,e/aPUWpNiJ,com.sec.android.app.shealth,37063d5a-042e-4c23-8d31-8fd300741832,2021-06-12 00:00:00.000,
,,b7fcdd20-01f0-4129-9f72-80371d847b24.extra_data.json,,,,0.0,1848034,1750.6418,,2021-06-13 07:08:35.443,2021-06-13 06:39:04.130,132.73898,e/aPUWpNiJ,com.sec.android.app.shealth,b7fcdd20-01f0-4129-9f72-80371d847b24,2021-06-11 00:00:00.000,
,,7f4b7339-463c-446c-867c-16f0f2f3da6f.extra_data.json,,,,0.0,30015,1788.2837,,2021-06-13 07:08:34.923,2021-06-13 06:39:04.005,1.87,e/aPUWpNiJ,com.sec.android.app.shealth,7f4b7339-463c-446c-867c-16f0f2f3da6f,2021-06-04 00:00:00.000,
,,f0f72a2e-2971-4e22-862b-c7f8cbe5d5d4.extra_data.json,,,,0.0,24012,1788.408,,2021-06-13 07:08:34.207,2021-06-13 06:39:03.762,1.54,e/aPUWpNiJ,com.sec.android.app.shealth,f0f72a2e-2971-4e22-862b-c7f8cbe5d5d4,2021-05-22 00:00:00.000,
,,83728379-b62e-4145-a808-f041fc197bcc.extra_data.json,,,,0.0,421010,1780.1882,,2021-06-13 07:08:34.238,2021-06-13 06:39:03.781,28.56,e/aPUWpNiJ,com.sec.android.app.shealth,83728379-b62e-4145-a808-f041fc197bcc,2021-05-23 00:00:00.000,
,,4d0cd31f-e50e-4c31-88cf-854ec4deb2de.extra_data.json,,,,0.0,3621642,1713.9194,,2021-06-13 07:08:34.529,2021-06-13 06:39:03.885,482.65,e/aPUWpNiJ,com.sec.android.app.shealth,4d0cd31f-e50e-4c31-88cf-854ec4deb2de,2021-05-28 00:00:00.000,
,,3a76356f-1cef-463f-83bc-1244e61d7782.extra_data.json,,,,0.0,450892,1779.5695,,2021-06-13 07:08:34.823,2021-06-13 06:39:03.954,30.0,e/aPUWpNiJ,com.sec.android.app.shealth,3a76356f-1cef-463f-83bc-1244e61d7782,2021-06-01 00:00:00.000,
,,951b5934-1d5a-4ada-8f80-50aa20c858d5.extra_data.json,,,,0.0,826129,1771.8003,,2021-06-13 07:08:34.961,2021-06-13 06:39:04.023,56.749992,e/aPUWpNiJ,com.sec.android.app.shealth,951b5934-1d5a-4ada-8f80-50aa20c858d5,2021-06-05 00:00:00.000,
,,7443165b-3176-4dae-ae48-4e79f1faf8d2.extra_data.json,,,,0.0,1958738,1748.3497,,2021-06-13 07:08:34.583,2021-06-13 06:39:03.899,133.93999,e/aPUWpNiJ,com.sec.android.app.shealth,7443165b-3176-4dae-ae48-4e79f1faf8d2,2021-05-29 00:00:00.000,
,,584289c1-4082-4c58-bde2-006c127127c1.extra_data.json,,,,0.0,1286356,1762.2714,,2021-06-13 07:08:34.265,2021-06-13 06:39:03.801,87.909996,e/aPUWpNiJ,com.sec.android.app.shealth,584289c1-4082-4c58-bde2-006c127127c1,2021-05-24 00:00:00.000,
,,b55264bb-618d-40ac-8e54-bb9cacfced56.extra_data.json,,,,0.0,1886964,1749.8358,,2021-06-13 07:08:35.353,2021-06-13 06:39:04.107,139.14548,e/aPUWpNiJ,com.sec.android.app.shealth,b55264bb-618d-40ac-8e54-bb9cacfced56,2021-06-10 00:00:00.000,
,,d4395d63-0ccc-42c2-bead-b164a4ae4e15.extra_data.json,,,,0.0,24012,1788.408,,2021-06-13 07:08:35.142,2021-06-13 06:39:04.078,1.6800001,e/aPUWpNiJ,com.sec.android.app.shealth,d4395d63-0ccc-42c2-bead-b164a4ae4e15,2021-06-08 00:00:00.000,
,,3fbb4d39-f7a7-4f84-a346-b72e7a9555f4.extra_data.json,,,,0.0,260767,1783.506,,2021-06-13 07:08:34.180,2021-06-13 06:39:03.749,17.48,e/aPUWpNiJ,com.sec.android.app.shealth,3fbb4d39-f7a7-4f84-a346-b72e7a9555f4,2021-05-21 00:00:00.000,
,,911787e7-04b1-4438-bae6-e8ff3216c8bd.extra_data.json,,,,0.0,965919,1768.9059,,2021-06-13 07:08:34.153,2021-06-13 06:39:03.729,64.689995,e/aPUWpNiJ,com.sec.android.app.shealth,911787e7-04b1-4438-bae6-e8ff3216c8bd,2021-05-20 00:00:00.000,
,,fafada89-cfee-4a9f-b27a-37f2a6a81cb3.extra_data.json,,,,0.0,14940,1788.5958,,2021-06-13 07:08:35.001,2021-06-13 06:39:04.042,1.5,e/aPUWpNiJ,com.sec.android.app.shealth,fafada89-cfee-4a9f-b27a-37f2a6a81cb3,2021-06-06 00:00:00.000,
,,062b66b2-38ff-472b-b21c-7b94c36dd2af.extra_data.json,,,,0.0,20010,1788.491,,2021-06-13 07:08:33.886,2021-06-13 06:39:03.618,1.73,e/aPUWpNiJ,com.sec.android.app.shealth,062b66b2-38ff-472b-b21c-7b94c36dd2af,2021-05-17 00:00:00.000,
,,0ce86f41-35aa-4fe0-8083-5fda6fe1240f.extra_data.json,,,,0.0,4097359,1704.0697,,2021-06-13 07:08:35.231,2021-06-13 06:39:04.092,546.4779,e/aPUWpNiJ,com.sec.android.app.shealth,0ce86f41-35aa-4fe0-8083-5fda6fe1240f,2021-06-09 00:00:00.000,
,,40f882de-03cd-47ee-a935-f9547c71104e.extra_data.json,,,,0.0,21344,1788.4633,,2021-06-13 07:08:34.874,2021-06-13 06:39:03.968,1.38,e/aPUWpNiJ,com.sec.android.app.shealth,40f882de-03cd-47ee-a935-f9547c71104e,2021-06-02 00:00:00.000,
,,166f038b-80e6-4962-af0a-b87c359e18ce.extra_data.json,,,,0.0,354310,1781.5692,,2021-06-13 07:08:34.345,2021-06-13 06:39:03.850,24.2,e/aPUWpNiJ,com.sec.android.app.shealth,166f038b-80e6-4962-af0a-b87c359e18ce,2021-05-26 00:00:00.000,
,,e778628a-2d53-4a73-b13c-87a75bc7d740.extra_data.json,,,,0.0,2622727,1734.6018,,2021-06-21 05:14:51.014,2021-06-21 04:42:39.928,213.01062,aqfQc5yGC4,com.sec.android.app.shealth,e778628a-2d53-4a73-b13c-87a75bc7d740,2021-06-14 00:00:00.000,
,,0c688ed0-62a2-431c-9cd5-840668f830ee.extra_data.json,,,,0.0,592783,1776.6317,,2021-06-21 04:43:11.882,2021-06-21 04:42:39.967,35.350002,aqfQc5yGC4,com.sec.android.app.shealth,0c688ed0-62a2-431c-9cd5-840668f830ee,2021-06-18 00:00:00.000,
,,e90d92cf-8252-412d-845c-9ff4e66ad39a.extra_data.json,,,,0.0,4273514,1700.4225,,2021-06-21 05:14:50.958,2021-06-13 06:39:02.562,320.22894,aqfQc5yGC4,com.sec.android.app.shealth,e90d92cf-8252-412d-845c-9ff4e66ad39a,2021-06-13 00:00:00.000,
,,e6439234-c8ae-4ca4-ac38-ffd8dc3d6db5.extra_data.json,,,,0.0,1417281,1759.5605,,2021-06-21 05:18:36.441,2021-06-21 04:42:39.986,80.69,e/aPUWpNiJ,com.sec.android.app.shealth,e6439234-c8ae-4ca4-ac38-ffd8dc3d6db5,2021-06-19 00:00:00.000,
,,959bfeca-4446-46ac-bb57-621f502f9f43.extra_data.json,,,,0.0,5937340,1657.2395,,2021-06-23 05:47:08.683,2021-06-21 18:30:00.629,712.19885,e/aPUWpNiJ,com.sec.android.app.shealth,959bfeca-4446-46ac-bb57-621f502f9f43,2021-06-22 00:00:00.000,
,,d4587520-1bc6-4612-8760-92380d64f2cd.extra_data.json,,,,0.0,1031199,1767.5543,,2021-06-23 05:47:08.156,2021-06-13 06:39:03.871,66.225235,e/aPUWpNiJ,com.sec.android.app.shealth,d4587520-1bc6-4612-8760-92380d64f2cd,2021-05-27 00:00:00.000,
,,f5537a06-e6a1-45e7-a2e1-463c7fa4c4c1.extra_data.json,,,,0.0,6282368,1658.8293,,2021-06-22 05:21:02.183,2021-06-21 05:09:51.633,629.8207,e/aPUWpNiJ,com.sec.android.app.shealth,f5537a06-e6a1-45e7-a2e1-463c7fa4c4c1,2021-06-21 00:00:00.000,
,,f5ddeae9-8cff-4ce5-922f-de285326ba82.extra_data.json,,,,0.0,4088468,1704.2539,,2021-06-21 05:18:36.465,2021-06-21 04:42:39.996,211.2753,e/aPUWpNiJ,com.sec.android.app.shealth,f5ddeae9-8cff-4ce5-922f-de285326ba82,2021-06-20 00:00:00.000,
,,7249ee9f-60c9-405b-8a25-945117ad651e.extra_data.json,,,,0.0,0,1788.9053,,2021-06-21 05:13:08.141,2021-06-21 04:42:39.939,0.0,e/aPUWpNiJ,com.sec.android.app.shealth,7249ee9f-60c9-405b-8a25-945117ad651e,2021-06-15 00:00:00.000,
,,5f14118f-672d-436c-b06a-c48406c91070.extra_data.json,,,,0.0,0,1788.9053,,2021-06-21 05:13:08.172,2021-06-21 04:42:39.951,0.0,e/aPUWpNiJ,com.sec.android.app.shealth,5f14118f-672d-436c-b06a-c48406c91070,2021-06-16 00:00:00.000,
,,dfe25a71-e7e9-4fa9-adf0-d5f114f427c7.extra_data.json,,,,0.0,29214,1788.3003,,2021-06-14 04:28:20.341,2021-06-13 06:39:03.653,2.48,e/aPUWpNiJ,com.sec.android.app.shealth,dfe25a71-e7e9-4fa9-adf0-d5f114f427c7,2021-05-18 00:00:00.000,
,,8b31c5bd-c1db-409b-aa6e-89dfb7fc753b.extra_data.json,,,,0.0,145272,1785.8973,,2021-06-21 05:18:36.384,2021-06-21 04:42:39.961,8.34,e/aPUWpNiJ,com.sec.android.app.shealth,8b31c5bd-c1db-409b-aa6e-89dfb7fc753b,2021-06-17 00:00:00.000,
,,d86d5ec9-32a1-4113-b081-784a43e36a2a.extra_data.json,,,,0.0,5703562,1662.0546,,2021-06-26 08:11:28.192,2021-06-23 20:15:56.885,565.80975,aqfQc5yGC4,com.sec.android.app.shealth,d86d5ec9-32a1-4113-b081-784a43e36a2a,2021-06-24 00:00:00.000,
,,fdfd4b3f-1f9d-4f26-8753-47e17704ec00.extra_data.json,,,,0.0,5254955,1671.2943,,2021-06-26 08:11:28.216,2021-06-24 19:54:58.445,563.8828,aqfQc5yGC4,com.sec.android.app.shealth,fdfd4b3f-1f9d-4f26-8753-47e17704ec00,2021-06-25 00:00:00.000,
,,dfd98d45-159c-4a21-906e-bcc793d31484.extra_data.json,,,,0.0,2817627,1721.4944,,2021-06-27 18:30:00.800,2021-06-27 00:42:00.189,244.94844,aqfQc5yGC4,com.sec.android.app.shealth,dfd98d45-159c-4a21-906e-bcc793d31484,2021-06-27 00:00:00.000,
,,183b67a6-9f99-4c8f-b2fa-10d484f7ddcd.extra_data.json,,,,0.0,6315764,1649.4454,,2021-07-01 10:22:41.261,2021-06-27 18:30:00.680,670.8691,aqfQc5yGC4,com.sec.android.app.shealth,183b67a6-9f99-4c8f-b2fa-10d484f7ddcd,2021-06-28 00:00:00.000,
,,4312c854-3ae8-40f6-9856-80825c31a2de.extra_data.json,,,,0.0,8217400,1610.2786,,2021-07-02 19:09:17.674,2021-07-02 02:13:41.197,949.50916,aqfQc5yGC4,com.sec.android.app.shealth,4312c854-3ae8-40f6-9856-80825c31a2de,2021-07-02 00:00:00.000,
,,08262ff4-c111-4724-88ff-50d6779c8d8a.extra_data.json,,,,0.0,5461840,1667.0332,,2021-06-27 10:33:20.088,2021-06-26 02:37:49.454,581.1026,e/aPUWpNiJ,com.sec.android.app.shealth,08262ff4-c111-4724-88ff-50d6779c8d8a,2021-06-26 00:00:00.000,
,,e950e3d9-d949-41d3-b393-335d31296aca.extra_data.json,,,,0.0,6676591,1642.0137,,2021-06-24 02:55:16.734,2021-06-23 01:03:48.110,611.60126,e/aPUWpNiJ,com.sec.android.app.shealth,e950e3d9-d949-41d3-b393-335d31296aca,2021-06-23 00:00:00.000,
,,f8ede6db-1420-4346-a804-d35044918a9c.extra_data.json,,,,0.0,6214745,1651.526,,2021-07-01 10:23:40.445,2021-06-29 22:47:46.691,746.4083,e/aPUWpNiJ,com.sec.android.app.shealth,f8ede6db-1420-4346-a804-d35044918a9c,2021-06-30 00:00:00.000,
,,ff5596ae-85dc-4dc8-9a58-ca440a6631c7.extra_data.json,,,,0.0,5693788,1662.2557,,2021-06-30 09:54:41.305,2021-06-28 19:49:42.341,641.885,e/aPUWpNiJ,com.sec.android.app.shealth,ff5596ae-85dc-4dc8-9a58-ca440a6631c7,2021-06-29 00:00:00.000,
,,0361161f-2d34-408b-a215-baac9b24fe22.extra_data.json,,,,0.0,4389118,1689.1273,,2021-07-05 01:05:53.659,2021-07-03 18:30:01.327,287.46472,aqfQc5yGC4,com.sec.android.app.shealth,0361161f-2d34-408b-a215-baac9b24fe22,2021-07-04 00:00:00.000,
,,ca5870ee-d8a0-4b39-bd5c-2f88cae8b060.extra_data.json,,,,0.0,7185174,1631.5387,,2021-07-06 13:51:02.627,2021-07-02 19:09:16.741,853.6601,aqfQc5yGC4,com.sec.android.app.shealth,ca5870ee-d8a0-4b39-bd5c-2f88cae8b060,2021-07-03 00:00:00.000,
,,69fdfe18-561b-4bf7-85d6-70b1cffc563d.extra_data.json,,,,0.0,7032038,1634.6927,,2021-07-06 13:51:02.584,2021-07-01 00:03:26.540,520.73413,aqfQc5yGC4,com.sec.android.app.shealth,69fdfe18-561b-4bf7-85d6-70b1cffc563d,2021-07-01 00:00:00.000,
,,fac0e44d-ba09-4251-b77a-58879fa698d3.extra_data.json,,,,0.0,2335551,1740.5479,,2021-07-04 08:01:04.290,2021-06-13 06:39:04.059,362.26688,e/aPUWpNiJ,com.sec.android.app.shealth,fac0e44d-ba09-4251-b77a-58879fa698d3,2021-06-07 00:00:00.000,
,,c173fc4e-630f-4a35-aa49-40f41ca1d133.extra_data.json,,,,0.0,3069361,1715.3245,,2021-08-01 13:21:03.092,2021-07-19 18:30:00.431,254.60262,aqfQc5yGC4,com.sec.android.app.shealth,c173fc4e-630f-4a35-aa49-40f41ca1d133,2021-07-20 00:00:00.000,
,,53011848-c062-4d3a-a0ac-258bddcbccb8.extra_data.json,,,,0.0,5059111,1680.6726,,2021-08-01 13:21:02.794,2021-07-07 06:13:33.123,371.7301,aqfQc5yGC4,com.sec.android.app.shealth,53011848-c062-4d3a-a0ac-258bddcbccb8,2021-07-07 00:00:00.000,
,,ee704be0-89de-44d5-b983-c9f9a7572247.extra_data.json,,,,0.0,6132248,1652.2762,,2021-08-01 13:21:02.980,2021-07-15 01:15:10.674,456.29883,aqfQc5yGC4,com.sec.android.app.shealth,ee704be0-89de-44d5-b983-c9f9a7572247,2021-07-15 00:00:00.000,
,,379fd93b-0b26-43ff-892a-36ec6b24e9ad.extra_data.json,,,,0.0,4957793,1676.4519,,2021-08-01 13:21:02.935,2021-07-13 09:15:29.457,372.4287,aqfQc5yGC4,com.sec.android.app.shealth,379fd93b-0b26-43ff-892a-36ec6b24e9ad,2021-07-13 00:00:00.000,
,,d0e4bf0e-85b9-431d-b4fd-9c40aacaa413.extra_data.json,,,,0.0,2275074,1738.1967,,2021-08-01 13:21:02.857,2021-07-09 18:30:00.727,149.32967,aqfQc5yGC4,com.sec.android.app.shealth,d0e4bf0e-85b9-431d-b4fd-9c40aacaa413,2021-07-10 00:00:00.000,
,,40c1b880-7928-4932-a845-5cd56ed38c85.extra_data.json,,,,0.0,5117020,1668.1329,,2021-08-01 13:21:03.183,2021-07-28 01:31:59.485,346.40775,aqfQc5yGC4,com.sec.android.app.shealth,40c1b880-7928-4932-a845-5cd56ed38c85,2021-07-28 00:00:00.000,
,,229d32fb-be26-4b8f-98f9-571c869565c3.extra_data.json,,,,0.0,1991675,1737.5082,,2021-08-01 13:21:03.112,2021-07-20 18:30:00.605,128.65999,aqfQc5yGC4,com.sec.android.app.shealth,229d32fb-be26-4b8f-98f9-571c869565c3,2021-07-21 00:00:00.000,
,,35007a81-ee4a-4e01-8112-b9222e5ec909.extra_data.json,,,,0.0,1102416,1755.8131,,2021-08-01 13:21:03.161,2021-07-23 18:30:00.697,73.02002,aqfQc5yGC4,com.sec.android.app.shealth,35007a81-ee4a-4e01-8112-b9222e5ec909,2021-07-24 00:00:00.000,
,,8b26f7d7-2bb6-4c12-8732-a68811898160.extra_data.json,,,,0.0,2234536,1732.5089,,2021-08-01 13:21:03.014,2021-07-16 02:46:19.399,149.3201,aqfQc5yGC4,com.sec.android.app.shealth,8b26f7d7-2bb6-4c12-8732-a68811898160,2021-07-16 00:00:00.000,
,,878f6e4d-2770-4c47-9c3e-bb1b5906de20.extra_data.json,,,,0.0,1531402,1746.9827,,2021-08-01 13:21:03.146,2021-07-22 18:30:00.739,99.42,aqfQc5yGC4,com.sec.android.app.shealth,878f6e4d-2770-4c47-9c3e-bb1b5906de20,2021-07-23 00:00:00.000,
,,4c988cf5-3355-4828-818c-78462981d0f9.extra_data.json,,,,0.0,7052077,1639.4937,,2021-08-01 13:21:02.847,2021-07-08 18:30:00.582,542.47906,aqfQc5yGC4,com.sec.android.app.shealth,4c988cf5-3355-4828-818c-78462981d0f9,2021-07-09 00:00:00.000,
,,358c08e0-6711-4b37-9259-2d692f8a63b8.extra_data.json,,,,0.0,2749104,1721.9167,,2021-08-01 13:21:03.069,2021-07-17 19:07:36.119,180.5,aqfQc5yGC4,com.sec.android.app.shealth,358c08e0-6711-4b37-9259-2d692f8a63b8,2021-07-18 00:00:00.000,
,,31752475-419c-42f8-823b-791af5f730bb.extra_data.json,,,,0.0,2759895,1716.5071,,2021-08-01 13:21:03.220,2021-07-30 18:30:00.801,183.92575,aqfQc5yGC4,com.sec.android.app.shealth,31752475-419c-42f8-823b-791af5f730bb,2021-07-31 00:00:00.000,
,,d1f30de1-4d6a-49ee-b62c-8488ac9374d5.extra_data.json,,,,0.0,1524522,1747.1243,,2021-08-01 13:21:03.050,2021-07-17 00:57:06.032,104.67972,aqfQc5yGC4,com.sec.android.app.shealth,d1f30de1-4d6a-49ee-b62c-8488ac9374d5,2021-07-17 00:00:00.000,
,,49657af6-e512-4b2d-b5bc-3cee642e77b1.extra_data.json,,,,0.0,4963076,1671.2924,,2021-08-01 13:21:03.180,2021-07-26 18:30:00.563,330.86993,aqfQc5yGC4,com.sec.android.app.shealth,49657af6-e512-4b2d-b5bc-3cee642e77b1,2021-07-27 00:00:00.000,
,,fdf095df-7fbf-447c-b226-73a84daa2aba.extra_data.json,,,,0.0,6154232,1651.8237,,2021-08-01 13:21:03.124,2021-07-21 18:48:29.354,412.25842,aqfQc5yGC4,com.sec.android.app.shealth,fdf095df-7fbf-447c-b226-73a84daa2aba,2021-07-22 00:00:00.000,
,,898ccf51-a4c1-4a7f-8784-62faac8c51c6.extra_data.json,,,,0.0,4563341,1684.5715,,2021-08-01 13:21:02.946,2021-07-13 23:52:54.074,333.89664,aqfQc5yGC4,com.sec.android.app.shealth,898ccf51-a4c1-4a7f-8784-62faac8c51c6,2021-07-14 00:00:00.000,
,,f556edda-e9d5-4535-a7ee-0e808ac1a01e.extra_data.json,,,,0.0,6209912,1656.8947,,2021-08-01 13:21:02.775,2021-07-05 18:30:00.767,623.3261,aqfQc5yGC4,com.sec.android.app.shealth,f556edda-e9d5-4535-a7ee-0e808ac1a01e,2021-07-06 00:00:00.000,
,,aeaebf72-497e-403e-93e4-c16c2f7b7c5a.extra_data.json,,,,0.0,2011507,1737.1,,2021-08-01 13:21:03.082,2021-07-18 18:30:01.428,130.84,aqfQc5yGC4,com.sec.android.app.shealth,aeaebf72-497e-403e-93e4-c16c2f7b7c5a,2021-07-19 00:00:00.000,
,,3ee8a579-fdcf-45b0-9f64-8fbb4665bff9.extra_data.json,,,,0.0,1888750,1746.1788,,2021-08-01 13:21:02.872,2021-07-11 00:01:24.944,123.47474,aqfQc5yGC4,com.sec.android.app.shealth,3ee8a579-fdcf-45b0-9f64-8fbb4665bff9,2021-07-11 00:00:00.000,
,,0a0ebf79-895f-4fdf-bcd4-39026a6ada73.extra_data.json,,,,0.0,5361851,1668.1346,,2021-08-01 13:21:03.175,2021-07-25 18:30:00.915,366.81207,aqfQc5yGC4,com.sec.android.app.shealth,0a0ebf79-895f-4fdf-bcd4-39026a6ada73,2021-07-26 00:00:00.000,
,,3557b87b-1861-464e-b9d6-25f9527f1f35.extra_data.json,,,,0.0,1759411,1742.2893,,2021-08-01 13:21:03.167,2021-07-25 01:46:33.313,115.55006,aqfQc5yGC4,com.sec.android.app.shealth,3557b87b-1861-464e-b9d6-25f9527f1f35,2021-07-25 00:00:00.000,
,,f12c0513-4ea3-4d81-a12f-a441aef7ed86.extra_data.json,,,,0.0,5993680,1650.1417,,2021-08-01 13:21:03.204,2021-07-30 02:26:29.283,399.00943,aqfQc5yGC4,com.sec.android.app.shealth,f12c0513-4ea3-4d81-a12f-a441aef7ed86,2021-07-30 00:00:00.000,
,,59ee40fe-4e97-44cc-a3bb-a4f82f1809ec.extra_data.json,,,,0.0,6504507,1639.6583,,2021-08-01 13:21:03.196,2021-07-29 03:11:05.216,574.4299,aqfQc5yGC4,com.sec.android.app.shealth,59ee40fe-4e97-44cc-a3bb-a4f82f1809ec,2021-07-29 00:00:00.000,
,,afd80a5b-b153-4c4b-a29d-034dc2e0b1bf.extra_data.json,,,,0.0,2495345,1733.6454,,2021-08-01 13:21:02.900,2021-07-11 22:22:09.231,240.75397,aqfQc5yGC4,com.sec.android.app.shealth,afd80a5b-b153-4c4b-a29d-034dc2e0b1bf,2021-07-12 00:00:00.000,
,,ff162e9d-09f9-4569-a828-317b8ccd6265.extra_data.json,,,,0.0,4856296,1684.8632,,2021-08-01 13:21:02.755,2021-07-05 10:12:48.480,482.6582,aqfQc5yGC4,com.sec.android.app.shealth,ff162e9d-09f9-4569-a828-317b8ccd6265,2021-07-05 00:00:00.000,
,,81ac3661-a386-4999-b4a2-129723f1115b.extra_data.json,,,,0.0,4975518,1682.3998,,2021-08-01 13:21:02.816,2021-07-08 00:39:33.136,420.70535,aqfQc5yGC4,com.sec.android.app.shealth,81ac3661-a386-4999-b4a2-129723f1115b,2021-07-08 00:00:00.000,
,,d2612dbb-4f07-4cb7-9bca-8976f9c84789.extra_data.json,,,,0.0,1746146,1737.3119,,2021-08-01 18:30:01.653,2021-08-01 01:40:01.397,113.60001,aqfQc5yGC4,com.sec.android.app.shealth,d2612dbb-4f07-4cb7-9bca-8976f9c84789,2021-08-01 00:00:00.000,
,,a8d062c5-e84d-454f-8916-af8dddb2e2e6.extra_data.json,,,,0.0,3651172,1698.216,,2021-08-02 23:09:32.653,2021-08-01 18:30:01.006,242.30276,aqfQc5yGC4,com.sec.android.app.shealth,a8d062c5-e84d-454f-8916-af8dddb2e2e6,2021-08-02 00:00:00.000,
,,3ef5c36f-ac19-43c2-9f71-ff0d0ff9c1b3.extra_data.json,,,,0.0,3363627,1704.1171,,2021-08-04 00:18:59.958,2021-08-02 23:09:26.643,228.35991,aqfQc5yGC4,com.sec.android.app.shealth,3ef5c36f-ac19-43c2-9f71-ff0d0ff9c1b3,2021-08-03 00:00:00.000,
,,412d3b7f-e239-4442-a4d6-60e03f9dd338.extra_data.json,,,,0.0,6255184,1644.7749,,2021-08-05 02:02:32.603,2021-08-03 19:07:00.056,428.4101,aqfQc5yGC4,com.sec.android.app.shealth,412d3b7f-e239-4442-a4d6-60e03f9dd338,2021-08-04 00:00:00.000,
,,cded327d-c127-4fee-9478-3f04c6bb4178.extra_data.json,,,,0.0,3344237,1704.5149,,2021-08-05 18:33:34.391,2021-08-05 02:02:30.875,234.08904,aqfQc5yGC4,com.sec.android.app.shealth,cded327d-c127-4fee-9478-3f04c6bb4178,2021-08-05 00:00:00.000,
,,fbc66b1d-fa92-4c07-9038-54ca18fef088.extra_data.json,,,,0.0,5786121,1654.4014,,2021-08-07 01:46:29.803,2021-08-05 18:30:00.533,754.43195,aqfQc5yGC4,com.sec.android.app.shealth,fbc66b1d-fa92-4c07-9038-54ca18fef088,2021-08-06 00:00:00.000,
,,1efc34e1-6b51-4f3d-973b-4e568e29d5ce.extra_data.json,,,,0.0,3730984,1696.5779,,2021-08-07 18:30:00.847,2021-08-07 01:46:22.099,250.00996,aqfQc5yGC4,com.sec.android.app.shealth,1efc34e1-6b51-4f3d-973b-4e568e29d5ce,2021-08-07 00:00:00.000,
,,8bc12a30-9541-4d8a-a085-6506c4bea8ee.extra_data.json,,,,0.0,2082012,1730.419,,2021-08-09 00:01:18.002,2021-08-07 18:30:00.519,139.84001,aqfQc5yGC4,com.sec.android.app.shealth,8bc12a30-9541-4d8a-a085-6506c4bea8ee,2021-08-08 00:00:00.000,
,,a9d50f0a-c4da-4924-bf36-fabd36eee30b.extra_data.json,,,,0.0,3874293,1693.6368,,2021-08-09 18:30:00.974,2021-08-09 00:01:03.392,263.76996,aqfQc5yGC4,com.sec.android.app.shealth,a9d50f0a-c4da-4924-bf36-fabd36eee30b,2021-08-09 00:00:00.000,
,,709b677b-3d02-424b-9696-fce0bf0db3fe.extra_data.json,,,,0.0,4302781,1684.8431,,2021-08-10 18:30:01.024,2021-08-09 18:30:00.567,292.30756,aqfQc5yGC4,com.sec.android.app.shealth,709b677b-3d02-424b-9696-fce0bf0db3fe,2021-08-10 00:00:00.000,
,,9d81fc61-149e-49c9-bb1f-a36a9709ae2f.extra_data.json,,,,0.0,7024836,1628.9799,,2021-08-12 01:49:11.038,2021-08-10 18:30:00.652,463.9357,aqfQc5yGC4,com.sec.android.app.shealth,9d81fc61-149e-49c9-bb1f-a36a9709ae2f,2021-08-11 00:00:00.000,
,,26602486-feeb-412c-9277-f4acaff1c297.extra_data.json,,,,0.0,6341363,1643.0063,,2021-08-13 02:37:28.406,2021-08-12 01:49:05.596,697.3923,aqfQc5yGC4,com.sec.android.app.shealth,26602486-feeb-412c-9277-f4acaff1c297,2021-08-12 00:00:00.000,
,,f7a84b6b-2a0d-4724-9137-6989844f63b9.extra_data.json,,,,0.0,2595781,1719.8751,,2021-08-13 18:30:01.108,2021-08-12 18:30:00.937,174.269,aqfQc5yGC4,com.sec.android.app.shealth,f7a84b6b-2a0d-4724-9137-6989844f63b9,2021-08-13 00:00:00.000,
,,0b48e4dd-5411-4d24-89bd-8978c0fffa69.extra_data.json,,,,0.0,5609956,1658.0167,,2021-08-14 18:30:01.368,2021-08-13 18:30:00.790,525.3413,aqfQc5yGC4,com.sec.android.app.shealth,0b48e4dd-5411-4d24-89bd-8978c0fffa69,2021-08-14 00:00:00.000,
,,9e07934e-0f68-4c2f-bc56-0878b883a51c.extra_data.json,,,,0.0,6442656,1640.9275,,2021-08-15 18:30:01.062,2021-08-14 18:30:01.025,426.94205,aqfQc5yGC4,com.sec.android.app.shealth,9e07934e-0f68-4c2f-bc56-0878b883a51c,2021-08-15 00:00:00.000,
,,677042ee-74c2-48ab-82d1-29bedb7416f0.extra_data.json,,,,0.0,2452464,1722.8164,,2021-08-16 19:14:25.805,2021-08-15 18:30:00.703,167.21198,aqfQc5yGC4,com.sec.android.app.shealth,677042ee-74c2-48ab-82d1-29bedb7416f0,2021-08-16 00:00:00.000,
,,05fa4da1-c081-4b97-a57a-aebb99f93356.extra_data.json,,,,0.0,2859022,1714.4728,,2021-08-17 18:30:01.424,2021-08-16 19:14:25.537,188.97098,aqfQc5yGC4,com.sec.android.app.shealth,05fa4da1-c081-4b97-a57a-aebb99f93356,2021-08-17 00:00:00.000,
,,9deb1196-b3aa-4e0f-b40d-c64895818c12.extra_data.json,,,,0.0,3034104,1710.8796,,2021-08-18 18:30:01.287,2021-08-17 18:30:01.171,205.99895,aqfQc5yGC4,com.sec.android.app.shealth,9deb1196-b3aa-4e0f-b40d-c64895818c12,2021-08-18 00:00:00.000,
,,7e26fa40-aeef-44cf-927f-42aa8795ece0.extra_data.json,,,,0.0,3299247,1705.4382,,2021-08-19 18:30:01.397,2021-08-18 18:30:01.112,219.83722,aqfQc5yGC4,com.sec.android.app.shealth,7e26fa40-aeef-44cf-927f-42aa8795ece0,2021-08-19 00:00:00.000,
,,a110edbb-cce8-4d74-b59b-4d393b25ffaf.extra_data.json,,,,0.0,5842987,1653.2344,,2021-08-20 18:30:01.011,2021-08-19 18:30:01.069,432.25793,aqfQc5yGC4,com.sec.android.app.shealth,a110edbb-cce8-4d74-b59b-4d393b25ffaf,2021-08-20 00:00:00.000,
,,fc30d83b-1088-4e3a-843b-c5f4833d9876.extra_data.json,,,,0.0,1743121,1737.3739,,2021-08-21 18:30:01.050,2021-08-20 18:30:00.670,114.06,aqfQc5yGC4,com.sec.android.app.shealth,fc30d83b-1088-4e3a-843b-c5f4833d9876,2021-08-21 00:00:00.000,
,,2348f2dd-6912-47f6-a7a9-1851e1648a3c.extra_data.json,,,,0.0,2852960,1709.4153,,2021-08-26 01:26:19.472,2021-08-24 18:30:01.890,190.62335,aqfQc5yGC4,com.sec.android.app.shealth,2348f2dd-6912-47f6-a7a9-1851e1648a3c,2021-08-25 00:00:00.000,
,,d2230fa0-3d11-4a36-8b01-29e8b992c3ea.extra_data.json,,,,0.0,8010229,1603.8949,,2021-08-26 18:30:02.257,2021-08-26 01:26:04.509,815.3072,aqfQc5yGC4,com.sec.android.app.shealth,d2230fa0-3d11-4a36-8b01-29e8b992c3ea,2021-08-26 00:00:00.000,
,,1fa9a668-bcfa-4f3e-a928-7a9db34d1758.extra_data.json,,,,0.0,3835259,1694.438,,2021-08-27 15:40:16.548,2021-08-22 18:30:00.932,260.32104,aqfQc5yGC4,com.sec.android.app.shealth,1fa9a668-bcfa-4f3e-a928-7a9db34d1758,2021-08-23 00:00:00.000,
,,6f97e027-e1aa-4124-80bc-638150aa84fe.extra_data.json,,,,0.0,4915142,1672.276,,2021-08-27 15:40:16.789,2021-08-23 18:30:00.820,348.84818,aqfQc5yGC4,com.sec.android.app.shealth,6f97e027-e1aa-4124-80bc-638150aa84fe,2021-08-24 00:00:00.000,
,,325f5efb-f554-44ca-99e6-6cba711f55d7.extra_data.json,,,,0.0,5695188,1643.7535,,2021-08-27 18:30:01.100,2021-08-26 18:30:00.801,667.0357,aqfQc5yGC4,com.sec.android.app.shealth,325f5efb-f554-44ca-99e6-6cba711f55d7,2021-08-27 00:00:00.000,
,,f0a6ec14-bf0e-46d0-ba51-db794c93e71b.extra_data.json,,,,0.0,2456203,1722.7397,,2021-08-27 15:40:16.295,2021-08-21 18:30:00.864,158.93999,aqfQc5yGC4,com.sec.android.app.shealth,f0a6ec14-bf0e-46d0-ba51-db794c93e71b,2021-08-22 00:00:00.000,
,,3d834b8a-2765-4343-8a16-370d75bf635b.extra_data.json,,,,0.0,9493406,1566.3933,,2021-08-28 18:35:06.002,2021-08-27 18:30:00.909,971.3359,aqfQc5yGC4,com.sec.android.app.shealth,3d834b8a-2765-4343-8a16-370d75bf635b,2021-08-28 00:00:00.000,
,,16ac4f96-2ba9-44ee-8e4b-b7a72ec822b4.extra_data.json,,,,0.0,2011743,1718.7759,,2021-08-29 18:30:01.031,2021-08-28 18:30:00.796,135.60799,aqfQc5yGC4,com.sec.android.app.shealth,16ac4f96-2ba9-44ee-8e4b-b7a72ec822b4,2021-08-29 00:00:00.000,
,,71e5a1d3-1208-471f-82f0-98a1c686694d.extra_data.json,,,,0.0,640320,1746.7084,,2021-08-30 18:30:01.043,2021-08-29 18:30:00.751,40.62,aqfQc5yGC4,com.sec.android.app.shealth,71e5a1d3-1208-471f-82f0-98a1c686694d,2021-08-30 00:00:00.000,
,,5f9e5029-956e-44b6-9c1c-0badef6b0eaa.extra_data.json,,,,0.0,4983424,1658.2502,,2021-08-31 18:30:00.799,2021-08-30 18:30:00.749,487.6419,aqfQc5yGC4,com.sec.android.app.shealth,5f9e5029-956e-44b6-9c1c-0badef6b0eaa,2021-08-31 00:00:00.000,
,,ecd89e05-5228-4b7f-8570-db4f39c85716.extra_data.json,,,,0.0,4113903,1675.9602,,2021-09-01 20:07:26.845,2021-08-31 18:30:00.639,533.45874,aqfQc5yGC4,com.sec.android.app.shealth,ecd89e05-5228-4b7f-8570-db4f39c85716,2021-09-01 00:00:00.000,
,,7aa52ef8-726d-4f7b-b4b2-3e110f088d1d.extra_data.json,,,,0.0,6103199,1635.4432,,2021-09-03 02:57:02.296,2021-09-01 20:07:25.858,673.6523,aqfQc5yGC4,com.sec.android.app.shealth,7aa52ef8-726d-4f7b-b4b2-3e110f088d1d,2021-09-02 00:00:00.000,
,,aaf687e8-e781-4e98-86a7-15ecef51cf32.extra_data.json,,,,0.0,5175357,1654.341,,2021-09-04 02:30:19.237,2021-09-03 02:57:00.754,664.9512,aqfQc5yGC4,com.sec.android.app.shealth,aaf687e8-e781-4e98-86a7-15ecef51cf32,2021-09-03 00:00:00.000,
,,d1eb79da-3f97-4077-8064-4a30f5a29ab6.extra_data.json,,,,0.0,5857795,1640.4415,,2021-09-04 18:30:01.829,2021-09-03 18:30:00.737,677.39374,aqfQc5yGC4,com.sec.android.app.shealth,d1eb79da-3f97-4077-8064-4a30f5a29ab6,2021-09-04 00:00:00.000,
,,bb366bb9-589a-4b0a-aec4-347c0b7a8418.extra_data.json,,,,0.0,2192174,1715.101,,2021-09-05 18:30:00.980,2021-09-04 18:30:01.715,141.52898,aqfQc5yGC4,com.sec.android.app.shealth,bb366bb9-589a-4b0a-aec4-347c0b7a8418,2021-09-05 00:00:00.000,
,,c2660a86-9856-470b-a985-4faaf1a28718.extra_data.json,,,,0.0,5517985,1647.3627,,2021-09-06 19:10:09.487,2021-09-05 18:30:00.719,661.44696,aqfQc5yGC4,com.sec.android.app.shealth,c2660a86-9856-470b-a985-4faaf1a28718,2021-09-06 00:00:00.000,
,,23ac4496-6be1-4aa3-a4ef-20af55f3a173.extra_data.json,,,,0.0,7305219,1610.9612,,2021-09-07 18:31:06.520,2021-09-06 19:10:08.504,805.97876,aqfQc5yGC4,com.sec.android.app.shealth,23ac4496-6be1-4aa3-a4ef-20af55f3a173,2021-09-07 00:00:00.000,
,,07038e63-6960-44a7-942d-d48ef56599d0.extra_data.json,,,,0.0,5311993,1651.5581,,2021-09-09 01:54:12.545,2021-09-07 18:31:04.981,582.4613,aqfQc5yGC4,com.sec.android.app.shealth,07038e63-6960-44a7-942d-d48ef56599d0,2021-09-08 00:00:00.000,
,,2c91236d-6e9f-4364-ae69-113026102d0d.extra_data.json,,,,0.0,9372514,1568.8556,,2021-09-09 18:30:01.059,2021-09-09 01:54:11.255,980.8621,aqfQc5yGC4,com.sec.android.app.shealth,2c91236d-6e9f-4364-ae69-113026102d0d,2021-09-09 00:00:00.000,
,,01dce909-2879-46fc-971d-8b271ea289f1.extra_data.json,,,,0.0,6104332,1635.4202,,2021-09-10 18:30:02.222,2021-09-09 18:30:00.900,743.23535,aqfQc5yGC4,com.sec.android.app.shealth,01dce909-2879-46fc-971d-8b271ea289f1,2021-09-10 00:00:00.000,
,,355b5e34-3e51-43b5-a8b9-03ed6db30daa.extra_data.json,,,,0.0,1731502,1719.2323,,2021-09-14 02:23:01.224,2021-09-12 18:30:00.985,111.383,aqfQc5yGC4,com.sec.android.app.shealth,355b5e34-3e51-43b5-a8b9-03ed6db30daa,2021-09-13 00:00:00.000,
,,5a708e7d-f511-445c-bd14-0043eea23381.extra_data.json,,,,0.0,5385856,1645.029,,2021-09-14 18:30:01.377,2021-09-14 02:22:00.015,644.83105,aqfQc5yGC4,com.sec.android.app.shealth,5a708e7d-f511-445c-bd14-0043eea23381,2021-09-14 00:00:00.000,
,,e1ccdc2a-4ab3-4db5-b356-aae2e5dd9274.extra_data.json,,,,0.0,6638425,1624.5421,,2021-09-11 18:31:36.874,2021-09-10 18:30:01.825,662.34265,aqfQc5yGC4,com.sec.android.app.shealth,e1ccdc2a-4ab3-4db5-b356-aae2e5dd9274,2021-09-11 00:00:00.000,
,,55cc6a55-d1b5-4701-bd85-701a1bbe0915.extra_data.json,,,,0.0,5309078,1646.588,,2021-09-12 18:30:01.200,2021-09-11 18:30:00.762,353.7726,aqfQc5yGC4,com.sec.android.app.shealth,55cc6a55-d1b5-4701-bd85-701a1bbe0915,2021-09-12 00:00:00.000,
,,0211fc27-6011-463d-8727-f98de9cba6f7.extra_data.json,,,,0.0,6190422,1628.6919,,2021-09-15 18:30:01.157,2021-09-14 18:30:01.138,662.50946,aqfQc5yGC4,com.sec.android.app.shealth,0211fc27-6011-463d-8727-f98de9cba6f7,2021-09-15 00:00:00.000,
,,1ae66e20-d7bb-4b27-8e97-b540fca40339.extra_data.json,,,,0.0,7264772,1606.877,,2021-09-16 18:35:10.957,2021-09-15 18:30:00.993,721.06116,aqfQc5yGC4,com.sec.android.app.shealth,1ae66e20-d7bb-4b27-8e97-b540fca40339,2021-09-16 00:00:00.000,
,,40777e14-03c3-4640-9013-277febd09fab.extra_data.json,,,,0.0,7021212,1611.8224,,2021-09-17 22:54:01.352,2021-09-16 18:30:01.039,708.1196,aqfQc5yGC4,com.sec.android.app.shealth,40777e14-03c3-4640-9013-277febd09fab,2021-09-17 00:00:00.000,
,,df881c20-f746-4425-bf7c-00432d7ddb05.extra_data.json,,,,0.0,7167159,1608.8589,,2021-09-18 18:30:00.991,2021-09-17 22:53:56.375,735.365,aqfQc5yGC4,com.sec.android.app.shealth,df881c20-f746-4425-bf7c-00432d7ddb05,2021-09-18 00:00:00.000,
,,0b22e311-a9d0-4631-a00b-f199d1177485.extra_data.json,,,,0.0,1456681,1724.8127,,2021-09-20 01:33:13.313,2021-09-18 18:30:00.690,95.90001,aqfQc5yGC4,com.sec.android.app.shealth,0b22e311-a9d0-4631-a00b-f199d1177485,2021-09-19 00:00:00.000,
,,b9f30364-07f1-4921-b2d2-9977af6e1834.extra_data.json,,,,0.0,5129151,1650.2416,,2021-09-20 18:30:02.352,2021-09-20 01:33:12.037,536.63446,aqfQc5yGC4,com.sec.android.app.shealth,b9f30364-07f1-4921-b2d2-9977af6e1834,2021-09-20 00:00:00.000,
,,c3bc9eb0-fe21-4122-aa86-6aba9a0eaa9b.extra_data.json,,,,0.0,7304677,1606.0665,,2021-09-22 02:18:08.873,2021-09-20 18:30:02.117,769.0672,aqfQc5yGC4,com.sec.android.app.shealth,c3bc9eb0-fe21-4122-aa86-6aba9a0eaa9b,2021-09-21 00:00:00.000,
,,caaa6e99-459b-43ef-9765-4cc3378cfcf4.extra_data.json,,,,0.0,4547810,1662.046,,2021-09-23 01:08:52.032,2021-09-22 02:17:55.122,546.7791,aqfQc5yGC4,com.sec.android.app.shealth,caaa6e99-459b-43ef-9765-4cc3378cfcf4,2021-09-22 00:00:00.000,
,,cfd4b4cc-31a8-4b88-9f0c-946170f94eab.extra_data.json,,,,0.0,6815594,1615.9977,,2021-09-25 01:44:06.746,2021-09-23 18:30:01.005,752.08307,aqfQc5yGC4,com.sec.android.app.shealth,cfd4b4cc-31a8-4b88-9f0c-946170f94eab,2021-09-24 00:00:00.000,
,,fbee56c7-b2b2-4d63-86e9-e5e119189fdf.extra_data.json,,,,0.0,5772441,1637.1793,,2021-09-23 18:35:06.019,2021-09-23 01:08:44.449,629.42035,aqfQc5yGC4,com.sec.android.app.shealth,fbee56c7-b2b2-4d63-86e9-e5e119189fdf,2021-09-23 00:00:00.000,
,,a24c2da8-24a7-489c-8c0a-f3cd16e045bd.extra_data.json,,,,0.0,6204149,1628.4132,,2021-09-25 18:30:02.044,2021-09-25 01:44:01.994,708.12067,aqfQc5yGC4,com.sec.android.app.shealth,a24c2da8-24a7-489c-8c0a-f3cd16e045bd,2021-09-25 00:00:00.000,
,,43d0dfb2-16c6-4a35-b6d6-d5eb3eff2466.extra_data.json,,,,0.0,1977595,1714.2355,,2021-09-26 18:30:02.302,2021-09-25 18:30:00.995,126.57901,aqfQc5yGC4,com.sec.android.app.shealth,43d0dfb2-16c6-4a35-b6d6-d5eb3eff2466,2021-09-26 00:00:00.000,
,,003b05f8-759c-47c1-a6ae-ae4c5d46b219.extra_data.json,,,,0.0,1668532,1720.5111,,2021-09-27 18:30:00.596,2021-09-26 18:30:01.718,109.51446,aqfQc5yGC4,com.sec.android.app.shealth,003b05f8-759c-47c1-a6ae-ae4c5d46b219,2021-09-27 00:00:00.000,
,,cd219337-621a-4cac-8c7a-f618cd423151.extra_data.json,,,,0.0,9869019,1553.9965,,2021-09-29 00:02:51.195,2021-09-27 18:30:00.519,1019.82043,aqfQc5yGC4,com.sec.android.app.shealth,cd219337-621a-4cac-8c7a-f618cd423151,2021-09-28 00:00:00.000,
,,8901bfa5-f591-4a99-86a1-8b3b123a25bd.extra_data.json,,,,0.0,5245271,1647.8837,,2021-09-29 18:30:00.914,2021-09-29 00:02:39.457,574.2045,aqfQc5yGC4,com.sec.android.app.shealth,8901bfa5-f591-4a99-86a1-8b3b123a25bd,2021-09-29 00:00:00.000,
,,20735385-c16e-43eb-910e-0113b84a1e90.extra_data.json,,,,0.0,9528510,1560.9105,,2021-10-01 00:57:09.074,2021-09-29 18:30:00.749,831.0074,aqfQc5yGC4,com.sec.android.app.shealth,20735385-c16e-43eb-910e-0113b84a1e90,2021-09-30 00:00:00.000,
,,c6bbb22d-704a-4f08-bb4a-98627c18d26a.extra_data.json,,,,0.0,6251522,1627.4514,,2021-10-01 18:35:08.498,2021-10-01 00:57:07.656,785.56287,aqfQc5yGC4,com.sec.android.app.shealth,c6bbb22d-704a-4f08-bb4a-98627c18d26a,2021-10-01 00:00:00.000,
,,539b1d50-dabb-4d8b-bdd0-6abb5b68841a.extra_data.json,,,,0.0,4728324,1658.3806,,2021-10-02 18:30:01.128,2021-10-01 18:30:00.564,558.09827,aqfQc5yGC4,com.sec.android.app.shealth,539b1d50-dabb-4d8b-bdd0-6abb5b68841a,2021-10-02 00:00:00.000,
,,85b372bc-1c72-4233-bc7d-f1e543517b83.extra_data.json,,,,0.0,2052739,1712.7096,,2021-10-03 18:31:32.634,2021-10-02 18:30:00.776,138.77199,aqfQc5yGC4,com.sec.android.app.shealth,85b372bc-1c72-4233-bc7d-f1e543517b83,2021-10-03 00:00:00.000,
,,16c84daa-ebf8-4fdd-91ab-f72d5b81a39b.extra_data.json,,,,0.0,7490009,1602.3033,,2021-10-05 18:30:01.315,2021-10-05 02:25:30.763,786.68085,aqfQc5yGC4,com.sec.android.app.shealth,16c84daa-ebf8-4fdd-91ab-f72d5b81a39b,2021-10-05 00:00:00.000,
,,193e7ef5-40a8-4b03-aab4-941f557a3f0f.extra_data.json,,,,0.0,5025139,1652.3536,,2021-10-05 02:25:32.594,2021-10-03 18:30:01.136,633.7075,aqfQc5yGC4,com.sec.android.app.shealth,193e7ef5-40a8-4b03-aab4-941f557a3f0f,2021-10-04 00:00:00.000,
,,3ebf2a22-9d61-42b2-abcd-ee59457027ad.extra_data.json,,,,0.0,4957381,1653.7294,,2021-10-06 18:30:00.820,2021-10-05 18:30:01.081,551.8548,aqfQc5yGC4,com.sec.android.app.shealth,3ebf2a22-9d61-42b2-abcd-ee59457027ad,2021-10-06 00:00:00.000,
,,2b1895cc-6501-424e-83de-9e03947754d0.extra_data.json,,,,0.0,9074470,1565.0493,,2021-11-02 18:48:20.574,2021-10-26 02:16:47.566,887.3006,aqfQc5yGC4,com.sec.android.app.shealth,2b1895cc-6501-424e-83de-9e03947754d0,2021-10-26 00:00:00.000,
,,50c1c42b-3749-47f1-8838-61b82631c095.extra_data.json,,,,0.0,6066042,1625.9392,,2021-11-02 18:48:21.060,2021-11-01 01:07:46.196,833.801,aqfQc5yGC4,com.sec.android.app.shealth,50c1c42b-3749-47f1-8838-61b82631c095,2021-11-01 00:00:00.000,
,,7de687ad-8fa3-4d05-b8d4-7c5cc049349a.extra_data.json,,,,0.0,5648144,1634.3973,,2021-11-02 18:48:19.669,2021-10-12 02:32:42.610,734.43915,aqfQc5yGC4,com.sec.android.app.shealth,7de687ad-8fa3-4d05-b8d4-7c5cc049349a,2021-10-12 00:00:00.000,
,,652c890b-44a6-495a-a238-99c3025b67ce.extra_data.json,,,,0.0,5495159,1637.4937,,2021-11-02 18:48:19.904,2021-10-18 02:22:10.200,613.7798,aqfQc5yGC4,com.sec.android.app.shealth,652c890b-44a6-495a-a238-99c3025b67ce,2021-10-18 00:00:00.000,
,,2b12bf2d-0a23-424f-94b9-92b09ff815d6.extra_data.json,,,,0.0,1810575,1712.0687,,2021-11-02 18:48:19.575,2021-10-09 18:30:01.769,123.453,aqfQc5yGC4,com.sec.android.app.shealth,2b12bf2d-0a23-424f-94b9-92b09ff815d6,2021-10-10 00:00:00.000,
,,ecced89f-7459-4e61-b74e-f891a637ce3d.extra_data.json,,,,0.0,2275253,1702.6637,,2021-11-02 18:48:19.801,2021-10-15 01:41:00.123,146.49599,aqfQc5yGC4,com.sec.android.app.shealth,ecced89f-7459-4e61-b74e-f891a637ce3d,2021-10-15 00:00:00.000,
,,e3e2d9d3-b285-4586-adfb-d5c77586da7f.extra_data.json,,,,0.0,5306683,1641.3085,,2021-11-02 18:48:19.135,2021-10-06 18:30:00.573,398.21204,aqfQc5yGC4,com.sec.android.app.shealth,e3e2d9d3-b285-4586-adfb-d5c77586da7f,2021-10-07 00:00:00.000,
,,beda8b43-2caa-4e9c-aaaf-5be83cb91210.extra_data.json,,,,0.0,5218957,1643.0839,,2021-11-03 18:30:01.228,2021-11-02 18:48:08.741,524.6088,aqfQc5yGC4,com.sec.android.app.shealth,beda8b43-2caa-4e9c-aaaf-5be83cb91210,2021-11-03 00:00:00.000,
,,cd7bd19d-4690-4aea-a256-b3670c27786c.extra_data.json,,,,0.0,1421613,1719.9412,,2021-11-02 18:48:21.019,2021-10-30 18:30:00.453,91.13001,aqfQc5yGC4,com.sec.android.app.shealth,cd7bd19d-4690-4aea-a256-b3670c27786c,2021-10-31 00:00:00.000,
,,cd7357e7-88f7-40c1-8fba-f1e2944c83c9.extra_data.json,,,,0.0,7536103,1596.1855,,2021-11-02 18:48:19.513,2021-10-08 18:30:01.001,725.909,aqfQc5yGC4,com.sec.android.app.shealth,cd7357e7-88f7-40c1-8fba-f1e2944c83c9,2021-10-09 00:00:00.000,
,,f0b6cb5a-519c-4d45-b797-db96562e903a.extra_data.json,,,,0.0,5737996,1632.5787,,2021-11-02 18:48:20.730,2021-10-29 03:05:20.748,628.3362,aqfQc5yGC4,com.sec.android.app.shealth,f0b6cb5a-519c-4d45-b797-db96562e903a,2021-10-29 00:00:00.000,
,,713ee53f-fa1d-43f4-afdb-2f339d5e8098.extra_data.json,,,,0.0,5374234,1639.9413,,2021-11-02 18:48:20.810,2021-10-29 18:30:00.702,586.4029,aqfQc5yGC4,com.sec.android.app.shealth,713ee53f-fa1d-43f4-afdb-2f339d5e8098,2021-10-30 00:00:00.000,
,,97981a6f-c795-4f41-850a-6b5864c8effa.extra_data.json,,,,0.0,2458276,1698.9596,,2021-11-02 18:48:20.077,2021-10-21 03:47:47.629,159.25397,aqfQc5yGC4,com.sec.android.app.shealth,97981a6f-c795-4f41-850a-6b5864c8effa,2021-10-21 00:00:00.000,
,,094486d3-910f-4a98-9533-8a2685ccee1f.extra_data.json,,,,0.0,3267950,1682.5718,,2021-11-04 18:30:01.060,2021-11-03 18:30:00.929,213.74002,aqfQc5yGC4,com.sec.android.app.shealth,094486d3-910f-4a98-9533-8a2685ccee1f,2021-11-04 00:00:00.000,
,,225fb3a8-8708-40ac-ab7e-f7553eaf7953.extra_data.json,,,,0.0,3352072,1680.8693,,2021-11-02 18:48:19.828,2021-10-15 18:30:00.781,211.18935,aqfQc5yGC4,com.sec.android.app.shealth,225fb3a8-8708-40ac-ab7e-f7553eaf7953,2021-10-16 00:00:00.000,
,,d68cb399-36e8-49dc-9455-97fe1a9cc60e.extra_data.json,,,,0.0,7000201,1607.0321,,2021-11-02 18:48:20.675,2021-10-27 18:30:00.728,743.3404,aqfQc5yGC4,com.sec.android.app.shealth,d68cb399-36e8-49dc-9455-97fe1a9cc60e,2021-10-28 00:00:00.000,
,,64fce8cb-1c5c-4650-a435-502167316b30.extra_data.json,,,,0.0,3266251,1682.6063,,2021-11-02 18:48:20.405,2021-10-23 18:30:01.486,209.85,aqfQc5yGC4,com.sec.android.app.shealth,64fce8cb-1c5c-4650-a435-502167316b30,2021-10-24 00:00:00.000,
,,46455fc1-5da2-4bdf-8655-127505b146a2.extra_data.json,,,,0.0,2541688,1697.2712,,2021-11-02 18:48:19.613,2021-10-10 18:30:01.183,170.42857,aqfQc5yGC4,com.sec.android.app.shealth,46455fc1-5da2-4bdf-8655-127505b146a2,2021-10-11 00:00:00.000,
,,49733501-f681-42ff-bcfb-434727b09b2c.extra_data.json,,,,0.0,8030245,1586.1842,,2021-11-02 18:48:20.632,2021-10-26 18:58:36.716,738.9022,aqfQc5yGC4,com.sec.android.app.shealth,49733501-f681-42ff-bcfb-434727b09b2c,2021-10-27 00:00:00.000,
,,f9338e87-a468-4779-b1b3-ce37f75303b0.extra_data.json,,,,0.0,4953551,1648.4557,,2021-11-02 18:48:21.098,2021-11-02 01:24:43.308,578.3156,aqfQc5yGC4,com.sec.android.app.shealth,f9338e87-a468-4779-b1b3-ce37f75303b0,2021-11-02 00:00:00.000,
,,271675e0-f7dd-4983-929e-4a8682e7571d.extra_data.json,,,,0.0,6896679,1609.1273,,2021-11-02 18:48:19.846,2021-10-16 18:30:00.612,462.49976,aqfQc5yGC4,com.sec.android.app.shealth,271675e0-f7dd-4983-929e-4a8682e7571d,2021-10-17 00:00:00.000,
,,72f3edd2-e2b2-4008-a069-986d70ec6217.extra_data.json,,,,0.0,6207914,1623.0677,,2021-11-02 18:48:19.783,2021-10-13 18:30:00.736,639.04785,aqfQc5yGC4,com.sec.android.app.shealth,72f3edd2-e2b2-4008-a069-986d70ec6217,2021-10-14 00:00:00.000,
,,b7917d25-7932-4fd3-915b-2d3001f04990.extra_data.json,,,,0.0,2399242,1700.1543,,2021-11-05 18:35:09.808,2021-11-04 18:30:00.791,151.03,aqfQc5yGC4,com.sec.android.app.shealth,b7917d25-7932-4fd3-915b-2d3001f04990,2021-11-05 00:00:00.000,
,,52bf3b09-5af6-4867-9631-9ff23a0ab913.extra_data.json,,,,0.0,7854196,1589.7474,,2021-11-02 18:48:20.229,2021-10-22 18:30:00.682,851.5963,aqfQc5yGC4,com.sec.android.app.shealth,52bf3b09-5af6-4867-9631-9ff23a0ab913,2021-10-23 00:00:00.000,
,,76d86c72-c662-417a-a42d-5db40b0b249b.extra_data.json,,,,0.0,6956048,1607.9257,,2021-11-02 18:48:19.927,2021-10-18 18:30:00.585,660.96094,aqfQc5yGC4,com.sec.android.app.shealth,76d86c72-c662-417a-a42d-5db40b0b249b,2021-10-19 00:00:00.000,
,,39255f30-6f6c-4089-957c-9d9086beb2c5.extra_data.json,,,,0.0,5999324,1627.2894,,2021-11-02 18:48:19.326,2021-10-08 00:41:00.186,699.2058,aqfQc5yGC4,com.sec.android.app.shealth,39255f30-6f6c-4089-957c-9d9086beb2c5,2021-10-08 00:00:00.000,
,,56f61156-5ace-43b7-8c39-93c5ed1eb42f.extra_data.json,,,,0.0,7650245,1593.8752,,2021-11-02 18:48:20.529,2021-10-24 19:06:40.665,814.2539,aqfQc5yGC4,com.sec.android.app.shealth,56f61156-5ace-43b7-8c39-93c5ed1eb42f,2021-10-25 00:00:00.000,
,,c1647ab3-c6e7-4d01-9a07-c62f3790670d.extra_data.json,,,,0.0,6437527,1618.4204,,2021-11-02 18:48:20.121,2021-10-21 18:30:01.404,871.74036,aqfQc5yGC4,com.sec.android.app.shealth,c1647ab3-c6e7-4d01-9a07-c62f3790670d,2021-10-22 00:00:00.000,
,,e08bd7e6-73a4-404c-b3a0-9375a8149dcb.extra_data.json,,,,0.0,8166894,1583.4185,,2021-11-02 18:48:20.006,2021-10-19 18:30:00.543,759.53436,aqfQc5yGC4,com.sec.android.app.shealth,e08bd7e6-73a4-404c-b3a0-9375a8149dcb,2021-10-20 00:00:00.000,
,,6ad37246-fc45-4483-b7be-bdedcc90d6e4.extra_data.json,,,,0.0,5043170,1646.6418,,2021-11-02 18:48:19.741,2021-10-12 18:30:00.626,622.82916,aqfQc5yGC4,com.sec.android.app.shealth,6ad37246-fc45-4483-b7be-bdedcc90d6e4,2021-10-13 00:00:00.000,
,,c6a0d0d2-65d6-46ba-9d16-85509d9daee6.extra_data.json,,,,0.0,6129191,1624.661,,2021-11-06 18:30:01.021,2021-11-05 18:30:00.895,709.4997,aqfQc5yGC4,com.sec.android.app.shealth,c6a0d0d2-65d6-46ba-9d16-85509d9daee6,2021-11-06 00:00:00.000,
,,27147771-e977-4203-8108-8fcdf166d981.extra_data.json,,,,0.0,979156,1728.8966,,2021-11-07 18:30:02.699,2021-11-06 18:30:00.592,61.779995,aqfQc5yGC4,com.sec.android.app.shealth,27147771-e977-4203-8108-8fcdf166d981,2021-11-07 00:00:00.000,
,,926f9960-a39f-47cd-9239-d92ff3fd62fd.extra_data.json,,,,0.0,5210871,1643.2476,,2021-11-08 18:30:00.851,2021-11-07 18:30:02.393,609.8223,aqfQc5yGC4,com.sec.android.app.shealth,926f9960-a39f-47cd-9239-d92ff3fd62fd,2021-11-08 00:00:00.000,
,,71934453-d141-4f4d-86d3-a512dab7183f.extra_data.json,,,,0.0,4961595,1648.293,,2021-11-10 01:41:00.613,2021-11-08 18:30:00.562,535.33057,aqfQc5yGC4,com.sec.android.app.shealth,71934453-d141-4f4d-86d3-a512dab7183f,2021-11-09 00:00:00.000,
,,28fbcf62-7c9d-4ebc-a2c3-9d16db634c42.extra_data.json,,,,0.0,4456594,1658.514,,2021-11-10 18:30:00.853,2021-11-10 01:40:53.869,306.601,aqfQc5yGC4,com.sec.android.app.shealth,28fbcf62-7c9d-4ebc-a2c3-9d16db634c42,2021-11-10 00:00:00.000,
,,d3c8fd49-483e-44d6-a802-2b8a283c77ed.extra_data.json,,,,0.0,8083600,1585.1044,,2021-11-12 00:59:12.401,2021-11-10 18:30:00.654,765.0514,aqfQc5yGC4,com.sec.android.app.shealth,d3c8fd49-483e-44d6-a802-2b8a283c77ed,2021-11-11 00:00:00.000,
,,6eb7ca47-5264-45ec-a598-2ae109faed1b.extra_data.json,,,,0.0,5407997,1639.2578,,2021-11-13 18:35:12.457,2021-11-12 18:30:01.621,581.29065,aqfQc5yGC4,com.sec.android.app.shealth,6eb7ca47-5264-45ec-a598-2ae109faed1b,2021-11-13 00:00:00.000,
,,0348a865-88db-4995-ad48-16e2cd235f78.extra_data.json,,,,0.0,6199511,1623.2378,,2021-11-12 18:30:01.923,2021-11-12 00:59:00.712,656.11707,aqfQc5yGC4,com.sec.android.app.shealth,0348a865-88db-4995-ad48-16e2cd235f78,2021-11-12 00:00:00.000,
,,cc7c4799-516c-4d57-964b-7e84042aaaf0.extra_data.json,,,,0.0,1129778,1725.848,,2021-11-14 18:30:02.129,2021-11-13 18:30:00.784,72.55001,aqfQc5yGC4,com.sec.android.app.shealth,cc7c4799-516c-4d57-964b-7e84042aaaf0,2021-11-14 00:00:00.000,
,,fd36d0c1-3369-451b-bd62-c3b11e264e7e.extra_data.json,,,,0.0,5674871,1633.8563,,2021-11-15 18:30:01.786,2021-11-14 18:30:02.030,680.18396,aqfQc5yGC4,com.sec.android.app.shealth,fd36d0c1-3369-451b-bd62-c3b11e264e7e,2021-11-15 00:00:00.000,
,,4272c75a-b932-4eae-81d9-7fb527ee2d03.extra_data.json,,,,0.0,7234408,1602.2917,,2021-11-18 03:17:49.547,2021-11-17 01:34:44.165,722.1945,aqfQc5yGC4,com.sec.android.app.shealth,4272c75a-b932-4eae-81d9-7fb527ee2d03,2021-11-17 00:00:00.000,
,,003e4b77-3b18-42f7-9553-b59602805fb3.extra_data.json,,,,0.0,5692657,1633.4965,,2021-11-17 01:34:54.613,2021-11-15 18:30:01.565,683.53595,aqfQc5yGC4,com.sec.android.app.shealth,003e4b77-3b18-42f7-9553-b59602805fb3,2021-11-16 00:00:00.000,
,,b51a62cf-a9be-4fed-91f8-753f273aaafb.extra_data.json,,,,0.0,1183835,1724.7539,,2021-11-19 02:17:54.799,2021-11-18 03:17:30.775,74.75001,aqfQc5yGC4,com.sec.android.app.shealth,b51a62cf-a9be-4fed-91f8-753f273aaafb,2021-11-18 00:00:00.000,
,,d26b1e03-4a17-4f82-8b93-2fb6655201cf.extra_data.json,,,,0.0,6053625,1626.1906,,2021-11-19 18:30:01.208,2021-11-19 02:17:40.539,693.64496,aqfQc5yGC4,com.sec.android.app.shealth,d26b1e03-4a17-4f82-8b93-2fb6655201cf,2021-11-19 00:00:00.000,
,,a04468ee-5961-4ecf-a33c-53df47732529.extra_data.json,,,,0.0,3472174,1678.4384,,2021-11-20 18:30:00.783,2021-11-19 18:30:00.881,224.44899,aqfQc5yGC4,com.sec.android.app.shealth,a04468ee-5961-4ecf-a33c-53df47732529,2021-11-20 00:00:00.000,
,,d1e10fed-6c0a-4dff-b6fe-71c7da1c78e0.extra_data.json,,,,0.0,3360179,1680.7052,,2021-11-21 18:30:01.087,2021-11-20 18:30:00.559,214.03091,aqfQc5yGC4,com.sec.android.app.shealth,d1e10fed-6c0a-4dff-b6fe-71c7da1c78e0,2021-11-21 00:00:00.000,
,,139e64ef-fd2e-4af0-9caf-23e110dd6279.extra_data.json,,,,0.0,1849531,1711.2804,,2021-11-22 18:30:00.921,2021-11-21 18:30:00.859,118.98999,aqfQc5yGC4,com.sec.android.app.shealth,139e64ef-fd2e-4af0-9caf-23e110dd6279,2021-11-22 00:00:00.000,
,,bdf295fd-b494-4862-abd3-a9ca595796a9.extra_data.json,,,,0.0,6677717,1613.559,,2021-11-23 18:30:02.136,2021-11-22 18:30:00.526,701.47656,aqfQc5yGC4,com.sec.android.app.shealth,bdf295fd-b494-4862-abd3-a9ca595796a9,2021-11-23 00:00:00.000,
,,53deefb4-a167-4108-b61b-d38e8eb71176.extra_data.json,,,,0.0,8380194,1579.1013,,2021-11-24 18:30:01.135,2021-11-23 18:30:01.748,808.19794,aqfQc5yGC4,com.sec.android.app.shealth,53deefb4-a167-4108-b61b-d38e8eb71176,2021-11-24 00:00:00.000,
,,414b6c76-00cb-4299-8516-310f4ba2f8a7.extra_data.json,,,,0.0,4854995,1650.4506,,2021-11-26 02:15:57.166,2021-11-24 18:30:00.858,325.95105,aqfQc5yGC4,com.sec.android.app.shealth,414b6c76-00cb-4299-8516-310f4ba2f8a7,2021-11-25 00:00:00.000,
,,375cd303-5bfe-4565-99c2-c917f28ef52b.extra_data.json,,,,0.0,6092985,1625.3939,,2021-11-27 01:18:53.504,2021-11-26 02:15:44.498,739.37897,aqfQc5yGC4,com.sec.android.app.shealth,375cd303-5bfe-4565-99c2-c917f28ef52b,2021-11-26 00:00:00.000,
,,0e38e817-581c-48a4-8ece-558e19b4d2f5.extra_data.json,,,,0.0,5311897,1641.2029,,2021-11-27 18:30:00.959,2021-11-27 01:18:48.611,599.54584,aqfQc5yGC4,com.sec.android.app.shealth,0e38e817-581c-48a4-8ece-558e19b4d2f5,2021-11-27 00:00:00.000,
,,cc07198d-2c9a-4587-bcf2-52d3377a42f1.extra_data.json,,,,0.0,2995345,1688.0894,,2021-11-28 18:30:01.978,2021-11-27 18:30:00.662,194.84,aqfQc5yGC4,com.sec.android.app.shealth,cc07198d-2c9a-4587-bcf2-52d3377a42f1,2021-11-28 00:00:00.000,
,,96cbdf8e-056f-4549-a8ec-933243ee552e.extra_data.json,,,,0.0,4529958,1657.029,,2021-11-30 00:39:24.518,2021-11-28 18:30:01.722,580.92236,aqfQc5yGC4,com.sec.android.app.shealth,96cbdf8e-056f-4549-a8ec-933243ee552e,2021-11-29 00:00:00.000,
,,37615f25-c460-442c-94f9-a683d6117fc6.extra_data.json,,,,0.0,8029734,1586.1945,,2021-11-30 18:30:00.935,2021-11-30 00:39:12.774,826.26636,aqfQc5yGC4,com.sec.android.app.shealth,37615f25-c460-442c-94f9-a683d6117fc6,2021-11-30 00:00:00.000,
,,2f1892ca-421a-401f-a610-3b409b085e4b.extra_data.json,,,,0.0,5789900,1631.5282,,2021-12-03 18:30:02.097,2021-12-03 01:22:43.758,642.7357,aqfQc5yGC4,com.sec.android.app.shealth,2f1892ca-421a-401f-a610-3b409b085e4b,2021-12-03 00:00:00.000,
,,23a3ca49-548b-4cae-998b-d4da1fa80432.extra_data.json,,,,0.0,2517604,1697.7588,,2021-12-04 18:30:01.970,2021-12-03 18:30:01.512,206.8346,aqfQc5yGC4,com.sec.android.app.shealth,23a3ca49-548b-4cae-998b-d4da1fa80432,2021-12-04 00:00:00.000,
,,76277db9-931d-47e7-8f56-d230efee4104.extra_data.json,,,,0.0,5673297,1633.8883,,2021-12-03 01:22:53.296,2021-12-01 18:30:00.478,572.6172,aqfQc5yGC4,com.sec.android.app.shealth,76277db9-931d-47e7-8f56-d230efee4104,2021-12-02 00:00:00.000,
,,68af583e-293f-4e17-be74-cd86b1cbc69b.extra_data.json,,,,0.0,4737497,1652.8286,,2021-12-01 18:30:00.991,2021-11-30 18:30:00.721,550.3733,aqfQc5yGC4,com.sec.android.app.shealth,68af583e-293f-4e17-be74-cd86b1cbc69b,2021-12-01 00:00:00.000,
,,43421e07-2a50-4049-ab35-9e1a2a4855a6.extra_data.json,,,,0.0,2036413,1707.4978,,2021-12-06 01:55:17.793,2021-12-04 18:30:01.190,145.3941,aqfQc5yGC4,com.sec.android.app.shealth,43421e07-2a50-4049-ab35-9e1a2a4855a6,2021-12-05 00:00:00.000,
,,67a45e8f-3c41-42ed-9217-b2685a74da82.extra_data.json,,,,0.0,5306765,1641.3068,,2021-12-06 19:29:53.946,2021-12-06 01:54:48.709,629.1642,aqfQc5yGC4,com.sec.android.app.shealth,67a45e8f-3c41-42ed-9217-b2685a74da82,2021-12-06 00:00:00.000,
,,3a86c10c-709e-4156-b290-bc9d6354ae16.extra_data.json,,,,0.0,4791085,1651.7439,,2021-12-07 18:30:01.125,2021-12-06 19:29:53.518,559.03864,aqfQc5yGC4,com.sec.android.app.shealth,3a86c10c-709e-4156-b290-bc9d6354ae16,2021-12-07 00:00:00.000,
,,ad99e829-0673-4416-9fd9-b1fd6482b6ec.extra_data.json,,,,0.0,7996841,1586.8604,,2021-12-08 18:30:02.139,2021-12-07 18:30:00.885,871.00525,aqfQc5yGC4,com.sec.android.app.shealth,ad99e829-0673-4416-9fd9-b1fd6482b6ec,2021-12-08 00:00:00.000,
,,7d0d0d83-3173-4fe1-8b79-083ca5643ec5.extra_data.json,,,,0.0,4566671,1656.286,,2021-12-09 18:30:01.465,2021-12-08 18:30:01.345,388.398,aqfQc5yGC4,com.sec.android.app.shealth,7d0d0d83-3173-4fe1-8b79-083ca5643ec5,2021-12-09 00:00:00.000,
,,164d50a5-538c-4b3d-acb9-9aad34e33473.extra_data.json,,,,0.0,5368195,1640.0635,,2021-12-10 18:30:01.013,2021-12-09 18:30:00.932,573.57776,aqfQc5yGC4,com.sec.android.app.shealth,164d50a5-538c-4b3d-acb9-9aad34e33473,2021-12-10 00:00:00.000,
,,66d7e342-293e-4195-885b-6d116496dcdd.extra_data.json,,,,0.0,1918691,1709.8806,,2021-12-11 18:30:02.195,2021-12-10 18:30:00.697,124.289986,aqfQc5yGC4,com.sec.android.app.shealth,66d7e342-293e-4195-885b-6d116496dcdd,2021-12-11 00:00:00.000,
,,adaa539f-fb58-440f-82f7-965299f22c81.extra_data.json,,,,0.0,1906973,1710.1177,,2021-12-12 18:30:00.759,2021-12-11 18:30:00.868,127.679985,aqfQc5yGC4,com.sec.android.app.shealth,adaa539f-fb58-440f-82f7-965299f22c81,2021-12-12 00:00:00.000,
,,88afc175-f05f-4c45-a4e4-c04ec3466155.extra_data.json,,,,0.0,4469516,1658.2524,,2021-12-13 23:37:25.765,2021-12-12 18:30:00.641,496.34628,aqfQc5yGC4,com.sec.android.app.shealth,88afc175-f05f-4c45-a4e4-c04ec3466155,2021-12-13 00:00:00.000,
,,301de1e7-fbfc-4c7f-9a13-cce504efdd4d.extra_data.json,,,,0.0,4534673,1656.9337,,2021-12-14 18:30:01.076,2021-12-13 23:37:18.879,292.3101,aqfQc5yGC4,com.sec.android.app.shealth,301de1e7-fbfc-4c7f-9a13-cce504efdd4d,2021-12-14 00:00:00.000,
,,c0ede059-fc21-42e8-9857-465ce2739697.extra_data.json,,,,0.0,1280773,1722.7917,,2021-12-15 18:30:01.693,2021-12-14 18:30:00.606,81.75002,aqfQc5yGC4,com.sec.android.app.shealth,c0ede059-fc21-42e8-9857-465ce2739697,2021-12-15 00:00:00.000,
,,04524b8f-e023-4ecc-9812-17aa299672ae.extra_data.json,,,,0.0,5563783,1636.1047,,2021-12-16 18:30:00.665,2021-12-15 18:30:01.285,611.84064,aqfQc5yGC4,com.sec.android.app.shealth,04524b8f-e023-4ecc-9812-17aa299672ae,2021-12-16 00:00:00.000,
,,5c8e7ee2-64aa-46c5-beac-1a1457eb5e37.extra_data.json,,,,0.0,2770908,1692.6318,,2021-12-17 18:32:51.118,2021-12-16 18:30:00.506,181.47,aqfQc5yGC4,com.sec.android.app.shealth,5c8e7ee2-64aa-46c5-beac-1a1457eb5e37,2021-12-17 00:00:00.000,
,,c9e22403-e858-4f17-af24-bd4a6426f5fd.extra_data.json,,,,0.0,2858003,1690.8691,,2021-12-19 18:30:00.995,2021-12-18 18:30:04.272,182.75104,aqfQc5yGC4,com.sec.android.app.shealth,c9e22403-e858-4f17-af24-bd4a6426f5fd,2021-12-19 00:00:00.000,
,,503f785a-f184-4d49-aba4-500e99dd4939.extra_data.json,,,,0.0,2435630,1699.4177,,2021-12-18 18:30:05.323,2021-12-17 18:30:00.476,155.08897,aqfQc5yGC4,com.sec.android.app.shealth,503f785a-f184-4d49-aba4-500e99dd4939,2021-12-18 00:00:00.000,
,,e32203c3-2c9b-4275-b252-ddf0ceb001cf.extra_data.json,,,,0.0,4227525,1663.1503,,2021-12-20 18:35:12.986,2021-12-19 18:30:00.804,477.4666,aqfQc5yGC4,com.sec.android.app.shealth,e32203c3-2c9b-4275-b252-ddf0ceb001cf,2021-12-20 00:00:00.000,
,,e5e13aad-8f30-4240-a1f9-a3c0ac2761ce.extra_data.json,,,,0.0,5318873,1641.0618,,2021-12-21 19:24:09.548,2021-12-20 18:30:00.688,631.14264,aqfQc5yGC4,com.sec.android.app.shealth,e5e13aad-8f30-4240-a1f9-a3c0ac2761ce,2021-12-21 00:00:00.000,
,,b27ee63e-0501-4f29-acc2-57da34d9f24a.extra_data.json,,,,0.0,4663729,1654.3217,,2021-12-22 18:30:03.726,2021-12-21 19:24:08.820,430.35364,aqfQc5yGC4,com.sec.android.app.shealth,b27ee63e-0501-4f29-acc2-57da34d9f24a,2021-12-22 00:00:00.000,
,,b5e154e6-a929-4b2a-b6a1-d4ef48d150a6.extra_data.json,,,,0.0,2634990,1695.3828,,2021-12-23 18:30:03.841,2021-12-22 18:30:02.950,166.73997,aqfQc5yGC4,com.sec.android.app.shealth,b5e154e6-a929-4b2a-b6a1-d4ef48d150a6,2021-12-23 00:00:00.000,
,,c94595c7-75df-45cf-bb53-67f7116ad5e2.extra_data.json,,,,0.0,5106667,1645.3568,,2021-12-25 01:58:32.968,2021-12-23 18:30:03.368,556.72327,aqfQc5yGC4,com.sec.android.app.shealth,c94595c7-75df-45cf-bb53-67f7116ad5e2,2021-12-24 00:00:00.000,
,,0b3d0087-425c-4593-a5ae-a38c34ec03e5.extra_data.json,,,,0.0,6090844,1625.4371,,2021-12-25 18:30:01.200,2021-12-25 01:58:18.345,605.11615,aqfQc5yGC4,com.sec.android.app.shealth,0b3d0087-425c-4593-a5ae-a38c34ec03e5,2021-12-25 00:00:00.000,
,,aeff6a0a-0997-474b-86c1-a41b910f24e5.extra_data.json,,,,0.0,1348007,1721.431,,2021-12-27 01:32:51.247,2021-12-25 18:30:00.896,85.00001,aqfQc5yGC4,com.sec.android.app.shealth,aeff6a0a-0997-474b-86c1-a41b910f24e5,2021-12-26 00:00:00.000,
,,2b88441d-e7e3-42b4-93fb-3c7887db67aa.extra_data.json,,,,0.0,3489185,1678.0941,,2021-12-27 18:35:22.748,2021-12-27 01:32:40.482,229.35999,aqfQc5yGC4,com.sec.android.app.shealth,2b88441d-e7e3-42b4-93fb-3c7887db67aa,2021-12-27 00:00:00.000,
,,4539bdfa-69fe-4e02-b1af-5e19a8efcdb7.extra_data.json,,,,0.0,5083375,1645.8281,,2021-12-28 18:30:01.111,2021-12-27 18:30:01.681,580.05237,aqfQc5yGC4,com.sec.android.app.shealth,4539bdfa-69fe-4e02-b1af-5e19a8efcdb7,2021-12-28 00:00:00.000,
,,80feca50-af61-4e90-948e-954dfa999e10.extra_data.json,,,,0.0,4518544,1657.2601,,2021-12-29 18:30:00.831,2021-12-28 18:30:00.736,565.7338,aqfQc5yGC4,com.sec.android.app.shealth,80feca50-af61-4e90-948e-954dfa999e10,2021-12-29 00:00:00.000,
,,2fda083b-0de9-4306-8226-385096bd2d8b.extra_data.json,,,,0.0,4901744,1649.5043,,2021-12-30 18:30:02.020,2021-12-29 18:30:00.560,504.8,aqfQc5yGC4,com.sec.android.app.shealth,2fda083b-0de9-4306-8226-385096bd2d8b,2021-12-30 00:00:00.000,
,,a90549d7-c604-4575-a818-c84ee9640ecf.extra_data.json,,,,0.0,3685636,1674.118,,2021-12-31 18:30:01.982,2021-12-30 18:30:01.374,366.64685,aqfQc5yGC4,com.sec.android.app.shealth,a90549d7-c604-4575-a818-c84ee9640ecf,2021-12-31 00:00:00.000,
,,b19973bc-f0ed-4318-a7aa-8fe8e3516a0e.extra_data.json,,,,0.0,1156488,1725.3074,,2022-01-01 18:30:01.604,2021-12-31 18:30:01.131,75.039986,aqfQc5yGC4,com.sec.android.app.shealth,b19973bc-f0ed-4318-a7aa-8fe8e3516a0e,2022-01-01 00:00:00.000,
,,587e9469-5e16-4c79-91f1-c33d5f510370.extra_data.json,,,,0.0,1960223,1709.0399,,2022-01-03 01:57:11.353,2022-01-02 05:56:48.020,124.500015,aqfQc5yGC4,com.sec.android.app.shealth,587e9469-5e16-4c79-91f1-c33d5f510370,2022-01-02 00:00:00.000,
,,30fdc9a1-8f11-4cc6-961f-37002ce6e74c.extra_data.json,,,,0.0,1286643,1722.6731,,2022-01-03 18:30:01.362,2022-01-03 01:56:53.960,81.569984,aqfQc5yGC4,com.sec.android.app.shealth,30fdc9a1-8f11-4cc6-961f-37002ce6e74c,2022-01-03 00:00:00.000,
,,efc03a2e-3bfd-48eb-825f-7c9006fab0da.extra_data.json,,,,0.0,993961,1728.5968,,2022-01-04 19:29:26.383,2022-01-03 18:30:00.805,64.12,aqfQc5yGC4,com.sec.android.app.shealth,efc03a2e-3bfd-48eb-825f-7c9006fab0da,2022-01-04 00:00:00.000,
,,40595d71-a95d-4243-920b-e8cb94b2e3a1.extra_data.json,,,,0.0,968454,1729.113,,2022-01-05 18:30:02.016,2022-01-04 19:29:25.706,60.980003,aqfQc5yGC4,com.sec.android.app.shealth,40595d71-a95d-4243-920b-e8cb94b2e3a1,2022-01-05 00:00:00.000,
,,951df106-5479-427b-a0e2-34c503742a16.extra_data.json,,,,0.0,537602,1737.8335,,2022-01-06 18:30:00.640,2022-01-05 18:30:01.428,34.339993,aqfQc5yGC4,com.sec.android.app.shealth,951df106-5479-427b-a0e2-34c503742a16,2022-01-06 00:00:00.000,
,,03da6c1d-fe9d-416e-8a95-ee22fd990b45.extra_data.json,,,,0.0,932466,1729.8416,,2022-01-08 18:30:02.473,2022-01-07 18:30:02.605,60.47,aqfQc5yGC4,com.sec.android.app.shealth,03da6c1d-fe9d-416e-8a95-ee22fd990b45,2022-01-08 00:00:00.000,
,,09f89ab1-ea1d-4942-a58e-225abe4f7663.extra_data.json,,,,0.0,1762881,1713.034,,2022-01-09 18:30:00.738,2022-01-09 11:58:21.410,111.670006,aqfQc5yGC4,com.sec.android.app.shealth,09f89ab1-ea1d-4942-a58e-225abe4f7663,2022-01-09 00:00:00.000,
,,e3aef198-b876-4d56-a125-70424916bafe.extra_data.json,,,,0.0,2615457,1695.7782,,2022-01-10 18:41:04.464,2022-01-10 12:39:26.278,212.34702,aqfQc5yGC4,com.sec.android.app.shealth,e3aef198-b876-4d56-a125-70424916bafe,2022-01-10 00:00:00.000,
,,034e9a49-2bcd-4cdb-8012-073c374ec306.extra_data.json,,,,0.0,938602,1729.7173,,2022-01-11 18:30:02.330,2022-01-10 18:30:01.373,59.78999,aqfQc5yGC4,com.sec.android.app.shealth,034e9a49-2bcd-4cdb-8012-073c374ec306,2022-01-11 00:00:00.000,
,,09915664-a6f8-4271-b1c2-da4956cac256.extra_data.json,,,,0.0,1021177,1728.046,,2022-01-12 18:30:01.973,2022-01-12 07:32:31.711,64.439995,aqfQc5yGC4,com.sec.android.app.shealth,09915664-a6f8-4271-b1c2-da4956cac256,2022-01-12 00:00:00.000,
,,fe670889-0a62-4ea9-84e2-eeb0fcc65eac.extra_data.json,,,,0.0,786393,1732.798,,2022-01-13 18:30:02.320,2022-01-12 18:30:01.616,49.299988,aqfQc5yGC4,com.sec.android.app.shealth,fe670889-0a62-4ea9-84e2-eeb0fcc65eac,2022-01-13 00:00:00.000,
,,12525d9d-94b5-4f7a-bd52-702037349f14.extra_data.json,,,,0.0,2345865,1701.2346,,2022-01-14 15:44:20.341,2022-01-06 18:30:00.543,283.47052,aqfQc5yGC4,com.sec.android.app.shealth,12525d9d-94b5-4f7a-bd52-702037349f14,2022-01-07 00:00:00.000,
,,1d9caadc-dcf9-4e2a-b709-ce2048e18b1c.extra_data.json,,,,0.0,1380660,1720.7703,,2022-01-14 23:25:17.930,2022-01-14 01:28:46.189,87.36001,aqfQc5yGC4,com.sec.android.app.shealth,1d9caadc-dcf9-4e2a-b709-ce2048e18b1c,2022-01-14 00:00:00.000,
,,542bb92e-7646-4679-8a23-898cf27b2f64.extra_data.json,,,,0.0,2922492,1689.5637,,2022-01-15 18:30:01.175,2022-01-15 03:29:32.587,194.95999,aqfQc5yGC4,com.sec.android.app.shealth,542bb92e-7646-4679-8a23-898cf27b2f64,2022-01-15 00:00:00.000,
,,0d3c349d-3181-4c5f-8718-04c10b6c0c05.extra_data.json,,,,0.0,1059196,1727.2764,,2022-01-17 18:32:08.740,2022-01-17 05:27:01.838,66.689995,aqfQc5yGC4,com.sec.android.app.shealth,0d3c349d-3181-4c5f-8718-04c10b6c0c05,2022-01-17 00:00:00.000,
,,75b1ff51-bfe8-4e5f-8ea4-17a5b3e81ef9.extra_data.json,,,,0.0,1240219,1723.6127,,2022-01-18 18:30:00.973,2022-01-18 01:48:59.474,79.98999,aqfQc5yGC4,com.sec.android.app.shealth,75b1ff51-bfe8-4e5f-8ea4-17a5b3e81ef9,2022-01-18 00:00:00.000,
,,ae246c0f-fc4b-4b38-9e66-8aa696838598.extra_data.json,,,,0.0,2224855,1703.6838,,2022-01-16 19:04:16.768,2022-01-16 02:57:30.572,144.36,aqfQc5yGC4,com.sec.android.app.shealth,ae246c0f-fc4b-4b38-9e66-8aa696838598,2022-01-16 00:00:00.000,
,,f8a0d6da-838c-4107-9f86-bc9e1b2fe6d3.extra_data.json,,,,0.0,5310476,1641.2316,,2022-01-20 00:54:04.588,2022-01-19 02:29:44.007,609.15564,aqfQc5yGC4,com.sec.android.app.shealth,f8a0d6da-838c-4107-9f86-bc9e1b2fe6d3,2022-01-19 00:00:00.000,
,,8fa7b7ac-58c0-4990-aa71-e2234552d08b.extra_data.json,,,,0.0,4428097,1659.0908,,2022-01-20 18:30:01.256,2022-01-20 02:16:08.551,411.19,aqfQc5yGC4,com.sec.android.app.shealth,8fa7b7ac-58c0-4990-aa71-e2234552d08b,2022-01-20 00:00:00.000,
,,a3c69a1d-b476-450b-8c6d-b83c0ade3386.extra_data.json,,,,0.0,1561856,1717.1028,,2022-01-21 18:30:26.513,2022-01-20 18:30:01.119,108.36,aqfQc5yGC4,com.sec.android.app.shealth,a3c69a1d-b476-450b-8c6d-b83c0ade3386,2022-01-21 00:00:00.000,
,,ad233121-367a-4bfb-a8c0-cc4c61450341.extra_data.json,,,,0.0,681139,1734.9283,,2022-01-22 18:30:01.320,2022-01-22 02:38:53.124,44.499996,aqfQc5yGC4,com.sec.android.app.shealth,ad233121-367a-4bfb-a8c0-cc4c61450341,2022-01-22 00:00:00.000,
,,e1960a6c-f40a-44ee-910a-f990ee71d09f.extra_data.json,,,,0.0,4126797,1665.189,,2022-01-23 19:39:15.792,2022-01-22 20:39:04.069,656.0736,aqfQc5yGC4,com.sec.android.app.shealth,e1960a6c-f40a-44ee-910a-f990ee71d09f,2022-01-23 00:00:00.000,
,,089782a5-5992-4d6c-9f1a-85d415b66a00.extra_data.json,,,,0.0,5478173,1637.8374,,2022-01-25 01:14:16.523,2022-01-23 18:30:02.116,417.995,aqfQc5yGC4,com.sec.android.app.shealth,089782a5-5992-4d6c-9f1a-85d415b66a00,2022-01-24 00:00:00.000,
,,f949b1d8-a51f-46f3-980d-68d1fc77df9a.extra_data.json,,,,0.0,5326132,1640.9149,,2022-01-26 00:31:49.615,2022-01-25 01:14:09.717,397.5421,aqfQc5yGC4,com.sec.android.app.shealth,f949b1d8-a51f-46f3-980d-68d1fc77df9a,2022-01-25 00:00:00.000,
,,d7fd70c9-f93d-4e0f-80cd-243860611456.extra_data.json,,,,0.0,5368982,1640.0475,,2022-01-26 18:30:01.976,2022-01-26 00:31:42.242,347.411,aqfQc5yGC4,com.sec.android.app.shealth,d7fd70c9-f93d-4e0f-80cd-243860611456,2022-01-26 00:00:00.000,
,,5d53548b-793c-4844-b568-f7bf368d0597.extra_data.json,,,,0.0,4252999,1662.6348,,2022-01-28 01:15:31.532,2022-01-26 18:30:01.423,533.2895,aqfQc5yGC4,com.sec.android.app.shealth,5d53548b-793c-4844-b568-f7bf368d0597,2022-01-27 00:00:00.000,
,,f59c8d22-2dd8-4dbb-9801-c61160cc1b6c.extra_data.json,,,,0.0,2000742,1708.2198,,2022-01-28 18:30:02.088,2022-01-28 01:15:23.734,136.631,aqfQc5yGC4,com.sec.android.app.shealth,f59c8d22-2dd8-4dbb-9801-c61160cc1b6c,2022-01-28 00:00:00.000,
,,c04b288e-23eb-46df-b3f6-349bb61ce322.extra_data.json,,,,0.0,3067263,1686.6337,,2022-01-29 18:35:37.738,2022-01-28 18:30:01.872,202.25998,aqfQc5yGC4,com.sec.android.app.shealth,c04b288e-23eb-46df-b3f6-349bb61ce322,2022-01-29 00:00:00.000,
,,72aea34c-5185-483e-8586-acbe100f012b.extra_data.json,,,,0.0,2169720,1704.7998,,2022-01-31 01:56:28.079,2022-01-29 18:30:02.273,139.92897,aqfQc5yGC4,com.sec.android.app.shealth,72aea34c-5185-483e-8586-acbe100f012b,2022-01-30 00:00:00.000,
,,ecc8940b-6a5b-4a0e-a753-da20ad44f072.extra_data.json,,,,0.0,5917740,1628.9407,,2022-02-01 00:12:56.616,2022-01-31 01:56:22.336,596.30396,aqfQc5yGC4,com.sec.android.app.shealth,ecc8940b-6a5b-4a0e-a753-da20ad44f072,2022-01-31 00:00:00.000,
,,f6ed25fc-45d8-4be9-ad1c-2a5bb6873ff9.extra_data.json,,,,0.0,5137776,1644.727,,2022-02-02 00:46:23.277,2022-02-01 00:12:46.584,564.1968,aqfQc5yGC4,com.sec.android.app.shealth,f6ed25fc-45d8-4be9-ad1c-2a5bb6873ff9,2022-02-01 00:00:00.000,
,,d038e0ea-bd84-4b7d-8c92-07abbdaf55e7.extra_data.json,,,,0.0,5149150,1644.4968,,2022-02-02 18:30:00.960,2022-02-02 00:46:11.511,587.5248,aqfQc5yGC4,com.sec.android.app.shealth,d038e0ea-bd84-4b7d-8c92-07abbdaf55e7,2022-02-02 00:00:00.000,
,,4b84105d-fd57-4385-9374-724a275e49cf.extra_data.json,,,,0.0,5710815,1633.1289,,2022-02-04 01:33:21.862,2022-02-02 18:30:00.721,469.56903,aqfQc5yGC4,com.sec.android.app.shealth,4b84105d-fd57-4385-9374-724a275e49cf,2022-02-03 00:00:00.000,
,,85bcc97f-79bf-4d72-a2fb-42b93dae8b98.extra_data.json,,,,0.0,4248663,1662.7224,,2022-02-05 01:44:11.298,2022-02-04 01:33:05.962,409.76996,aqfQc5yGC4,com.sec.android.app.shealth,85bcc97f-79bf-4d72-a2fb-42b93dae8b98,2022-02-04 00:00:00.000,
,,5bf308be-efce-4504-ad57-c1849be0815b.extra_data.json,,,,0.0,5279893,1641.8506,,2022-02-05 18:30:01.895,2022-02-05 01:44:03.532,553.31494,aqfQc5yGC4,com.sec.android.app.shealth,5bf308be-efce-4504-ad57-c1849be0815b,2022-02-05 00:00:00.000,
,,b73df989-8d80-4343-b34b-e8d8adfe9920.extra_data.json,,,,0.0,1139236,1725.6566,,2022-02-08 07:31:55.009,2022-02-07 01:18:57.296,71.88,aqfQc5yGC4,com.sec.android.app.shealth,b73df989-8d80-4343-b34b-e8d8adfe9920,2022-02-07 00:00:00.000,
,,48eba7b4-4de3-43d5-8820-8ddc25904cb7.extra_data.json,,,,0.0,2116968,1705.8674,,2022-02-08 07:31:55.004,2022-02-05 18:30:01.587,135.61,aqfQc5yGC4,com.sec.android.app.shealth,48eba7b4-4de3-43d5-8820-8ddc25904cb7,2022-02-06 00:00:00.000,
,,05a0b6c4-f8f7-4d0d-8220-aa878505ee49.extra_data.json,,,,0.0,6656230,1613.9939,,2022-02-08 18:35:10.479,2022-02-08 01:53:52.535,757.29346,aqfQc5yGC4,com.sec.android.app.shealth,05a0b6c4-f8f7-4d0d-8220-aa878505ee49,2022-02-08 00:00:00.000,
,,5c04a543-b023-4cac-93e8-9cfdd9e120d6.extra_data.json,,,,0.0,4857303,1650.4037,,2022-02-09 18:30:01.984,2022-02-08 18:30:00.815,557.4995,aqfQc5yGC4,com.sec.android.app.shealth,5c04a543-b023-4cac-93e8-9cfdd9e120d6,2022-02-09 00:00:00.000,
,,bb756d7c-7cf0-4a5a-a762-30ba32473086.extra_data.json,,,,0.0,6053163,1626.2,,2022-02-11 02:12:53.332,2022-02-09 18:30:01.574,543.52814,aqfQc5yGC4,com.sec.android.app.shealth,bb756d7c-7cf0-4a5a-a762-30ba32473086,2022-02-10 00:00:00.000,
,,b6d87213-b799-41ec-92b1-02d671a4e4a3.extra_data.json,,,,0.0,5173959,1643.9948,,2022-02-11 18:30:02.299,2022-02-11 02:12:46.669,604.17706,aqfQc5yGC4,com.sec.android.app.shealth,b6d87213-b799-41ec-92b1-02d671a4e4a3,2022-02-11 00:00:00.000,
,,2f9807a4-a89f-4f67-98f9-160d9da599d2.extra_data.json,,,,0.0,5836242,1630.5903,,2022-02-12 18:30:00.993,2022-02-11 18:30:02.100,595.5836,aqfQc5yGC4,com.sec.android.app.shealth,2f9807a4-a89f-4f67-98f9-160d9da599d2,2022-02-12 00:00:00.000,
,,8dc86865-d9fe-402e-a63b-96bc2d3c5477.extra_data.json,,,,0.0,2340116,1701.3511,,2022-02-13 18:30:01.451,2022-02-12 18:30:00.657,150.45999,aqfQc5yGC4,com.sec.android.app.shealth,8dc86865-d9fe-402e-a63b-96bc2d3c5477,2022-02-13 00:00:00.000,
,,f927b0dd-55a7-4fc0-8d2e-d493c7591f68.extra_data.json,,,,0.0,1099883,1726.4531,,2022-02-15 01:02:44.707,2022-02-13 18:30:00.680,69.919975,aqfQc5yGC4,com.sec.android.app.shealth,f927b0dd-55a7-4fc0-8d2e-d493c7591f68,2022-02-14 00:00:00.000,
,,022364ed-96dc-4ea6-83e8-a2de85281a19.extra_data.json,,,,0.0,7402573,1598.8881,,2022-02-15 18:30:02.207,2022-02-15 01:02:31.774,695.9623,aqfQc5yGC4,com.sec.android.app.shealth,022364ed-96dc-4ea6-83e8-a2de85281a19,2022-02-15 00:00:00.000,
,,378bb193-956c-4df7-9f26-a577b3ec0978.extra_data.json,,,,0.0,7781582,1591.217,,2022-02-16 18:30:01.771,2022-02-15 18:30:01.748,714.48425,aqfQc5yGC4,com.sec.android.app.shealth,378bb193-956c-4df7-9f26-a577b3ec0978,2022-02-16 00:00:00.000,
,,2bc2ed54-c170-496b-ab50-be2d9739fe93.extra_data.json,,,,0.0,3603444,1675.7816,,2022-02-21 17:14:14.645,2022-02-19 18:30:01.023,275.4961,aqfQc5yGC4,com.sec.android.app.shealth,2bc2ed54-c170-496b-ab50-be2d9739fe93,2022-02-20 00:00:00.000,
,,1374db13-24fd-40b5-8d3c-50502c552dd2.extra_data.json,,,,0.0,1003138,1728.4111,,2022-02-21 17:14:14.631,2022-02-19 02:15:25.805,63.14,aqfQc5yGC4,com.sec.android.app.shealth,1374db13-24fd-40b5-8d3c-50502c552dd2,2022-02-19 00:00:00.000,
,,28428131-9cc1-4ebe-b81b-63993a056902.extra_data.json,,,,0.0,3900663,1669.7659,,2022-02-21 17:14:14.596,2022-02-16 18:30:01.160,366.12466,aqfQc5yGC4,com.sec.android.app.shealth,28428131-9cc1-4ebe-b81b-63993a056902,2022-02-17 00:00:00.000,
,,1b90ea87-a9d9-4533-8417-d18abe8923c5.extra_data.json,,,,0.0,6399582,1619.1884,,2022-02-21 17:14:14.609,2022-02-17 23:57:40.490,658.18,aqfQc5yGC4,com.sec.android.app.shealth,1b90ea87-a9d9-4533-8417-d18abe8923c5,2022-02-18 00:00:00.000,
,,0cc976d0-f414-4467-99d7-d44d8444d38d.extra_data.json,,,,0.0,5185469,1643.7617,,2022-02-21 18:30:00.861,2022-02-21 01:47:36.178,471.14404,aqfQc5yGC4,com.sec.android.app.shealth,0cc976d0-f414-4467-99d7-d44d8444d38d,2022-02-21 00:00:00.000,
,,b7fda862-42bf-4585-b1dd-a1902daaf175.extra_data.json,,,,0.0,8223187,1582.2792,,2022-02-22 18:30:01.460,2022-02-21 18:30:00.704,726.6101,aqfQc5yGC4,com.sec.android.app.shealth,b7fda862-42bf-4585-b1dd-a1902daaf175,2022-02-22 00:00:00.000,
,,4ff599b9-ca56-4f63-9d62-dd4bdd2cf8f5.extra_data.json,,,,0.0,5358425,1640.2612,,2022-02-24 01:55:41.022,2022-02-22 18:30:00.723,541.43524,aqfQc5yGC4,com.sec.android.app.shealth,4ff599b9-ca56-4f63-9d62-dd4bdd2cf8f5,2022-02-23 00:00:00.000,
,,29717bad-03f6-4109-80f4-f43b0d976f4f.extra_data.json,,,,0.0,1690754,1714.494,,2022-02-24 18:30:01.169,2022-02-24 01:54:38.237,108.37,aqfQc5yGC4,com.sec.android.app.shealth,29717bad-03f6-4109-80f4-f43b0d976f4f,2022-02-24 00:00:00.000,
,,51cbd846-a27f-4b88-b644-d3ed35648baf.extra_data.json,,,,0.0,5863258,1630.0436,,2022-02-25 18:40:01.374,2022-02-24 18:30:00.923,597.39276,aqfQc5yGC4,com.sec.android.app.shealth,51cbd846-a27f-4b88-b644-d3ed35648baf,2022-02-25 00:00:00.000,
,,11f38fc2-dc98-490c-9407-2eb9d37c94b7.extra_data.json,,,,0.0,7442517,1598.0796,,2022-02-26 18:30:00.763,2022-02-25 18:40:00.880,730.05865,aqfQc5yGC4,com.sec.android.app.shealth,11f38fc2-dc98-490c-9407-2eb9d37c94b7,2022-02-26 00:00:00.000,
,,5c09505d-8bf8-4e35-b401-bd2e3fe19d12.extra_data.json,,,,0.0,3448799,1678.9115,,2022-02-27 18:30:01.321,2022-02-26 18:30:00.556,227.14993,aqfQc5yGC4,com.sec.android.app.shealth,5c09505d-8bf8-4e35-b401-bd2e3fe19d12,2022-02-27 00:00:00.000,
,,6c7fec2a-5b0f-4767-a644-60475cb835e9.extra_data.json,,,,0.0,4278192,1662.1249,,2022-03-01 01:06:52.743,2022-02-27 18:30:00.803,368.5639,aqfQc5yGC4,com.sec.android.app.shealth,6c7fec2a-5b0f-4767-a644-60475cb835e9,2022-02-28 00:00:00.000,
,,c0812dd8-9dae-4407-8ca9-f216b547b273.extra_data.json,,,,0.0,4565277,1656.3142,,2022-03-01 19:01:50.374,2022-03-01 01:06:41.886,503.87482,aqfQc5yGC4,com.sec.android.app.shealth,c0812dd8-9dae-4407-8ca9-f216b547b273,2022-03-01 00:00:00.000,
,,9445402f-550b-4ed7-92a9-af404c4dc07e.extra_data.json,,,,0.0,4760599,1652.361,,2022-03-03 00:58:48.877,2022-03-01 19:01:49.440,420.8518,aqfQc5yGC4,com.sec.android.app.shealth,9445402f-550b-4ed7-92a9-af404c4dc07e,2022-03-02 00:00:00.000,
,,4c23ead0-adc2-4a65-b380-d22ddd103b2a.extra_data.json,,,,0.0,6815563,1610.7692,,2022-03-04 01:08:44.593,2022-03-03 00:57:02.885,695.9452,aqfQc5yGC4,com.sec.android.app.shealth,4c23ead0-adc2-4a65-b380-d22ddd103b2a,2022-03-03 00:00:00.000,
,,8af6199c-f5bd-4d3a-86ff-68e1b477b4f8.extra_data.json,,,,0.0,6031915,1626.63,,2022-03-04 19:22:41.867,2022-03-04 01:08:27.570,606.32007,aqfQc5yGC4,com.sec.android.app.shealth,8af6199c-f5bd-4d3a-86ff-68e1b477b4f8,2022-03-04 00:00:00.000,
,,166defc6-47f5-4b13-a7f6-4be4d0362018.extra_data.json,,,,0.0,2654665,1694.9846,,2022-03-05 18:30:01.339,2022-03-04 19:22:41.132,200.30745,aqfQc5yGC4,com.sec.android.app.shealth,166defc6-47f5-4b13-a7f6-4be4d0362018,2022-03-05 00:00:00.000,
,,1aaac207-ec39-4ee8-a113-3b22c918afa7.extra_data.json,,,,0.0,1024512,1727.9785,,2022-03-06 22:29:42.205,2022-03-05 18:30:01.098,64.76001,aqfQc5yGC4,com.sec.android.app.shealth,1aaac207-ec39-4ee8-a113-3b22c918afa7,2022-03-06 00:00:00.000,
,,7ab44689-53ad-4787-92cf-7b31a841ccfb.extra_data.json,,,,0.0,6462781,1617.9092,,2022-03-07 18:30:02.310,2022-03-06 22:29:24.828,610.89044,aqfQc5yGC4,com.sec.android.app.shealth,7ab44689-53ad-4787-92cf-7b31a841ccfb,2022-03-07 00:00:00.000,
,,467e4ab7-4ddc-482e-bf62-002e546bc7d9.extra_data.json,,,,0.0,5671736,1633.9198,,2022-03-08 18:30:01.510,2022-03-07 18:30:01.895,596.9961,aqfQc5yGC4,com.sec.android.app.shealth,467e4ab7-4ddc-482e-bf62-002e546bc7d9,2022-03-08 00:00:00.000,
,,3c67a91a-8bc0-4d5f-98fe-ff124a3f7927.extra_data.json,,,,0.0,7050620,1606.0115,,2022-03-11 18:30:02.410,2022-03-10 18:30:00.670,690.8108,aqfQc5yGC4,com.sec.android.app.shealth,3c67a91a-8bc0-4d5f-98fe-ff124a3f7927,2022-03-11 00:00:00.000,
,,79309084-7284-4eca-a977-21b4a85e24b3.extra_data.json,,,,0.0,5488539,1637.6278,,2022-03-09 18:30:02.794,2022-03-08 18:30:01.154,622.6169,aqfQc5yGC4,com.sec.android.app.shealth,79309084-7284-4eca-a977-21b4a85e24b3,2022-03-09 00:00:00.000,
,,a37b0e60-870b-46f0-aa5e-3804d3d4659d.extra_data.json,,,,0.0,10358591,1539.0591,,2022-03-10 18:30:01.219,2022-03-09 18:30:02.429,814.4011,aqfQc5yGC4,com.sec.android.app.shealth,a37b0e60-870b-46f0-aa5e-3804d3d4659d,2022-03-10 00:00:00.000,
,,f9fac6f2-9af9-4561-a06f-18a3079873da.extra_data.json,,,,0.0,5481809,1637.7639,,2022-03-12 18:30:01.121,2022-03-11 18:30:02.115,559.7722,aqfQc5yGC4,com.sec.android.app.shealth,f9fac6f2-9af9-4561-a06f-18a3079873da,2022-03-12 00:00:00.000,
,,884fa639-343f-4113-8845-a84fa49a6b70.extra_data.json,,,,0.0,1721497,1713.8717,,2022-03-14 01:37:06.305,2022-03-12 18:30:00.771,110.409996,aqfQc5yGC4,com.sec.android.app.shealth,884fa639-343f-4113-8845-a84fa49a6b70,2022-03-13 00:00:00.000,
,,cab332d8-2f9e-4f6c-95d1-0121e8ea46a2.extra_data.json,,,,0.0,8631796,1574.009,,2022-03-14 18:30:03.271,2022-03-14 01:36:43.073,742.08984,aqfQc5yGC4,com.sec.android.app.shealth,cab332d8-2f9e-4f6c-95d1-0121e8ea46a2,2022-03-14 00:00:00.000,
,,1a6f01c4-5ab8-4f36-8636-20be5ff53c48.extra_data.json,,,,0.0,2223362,1703.7141,,2022-03-15 18:30:01.812,2022-03-14 18:30:01.995,165.575,aqfQc5yGC4,com.sec.android.app.shealth,1a6f01c4-5ab8-4f36-8636-20be5ff53c48,2022-03-15 00:00:00.000,
,,33c52dc4-07ec-4180-aced-de5ae249035a.extra_data.json,,,,0.0,5289209,1641.6621,,2022-03-16 18:30:00.691,2022-03-15 18:30:01.406,360.40988,aqfQc5yGC4,com.sec.android.app.shealth,33c52dc4-07ec-4180-aced-de5ae249035a,2022-03-16 00:00:00.000,
,,c67c6971-ce09-4cde-babd-828942b9bb0e.extra_data.json,,,,0.0,6431181,1618.5488,,2022-03-18 00:54:20.683,2022-03-16 18:30:00.447,673.0101,aqfQc5yGC4,com.sec.android.app.shealth,c67c6971-ce09-4cde-babd-828942b9bb0e,2022-03-17 00:00:00.000,
,,74ad92ce-9e7a-44fd-923d-a3d6985442a0.extra_data.json,,,,0.0,5381897,1639.7861,,2022-03-18 21:57:36.754,2022-03-18 00:54:11.518,365.02002,aqfQc5yGC4,com.sec.android.app.shealth,74ad92ce-9e7a-44fd-923d-a3d6985442a0,2022-03-18 00:00:00.000,
,,2b692b93-f75f-40e1-9978-5a45467e6c5c.extra_data.json,,,,0.0,1874134,1710.7823,,2022-03-19 18:30:02.655,2022-03-18 21:57:26.068,118.749985,aqfQc5yGC4,com.sec.android.app.shealth,2b692b93-f75f-40e1-9978-5a45467e6c5c,2022-03-19 00:00:00.000,
,,f1a540ad-6cd6-4c6b-9001-8ec46335e8c1.extra_data.json,,,,0.0,5815825,1631.0035,,2022-03-23 19:14:29.589,2022-03-22 18:30:01.553,634.20233,aqfQc5yGC4,com.sec.android.app.shealth,f1a540ad-6cd6-4c6b-9001-8ec46335e8c1,2022-03-23 00:00:00.000,
,,a08bc623-8de3-48a2-9063-e6982b461950.extra_data.json,,,,0.0,1892352,1710.4136,,2022-03-20 18:30:01.889,2022-03-19 18:30:02.018,120.80999,aqfQc5yGC4,com.sec.android.app.shealth,a08bc623-8de3-48a2-9063-e6982b461950,2022-03-20 00:00:00.000,
,,dfa898b1-bf2d-4920-bf8b-cfea924a563d.extra_data.json,,,,0.0,7812384,1590.5936,,2022-03-22 18:30:02.527,2022-03-21 18:58:59.693,682.4542,aqfQc5yGC4,com.sec.android.app.shealth,dfa898b1-bf2d-4920-bf8b-cfea924a563d,2022-03-22 00:00:00.000,
,,b7fa3e00-6b2c-42d4-a34a-b1b664831e43.extra_data.json,,,,0.0,6118520,1624.8771,,2022-03-21 18:59:00.933,2022-03-20 18:30:01.563,588.87805,aqfQc5yGC4,com.sec.android.app.shealth,b7fa3e00-6b2c-42d4-a34a-b1b664831e43,2022-03-21 00:00:00.000,
,,51b4479d-5fbc-49dd-8d23-5007c22b67b9.extra_data.json,,,,0.0,2272719,1702.7151,,2022-03-26 18:30:00.991,2022-03-25 18:30:03.551,144.23898,aqfQc5yGC4,com.sec.android.app.shealth,51b4479d-5fbc-49dd-8d23-5007c22b67b9,2022-03-26 00:00:00.000,
,,71352c14-2888-4c97-b01a-d44ab824377f.extra_data.json,,,,0.0,2005772,1708.1179,,2022-03-27 18:30:05.424,2022-03-26 18:30:00.786,130.48997,aqfQc5yGC4,com.sec.android.app.shealth,71352c14-2888-4c97-b01a-d44ab824377f,2022-03-27 00:00:00.000,
,,58ba52a6-e0e3-4443-a650-69bfac603a6e.extra_data.json,,,,0.0,4791803,1651.7295,,2022-03-26 04:03:36.837,2022-03-23 19:14:28.856,425.6605,aqfQc5yGC4,com.sec.android.app.shealth,58ba52a6-e0e3-4443-a650-69bfac603a6e,2022-03-24 00:00:00.000,
,,d3270eba-c6d8-45bd-9e0a-c75b5e1e4e48.extra_data.json,,,,0.0,6308779,1621.0264,,2022-03-26 04:03:36.874,2022-03-25 01:17:53.681,671.17065,aqfQc5yGC4,com.sec.android.app.shealth,d3270eba-c6d8-45bd-9e0a-c75b5e1e4e48,2022-03-25 00:00:00.000,
,,f015e038-d393-4344-8b70-1ebcf4e8acda.extra_data.json,,,,0.0,8713546,1572.3544,,2022-03-29 18:47:31.119,2022-03-29 00:50:51.958,800.11365,aqfQc5yGC4,com.sec.android.app.shealth,f015e038-d393-4344-8b70-1ebcf4e8acda,2022-03-29 00:00:00.000,
,,0c7ef498-a0f5-4da6-a1fd-d6751bf5a324.extra_data.json,,,,0.0,6078766,1625.6816,,2022-03-29 00:51:00.779,2022-03-27 18:30:03.058,574.8722,aqfQc5yGC4,com.sec.android.app.shealth,0c7ef498-a0f5-4da6-a1fd-d6751bf5a324,2022-03-28 00:00:00.000,
,,a73e97e8-d2d1-4282-a1aa-ca102ca492c1.extra_data.json,,,,0.0,6072921,1625.7999,,2022-03-30 18:30:01.534,2022-03-29 18:47:30.734,393.68887,aqfQc5yGC4,com.sec.android.app.shealth,a73e97e8-d2d1-4282-a1aa-ca102ca492c1,2022-03-30 00:00:00.000,
,,64cec3e1-85c1-40e0-9647-9d6e0ea2cf43.extra_data.json,,,,0.0,4868350,1650.1802,,2022-03-31 18:30:01.707,2022-03-30 18:30:00.744,314.1201,aqfQc5yGC4,com.sec.android.app.shealth,64cec3e1-85c1-40e0-9647-9d6e0ea2cf43,2022-03-31 00:00:00.000,
,,f20d4c41-d76c-4264-8756-0176cce6430e.extra_data.json,,,,0.0,3280092,1682.326,,2022-04-01 19:19:58.845,2022-03-31 18:30:01.017,216.25003,aqfQc5yGC4,com.sec.android.app.shealth,f20d4c41-d76c-4264-8756-0176cce6430e,2022-04-01 00:00:00.000,
,,bf16225d-cb51-47f4-bb55-87f3bfbd28c8.extra_data.json,,,,0.0,2462116,1698.8818,,2022-04-02 18:30:02.873,2022-04-01 19:19:57.681,158.99901,aqfQc5yGC4,com.sec.android.app.shealth,bf16225d-cb51-47f4-bb55-87f3bfbd28c8,2022-04-02 00:00:00.000,
,,c644aa70-d3e2-4d15-a85e-c4699d77d4b8.extra_data.json,,,,0.0,1449391,1719.379,,2022-04-04 22:14:08.043,2022-04-04 01:24:44.635,91.52001,aqfQc5yGC4,com.sec.android.app.shealth,c644aa70-d3e2-4d15-a85e-c4699d77d4b8,2022-04-04 00:00:00.000,
,,02ba696c-b5ab-41d1-9fa8-fa18bad106d0.extra_data.json,,,,0.0,874436,1731.0161,,2022-04-04 01:24:58.643,2022-04-02 18:30:01.819,56.20001,aqfQc5yGC4,com.sec.android.app.shealth,02ba696c-b5ab-41d1-9fa8-fa18bad106d0,2022-04-03 00:00:00.000,
,,8e47bb1e-1689-4255-a8ed-7139eb78ec8d.extra_data.json,,,,0.0,3536518,1677.1361,,2022-04-06 00:40:34.392,2022-04-04 22:13:59.046,315.2671,aqfQc5yGC4,com.sec.android.app.shealth,8e47bb1e-1689-4255-a8ed-7139eb78ec8d,2022-04-05 00:00:00.000,
,,c189d670-87b3-42fb-b034-56487c206fdf.extra_data.json,,,,0.0,5938643,1628.5178,,2022-04-06 18:30:01.379,2022-04-06 00:40:21.897,601.9285,aqfQc5yGC4,com.sec.android.app.shealth,c189d670-87b3-42fb-b034-56487c206fdf,2022-04-06 00:00:00.000,
,,8fd4b023-a32d-4689-8204-31089e154409.extra_data.json,,,,0.0,7882630,1589.1719,,2022-04-08 02:19:43.126,2022-04-06 18:30:00.863,625.3418,aqfQc5yGC4,com.sec.android.app.shealth,8fd4b023-a32d-4689-8204-31089e154409,2022-04-07 00:00:00.000,
,,2b3b04e2-1f78-4e03-9042-541c64a54310.extra_data.json,,,,0.0,5763114,1632.0704,,2022-04-08 18:30:02.187,2022-04-08 02:19:33.421,622.1347,aqfQc5yGC4,com.sec.android.app.shealth,2b3b04e2-1f78-4e03-9042-541c64a54310,2022-04-08 00:00:00.000,
,,57893a61-f29b-42ee-a3d4-43f4b2086bc2.extra_data.json,,,,0.0,6385634,1619.4708,,2022-04-09 18:30:02.407,2022-04-08 18:30:01.764,649.1749,aqfQc5yGC4,com.sec.android.app.shealth,57893a61-f29b-42ee-a3d4-43f4b2086bc2,2022-04-09 00:00:00.000,
,,88a0407d-fb70-4cfd-a855-6fbb1e062b7f.extra_data.json,,,,0.0,1682084,1714.6694,,2022-04-10 22:56:38.270,2022-04-09 18:30:01.881,107.33998,aqfQc5yGC4,com.sec.android.app.shealth,88a0407d-fb70-4cfd-a855-6fbb1e062b7f,2022-04-10 00:00:00.000,
,,f3495153-d8b0-4db0-921e-2dcd2a01bd74.extra_data.json,,,,0.0,4625239,1655.1007,,2022-04-12 01:45:48.543,2022-04-10 22:56:28.780,498.20782,aqfQc5yGC4,com.sec.android.app.shealth,f3495153-d8b0-4db0-921e-2dcd2a01bd74,2022-04-11 00:00:00.000,
,,46a484ff-a2e6-4815-8d8b-a2b6c06504fe.extra_data.json,,,,0.0,2678612,1694.5,,2022-04-13 01:03:10.980,2022-04-12 01:45:24.469,169.10995,aqfQc5yGC4,com.sec.android.app.shealth,46a484ff-a2e6-4815-8d8b-a2b6c06504fe,2022-04-12 00:00:00.000,
,,c3c77285-c478-426b-bbe4-137ee2e8b60a.extra_data.json,,,,0.0,4358792,1660.4935,,2022-04-13 18:30:01.696,2022-04-12 19:21:57.640,285.27,aqfQc5yGC4,com.sec.android.app.shealth,c3c77285-c478-426b-bbe4-137ee2e8b60a,2022-04-13 00:00:00.000,
,,bc4c992b-2ab5-42b2-ae9d-d11a6d1318ef.extra_data.json,,,,0.0,5294905,1641.5469,,2022-04-14 18:30:01.985,2022-04-13 18:30:00.927,606.83655,aqfQc5yGC4,com.sec.android.app.shealth,bc4c992b-2ab5-42b2-ae9d-d11a6d1318ef,2022-04-14 00:00:00.000,
,,54a63478-bcd0-49e2-a236-ba785bb79305.extra_data.json,,,,0.0,6035896,1626.5493,,2022-04-16 18:30:01.692,2022-04-16 02:37:14.974,662.9136,aqfQc5yGC4,com.sec.android.app.shealth,54a63478-bcd0-49e2-a236-ba785bb79305,2022-04-16 00:00:00.000,
,,dae3e80c-feca-46d5-b8fa-b43d7599b4cd.extra_data.json,,,,0.0,5541816,1636.5494,,2022-04-16 02:37:27.477,2022-04-14 18:30:01.282,581.3846,aqfQc5yGC4,com.sec.android.app.shealth,dae3e80c-feca-46d5-b8fa-b43d7599b4cd,2022-04-15 00:00:00.000,
,,cc7f8a74-dc9f-4063-a09f-52a127837dee.extra_data.json,,,,0.0,1450324,1719.3602,,2022-04-17 18:30:01.366,2022-04-16 18:30:01.283,92.33,aqfQc5yGC4,com.sec.android.app.shealth,cc7f8a74-dc9f-4063-a09f-52a127837dee,2022-04-17 00:00:00.000,
,,f212b211-27ff-428b-a4bb-6fb7033df1be.extra_data.json,,,,0.0,6616800,1614.792,,2022-04-18 20:28:06.801,2022-04-17 18:30:00.807,652.04675,aqfQc5yGC4,com.sec.android.app.shealth,f212b211-27ff-428b-a4bb-6fb7033df1be,2022-04-18 00:00:00.000,
,,00ca6f3e-a73e-4353-917a-6ce0dc7b2e9a.extra_data.json,,,,0.0,6127583,1624.6936,,2022-04-20 01:01:18.752,2022-04-18 20:28:06.326,636.6441,aqfQc5yGC4,com.sec.android.app.shealth,00ca6f3e-a73e-4353-917a-6ce0dc7b2e9a,2022-04-19 00:00:00.000,
,,6fa0bc6f-6eec-4c04-acc8-b83f02596ab1.extra_data.json,,,,0.0,5126517,1644.9548,,2022-04-20 18:30:01.329,2022-04-20 01:01:09.341,590.5373,aqfQc5yGC4,com.sec.android.app.shealth,6fa0bc6f-6eec-4c04-acc8-b83f02596ab1,2022-04-20 00:00:00.000,
,,b7b6298b-43c1-478f-8c1e-6da39131fd8f.extra_data.json,,,,0.0,4739080,1652.7966,,2022-04-21 18:30:02.700,2022-04-20 18:30:00.638,432.6411,aqfQc5yGC4,com.sec.android.app.shealth,b7b6298b-43c1-478f-8c1e-6da39131fd8f,2022-04-21 00:00:00.000,
,,11cb7a5d-f491-4f7d-bdac-2c20b25fade8.extra_data.json,,,,0.0,5258021,1642.2933,,2022-04-22 19:15:59.088,2022-04-21 18:30:02.406,671.04565,aqfQc5yGC4,com.sec.android.app.shealth,11cb7a5d-f491-4f7d-bdac-2c20b25fade8,2022-04-22 00:00:00.000,
,,d986e1cf-978b-4d2f-9bc1-4d2b77555f4e.extra_data.json,,,,0.0,5180231,1643.8678,,2022-04-23 18:30:00.857,2022-04-22 19:15:56.870,529.67426,aqfQc5yGC4,com.sec.android.app.shealth,d986e1cf-978b-4d2f-9bc1-4d2b77555f4e,2022-04-23 00:00:00.000,
,,01b95342-8002-4d0d-9e6b-b4b651ce6d46.extra_data.json,,,,0.0,1431382,1719.7435,,2022-04-24 18:30:01.856,2022-04-23 18:30:00.568,91.949974,aqfQc5yGC4,com.sec.android.app.shealth,01b95342-8002-4d0d-9e6b-b4b651ce6d46,2022-04-24 00:00:00.000,
,,f859afc9-37c6-4fed-82a7-aaa7925fb2b7.extra_data.json,,,,0.0,5813599,1631.0486,,2022-04-26 01:25:26.822,2022-04-24 18:30:01.040,586.5513,aqfQc5yGC4,com.sec.android.app.shealth,f859afc9-37c6-4fed-82a7-aaa7925fb2b7,2022-04-25 00:00:00.000,
,,2eb0a43f-f733-4d69-a61f-63a3708777d5.extra_data.json,,,,0.0,7302806,1600.9073,,2022-04-26 18:30:02.910,2022-04-26 01:25:14.840,832.0639,aqfQc5yGC4,com.sec.android.app.shealth,2eb0a43f-f733-4d69-a61f-63a3708777d5,2022-04-26 00:00:00.000,
,,c877ddd5-ef24-4631-a5a8-c698e4348896.extra_data.json,,,,0.0,6203518,1623.1566,,2022-04-28 00:07:13.782,2022-04-26 18:30:02.228,666.09735,aqfQc5yGC4,com.sec.android.app.shealth,c877ddd5-ef24-4631-a5a8-c698e4348896,2022-04-27 00:00:00.000,
,,140ffc2a-34b0-4f6d-a11b-9fb18f23f50d.extra_data.json,,,,0.0,1474040,1718.8801,,2022-04-29 01:42:35.567,2022-04-28 00:06:15.332,92.98797,aqfQc5yGC4,com.sec.android.app.shealth,140ffc2a-34b0-4f6d-a11b-9fb18f23f50d,2022-04-28 00:00:00.000,
,,6b360c60-8e3e-43af-be7c-01e43a477b5b.extra_data.json,,,,0.0,6773127,1611.6279,,2022-04-29 18:30:02.930,2022-04-29 01:40:42.513,776.69055,aqfQc5yGC4,com.sec.android.app.shealth,6b360c60-8e3e-43af-be7c-01e43a477b5b,2022-04-29 00:00:00.000,
,,028da55a-1424-43ab-b0a6-7f11c202d1a1.extra_data.json,,,,0.0,7334062,1600.2748,,2022-04-30 18:35:23.558,2022-04-29 18:30:02.289,788.03046,aqfQc5yGC4,com.sec.android.app.shealth,028da55a-1424-43ab-b0a6-7f11c202d1a1,2022-04-30 00:00:00.000,
,,74ba7d44-fcc4-4e84-ae4c-59af10fba09e.extra_data.json,,,,0.0,1259296,1723.2266,,2022-05-01 18:30:05.021,2022-04-30 18:30:02.481,81.18101,aqfQc5yGC4,com.sec.android.app.shealth,74ba7d44-fcc4-4e84-ae4c-59af10fba09e,2022-05-01 00:00:00.000,
,,36bbae2b-7ca8-4898-8cdf-afc822577d44.extra_data.json,,,,0.0,6154496,1624.1489,,2022-05-02 18:30:01.718,2022-05-01 18:30:03.414,656.4176,aqfQc5yGC4,com.sec.android.app.shealth,36bbae2b-7ca8-4898-8cdf-afc822577d44,2022-05-02 00:00:00.000,
,,dbab8129-bb6e-4f9d-894f-3168fba71f08.extra_data.json,,,,0.0,1566380,1717.0111,,2022-05-03 18:30:03.744,2022-05-02 18:30:00.863,100.20102,aqfQc5yGC4,com.sec.android.app.shealth,dbab8129-bb6e-4f9d-894f-3168fba71f08,2022-05-03 00:00:00.000,
,,39315f91-3117-40f4-8e0e-ade234379a6e.extra_data.json,,,,0.0,1855430,1711.1609,,2022-05-05 00:15:06.398,2022-05-03 18:30:02.500,118.172005,aqfQc5yGC4,com.sec.android.app.shealth,39315f91-3117-40f4-8e0e-ade234379a6e,2022-05-04 00:00:00.000,
,,365cf12b-db89-4a4f-8dec-6c2ca4c9376b.extra_data.json,,,,0.0,7246339,1602.0503,,2022-05-05 18:30:01.279,2022-05-04 18:59:32.371,496.52466,aqfQc5yGC4,com.sec.android.app.shealth,365cf12b-db89-4a4f-8dec-6c2ca4c9376b,2022-05-05 00:00:00.000,
,,8ca5b964-4c5a-47e1-bf1e-baa0df87ed51.extra_data.json,,,,0.0,6219434,1622.8346,,2022-05-06 18:30:01.351,2022-05-05 18:30:00.761,416.77405,aqfQc5yGC4,com.sec.android.app.shealth,8ca5b964-4c5a-47e1-bf1e-baa0df87ed51,2022-05-06 00:00:00.000,
,,bde0084f-c1e6-4836-9c6e-dde1ff537f04.extra_data.json,,,,0.0,6628638,1614.5524,,2022-05-08 01:12:18.657,2022-05-06 18:30:00.459,431.25308,aqfQc5yGC4,com.sec.android.app.shealth,bde0084f-c1e6-4836-9c6e-dde1ff537f04,2022-05-07 00:00:00.000,
,,10d300ba-e353-4364-9671-f42222203680.extra_data.json,,,,0.0,4547929,1656.6654,,2022-05-08 18:30:01.675,2022-05-08 01:12:12.696,303.83502,aqfQc5yGC4,com.sec.android.app.shealth,10d300ba-e353-4364-9671-f42222203680,2022-05-08 00:00:00.000,
,,5960f02b-a13b-49c9-8ca6-9f93b0d394c2.extra_data.json,,,,0.0,646323,1735.633,,2022-05-10 18:30:01.250,2022-05-09 18:30:01.335,41.309,aqfQc5yGC4,com.sec.android.app.shealth,5960f02b-a13b-49c9-8ca6-9f93b0d394c2,2022-05-10 00:00:00.000,
,,53227a8e-0432-4cbf-af01-07d01f78a493.extra_data.json,,,,0.0,4788238,1651.8016,,2022-05-09 19:42:06.994,2022-05-08 18:30:01.272,312.97012,aqfQc5yGC4,com.sec.android.app.shealth,53227a8e-0432-4cbf-af01-07d01f78a493,2022-05-09 00:00:00.000,
,,e441b961-d464-4d5b-b9bd-75a59d56f1e4.extra_data.json,,,,0.0,3794007,1671.9246,,2022-05-11 18:30:01.085,2022-05-10 18:30:00.961,251.79205,aqfQc5yGC4,com.sec.android.app.shealth,e441b961-d464-4d5b-b9bd-75a59d56f1e4,2022-05-11 00:00:00.000,
,,396f9e0b-b41a-42a7-80b1-34f543b3a560.extra_data.json,,,,0.0,1347340,1721.4445,,2022-05-12 18:30:01.898,2022-05-11 18:30:00.875,86.13899,aqfQc5yGC4,com.sec.android.app.shealth,396f9e0b-b41a-42a7-80b1-34f543b3a560,2022-05-12 00:00:00.000,
,,bd781bc1-3d6b-44ad-9b6e-d250ab06940e.extra_data.json,,,,0.0,2455265,1699.0204,,2022-05-13 18:30:00.849,2022-05-12 18:30:01.521,221.2371,aqfQc5yGC4,com.sec.android.app.shealth,bd781bc1-3d6b-44ad-9b6e-d250ab06940e,2022-05-13 00:00:00.000,
,,36b5588b-da9f-48d3-8923-122f48d2e265.extra_data.json,,,,0.0,4578296,1656.0508,,2022-05-14 18:30:01.229,2022-05-13 18:30:00.654,464.08554,aqfQc5yGC4,com.sec.android.app.shealth,36b5588b-da9f-48d3-8923-122f48d2e265,2022-05-14 00:00:00.000,
,,c74c42e4-1709-47c9-be58-33c471cd0291.extra_data.json,,,,0.0,1666773,1714.9792,,2022-05-16 01:59:33.205,2022-05-14 18:30:00.624,109.11899,aqfQc5yGC4,com.sec.android.app.shealth,c74c42e4-1709-47c9-be58-33c471cd0291,2022-05-15 00:00:00.000,
,,dd0fb5c5-04bb-4339-b947-0f8e9af48115.extra_data.json,,,,0.0,4596148,1655.6896,,2022-05-16 18:30:01.285,2022-05-16 01:59:28.411,470.37228,aqfQc5yGC4,com.sec.android.app.shealth,dd0fb5c5-04bb-4339-b947-0f8e9af48115,2022-05-16 00:00:00.000,
,,0f5de177-1397-40ce-9e74-21bc1c543966.extra_data.json,,,,0.0,959813,1729.288,,2022-05-18 00:38:08.893,2022-05-16 18:30:00.961,61.122,aqfQc5yGC4,com.sec.android.app.shealth,0f5de177-1397-40ce-9e74-21bc1c543966,2022-05-17 00:00:00.000,
,,68a1796f-9708-45ca-a8a5-cee1f64e75e6.extra_data.json,,,,0.0,7856251,1589.7058,,2022-05-19 02:08:33.641,2022-05-18 00:38:04.174,659.21326,aqfQc5yGC4,com.sec.android.app.shealth,68a1796f-9708-45ca-a8a5-cee1f64e75e6,2022-05-18 00:00:00.000,
,,a17d3079-ced1-46c4-affa-79c02e6832ce.extra_data.json,,,,0.0,3709085,1673.6433,,2022-05-20 01:10:16.442,2022-05-19 02:08:22.570,441.31552,aqfQc5yGC4,com.sec.android.app.shealth,a17d3079-ced1-46c4-affa-79c02e6832ce,2022-05-19 00:00:00.000,
,,96089afa-c1ee-4696-b677-829fa596e689.extra_data.json,,,,0.0,6219071,1622.8419,,2022-05-20 18:30:01.776,2022-05-20 01:10:10.505,583.16565,aqfQc5yGC4,com.sec.android.app.shealth,96089afa-c1ee-4696-b677-829fa596e689,2022-05-20 00:00:00.000,
,,b3d9695c-e09a-4e28-b556-bbbd634a08f9.extra_data.json,,,,0.0,1395970,1720.4603,,2022-05-21 18:30:01.193,2022-05-20 18:30:01.204,89.98899,aqfQc5yGC4,com.sec.android.app.shealth,b3d9695c-e09a-4e28-b556-bbbd634a08f9,2022-05-21 00:00:00.000,
,,3efdaec5-aa24-46a8-9f43-29f8027e5f90.extra_data.json,,,,0.0,631515,1735.9327,,2022-05-22 18:30:01.726,2022-05-21 18:30:00.874,40.17,aqfQc5yGC4,com.sec.android.app.shealth,3efdaec5-aa24-46a8-9f43-29f8027e5f90,2022-05-22 00:00:00.000,
,,737d0604-d553-4785-a211-da1f4a384afd.extra_data.json,,,,0.0,1122961,1725.986,,2022-05-23 18:30:01.040,2022-05-22 18:30:01.265,71.439995,aqfQc5yGC4,com.sec.android.app.shealth,737d0604-d553-4785-a211-da1f4a384afd,2022-05-23 00:00:00.000,
,,60f0bc8e-b2ea-47d2-8ee0-b1c8d3c8f6dd.extra_data.json,,,,0.0,3379415,1680.3158,,2022-05-24 18:30:03.827,2022-05-23 18:30:00.688,231.87999,aqfQc5yGC4,com.sec.android.app.shealth,60f0bc8e-b2ea-47d2-8ee0-b1c8d3c8f6dd,2022-05-24 00:00:00.000,
,,48bebf7a-955b-4340-bb06-66efee87e435.extra_data.json,,,,0.0,3436291,1679.1648,,2022-05-26 01:05:25.543,2022-05-24 18:30:03.000,357.94067,aqfQc5yGC4,com.sec.android.app.shealth,48bebf7a-955b-4340-bb06-66efee87e435,2022-05-25 00:00:00.000,
,,bf1a7d63-6e5d-4bf8-83b9-356e9b304a44.extra_data.json,,,,0.0,2359769,1700.9532,,2022-05-27 00:58:41.180,2022-05-26 01:05:13.244,159.96004,aqfQc5yGC4,com.sec.android.app.shealth,bf1a7d63-6e5d-4bf8-83b9-356e9b304a44,2022-05-26 00:00:00.000,
,,45e33e14-87ef-439a-aac9-7ca2dcd7058a.extra_data.json,,,,0.0,5093882,1645.6155,,2022-05-27 18:30:01.752,2022-05-27 00:58:28.562,528.3978,aqfQc5yGC4,com.sec.android.app.shealth,45e33e14-87ef-439a-aac9-7ca2dcd7058a,2022-05-27 00:00:00.000,
,,9a675aae-41be-4e35-9d7f-657aa1101420.extra_data.json,,,,0.0,2385102,1700.4404,,2022-05-28 18:30:02.781,2022-05-27 18:30:01.402,154.00005,aqfQc5yGC4,com.sec.android.app.shealth,9a675aae-41be-4e35-9d7f-657aa1101420,2022-05-28 00:00:00.000,
,,9cd33723-3a90-4037-8cda-db8f94d318fd.extra_data.json,,,,0.0,2551759,1697.0674,,2022-05-29 18:30:01.776,2022-05-28 18:30:01.420,165.87,aqfQc5yGC4,com.sec.android.app.shealth,9cd33723-3a90-4037-8cda-db8f94d318fd,2022-05-29 00:00:00.000,
,,a765082a-0b1c-494d-88a4-245a2b5c4b5d.extra_data.json,,,,0.0,4575550,1656.1063,,2022-05-30 18:30:01.972,2022-05-29 18:30:01.605,504.50134,aqfQc5yGC4,com.sec.android.app.shealth,a765082a-0b1c-494d-88a4-245a2b5c4b5d,2022-05-30 00:00:00.000,
,,73c16290-950b-483b-93ab-3c4805bf6aba.extra_data.json,,,,0.0,923068,1730.0316,,2022-05-31 18:30:01.228,2022-05-30 18:30:01.008,58.64,aqfQc5yGC4,com.sec.android.app.shealth,73c16290-950b-483b-93ab-3c4805bf6aba,2022-05-31 00:00:00.000,
,,144cc236-91ad-40c3-b1ce-4cc6e4693c92.extra_data.json,,,,0.0,8440196,1577.887,,2022-06-01 18:30:02.148,2022-05-31 18:30:00.738,878.2122,aqfQc5yGC4,com.sec.android.app.shealth,144cc236-91ad-40c3-b1ce-4cc6e4693c92,2022-06-01 00:00:00.000,
,,98e85859-698d-48c9-8015-f115d93864f9.extra_data.json,,,,0.0,3130816,1685.3474,,2022-06-05 22:27:08.447,2022-06-04 18:30:00.499,206.54997,aqfQc5yGC4,com.sec.android.app.shealth,98e85859-698d-48c9-8015-f115d93864f9,2022-06-05 00:00:00.000,
,,2d1d866e-f731-4803-98a5-f45b0fc3c623.extra_data.json,,,,0.0,6114799,1624.9524,,2022-06-05 04:59:11.760,2022-06-02 18:30:00.581,662.4842,aqfQc5yGC4,com.sec.android.app.shealth,2d1d866e-f731-4803-98a5-f45b0fc3c623,2022-06-03 00:00:00.000,
,,f3a8a2af-6f5d-4225-a218-ca425f380b1f.extra_data.json,,,,0.0,4428979,1659.073,,2022-06-05 04:59:11.710,2022-06-01 18:30:01.480,480.4741,aqfQc5yGC4,com.sec.android.app.shealth,f3a8a2af-6f5d-4225-a218-ca425f380b1f,2022-06-02 00:00:00.000,
,,f2bf8959-b463-46f8-87e3-f77c34acd010.extra_data.json,,,,0.0,1454727,1719.271,,2022-06-05 04:59:11.786,2022-06-04 01:13:48.146,91.93999,aqfQc5yGC4,com.sec.android.app.shealth,f2bf8959-b463-46f8-87e3-f77c34acd010,2022-06-04 00:00:00.000,
,,ff00743f-42bf-4ef0-8696-627cb750597c.extra_data.json,,,,0.0,6690071,1613.309,,2022-06-06 23:21:15.252,2022-06-05 22:26:53.024,494.06787,aqfQc5yGC4,com.sec.android.app.shealth,ff00743f-42bf-4ef0-8696-627cb750597c,2022-06-06 00:00:00.000,
,,832dd33b-eb64-4c97-ac70-04f31c310217.extra_data.json,,,,0.0,9804093,1550.2819,,2022-06-07 22:48:06.165,2022-06-06 23:19:08.866,933.48315,aqfQc5yGC4,com.sec.android.app.shealth,832dd33b-eb64-4c97-ac70-04f31c310217,2022-06-07 00:00:00.000,
,,40495f5f-dd7e-4da4-83bd-303dd886e928.extra_data.json,,,,0.0,7785036,1591.1471,,2022-06-08 23:15:31.582,2022-06-07 22:47:56.940,739.9034,aqfQc5yGC4,com.sec.android.app.shealth,40495f5f-dd7e-4da4-83bd-303dd886e928,2022-06-08 00:00:00.000,
,,8cbdd0b6-6f4e-4ad4-89ce-682313779d60.extra_data.json,,,,0.0,6513975,1616.8732,,2022-06-09 18:30:02.393,2022-06-08 23:15:21.831,659.1041,aqfQc5yGC4,com.sec.android.app.shealth,8cbdd0b6-6f4e-4ad4-89ce-682313779d60,2022-06-09 00:00:00.000,
,,db69edae-b9dd-4aa0-81e5-92f46565d4db.extra_data.json,,,,0.0,2446953,1699.1887,,2022-06-11 18:30:01.081,2022-06-10 18:30:00.673,156.76994,aqfQc5yGC4,com.sec.android.app.shealth,db69edae-b9dd-4aa0-81e5-92f46565d4db,2022-06-11 00:00:00.000,
,,f7483da5-c35a-4679-ba41-480cfb705d1b.extra_data.json,,,,0.0,4678297,1654.0269,,2022-06-10 18:35:25.915,2022-06-09 18:30:01.152,422.06082,aqfQc5yGC4,com.sec.android.app.shealth,f7483da5-c35a-4679-ba41-480cfb705d1b,2022-06-10 00:00:00.000,
,,f193a1ff-1402-44b3-b433-669cd265a2c5.extra_data.json,,,,0.0,9206038,1562.3865,,2022-06-13 18:30:01.993,2022-06-12 18:30:00.545,842.45215,aqfQc5yGC4,com.sec.android.app.shealth,f193a1ff-1402-44b3-b433-669cd265a2c5,2022-06-13 00:00:00.000,
,,b3f3b2bb-69d7-4a32-91ed-a5a239ee59ec.extra_data.json,,,,0.0,3617628,1675.4944,,2022-06-12 18:30:00.811,2022-06-11 18:30:00.715,235.92899,aqfQc5yGC4,com.sec.android.app.shealth,b3f3b2bb-69d7-4a32-91ed-a5a239ee59ec,2022-06-12 00:00:00.000,
,,fd13ac23-30a0-4dad-a471-257f666453b2.extra_data.json,,,,0.0,6296982,1621.265,,2022-06-14 18:30:01.214,2022-06-13 18:30:01.304,675.40936,aqfQc5yGC4,com.sec.android.app.shealth,fd13ac23-30a0-4dad-a471-257f666453b2,2022-06-14 00:00:00.000,
,,1c9ca664-ad07-4e2f-8237-263dbf331d64.extra_data.json,,,,0.0,5354484,1640.3411,,2022-06-15 18:30:03.468,2022-06-14 18:30:00.565,468.2819,aqfQc5yGC4,com.sec.android.app.shealth,1c9ca664-ad07-4e2f-8237-263dbf331d64,2022-06-15 00:00:00.000,
,,0d3bdd41-8628-4252-a1a3-f3fa14433589.extra_data.json,,,,0.0,2920709,1689.5999,,2022-06-16 23:53:17.509,2022-06-15 18:30:01.675,267.64636,aqfQc5yGC4,com.sec.android.app.shealth,0d3bdd41-8628-4252-a1a3-f3fa14433589,2022-06-16 00:00:00.000,
,,f67cecee-eff3-4357-80dd-43cbddc0f3b5.extra_data.json,,,,0.0,5680006,1633.7524,,2022-06-17 18:30:02.175,2022-06-16 23:53:07.943,641.849,aqfQc5yGC4,com.sec.android.app.shealth,f67cecee-eff3-4357-80dd-43cbddc0f3b5,2022-06-17 00:00:00.000,
,,19c1a2f3-bf17-4f11-9cc2-684f40b6ddf0.extra_data.json,,,,0.0,7629325,1594.2987,,2022-06-18 18:30:01.474,2022-06-17 18:30:01.415,815.7626,aqfQc5yGC4,com.sec.android.app.shealth,19c1a2f3-bf17-4f11-9cc2-684f40b6ddf0,2022-06-18 00:00:00.000,
,,452d5b1a-d96e-4a9d-8278-d111d3129461.extra_data.json,,,,0.0,2908798,1689.841,,2022-06-19 18:30:03.355,2022-06-18 18:30:00.896,187.10094,aqfQc5yGC4,com.sec.android.app.shealth,452d5b1a-d96e-4a9d-8278-d111d3129461,2022-06-19 00:00:00.000,
,,61eff659-20e5-42f8-8e58-efe14e7e8a1e.extra_data.json,,,,0.0,1320540,1721.9869,,2022-06-20 18:30:01.694,2022-06-19 18:30:02.840,86.05999,aqfQc5yGC4,com.sec.android.app.shealth,61eff659-20e5-42f8-8e58-efe14e7e8a1e,2022-06-20 00:00:00.000,
,,7f3143a3-8f04-487e-953d-3f03f4df2856.extra_data.json,,,,0.0,6112566,1624.9976,,2022-06-21 19:25:07.309,2022-06-20 18:30:01.176,611.237,aqfQc5yGC4,com.sec.android.app.shealth,7f3143a3-8f04-487e-953d-3f03f4df2856,2022-06-21 00:00:00.000,
,,26c13659-f1ee-405e-a477-0acb4693f760.extra_data.json,,,,0.0,1289311,1722.619,,2022-06-22 18:30:02.110,2022-06-21 19:25:05.332,82.14,aqfQc5yGC4,com.sec.android.app.shealth,26c13659-f1ee-405e-a477-0acb4693f760,2022-06-22 00:00:00.000,
,,841a21ff-b835-47c9-a8e2-b3f0abaceb78.extra_data.json,,,,0.0,2676593,1694.5408,,2022-06-23 18:30:02.320,2022-06-22 18:30:01.291,179.76999,aqfQc5yGC4,com.sec.android.app.shealth,841a21ff-b835-47c9-a8e2-b3f0abaceb78,2022-06-23 00:00:00.000,
,,916f903c-23ac-40db-9548-113ee6cc3ef0.extra_data.json,,,,0.0,5906329,1629.1718,,2022-06-24 18:30:02.685,2022-06-23 18:30:01.806,598.0015,aqfQc5yGC4,com.sec.android.app.shealth,916f903c-23ac-40db-9548-113ee6cc3ef0,2022-06-24 00:00:00.000,
,,bc71b85f-c4a1-4e1e-9e9e-d0312268b453.extra_data.json,,,,0.0,6809584,1610.8901,,2022-06-25 18:30:01.922,2022-06-24 18:30:02.211,642.3335,aqfQc5yGC4,com.sec.android.app.shealth,bc71b85f-c4a1-4e1e-9e9e-d0312268b453,2022-06-25 00:00:00.000,
,,e0710b35-f140-4f62-ad56-b39f7a115dd7.extra_data.json,,,,0.0,1876758,1710.7292,,2022-06-27 00:16:42.509,2022-06-25 18:30:01.661,123.58,aqfQc5yGC4,com.sec.android.app.shealth,e0710b35-f140-4f62-ad56-b39f7a115dd7,2022-06-26 00:00:00.000,
,,a10cd7d1-5fcc-4eaf-898b-3c3b20006475.extra_data.json,,,,0.0,1673473,1714.8438,,2022-06-27 18:30:02.871,2022-06-27 00:16:34.962,106.12998,aqfQc5yGC4,com.sec.android.app.shealth,a10cd7d1-5fcc-4eaf-898b-3c3b20006475,2022-06-27 00:00:00.000,
,,726245b1-46c9-4a4a-bcfd-3ebde6863aaf.extra_data.json,,,,0.0,1354677,1721.296,,2022-06-29 01:11:39.180,2022-06-27 18:30:01.314,86.188995,aqfQc5yGC4,com.sec.android.app.shealth,726245b1-46c9-4a4a-bcfd-3ebde6863aaf,2022-06-28 00:00:00.000,
,,bfd778c1-2d70-4fc5-a049-a9b85d3b1deb.extra_data.json,,,,0.0,5554838,1636.2858,,2022-06-29 18:30:01.788,2022-06-29 01:11:27.743,587.9336,aqfQc5yGC4,com.sec.android.app.shealth,bfd778c1-2d70-4fc5-a049-a9b85d3b1deb,2022-06-29 00:00:00.000,
,,13433cc6-cf0f-4bea-b1d2-2c0e0cf9911f.extra_data.json,,,,0.0,5377465,1639.8759,,2022-06-30 18:30:01.557,2022-06-29 18:30:01.259,630.33545,aqfQc5yGC4,com.sec.android.app.shealth,13433cc6-cf0f-4bea-b1d2-2c0e0cf9911f,2022-06-30 00:00:00.000,
,,ea3c513e-4da1-4d35-b557-e03b3d670671.extra_data.json,,,,0.0,6410748,1618.9624,,2022-07-02 01:06:17.051,2022-06-30 18:30:01.181,723.35077,aqfQc5yGC4,com.sec.android.app.shealth,ea3c513e-4da1-4d35-b557-e03b3d670671,2022-07-01 00:00:00.000,
,,ca189557-5fdc-4d14-ab88-eafa0d648905.extra_data.json,,,,0.0,6025502,1626.7596,,2022-07-02 23:02:32.513,2022-07-02 01:06:03.734,721.2138,aqfQc5yGC4,com.sec.android.app.shealth,ca189557-5fdc-4d14-ab88-eafa0d648905,2022-07-02 00:00:00.000,
,,a526ffaa-4cdc-482c-a559-7f61ac513239.extra_data.json,,,,0.0,2967156,1688.6599,,2022-07-03 18:30:00.636,2022-07-02 23:01:22.047,223.72348,aqfQc5yGC4,com.sec.android.app.shealth,a526ffaa-4cdc-482c-a559-7f61ac513239,2022-07-03 00:00:00.000,
,,68cf9248-347d-41d9-9907-2a2ac53a18fb.extra_data.json,,,,0.0,1717616,1713.9502,,2022-07-04 18:30:03.016,2022-07-03 18:30:00.388,133.67053,aqfQc5yGC4,com.sec.android.app.shealth,68cf9248-347d-41d9-9907-2a2ac53a18fb,2022-07-04 00:00:00.000,
,,5235ef83-1825-4386-879e-1ced1ef1260c.extra_data.json,,,,0.0,6494480,1617.2677,,2022-07-06 00:36:37.155,2022-07-04 18:30:02.161,649.4853,aqfQc5yGC4,com.sec.android.app.shealth,5235ef83-1825-4386-879e-1ced1ef1260c,2022-07-05 00:00:00.000,
,,25f999ca-b8bd-499f-b12a-d1e7c55e2c26.extra_data.json,,,,0.0,6288140,1621.4438,,2022-07-06 18:30:01.366,2022-07-06 00:36:00.900,627.9855,aqfQc5yGC4,com.sec.android.app.shealth,25f999ca-b8bd-499f-b12a-d1e7c55e2c26,2022-07-06 00:00:00.000,
,,2557c6aa-f4e2-48eb-a655-8eeef7c79462.extra_data.json,,,,0.0,6032712,1626.6138,,2022-07-08 00:38:43.870,2022-07-06 18:30:01.070,563.8199,aqfQc5yGC4,com.sec.android.app.shealth,2557c6aa-f4e2-48eb-a655-8eeef7c79462,2022-07-07 00:00:00.000,
,,157871d5-a9d3-4821-a0cf-a9a46eee099d.extra_data.json,,,,0.0,4501437,1657.6063,,2022-07-09 01:27:05.705,2022-07-08 00:38:30.661,439.32394,aqfQc5yGC4,com.sec.android.app.shealth,157871d5-a9d3-4821-a0cf-a9a46eee099d,2022-07-08 00:00:00.000,
,,ffc5d71c-a116-481e-8c10-fb431aed7da3.extra_data.json,,,,0.0,5119813,1645.0906,,2022-07-09 18:33:51.755,2022-07-09 01:25:47.075,491.8094,aqfQc5yGC4,com.sec.android.app.shealth,ffc5d71c-a116-481e-8c10-fb431aed7da3,2022-07-09 00:00:00.000,
,,4077f326-a939-452f-89a4-5e209c5f6040.extra_data.json,,,,0.0,2407171,1699.9939,,2022-07-10 23:20:49.359,2022-07-09 18:30:00.920,153.918,aqfQc5yGC4,com.sec.android.app.shealth,4077f326-a939-452f-89a4-5e209c5f6040,2022-07-10 00:00:00.000,
,,e35290dc-c5d7-42c6-857f-a44147faaa4b.extra_data.json,,,,0.0,5535260,1636.682,,2022-07-12 00:19:40.002,2022-07-10 23:19:56.318,517.9017,aqfQc5yGC4,com.sec.android.app.shealth,e35290dc-c5d7-42c6-857f-a44147faaa4b,2022-07-11 00:00:00.000,
,,8af9bc05-2984-4d99-b903-e9e2e37a58ca.extra_data.json,,,,0.0,3630515,1675.2338,,2022-07-13 00:11:29.831,2022-07-12 00:18:09.828,285.1807,aqfQc5yGC4,com.sec.android.app.shealth,8af9bc05-2984-4d99-b903-e9e2e37a58ca,2022-07-12 00:00:00.000,
,,fc1a093f-4730-49af-a36a-e80267db9b7b.extra_data.json,,,,0.0,3638005,1675.082,,2022-07-13 18:30:01.525,2022-07-13 00:11:07.732,228.53001,aqfQc5yGC4,com.sec.android.app.shealth,fc1a093f-4730-49af-a36a-e80267db9b7b,2022-07-13 00:00:00.000,
,,c3cc8f8f-17e1-49a8-b891-976adadae496.extra_data.json,,,,0.0,2524733,1697.6144,,2022-08-10 13:17:33.724,2022-08-04 18:49:09.002,191.31467,aqfQc5yGC4,com.sec.android.app.shealth,c3cc8f8f-17e1-49a8-b891-976adadae496,2022-08-05 00:00:00.000,
,,694878ce-f8aa-4343-bee6-310c57743cf9.extra_data.json,,,,0.0,6500743,1617.141,,2022-08-10 13:17:33.763,2022-08-08 18:30:01.572,434.877,aqfQc5yGC4,com.sec.android.app.shealth,694878ce-f8aa-4343-bee6-310c57743cf9,2022-08-09 00:00:00.000,
,,51eb963b-d620-4b8a-9136-cbc0de0fa248.extra_data.json,,,,0.0,1444512,1719.4778,,2022-08-10 13:17:33.448,2022-07-17 18:30:00.800,96.211,aqfQc5yGC4,com.sec.android.app.shealth,51eb963b-d620-4b8a-9136-cbc0de0fa248,2022-07-18 00:00:00.000,
,,9f2c49be-705d-44e2-b963-214f14fbfec5.extra_data.json,,,,0.0,2230010,1703.5796,,2022-08-10 13:17:33.746,2022-08-06 18:30:01.252,146.85703,aqfQc5yGC4,com.sec.android.app.shealth,9f2c49be-705d-44e2-b963-214f14fbfec5,2022-08-07 00:00:00.000,
,,413949e1-66eb-44d8-9334-2ea53a5e6335.extra_data.json,,,,0.0,1678022,1714.7516,,2022-08-11 18:30:01.675,2022-08-10 18:30:00.932,108.019005,aqfQc5yGC4,com.sec.android.app.shealth,413949e1-66eb-44d8-9334-2ea53a5e6335,2022-08-11 00:00:00.000,
,,9b344204-3781-45a5-a274-f3751262a32c.extra_data.json,,,,0.0,657602,1735.4047,,2022-08-10 13:17:33.712,2022-08-03 18:30:00.655,42.389004,aqfQc5yGC4,com.sec.android.app.shealth,9b344204-3781-45a5-a274-f3751262a32c,2022-08-04 00:00:00.000,
,,b3a6fd93-a5f8-44bb-ba5b-03f101836b34.extra_data.json,,,,0.0,5676844,1633.8164,,2022-08-10 13:17:33.629,2022-07-29 01:09:14.960,620.1117,aqfQc5yGC4,com.sec.android.app.shealth,b3a6fd93-a5f8-44bb-ba5b-03f101836b34,2022-07-29 00:00:00.000,
,,a76c3f8a-8222-4dac-811c-6167e387fc71.extra_data.json,,,,0.0,961147,1729.2611,,2022-08-10 13:17:33.619,2022-07-27 18:30:01.468,61.09999,aqfQc5yGC4,com.sec.android.app.shealth,a76c3f8a-8222-4dac-811c-6167e387fc71,2022-07-28 00:00:00.000,
,,a94ad4a9-473f-4825-a7eb-ab682a522b3f.extra_data.json,,,,0.0,7846355,1589.9061,,2022-08-10 13:17:33.523,2022-07-22 18:30:01.138,769.0735,aqfQc5yGC4,com.sec.android.app.shealth,a94ad4a9-473f-4825-a7eb-ab682a522b3f,2022-07-23 00:00:00.000,
,,80f7b826-53d4-4cb8-ad48-6a2e8b944d84.extra_data.json,,,,0.0,3737402,1673.0703,,2022-08-10 13:17:33.440,2022-07-16 23:10:35.985,294.96732,aqfQc5yGC4,com.sec.android.app.shealth,80f7b826-53d4-4cb8-ad48-6a2e8b944d84,2022-07-17 00:00:00.000,
,,3a6da42e-9944-49e1-87e7-2373b0ad8e77.extra_data.json,,,,0.0,3343935,1681.0339,,2022-08-10 13:17:33.428,2022-07-15 18:30:01.769,241.18016,aqfQc5yGC4,com.sec.android.app.shealth,3a6da42e-9944-49e1-87e7-2373b0ad8e77,2022-07-16 00:00:00.000,
,,3ebcb630-6234-4fb9-912f-cf64e2db4580.extra_data.json,,,,0.0,1714737,1714.0085,,2022-08-10 13:17:33.668,2022-07-31 18:30:01.025,109.14,aqfQc5yGC4,com.sec.android.app.shealth,3ebcb630-6234-4fb9-912f-cf64e2db4580,2022-08-01 00:00:00.000,
,,5b99b413-7998-487b-9ec9-707b1ea8d64a.extra_data.json,,,,0.0,2116589,1705.8751,,2022-08-10 13:17:33.650,2022-07-30 18:30:00.738,189.57458,aqfQc5yGC4,com.sec.android.app.shealth,5b99b413-7998-487b-9ec9-707b1ea8d64a,2022-07-31 00:00:00.000,
,,9e779ba1-958d-45b6-8cfa-5326e8f9506a.extra_data.json,,,,0.0,9138848,1563.7463,,2022-08-10 13:17:33.413,2022-07-15 01:01:12.392,726.2908,aqfQc5yGC4,com.sec.android.app.shealth,9e779ba1-958d-45b6-8cfa-5326e8f9506a,2022-07-15 00:00:00.000,
,,a17031eb-2c46-4825-a408-434c822e6890.extra_data.json,,,,0.0,5450375,1638.4001,,2022-08-10 13:17:33.474,2022-07-20 01:16:24.709,559.2149,aqfQc5yGC4,com.sec.android.app.shealth,a17031eb-2c46-4825-a408-434c822e6890,2022-07-20 00:00:00.000,
,,b425a7e4-52a2-4c22-84a3-e76ac8e20987.extra_data.json,,,,0.0,6915961,1608.737,,2022-08-10 13:17:33.515,2022-07-21 18:30:00.889,601.00104,aqfQc5yGC4,com.sec.android.app.shealth,b425a7e4-52a2-4c22-84a3-e76ac8e20987,2022-07-22 00:00:00.000,
,,cbea4b90-c5df-480e-8c5b-8760c0d23f4a.extra_data.json,,,,0.0,2589702,1696.2994,,2022-08-10 13:17:33.756,2022-08-07 18:30:00.679,190.66638,aqfQc5yGC4,com.sec.android.app.shealth,cbea4b90-c5df-480e-8c5b-8760c0d23f4a,2022-08-08 00:00:00.000,
,,44e8837b-47cf-4229-8da1-ad8e34804e47.extra_data.json,,,,0.0,5583117,1635.7134,,2022-08-10 13:17:33.571,2022-07-26 01:13:34.439,667.04736,aqfQc5yGC4,com.sec.android.app.shealth,44e8837b-47cf-4229-8da1-ad8e34804e47,2022-07-26 00:00:00.000,
,,60212306-2ba9-4b91-a193-a3e561e5d1c1.extra_data.json,,,,0.0,6493251,1617.2926,,2022-08-10 13:17:33.554,2022-07-24 18:30:01.369,584.8696,aqfQc5yGC4,com.sec.android.app.shealth,60212306-2ba9-4b91-a193-a3e561e5d1c1,2022-07-25 00:00:00.000,
,,e9ef5375-4d7a-4c33-bfb8-1f4d47ac6322.extra_data.json,,,,0.0,4145129,1664.818,,2022-08-10 13:17:33.397,2022-07-13 18:30:01.112,470.90848,aqfQc5yGC4,com.sec.android.app.shealth,e9ef5375-4d7a-4c33-bfb8-1f4d47ac6322,2022-07-14 00:00:00.000,
,,7c921f49-7a59-4f29-b937-13c5ebcb06c5.extra_data.json,,,,0.0,8057885,1585.6248,,2022-08-10 13:17:33.691,2022-08-01 18:30:01.616,863.5669,aqfQc5yGC4,com.sec.android.app.shealth,7c921f49-7a59-4f29-b937-13c5ebcb06c5,2022-08-02 00:00:00.000,
,,41ab6646-7c63-4816-ac94-4190233ef3fc.extra_data.json,,,,0.0,7161749,1603.7623,,2022-08-10 13:17:33.457,2022-07-18 18:30:01.272,756.9408,aqfQc5yGC4,com.sec.android.app.shealth,41ab6646-7c63-4816-ac94-4190233ef3fc,2022-07-19 00:00:00.000,
,,2246901c-aec2-4163-a95d-059bfb74070d.extra_data.json,,,,0.0,1543858,1717.4672,,2022-08-10 13:17:33.536,2022-07-23 18:30:01.150,110.00549,aqfQc5yGC4,com.sec.android.app.shealth,2246901c-aec2-4163-a95d-059bfb74070d,2022-07-24 00:00:00.000,
,,ddfa4ff1-a226-45bc-8d12-d2c2be7c4f0e.extra_data.json,,,,0.0,5440993,1638.5901,,2022-08-10 13:17:33.492,2022-07-21 00:40:10.822,592.4235,aqfQc5yGC4,com.sec.android.app.shealth,ddfa4ff1-a226-45bc-8d12-d2c2be7c4f0e,2022-07-21 00:00:00.000,
,,d6f8cd21-7966-48d5-a4b9-8c572ca2d111.extra_data.json,,,,0.0,4711863,1653.3474,,2022-08-10 13:17:33.602,2022-07-26 18:30:00.842,566.79114,aqfQc5yGC4,com.sec.android.app.shealth,d6f8cd21-7966-48d5-a4b9-8c572ca2d111,2022-07-27 00:00:00.000,
,,2b84f717-9ae5-4c0e-a762-3bc904042d6b.extra_data.json,,,,0.0,2424241,1699.6483,,2022-08-10 13:17:33.737,2022-08-05 23:50:33.040,201.21542,aqfQc5yGC4,com.sec.android.app.shealth,2b84f717-9ae5-4c0e-a762-3bc904042d6b,2022-08-06 00:00:00.000,
,,ee707166-ab87-4881-8070-2b7cc025413f.extra_data.json,,,,0.0,3986606,1668.0264,,2022-08-10 18:30:02.085,2022-08-10 00:36:10.273,285.5208,aqfQc5yGC4,com.sec.android.app.shealth,ee707166-ab87-4881-8070-2b7cc025413f,2022-08-10 00:00:00.000,
,,8ea3dd11-38b0-462f-b380-adbe41191b3d.extra_data.json,,,,0.0,7003078,1606.9738,,2022-08-10 13:17:33.639,2022-07-30 00:41:30.369,654.82117,aqfQc5yGC4,com.sec.android.app.shealth,8ea3dd11-38b0-462f-b380-adbe41191b3d,2022-07-30 00:00:00.000,
,,66226398-8cef-4c74-9f57-39aee9277fb3.extra_data.json,,,,0.0,5461892,1638.1671,,2022-08-10 13:17:33.702,2022-08-02 18:30:01.344,487.5118,aqfQc5yGC4,com.sec.android.app.shealth,66226398-8cef-4c74-9f57-39aee9277fb3,2022-08-03 00:00:00.000,
,,1091ef59-3673-409b-80f5-fec9794dd08d.extra_data.json,,,,0.0,3482290,1678.2338,,2022-08-12 18:30:01.346,2022-08-11 18:30:00.948,246.15822,aqfQc5yGC4,com.sec.android.app.shealth,1091ef59-3673-409b-80f5-fec9794dd08d,2022-08-12 00:00:00.000,
,,33070e61-c954-400b-8b8d-17203be959b1.extra_data.json,,,,0.0,1962801,1708.9878,,2022-08-13 18:30:03.910,2022-08-12 18:30:00.984,130.80797,aqfQc5yGC4,com.sec.android.app.shealth,33070e61-c954-400b-8b8d-17203be959b1,2022-08-13 00:00:00.000,
,,d229e1e8-5cda-4a0e-86a9-c927f2fef969.extra_data.json,,,,0.0,3744671,1672.9231,,2022-08-14 18:30:03.238,2022-08-13 18:30:01.620,241.16899,aqfQc5yGC4,com.sec.android.app.shealth,d229e1e8-5cda-4a0e-86a9-c927f2fef969,2022-08-14 00:00:00.000,
,,2c3d9b7a-0e68-4a17-86ef-03dfcf97218e.extra_data.json,,,,0.0,2816321,1691.7128,,2022-08-15 18:30:03.741,2022-08-14 18:30:01.791,181.84999,aqfQc5yGC4,com.sec.android.app.shealth,2c3d9b7a-0e68-4a17-86ef-03dfcf97218e,2022-08-15 00:00:00.000,
,,8aae9904-d02a-419e-8f79-7835c5f58146.extra_data.json,,,,0.0,2239456,1703.3883,,2022-08-17 00:55:58.946,2022-08-15 18:30:02.212,192.35101,aqfQc5yGC4,com.sec.android.app.shealth,8aae9904-d02a-419e-8f79-7835c5f58146,2022-08-16 00:00:00.000,
,,133d28c8-c11a-4db1-9668-56042c643400.extra_data.json,,,,0.0,6913034,1608.7964,,2022-08-18 00:46:42.676,2022-08-17 00:55:48.033,749.1354,aqfQc5yGC4,com.sec.android.app.shealth,133d28c8-c11a-4db1-9668-56042c643400,2022-08-17 00:00:00.000,
,,0f55b844-613f-4d58-9716-2a657ba3dcf2.extra_data.json,,,,0.0,4717260,1653.2382,,2022-08-19 18:35:12.004,2022-08-19 02:20:51.016,521.0308,aqfQc5yGC4,com.sec.android.app.shealth,0f55b844-613f-4d58-9716-2a657ba3dcf2,2022-08-19 00:00:00.000,
,,3be9cad4-7167-4b5e-a6ce-710b98e9924c.extra_data.json,,,,0.0,8565699,1575.3468,,2022-08-19 02:21:02.686,2022-08-18 00:46:30.320,764.83014,aqfQc5yGC4,com.sec.android.app.shealth,3be9cad4-7167-4b5e-a6ce-710b98e9924c,2022-08-18 00:00:00.000,
,,75ce39f1-43c8-43c6-9df6-c715566adfa0.extra_data.json,,,,0.0,3581764,1676.2205,,2022-08-20 18:32:01.111,2022-08-19 18:35:11.502,284.46332,aqfQc5yGC4,com.sec.android.app.shealth,75ce39f1-43c8-43c6-9df6-c715566adfa0,2022-08-20 00:00:00.000,
,,1e96376f-a596-426f-a3fc-466b759e8ac0.extra_data.json,,,,0.0,2509771,1697.9172,,2022-08-21 18:30:00.759,2022-08-20 18:30:02.250,160.51999,aqfQc5yGC4,com.sec.android.app.shealth,1e96376f-a596-426f-a3fc-466b759e8ac0,2022-08-21 00:00:00.000,
,,9703b296-ad74-4cb8-bcd9-a2d7aa9984cb.extra_data.json,,,,0.0,2368985,1700.7667,,2022-08-22 23:57:54.360,2022-08-21 18:30:00.549,161.22534,aqfQc5yGC4,com.sec.android.app.shealth,9703b296-ad74-4cb8-bcd9-a2d7aa9984cb,2022-08-22 00:00:00.000,
,,35b3b5cf-1bb7-41b0-9ac7-0b72f20dade8.extra_data.json,,,,0.0,2510078,1697.911,,2022-08-23 18:57:22.260,2022-08-22 23:57:48.532,167.86,aqfQc5yGC4,com.sec.android.app.shealth,35b3b5cf-1bb7-41b0-9ac7-0b72f20dade8,2022-08-23 00:00:00.000,
,,ee030589-0a33-4a1a-983f-9fe80209ae08.extra_data.json,,,,0.0,3802342,1671.7559,,2022-08-24 18:30:02.746,2022-08-23 18:57:21.507,377.9571,aqfQc5yGC4,com.sec.android.app.shealth,ee030589-0a33-4a1a-983f-9fe80209ae08,2022-08-24 00:00:00.000,
,,ad83899c-ecfe-434c-9fb9-ab420e03d0c4.extra_data.json,,,,0.0,1211699,1724.19,,2022-08-26 00:46:23.059,2022-08-24 18:30:02.024,81.11999,aqfQc5yGC4,com.sec.android.app.shealth,ad83899c-ecfe-434c-9fb9-ab420e03d0c4,2022-08-25 00:00:00.000,
,,04f716e5-71eb-4b94-b8ea-2ec94ca00200.extra_data.json,,,,0.0,6304166,1621.1196,,2022-08-26 18:35:18.233,2022-08-26 00:45:36.040,692.4916,aqfQc5yGC4,com.sec.android.app.shealth,04f716e5-71eb-4b94-b8ea-2ec94ca00200,2022-08-26 00:00:00.000,
,,81274d39-8544-4b3c-9fa3-bb7a44e835c9.extra_data.json,,,,0.0,1849261,1711.2858,,2022-08-27 18:30:04.043,2022-08-26 18:35:06.251,123.650024,aqfQc5yGC4,com.sec.android.app.shealth,81274d39-8544-4b3c-9fa3-bb7a44e835c9,2022-08-27 00:00:00.000,
,,5718dcbf-930c-4f4e-b009-bd80c6f2489d.extra_data.json,,,,0.0,867766,1731.151,,2022-08-29 03:10:21.839,2022-08-27 18:30:02.430,55.4,aqfQc5yGC4,com.sec.android.app.shealth,5718dcbf-930c-4f4e-b009-bd80c6f2489d,2022-08-28 00:00:00.000,
,,8d2d84d0-dafc-4382-a729-ad04f8b8c082.extra_data.json,,,,0.0,2849522,1691.0408,,2022-08-30 01:48:55.076,2022-08-29 03:10:20.400,231.10999,aqfQc5yGC4,com.sec.android.app.shealth,8d2d84d0-dafc-4382-a729-ad04f8b8c082,2022-08-29 00:00:00.000,
,,32ef75a2-058e-424c-b1e2-410262dbe02e.extra_data.json,,,,0.0,1993453,1708.3673,,2022-08-30 18:30:01.905,2022-08-30 01:48:40.739,131.40997,aqfQc5yGC4,com.sec.android.app.shealth,32ef75a2-058e-424c-b1e2-410262dbe02e,2022-08-30 00:00:00.000,
,,22c88039-5253-4812-aca4-c62acae0e1bb.extra_data.json,,,,0.0,1241420,1723.5883,,2022-08-31 18:30:01.786,2022-08-30 18:30:01.341,78.189995,aqfQc5yGC4,com.sec.android.app.shealth,22c88039-5253-4812-aca4-c62acae0e1bb,2022-08-31 00:00:00.000,
,,3bedc299-37d0-4c9a-a5d7-0b7e5b70bd9b.extra_data.json,,,,0.0,970485,1729.0719,,2022-09-01 19:05:05.904,2022-08-31 18:30:01.507,61.130005,aqfQc5yGC4,com.sec.android.app.shealth,3bedc299-37d0-4c9a-a5d7-0b7e5b70bd9b,2022-09-01 00:00:00.000,
,,a7d941a4-1059-42a6-a8aa-f336c57620ed.extra_data.json,,,,0.0,1563328,1717.073,,2022-09-02 19:22:01.064,2022-09-01 19:05:05.381,99.899994,aqfQc5yGC4,com.sec.android.app.shealth,a7d941a4-1059-42a6-a8aa-f336c57620ed,2022-09-02 00:00:00.000,
,,b87a075d-de53-4b3e-ac8a-3aa6d9e239a7.extra_data.json,,,,0.0,2252872,1703.1168,,2022-09-03 18:30:00.734,2022-09-02 19:22:00.608,146.02998,aqfQc5yGC4,com.sec.android.app.shealth,b87a075d-de53-4b3e-ac8a-3aa6d9e239a7,2022-09-03 00:00:00.000,
,,8cd6a71a-93e0-4c7c-b913-7a10ffff92f3.extra_data.json,,,,0.0,755044,1733.4325,,2022-09-04 18:30:04.655,2022-09-03 18:30:00.451,48.339985,aqfQc5yGC4,com.sec.android.app.shealth,8cd6a71a-93e0-4c7c-b913-7a10ffff92f3,2022-09-04 00:00:00.000,
,,f5f4bdff-2cc6-4bc4-beaa-ec46315dbd7e.extra_data.json,,,,0.0,1778102,1712.726,,2022-09-06 00:27:01.123,2022-09-04 18:30:03.178,111.66999,aqfQc5yGC4,com.sec.android.app.shealth,f5f4bdff-2cc6-4bc4-beaa-ec46315dbd7e,2022-09-05 00:00:00.000,
,,233a427c-21c3-409b-bc07-6ed053e8506a.extra_data.json,,,,0.0,2888789,1690.246,,2022-09-06 18:30:02.978,2022-09-06 00:26:54.829,180.80997,aqfQc5yGC4,com.sec.android.app.shealth,233a427c-21c3-409b-bc07-6ed053e8506a,2022-09-06 00:00:00.000,
,,a126d089-31a2-4b54-89ae-41d0ace8e4ca.extra_data.json,,,,0.0,3000233,1687.9905,,2022-09-07 19:14:53.667,2022-09-06 18:30:02.554,192.57999,aqfQc5yGC4,com.sec.android.app.shealth,a126d089-31a2-4b54-89ae-41d0ace8e4ca,2022-09-07 00:00:00.000,
,,d22295df-03a9-4863-bc2f-52bc6e842631.extra_data.json,,,,0.0,4467172,1658.3,,2022-09-08 18:30:02.787,2022-09-07 19:14:52.226,410.47,aqfQc5yGC4,com.sec.android.app.shealth,d22295df-03a9-4863-bc2f-52bc6e842631,2022-09-08 00:00:00.000,
,,942d118e-582f-4293-82f6-d368860e8b0e.extra_data.json,,,,0.0,979156,1728.8966,,2022-09-09 18:30:01.978,2022-09-08 18:30:02.511,62.690002,aqfQc5yGC4,com.sec.android.app.shealth,942d118e-582f-4293-82f6-d368860e8b0e,2022-09-09 00:00:00.000,
,,d205b362-e7fe-4c9a-864e-3d687dde73cf.extra_data.json,,,,0.0,2898111,1690.0573,,2022-09-10 18:30:02.334,2022-09-09 18:30:01.138,190.94003,aqfQc5yGC4,com.sec.android.app.shealth,d205b362-e7fe-4c9a-864e-3d687dde73cf,2022-09-10 00:00:00.000,
,,9efa56da-5095-4eec-ab9b-133aa18f0eab.extra_data.json,,,,0.0,1801240,1712.2577,,2022-09-11 18:30:02.236,2022-09-10 18:30:01.897,114.670006,aqfQc5yGC4,com.sec.android.app.shealth,9efa56da-5095-4eec-ab9b-133aa18f0eab,2022-09-11 00:00:00.000,
,,5c6a0680-9606-4a55-957f-a65ce00c7c58.extra_data.json,,,,0.0,886443,1730.7731,,2022-09-12 18:30:01.613,2022-09-11 18:30:00.970,56.02,aqfQc5yGC4,com.sec.android.app.shealth,5c6a0680-9606-4a55-957f-a65ce00c7c58,2022-09-12 00:00:00.000,
,,67d3e986-7ebc-42dd-aa7c-18eda82227e6.extra_data.json,,,,0.0,2066944,1706.8799,,2022-09-13 18:30:01.671,2022-09-12 18:30:00.904,189.89023,aqfQc5yGC4,com.sec.android.app.shealth,67d3e986-7ebc-42dd-aa7c-18eda82227e6,2022-09-13 00:00:00.000,
,,3024f850-dba3-47d8-97b6-16c36beeea9c.extra_data.json,,,,0.0,1506809,1718.2169,,2022-09-14 23:56:00.436,2022-09-13 18:30:00.783,99.259995,aqfQc5yGC4,com.sec.android.app.shealth,3024f850-dba3-47d8-97b6-16c36beeea9c,2022-09-14 00:00:00.000,
,,c7c3d475-8138-489b-800a-c178b116371e.extra_data.json,,,,0.0,5980389,1627.6727,,2022-09-16 18:30:01.938,2022-09-16 01:03:35.043,615.0965,aqfQc5yGC4,com.sec.android.app.shealth,c7c3d475-8138-489b-800a-c178b116371e,2022-09-16 00:00:00.000,
,,cb9fda65-e189-4cc1-a4fe-67860cdc781d.extra_data.json,,,,0.0,1739132,1713.5146,,2022-09-16 01:03:43.318,2022-09-14 23:55:53.732,117.71,aqfQc5yGC4,com.sec.android.app.shealth,cb9fda65-e189-4cc1-a4fe-67860cdc781d,2022-09-15 00:00:00.000,
,,bd7ed916-f90e-4787-9f91-b577964e4d9e.extra_data.json,,,,0.0,3051865,1686.9454,,2022-09-17 18:35:25.328,2022-09-16 18:30:01.470,195.08,aqfQc5yGC4,com.sec.android.app.shealth,bd7ed916-f90e-4787-9f91-b577964e4d9e,2022-09-17 00:00:00.000,
,,1f652ab7-555d-4afe-8066-53939d471626.extra_data.json,,,,0.0,1289858,1722.608,,2022-09-18 18:30:01.598,2022-09-17 18:30:02.045,85.06002,aqfQc5yGC4,com.sec.android.app.shealth,1f652ab7-555d-4afe-8066-53939d471626,2022-09-18 00:00:00.000,
,,2a740991-14f7-4312-9921-3b7f2284c667.extra_data.json,,,,0.0,655125,1735.4547,,2022-09-19 18:30:03.078,2022-09-18 18:30:00.796,43.18,aqfQc5yGC4,com.sec.android.app.shealth,2a740991-14f7-4312-9921-3b7f2284c667,2022-09-19 00:00:00.000,
,,2b4cede7-3440-46f5-8fd4-1885306a775a.extra_data.json,,,,0.0,2971643,1688.5691,,2022-09-22 00:29:23.809,2022-09-21 02:10:54.057,192.01997,aqfQc5yGC4,com.sec.android.app.shealth,2b4cede7-3440-46f5-8fd4-1885306a775a,2022-09-21 00:00:00.000,
,,b790e6ff-1540-4bd5-af91-772fe06f920d.extra_data.json,,,,0.0,876704,1730.9701,,2022-09-21 02:11:04.748,2022-09-19 18:30:02.424,56.359997,aqfQc5yGC4,com.sec.android.app.shealth,b790e6ff-1540-4bd5-af91-772fe06f920d,2022-09-20 00:00:00.000,
,,93411ac7-bf5a-4217-a45f-63bd172723c0.extra_data.json,,,,0.0,3370463,1680.4971,,2022-09-23 01:52:03.015,2022-09-22 00:29:13.874,218.24998,aqfQc5yGC4,com.sec.android.app.shealth,93411ac7-bf5a-4217-a45f-63bd172723c0,2022-09-22 00:00:00.000,
,,276b12fd-9014-434b-9d66-a5cff4f48b0a.extra_data.json,,,,0.0,2477275,1698.575,,2022-09-23 18:30:01.617,2022-09-23 01:51:51.150,171.35994,aqfQc5yGC4,com.sec.android.app.shealth,276b12fd-9014-434b-9d66-a5cff4f48b0a,2022-09-23 00:00:00.000,
,,8f0efe93-cb7f-47ec-838d-3ba01d082b63.extra_data.json,,,,0.0,2063308,1706.9535,,2022-09-24 18:30:02.205,2022-09-23 18:30:00.952,139.42996,aqfQc5yGC4,com.sec.android.app.shealth,8f0efe93-cb7f-47ec-838d-3ba01d082b63,2022-09-24 00:00:00.000,
,,e1e30dac-dc79-48f5-b6df-7fdb8d5767bd.extra_data.json,,,,0.0,2311567,1701.9288,,2022-09-25 18:30:02.822,2022-09-24 18:30:01.154,153.65001,aqfQc5yGC4,com.sec.android.app.shealth,e1e30dac-dc79-48f5-b6df-7fdb8d5767bd,2022-09-25 00:00:00.000,
,,43d7c586-b148-4fda-8f2e-1bb902120308.extra_data.json,,,,0.0,1333065,1721.7335,,2022-09-26 23:17:29.567,2022-09-25 18:30:01.225,85.49,aqfQc5yGC4,com.sec.android.app.shealth,43d7c586-b148-4fda-8f2e-1bb902120308,2022-09-26 00:00:00.000,
,,0891c534-a233-4ce4-9e11-45168a325d7f.extra_data.json,,,,0.0,1709221,1714.1201,,2022-09-27 18:30:02.179,2022-09-26 19:05:09.177,112.76001,aqfQc5yGC4,com.sec.android.app.shealth,0891c534-a233-4ce4-9e11-45168a325d7f,2022-09-27 00:00:00.000,
,,a5819790-cca8-44c2-adc3-08ba148ab253.extra_data.json,,,,0.0,1439855,1719.572,,2022-09-28 18:30:02.180,2022-09-27 18:30:01.898,95.6,aqfQc5yGC4,com.sec.android.app.shealth,a5819790-cca8-44c2-adc3-08ba148ab253,2022-09-28 00:00:00.000,
,,9272f887-1928-4325-a3f0-87fce5f3af7f.extra_data.json,,,,0.0,782655,1732.8737,,2022-09-30 02:23:29.033,2022-09-28 18:30:00.998,52.34,aqfQc5yGC4,com.sec.android.app.shealth,9272f887-1928-4325-a3f0-87fce5f3af7f,2022-09-29 00:00:00.000,
,,bd875db0-0769-401a-8b9e-40a6a52fe72c.extra_data.json,,,,0.0,2667158,1694.7317,,2022-09-30 18:30:02.186,2022-09-29 18:30:01.475,294.42896,aqfQc5yGC4,com.sec.android.app.shealth,bd875db0-0769-401a-8b9e-40a6a52fe72c,2022-09-30 00:00:00.000,
,,fe09e5e4-7c6d-4ed3-a58a-45ea6fca92dc.extra_data.json,,,,0.0,1239256,1723.6321,,2022-10-01 18:30:01.318,2022-09-30 18:30:01.606,78.229996,aqfQc5yGC4,com.sec.android.app.shealth,fe09e5e4-7c6d-4ed3-a58a-45ea6fca92dc,2022-10-01 00:00:00.000,
,,19f2ade5-e304-4d89-8c41-3ff0174ff84a.extra_data.json,,,,0.0,2164055,1704.9144,,2022-10-02 20:22:19.475,2022-10-01 18:30:01.035,143.25996,aqfQc5yGC4,com.sec.android.app.shealth,19f2ade5-e304-4d89-8c41-3ff0174ff84a,2022-10-02 00:00:00.000,
,,5c417e21-773f-4816-b29e-cd0609c63967.extra_data.json,,,,0.0,1314597,1722.1072,,2022-10-03 23:53:34.572,2022-10-02 20:22:18.951,82.320015,aqfQc5yGC4,com.sec.android.app.shealth,5c417e21-773f-4816-b29e-cd0609c63967,2022-10-03 00:00:00.000,
,,b43ce1a4-01f2-4ca0-81a6-221bfc1ee676.extra_data.json,,,,0.0,2194400,1704.3003,,2022-10-04 18:30:02.808,2022-10-03 23:53:16.656,148.23994,aqfQc5yGC4,com.sec.android.app.shealth,b43ce1a4-01f2-4ca0-81a6-221bfc1ee676,2022-10-04 00:00:00.000,
,,64ae754a-1827-4d33-8846-3e940493afd2.extra_data.json,,,,0.0,3835024,1671.0945,,2022-10-05 18:30:02.921,2022-10-04 18:30:01.523,261.37857,aqfQc5yGC4,com.sec.android.app.shealth,64ae754a-1827-4d33-8846-3e940493afd2,2022-10-05 00:00:00.000,
,,d95b3615-e522-4d6b-ba6c-0e414f5f3e08.extra_data.json,,,,0.0,646055,1735.6383,,2022-10-06 18:30:02.855,2022-10-05 18:30:01.568,41.410007,aqfQc5yGC4,com.sec.android.app.shealth,d95b3615-e522-4d6b-ba6c-0e414f5f3e08,2022-10-06 00:00:00.000,
,,ec71f9f9-d0a6-4eec-89fa-3db3e33a2db3.extra_data.json,,,,0.0,2759244,1687.3722,,2022-11-03 00:54:58.442,2022-10-21 18:30:01.473,285.8589,aqfQc5yGC4,com.sec.android.app.shealth,ec71f9f9-d0a6-4eec-89fa-3db3e33a2db3,2022-10-22 00:00:00.000,
,,a61ff25a-a3ec-43a6-8605-0c5883753da0.extra_data.json,,,,0.0,987160,1723.1224,,2022-11-03 00:54:57.409,2022-10-11 02:06:21.656,62.179,aqfQc5yGC4,com.sec.android.app.shealth,a61ff25a-a3ec-43a6-8605-0c5883753da0,2022-10-11 00:00:00.000,
,,a4296f3b-9a45-4aac-8765-35cbea03d938.extra_data.json,,,,0.0,1147743,1719.8828,,2022-11-03 00:54:57.326,2022-10-08 18:30:01.335,72.97999,aqfQc5yGC4,com.sec.android.app.shealth,a4296f3b-9a45-4aac-8765-35cbea03d938,2022-10-09 00:00:00.000,
,,99017851-96ce-40b4-8049-fb7448332124.extra_data.json,,,,0.0,3303339,1676.3958,,2022-11-03 00:54:58.230,2022-10-17 18:30:00.569,307.36682,aqfQc5yGC4,com.sec.android.app.shealth,99017851-96ce-40b4-8049-fb7448332124,2022-10-18 00:00:00.000,
,,b921602e-8970-4fbe-88e6-057c77c5f780.extra_data.json,,,,0.0,715021,1728.6124,,2022-11-03 00:54:58.321,2022-10-20 00:55:13.198,46.099995,aqfQc5yGC4,com.sec.android.app.shealth,b921602e-8970-4fbe-88e6-057c77c5f780,2022-10-20 00:00:00.000,
,,c15de364-f161-497d-bcee-2c65a7d903ad.extra_data.json,,,,0.0,542938,1732.0842,,2022-11-03 00:54:59.318,2022-10-31 02:33:51.505,34.539993,aqfQc5yGC4,com.sec.android.app.shealth,c15de364-f161-497d-bcee-2c65a7d903ad,2022-10-31 00:00:00.000,
,,c72a0628-314a-4227-a786-4b08791c9c5e.extra_data.json,,,,0.0,993830,1722.9878,,2022-11-03 00:54:56.970,2022-10-06 18:30:02.544,63.05999,aqfQc5yGC4,com.sec.android.app.shealth,c72a0628-314a-4227-a786-4b08791c9c5e,2022-10-07 00:00:00.000,
,,37943b35-087e-4c99-876c-6f7e789c60e3.extra_data.json,,,,0.0,1162120,1719.5928,,2022-11-03 00:54:58.027,2022-10-15 00:40:37.781,77.23999,aqfQc5yGC4,com.sec.android.app.shealth,37943b35-087e-4c99-876c-6f7e789c60e3,2022-10-15 00:00:00.000,
,,7e210b27-5b0d-462a-95b2-7796e32cb125.extra_data.json,,,,0.0,3523813,1671.9478,,2022-11-03 00:54:57.361,2022-10-09 18:30:01.116,300.44583,aqfQc5yGC4,com.sec.android.app.shealth,7e210b27-5b0d-462a-95b2-7796e32cb125,2022-10-10 00:00:00.000,
,,ba645a7d-fcde-4eda-9a1f-6bdc3cf11c7c.extra_data.json,,,,0.0,2168267,1699.2948,,2022-11-03 00:54:58.687,2022-10-23 18:30:01.292,141.64998,aqfQc5yGC4,com.sec.android.app.shealth,ba645a7d-fcde-4eda-9a1f-6bdc3cf11c7c,2022-10-24 00:00:00.000,
,,d7830ea0-79d1-4ed4-8e65-a023f949c716.extra_data.json,,,,0.0,1221944,1718.3859,,2022-11-03 00:54:58.286,2022-10-18 18:30:01.033,79.42,aqfQc5yGC4,com.sec.android.app.shealth,d7830ea0-79d1-4ed4-8e65-a023f949c716,2022-10-19 00:00:00.000,
,,7cd22f6a-d2aa-46d7-939c-7d0197d46230.extra_data.json,,,,0.0,2266466,1697.3137,,2022-11-03 00:54:58.807,2022-10-25 18:30:01.886,143.38994,aqfQc5yGC4,com.sec.android.app.shealth,7cd22f6a-d2aa-46d7-939c-7d0197d46230,2022-10-26 00:00:00.000,
,,7762d845-6f8d-4104-916d-fa5c6a52f12d.extra_data.json,,,,0.0,1902861,1704.6489,,2022-11-03 00:54:57.214,2022-10-08 01:42:55.308,121.659996,aqfQc5yGC4,com.sec.android.app.shealth,7762d845-6f8d-4104-916d-fa5c6a52f12d,2022-10-08 00:00:00.000,
,,d9e62ee2-4d15-458d-b9c7-e32629d0f48f.extra_data.json,,,,0.0,1839226,1705.9329,,2022-11-03 00:54:57.519,2022-10-11 18:30:03.377,123.93001,aqfQc5yGC4,com.sec.android.app.shealth,d9e62ee2-4d15-458d-b9c7-e32629d0f48f,2022-10-12 00:00:00.000,
,,ba5f2a1d-6fff-42d6-bc06-797a7591c568.extra_data.json,,,,0.0,1776886,1707.1904,,2022-11-03 00:54:58.485,2022-10-22 18:30:00.488,113.07999,aqfQc5yGC4,com.sec.android.app.shealth,ba5f2a1d-6fff-42d6-bc06-797a7591c568,2022-10-23 00:00:00.000,
,,67f0ef0d-cb93-4a5e-b67c-304c1fdbe99c.extra_data.json,,,,0.0,2961816,1683.2856,,2022-11-03 00:54:58.184,2022-10-17 00:47:54.208,202.75003,aqfQc5yGC4,com.sec.android.app.shealth,67f0ef0d-cb93-4a5e-b67c-304c1fdbe99c,2022-10-17 00:00:00.000,
,,2820d43c-1607-4eb6-bf6e-adc36cc6f326.extra_data.json,,,,0.0,1003968,1722.7833,,2022-11-03 00:54:58.345,2022-10-20 18:30:00.740,63.989998,aqfQc5yGC4,com.sec.android.app.shealth,2820d43c-1607-4eb6-bf6e-adc36cc6f326,2022-10-21 00:00:00.000,
,,e287613c-9fc2-49b8-9f73-f15565bed94d.extra_data.json,,,,0.0,736367,1728.1819,,2022-11-03 00:54:59.133,2022-10-28 19:39:06.634,47.400005,aqfQc5yGC4,com.sec.android.app.shealth,e287613c-9fc2-49b8-9f73-f15565bed94d,2022-10-29 00:00:00.000,
,,84d2cb33-5ceb-403e-895e-39f13f1c51e0.extra_data.json,,,,0.0,3191251,1678.657,,2022-11-03 00:54:57.579,2022-10-13 18:30:02.032,204.18997,aqfQc5yGC4,com.sec.android.app.shealth,84d2cb33-5ceb-403e-895e-39f13f1c51e0,2022-10-14 00:00:00.000,
,,01be952d-213c-4f6e-bb2b-cc2ac57bcc4b.extra_data.json,,,,0.0,2204667,1698.5604,,2022-11-03 00:54:59.343,2022-10-31 18:30:02.396,152.93109,aqfQc5yGC4,com.sec.android.app.shealth,01be952d-213c-4f6e-bb2b-cc2ac57bcc4b,2022-11-01 00:00:00.000,
,,372c7cf5-585e-41df-80c4-c4b467e313a8.extra_data.json,,,,0.0,485976,1733.2333,,2022-11-03 00:54:59.026,2022-10-27 20:18:36.626,30.97,aqfQc5yGC4,com.sec.android.app.shealth,372c7cf5-585e-41df-80c4-c4b467e313a8,2022-10-28 00:00:00.000,
,,fa4e75b2-6457-44ca-bd44-1309204712cb.extra_data.json,,,,0.0,3078765,1680.9261,,2022-11-03 00:54:59.409,2022-11-02 00:16:07.748,221.31764,aqfQc5yGC4,com.sec.android.app.shealth,fa4e75b2-6457-44ca-bd44-1309204712cb,2022-11-02 00:00:00.000,
,,3d181f3f-b5c0-4184-8ba9-505cf25732a2.extra_data.json,,,,0.0,2739645,1687.7676,,2022-11-03 00:54:58.754,2022-10-24 18:30:01.366,187.11,aqfQc5yGC4,com.sec.android.app.shealth,3d181f3f-b5c0-4184-8ba9-505cf25732a2,2022-10-25 00:00:00.000,
,,c6fea651-9460-41db-ab00-83f8ac9b1bfa.extra_data.json,,,,0.0,613640,1730.6578,,2022-11-03 00:54:57.529,2022-10-12 18:30:01.413,38.699993,aqfQc5yGC4,com.sec.android.app.shealth,c6fea651-9460-41db-ab00-83f8ac9b1bfa,2022-10-13 00:00:00.000,
,,5df3622a-a6fd-4b62-a467-876e637ee854.extra_data.json,,,,0.0,524262,1732.4609,,2022-11-03 00:54:58.868,2022-10-26 18:30:00.703,32.640003,aqfQc5yGC4,com.sec.android.app.shealth,5df3622a-a6fd-4b62-a467-876e637ee854,2022-10-27 00:00:00.000,
,,a1cc4890-69ce-4700-8c71-ecb1f5d51afd.extra_data.json,,,,0.0,1379356,1715.2101,,2022-11-03 00:54:58.094,2022-10-15 19:22:47.024,87.37999,aqfQc5yGC4,com.sec.android.app.shealth,a1cc4890-69ce-4700-8c71-ecb1f5d51afd,2022-10-16 00:00:00.000,
,,64522f95-1aa2-44a2-93b5-bac1d058cf6e.extra_data.json,,,,0.0,507720,1732.7947,,2022-11-03 00:54:59.222,2022-10-29 23:24:32.979,32.809998,aqfQc5yGC4,com.sec.android.app.shealth,64522f95-1aa2-44a2-93b5-bac1d058cf6e,2022-10-30 00:00:00.000,
,,441be0ee-857d-40aa-8088-1e36de411f63.extra_data.json,,,,0.0,659663,1729.7294,,2022-11-04 01:24:40.891,2022-11-03 00:54:49.761,42.41,aqfQc5yGC4,com.sec.android.app.shealth,441be0ee-857d-40aa-8088-1e36de411f63,2022-11-03 00:00:00.000,
,,ec9d43b7-9003-4711-9bb0-bd53be069a73.extra_data.json,,,,0.0,2810438,1686.3395,,2022-11-04 18:30:02.389,2022-11-04 01:24:35.867,236.80002,aqfQc5yGC4,com.sec.android.app.shealth,ec9d43b7-9003-4711-9bb0-bd53be069a73,2022-11-04 00:00:00.000,
,,2b82b829-6c49-47f9-9a04-abbb11b6dc6e.extra_data.json,,,,0.0,375521,1735.4617,,2022-11-06 02:02:23.842,2022-11-04 18:30:02.084,23.839998,aqfQc5yGC4,com.sec.android.app.shealth,2b82b829-6c49-47f9-9a04-abbb11b6dc6e,2022-11-05 00:00:00.000,
,,1445d81a-5d2f-4daf-83d8-04611f1b72c4.extra_data.json,,,,0.0,1007436,1722.7133,,2022-11-06 18:30:01.103,2022-11-06 02:02:15.968,64.49998,aqfQc5yGC4,com.sec.android.app.shealth,1445d81a-5d2f-4daf-83d8-04611f1b72c4,2022-11-06 00:00:00.000,
,,df14a0c0-3a74-441a-aeb6-716b48100fc1.extra_data.json,,,,0.0,2114907,1700.3712,,2022-11-07 18:30:02.653,2022-11-06 18:30:00.857,134.70999,aqfQc5yGC4,com.sec.android.app.shealth,df14a0c0-3a74-441a-aeb6-716b48100fc1,2022-11-07 00:00:00.000,
,,21f234c1-d410-4c4c-bee7-6c297e5f8aad.extra_data.json,,,,0.0,1955911,1703.5787,,2022-11-09 00:10:54.560,2022-11-07 18:30:01.888,145.27458,aqfQc5yGC4,com.sec.android.app.shealth,21f234c1-d410-4c4c-bee7-6c297e5f8aad,2022-11-08 00:00:00.000,
,,9d2b4c58-7d10-43db-9e91-4de2bb729b67.extra_data.json,,,,0.0,1084942,1721.1497,,2022-11-09 18:30:02.870,2022-11-09 00:10:46.919,69.97998,aqfQc5yGC4,com.sec.android.app.shealth,9d2b4c58-7d10-43db-9e91-4de2bb729b67,2022-11-09 00:00:00.000,
,,1b8e4fc5-9bac-46ab-81fa-8f75573d63a0.extra_data.json,,,,0.0,1352006,1715.762,,2022-11-10 23:56:41.975,2022-11-09 18:30:02.010,86.22002,aqfQc5yGC4,com.sec.android.app.shealth,1b8e4fc5-9bac-46ab-81fa-8f75573d63a0,2022-11-10 00:00:00.000,
,,343fdf2b-f66f-4ca6-9a81-e6319976583b.extra_data.json,,,,0.0,3467983,1673.0741,,2022-11-11 18:35:16.902,2022-11-10 23:56:36.484,218.89,aqfQc5yGC4,com.sec.android.app.shealth,343fdf2b-f66f-4ca6-9a81-e6319976583b,2022-11-11 00:00:00.000,
,,92de0332-4371-420f-8d65-a5785ed2cee1.extra_data.json,,,,0.0,4088380,1660.5581,,2022-11-12 18:30:03.957,2022-11-11 18:30:01.549,262.32996,aqfQc5yGC4,com.sec.android.app.shealth,92de0332-4371-420f-8d65-a5785ed2cee1,2022-11-12 00:00:00.000,
,,f65cff4a-94e9-4f61-a0b8-568a041066d8.extra_data.json,,,,0.0,1167783,1719.4785,,2022-11-13 18:30:04.050,2022-11-12 18:30:01.424,74.44999,aqfQc5yGC4,com.sec.android.app.shealth,f65cff4a-94e9-4f61-a0b8-568a041066d8,2022-11-13 00:00:00.000,
,,2ebc99cf-9fb4-4b9d-a7d5-6cd96bf0fad7.extra_data.json,,,,0.0,1374390,1715.3103,,2022-11-14 18:30:01.402,2022-11-13 18:30:03.211,87.780014,aqfQc5yGC4,com.sec.android.app.shealth,2ebc99cf-9fb4-4b9d-a7d5-6cd96bf0fad7,2022-11-14 00:00:00.000,
,,82a26871-81d7-4ec1-8ae7-0ec728e3e86e.extra_data.json,,,,0.0,890845,1725.0654,,2022-11-15 21:04:04.538,2022-11-14 18:30:01.218,56.119995,aqfQc5yGC4,com.sec.android.app.shealth,82a26871-81d7-4ec1-8ae7-0ec728e3e86e,2022-11-15 00:00:00.000,
,,75f2a363-cd55-49cd-b7c9-711795e2a196.extra_data.json,,,,0.0,1255751,1717.7039,,2022-11-16 23:52:16.021,2022-11-15 21:03:59.151,84.08999,aqfQc5yGC4,com.sec.android.app.shealth,75f2a363-cd55-49cd-b7c9-711795e2a196,2022-11-16 00:00:00.000,
,,c3a5c289-f2bc-47bf-af3f-174a9d284a7d.extra_data.json,,,,0.0,556278,1731.815,,2022-11-17 18:30:01.862,2022-11-16 23:52:02.934,35.140007,aqfQc5yGC4,com.sec.android.app.shealth,c3a5c289-f2bc-47bf-af3f-174a9d284a7d,2022-11-17 00:00:00.000,
,,bc5d038b-7729-4fd4-b685-a456929da03f.extra_data.json,,,,0.0,1933513,1704.0306,,2022-11-19 00:04:48.007,2022-11-17 18:30:01.323,125.90002,aqfQc5yGC4,com.sec.android.app.shealth,bc5d038b-7729-4fd4-b685-a456929da03f,2022-11-18 00:00:00.000,
,,c1b54935-f24b-4933-a9f5-2851e0b36bbc.extra_data.json,,,,0.0,971152,1723.4453,,2022-11-20 01:34:15.860,2022-11-19 00:04:41.440,61.75,aqfQc5yGC4,com.sec.android.app.shealth,c1b54935-f24b-4933-a9f5-2851e0b36bbc,2022-11-19 00:00:00.000,
,,999d309f-f3d2-47e3-8e10-7516b7ffc499.extra_data.json,,,,0.0,2153713,1699.5884,,2022-11-20 18:30:03.803,2022-11-20 01:34:10.316,135.84996,aqfQc5yGC4,com.sec.android.app.shealth,999d309f-f3d2-47e3-8e10-7516b7ffc499,2022-11-20 00:00:00.000,
,,4760d5ed-af35-4dde-b586-2c548cd9b807.extra_data.json,,,,0.0,1105826,1720.7285,,2022-11-22 01:35:40.301,2022-11-20 18:30:03.542,69.619995,aqfQc5yGC4,com.sec.android.app.shealth,4760d5ed-af35-4dde-b586-2c548cd9b807,2022-11-21 00:00:00.000,
,,9afa7bd8-57ad-4318-955d-308948e1faa8.extra_data.json,,,,0.0,3137788,1679.7355,,2022-11-22 18:30:03.162,2022-11-22 01:35:18.479,200.72003,aqfQc5yGC4,com.sec.android.app.shealth,9afa7bd8-57ad-4318-955d-308948e1faa8,2022-11-22 00:00:00.000,
,,648a2051-7da9-4232-88ff-4c0f9b6e3536.extra_data.json,,,,0.0,1200600,1718.8164,,2022-11-23 18:30:00.986,2022-11-22 18:30:02.499,75.439995,aqfQc5yGC4,com.sec.android.app.shealth,648a2051-7da9-4232-88ff-4c0f9b6e3536,2022-11-23 00:00:00.000,
,,d0f00be9-e7dd-4587-b54f-7eaa85be3c91.extra_data.json,,,,0.0,2075879,1701.1586,,2022-11-24 18:30:01.810,2022-11-23 18:30:00.858,133.91003,aqfQc5yGC4,com.sec.android.app.shealth,d0f00be9-e7dd-4587-b54f-7eaa85be3c91,2022-11-24 00:00:00.000,
,,784e8b09-f1fa-4139-b5e2-ac387f564e5c.extra_data.json,,,,0.0,767450,1727.5549,,2022-11-25 18:57:01.988,2022-11-24 18:30:01.657,48.289997,aqfQc5yGC4,com.sec.android.app.shealth,784e8b09-f1fa-4139-b5e2-ac387f564e5c,2022-11-25 00:00:00.000,
,,5061a446-ad7e-45b2-bf74-9503f21afa3a.extra_data.json,,,,0.0,4535190,1651.5442,,2022-11-27 01:56:35.665,2022-11-25 18:30:00.877,439.099,aqfQc5yGC4,com.sec.android.app.shealth,5061a446-ad7e-45b2-bf74-9503f21afa3a,2022-11-26 00:00:00.000,
,,be23fe69-7820-43b9-b9c5-28f8df55eda2.extra_data.json,,,,0.0,1116558,1720.5118,,2022-11-27 18:30:01.077,2022-11-27 01:56:30.496,70.09,aqfQc5yGC4,com.sec.android.app.shealth,be23fe69-7820-43b9-b9c5-28f8df55eda2,2022-11-27 00:00:00.000,
,,c75915bd-0796-4759-b122-4970d59e732a.extra_data.json,,,,0.0,722361,1728.4645,,2022-11-28 18:30:02.378,2022-11-27 18:30:00.956,45.489994,aqfQc5yGC4,com.sec.android.app.shealth,c75915bd-0796-4759-b122-4970d59e732a,2022-11-28 00:00:00.000,
,,495c7ee5-373d-4eed-860e-6debf1fe463d.extra_data.json,,,,0.0,1702063,1708.7,,2022-11-29 18:30:01.892,2022-11-28 18:30:02.226,108.820984,aqfQc5yGC4,com.sec.android.app.shealth,495c7ee5-373d-4eed-860e-6debf1fe463d,2022-11-29 00:00:00.000,
,,05a2b2ef-2f65-4f8b-84f3-53a8d1041951.extra_data.json,,,,0.0,4114803,1660.0253,,2022-11-30 18:30:00.789,2022-11-29 18:30:01.504,325.06,aqfQc5yGC4,com.sec.android.app.shealth,05a2b2ef-2f65-4f8b-84f3-53a8d1041951,2022-11-30 00:00:00.000,
,,cf1e42a4-b08a-49f1-a5db-09a8d6ce8a26.extra_data.json,,,,0.0,408871,1734.7888,,2022-12-02 01:22:55.405,2022-11-30 18:30:00.466,25.979998,aqfQc5yGC4,com.sec.android.app.shealth,cf1e42a4-b08a-49f1-a5db-09a8d6ce8a26,2022-12-01 00:00:00.000,
,,c2c078e6-1133-4551-8c3e-9f936368b8dd.extra_data.json,,,,0.0,1710735,1708.5249,,2022-12-02 18:30:04.087,2022-12-02 01:22:50.777,110.350006,aqfQc5yGC4,com.sec.android.app.shealth,c2c078e6-1133-4551-8c3e-9f936368b8dd,2022-12-02 00:00:00.000,
,,07b76d91-c54e-40d9-8576-38cb9da416dc.extra_data.json,,,,0.0,4115722,1660.0067,,2022-12-03 18:30:03.603,2022-12-02 18:30:02.874,505.15875,aqfQc5yGC4,com.sec.android.app.shealth,07b76d91-c54e-40d9-8576-38cb9da416dc,2022-12-03 00:00:00.000,
,,126bde43-b1b6-4af8-bc99-532610b05411.extra_data.json,,,,0.0,1422280,1714.3442,,2022-12-05 01:59:36.716,2022-12-03 18:30:03.172,90.87001,aqfQc5yGC4,com.sec.android.app.shealth,126bde43-b1b6-4af8-bc99-532610b05411,2022-12-04 00:00:00.000,
,,5f2d0c09-dc2a-473b-9111-156926f9b470.extra_data.json,,,,0.0,1505818,1712.659,,2022-12-05 18:30:02.626,2022-12-05 01:59:33.545,143.31203,aqfQc5yGC4,com.sec.android.app.shealth,5f2d0c09-dc2a-473b-9111-156926f9b470,2022-12-05 00:00:00.000,
,,39a7e02f-aa4c-4af7-9cfa-ac081964d923.extra_data.json,,,,0.0,1458609,1713.6113,,2022-12-06 23:03:59.626,2022-12-05 18:30:02.426,94.770004,aqfQc5yGC4,com.sec.android.app.shealth,39a7e02f-aa4c-4af7-9cfa-ac081964d923,2022-12-06 00:00:00.000,
,,754eff0a-73f4-4e9f-884e-ff3326ae2c51.extra_data.json,,,,0.0,505586,1732.8378,,2022-12-07 18:30:00.879,2022-12-06 23:03:55.920,31.73,aqfQc5yGC4,com.sec.android.app.shealth,754eff0a-73f4-4e9f-884e-ff3326ae2c51,2022-12-07 00:00:00.000,
,,9fffd387-2a22-4201-a694-7135f61bbe02.extra_data.json,,,,0.0,1747252,1707.7883,,2022-12-08 18:30:02.614,2022-12-07 18:30:00.750,113.40997,aqfQc5yGC4,com.sec.android.app.shealth,9fffd387-2a22-4201-a694-7135f61bbe02,2022-12-08 00:00:00.000,
,,19ecf7a0-4e28-4108-a7cb-1b67a12c80a5.extra_data.json,,,,0.0,390195,1735.1656,,2022-12-10 02:39:20.570,2022-12-08 18:30:02.346,24.81,aqfQc5yGC4,com.sec.android.app.shealth,19ecf7a0-4e28-4108-a7cb-1b67a12c80a5,2022-12-09 00:00:00.000,
,,18eff9ec-3778-40b5-9d62-62409c210527.extra_data.json,,,,0.0,1115891,1720.5254,,2022-12-10 18:30:00.716,2022-12-10 02:39:12.977,70.40999,aqfQc5yGC4,com.sec.android.app.shealth,18eff9ec-3778-40b5-9d62-62409c210527,2022-12-10 00:00:00.000,
,,f0707dff-00f9-4ca9-bf70-138448ea2b85.extra_data.json,,,,0.0,3500277,1672.4226,,2022-12-11 18:30:15.263,2022-12-10 18:30:00.612,246.54276,aqfQc5yGC4,com.sec.android.app.shealth,f0707dff-00f9-4ca9-bf70-138448ea2b85,2022-12-11 00:00:00.000,
,,e483e357-6305-4150-82ef-31608edbe34c.extra_data.json,,,,0.0,4544886,1651.3486,,2022-12-12 18:30:01.031,2022-12-11 18:30:15.072,296.66995,aqfQc5yGC4,com.sec.android.app.shealth,e483e357-6305-4150-82ef-31608edbe34c,2022-12-12 00:00:00.000,
,,e9e177e1-cf94-4663-8593-c64d59a94154.extra_data.json,,,,0.0,3082088,1680.8593,,2022-12-14 00:01:10.819,2022-12-12 18:30:00.882,223.6708,aqfQc5yGC4,com.sec.android.app.shealth,e9e177e1-cf94-4663-8593-c64d59a94154,2022-12-13 00:00:00.000,
,,6e132cbf-34c5-412e-aee4-21492912b1d8.extra_data.json,,,,0.0,1746116,1707.8113,,2022-12-14 18:30:01.754,2022-12-14 00:01:07.474,110.91998,aqfQc5yGC4,com.sec.android.app.shealth,6e132cbf-34c5-412e-aee4-21492912b1d8,2022-12-14 00:00:00.000,
,,411f785c-3abd-4198-ad6d-5f4d410857ec.extra_data.json,,,,0.0,2749366,1687.5715,,2022-12-15 18:30:00.852,2022-12-14 18:30:01.574,182.65997,aqfQc5yGC4,com.sec.android.app.shealth,411f785c-3abd-4198-ad6d-5f4d410857ec,2022-12-15 00:00:00.000,
,,bc3673ab-e1e1-448a-a129-b553ce3c4c99.extra_data.json,,,,0.0,3011931,1682.2747,,2022-12-16 18:33:01.602,2022-12-15 18:30:00.778,198.34003,aqfQc5yGC4,com.sec.android.app.shealth,bc3673ab-e1e1-448a-a129-b553ce3c4c99,2022-12-16 00:00:00.000,
,,3e705e6b-ba37-475c-afe1-64d7fef54b16.extra_data.json,,,,0.0,2546005,1691.6741,,2022-12-17 18:30:02.858,2022-12-16 18:30:00.778,166.70999,aqfQc5yGC4,com.sec.android.app.shealth,3e705e6b-ba37-475c-afe1-64d7fef54b16,2022-12-17 00:00:00.000,
,,fbd50217-74a4-4aaa-97da-55ce5e213347.extra_data.json,,,,0.0,1313176,1716.5453,,2022-12-19 18:35:17.316,2022-12-17 18:30:02.238,89.249985,aqfQc5yGC4,com.sec.android.app.shealth,fbd50217-74a4-4aaa-97da-55ce5e213347,2022-12-18 00:00:00.000,
,,24806201-92a0-4381-aff9-8b4e77638544.extra_data.json,,,,0.0,4509874,1652.055,,2022-12-19 18:35:17.349,2022-12-18 18:30:00.535,501.00745,aqfQc5yGC4,com.sec.android.app.shealth,24806201-92a0-4381-aff9-8b4e77638544,2022-12-19 00:00:00.000,
,,8d8d14a9-1d27-4f04-8c7e-560763ebc8ad.extra_data.json,,,,0.0,2397537,1694.6694,,2022-12-20 18:30:01.093,2022-12-19 18:30:00.809,153.04002,aqfQc5yGC4,com.sec.android.app.shealth,8d8d14a9-1d27-4f04-8c7e-560763ebc8ad,2022-12-20 00:00:00.000,
,,6b8e3d3a-eff9-427d-9963-774ad211e30d.extra_data.json,,,,0.0,2182791,1699.0017,,2022-12-21 18:30:00.848,2022-12-20 18:30:00.959,138.45001,aqfQc5yGC4,com.sec.android.app.shealth,6b8e3d3a-eff9-427d-9963-774ad211e30d,2022-12-21 00:00:00.000,
,,629ed672-1873-428e-b81b-c4272933fa3b.extra_data.json,,,,0.0,1176187,1719.309,,2022-12-22 23:47:32.648,2022-12-21 18:30:00.719,74.61999,aqfQc5yGC4,com.sec.android.app.shealth,629ed672-1873-428e-b81b-c4272933fa3b,2022-12-22 00:00:00.000,
,,8510d183-243c-4d31-8867-b98bc7f8b2cb.extra_data.json,,,,0.0,1391732,1714.9606,,2022-12-23 18:30:02.271,2022-12-22 23:47:27.433,88.94999,aqfQc5yGC4,com.sec.android.app.shealth,8510d183-243c-4d31-8867-b98bc7f8b2cb,2022-12-23 00:00:00.000,
,,59b31dfb-5dba-48f3-8fbb-1020c6c12338.extra_data.json,,,,0.0,1281307,1717.1884,,2022-12-24 18:30:02.013,2022-12-23 18:30:02.002,81.47999,aqfQc5yGC4,com.sec.android.app.shealth,59b31dfb-5dba-48f3-8fbb-1020c6c12338,2022-12-24 00:00:00.000,
,,634cc205-c139-4658-9163-9fe05f1ca164.extra_data.json,,,,0.0,2984153,1682.835,,2022-12-25 18:34:29.040,2022-12-24 18:30:01.738,190.22897,aqfQc5yGC4,com.sec.android.app.shealth,634cc205-c139-4658-9163-9fe05f1ca164,2022-12-25 00:00:00.000,
,,6accb7d3-1241-40d4-8e83-f590e69b8daf.extra_data.json,,,,0.0,1006503,1722.7322,,2022-12-26 18:30:01.776,2022-12-25 18:30:00.830,64.48,aqfQc5yGC4,com.sec.android.app.shealth,6accb7d3-1241-40d4-8e83-f590e69b8daf,2022-12-26 00:00:00.000,
,,af1489f1-dc52-43fb-b67c-2a09ee0036da.extra_data.json,,,,0.0,3025999,1681.9907,,2022-12-27 22:23:25.727,2022-12-26 18:30:01.617,193.26897,aqfQc5yGC4,com.sec.android.app.shealth,af1489f1-dc52-43fb-b67c-2a09ee0036da,2022-12-27 00:00:00.000,
,,4e0cf6b5-f1a0-423e-a2de-b5945be43c1a.extra_data.json,,,,0.0,2397775,1694.6646,,2022-12-28 18:30:02.292,2022-12-27 22:23:13.965,150.411,aqfQc5yGC4,com.sec.android.app.shealth,4e0cf6b5-f1a0-423e-a2de-b5945be43c1a,2022-12-28 00:00:00.000,
,,b5ade60b-1125-471b-91b2-a2953ddf9722.extra_data.json,,,,0.0,1299716,1716.817,,2022-12-29 18:30:01.571,2022-12-28 18:30:01.895,81.760994,aqfQc5yGC4,com.sec.android.app.shealth,b5ade60b-1125-471b-91b2-a2953ddf9722,2022-12-29 00:00:00.000,
,,a1456efd-b97a-423b-b8c7-81a0c971a830.extra_data.json,,,,0.0,1464732,1713.4878,,2022-12-31 02:33:42.602,2022-12-29 18:30:01.295,92.7,aqfQc5yGC4,com.sec.android.app.shealth,a1456efd-b97a-423b-b8c7-81a0c971a830,2022-12-30 00:00:00.000,
,,6705195a-17f3-4a44-ac2f-1b2dae7097c6.extra_data.json,,,,0.0,1946246,1703.7737,,2022-12-31 18:30:00.851,2022-12-31 02:32:17.810,123.090004,aqfQc5yGC4,com.sec.android.app.shealth,6705195a-17f3-4a44-ac2f-1b2dae7097c6,2022-12-31 00:00:00.000,
,,d3aa4a15-be15-4ce2-8c12-c33edd5ee19e.extra_data.json,,,,0.0,2091114,1700.8512,,2023-01-01 18:30:01.350,2022-12-31 18:30:00.615,185.59125,aqfQc5yGC4,com.sec.android.app.shealth,d3aa4a15-be15-4ce2-8c12-c33edd5ee19e,2023-01-01 00:00:00.000,
,,f44fa7a1-55ac-4ed2-9a10-5b6da7f61597.extra_data.json,,,,0.0,1071869,1721.4135,,2023-01-03 13:05:16.510,2023-01-01 18:30:01.205,67.43999,aqfQc5yGC4,com.sec.android.app.shealth,f44fa7a1-55ac-4ed2-9a10-5b6da7f61597,2023-01-02 00:00:00.000,
,,86b0bf39-605d-4ce7-8157-fc6132da85ae.extra_data.json,,,,0.0,1015174,1722.5573,,2023-01-03 22:51:01.538,2023-01-03 02:23:08.820,64.87998,aqfQc5yGC4,com.sec.android.app.shealth,86b0bf39-605d-4ce7-8157-fc6132da85ae,2023-01-03 00:00:00.000,
,,379d632e-4473-4d6f-94b1-4d481e9386fc.extra_data.json,,,,0.0,2186021,1698.9364,,2023-01-04 18:30:02.270,2023-01-03 18:30:01.483,138.61897,aqfQc5yGC4,com.sec.android.app.shealth,379d632e-4473-4d6f-94b1-4d481e9386fc,2023-01-04 00:00:00.000,
,,14bf9349-2a8c-4418-9f38-4d30556440e0.extra_data.json,,,,0.0,1563138,1711.5027,,2023-01-05 18:30:02.358,2023-01-04 18:30:01.885,153.61324,aqfQc5yGC4,com.sec.android.app.shealth,14bf9349-2a8c-4418-9f38-4d30556440e0,2023-01-05 00:00:00.000,
,,a2b54a10-7fa1-4c16-8ebc-66b59e9897df.extra_data.json,,,,0.0,1071602,1721.419,,2023-01-06 23:31:34.954,2023-01-05 18:30:01.812,68.25,aqfQc5yGC4,com.sec.android.app.shealth,a2b54a10-7fa1-4c16-8ebc-66b59e9897df,2023-01-06 00:00:00.000,
,,0d7a2755-6542-4583-a614-37ec26ca88e0.extra_data.json,,,,0.0,1606934,1710.619,,2023-01-07 18:30:01.715,2023-01-06 23:31:30.826,103.689964,aqfQc5yGC4,com.sec.android.app.shealth,0d7a2755-6542-4583-a614-37ec26ca88e0,2023-01-07 00:00:00.000,
,,45ced109-c318-4693-9b58-7487a9c16c54.extra_data.json,,,,0.0,1919372,1704.3158,,2023-01-08 18:30:00.814,2023-01-07 18:30:01.102,122.81999,aqfQc5yGC4,com.sec.android.app.shealth,45ced109-c318-4693-9b58-7487a9c16c54,2023-01-08 00:00:00.000,
,,69dc6897-012b-4f6c-8d4c-eecd1b0527cd.extra_data.json,,,,0.0,1831522,1706.0883,,2023-01-10 00:14:21.316,2023-01-08 18:30:00.307,118.05001,aqfQc5yGC4,com.sec.android.app.shealth,69dc6897-012b-4f6c-8d4c-eecd1b0527cd,2023-01-09 00:00:00.000,
,,abf9f335-63c0-4906-9c78-15da4fa1089b.extra_data.json,,,,0.0,1576578,1711.2314,,2023-01-10 18:35:56.790,2023-01-10 00:14:13.410,103.259995,aqfQc5yGC4,com.sec.android.app.shealth,abf9f335-63c0-4906-9c78-15da4fa1089b,2023-01-10 00:00:00.000,
,,1f2782ff-a42e-4e38-9502-d2782cfc061f.extra_data.json,,,,0.0,869101,1725.504,,2023-01-11 18:30:02.075,2023-01-10 18:30:01.392,54.958996,aqfQc5yGC4,com.sec.android.app.shealth,1f2782ff-a42e-4e38-9502-d2782cfc061f,2023-01-11 00:00:00.000,
,,38bb0062-2589-470f-8127-ac6856a1cf5f.extra_data.json,,,,0.0,4399292,1654.2858,,2023-01-13 01:32:36.488,2023-01-11 18:30:01.258,302.14276,aqfQc5yGC4,com.sec.android.app.shealth,38bb0062-2589-470f-8127-ac6856a1cf5f,2023-01-12 00:00:00.000,
,,456b520c-8309-4f6b-904f-e0f4517c28ae.extra_data.json,,,,0.0,1674642,1709.2532,,2023-01-13 18:30:01.701,2023-01-13 01:32:29.419,107.729996,aqfQc5yGC4,com.sec.android.app.shealth,456b520c-8309-4f6b-904f-e0f4517c28ae,2023-01-13 00:00:00.000,
,,7dc3ac7a-f874-478e-9333-85550e9c591c.extra_data.json,,,,0.0,1404672,1714.6995,,2023-01-14 18:35:44.482,2023-01-13 18:30:01.014,87.850006,aqfQc5yGC4,com.sec.android.app.shealth,7dc3ac7a-f874-478e-9333-85550e9c591c,2023-01-14 00:00:00.000,
,,298cebb4-214e-4271-9492-42fa91d66c15.extra_data.json,,,,0.0,4611041,1650.014,,2023-01-15 18:34:56.117,2023-01-14 18:30:00.559,294.301,aqfQc5yGC4,com.sec.android.app.shealth,298cebb4-214e-4271-9492-42fa91d66c15,2023-01-15 00:00:00.000,
,,7fa68d4e-f7ed-48d8-8763-047e9fe6df68.extra_data.json,,,,0.0,1318495,1716.438,,2023-01-16 18:30:01.027,2023-01-15 18:30:01.659,84.65,aqfQc5yGC4,com.sec.android.app.shealth,7fa68d4e-f7ed-48d8-8763-047e9fe6df68,2023-01-16 00:00:00.000,
,,935a84a1-2b14-441a-9f17-f65032e82e6f.extra_data.json,,,,0.0,3488020,1672.67,,2023-01-17 18:30:08.594,2023-01-16 18:30:00.911,240.41245,aqfQc5yGC4,com.sec.android.app.shealth,935a84a1-2b14-441a-9f17-f65032e82e6f,2023-01-17 00:00:00.000,
,,0a0a178a-692b-470a-b7f6-db0a7648a31a.extra_data.json,,,,0.0,1895554,1704.7965,,2023-01-18 18:35:11.833,2023-01-17 18:30:08.441,121.589,aqfQc5yGC4,com.sec.android.app.shealth,0a0a178a-692b-470a-b7f6-db0a7648a31a,2023-01-18 00:00:00.000,
,,b058b884-56d7-478f-8df0-66f9cb40e66a.extra_data.json,,,,0.0,2290847,1696.8218,,2023-01-20 01:29:11.195,2023-01-18 18:30:01.241,145.47002,aqfQc5yGC4,com.sec.android.app.shealth,b058b884-56d7-478f-8df0-66f9cb40e66a,2023-01-19 00:00:00.000,
,,10817a14-77d6-423c-89f7-8a32caf817e3.extra_data.json,,,,0.0,2969689,1683.1268,,2023-01-20 18:30:01.304,2023-01-20 01:29:07.346,196.05998,aqfQc5yGC4,com.sec.android.app.shealth,10817a14-77d6-423c-89f7-8a32caf817e3,2023-01-20 00:00:00.000,
,,8794ee15-1e7c-4881-9618-2e74d0162db9.extra_data.json,,,,0.0,2722100,1688.1217,,2023-01-21 18:30:02.703,2023-01-20 18:30:00.607,172.10999,aqfQc5yGC4,com.sec.android.app.shealth,8794ee15-1e7c-4881-9618-2e74d0162db9,2023-01-21 00:00:00.000,
,,f65f8fc1-ed38-441e-8c92-c0bc36ac01fb.extra_data.json,,,,0.0,2869171,1685.1547,,2023-01-22 18:35:24.618,2023-01-21 18:30:02.341,234.88121,aqfQc5yGC4,com.sec.android.app.shealth,f65f8fc1-ed38-441e-8c92-c0bc36ac01fb,2023-01-22 00:00:00.000,
,,dd295951-4114-494d-b984-fa775279fde2.extra_data.json,,,,0.0,5766625,1626.7013,,2023-01-23 18:30:01.611,2023-01-22 18:30:02.061,631.5099,aqfQc5yGC4,com.sec.android.app.shealth,dd295951-4114-494d-b984-fa775279fde2,2023-01-23 00:00:00.000,
,,f77e9e33-3cdc-47bf-ad25-1cf1fdb0ba04.extra_data.json,,,,0.0,4098053,1660.363,,2023-01-25 01:14:53.953,2023-01-23 18:30:00.705,282.5112,aqfQc5yGC4,com.sec.android.app.shealth,f77e9e33-3cdc-47bf-ad25-1cf1fdb0ba04,2023-01-24 00:00:00.000,
,,8f2ec563-b510-46ab-a4f8-55ab352d50d8.extra_data.json,,,,0.0,3610523,1670.1986,,2023-01-25 18:30:01.166,2023-01-24 18:30:01.043,276.90707,aqfQc5yGC4,com.sec.android.app.shealth,8f2ec563-b510-46ab-a4f8-55ab352d50d8,2023-01-25 00:00:00.000,
,,2f6c530d-7efe-4d49-8843-88b2933b04dd.extra_data.json,,,,0.0,1049858,1721.8575,,2023-01-26 18:30:01.143,2023-01-25 18:30:00.970,66.96,aqfQc5yGC4,com.sec.android.app.shealth,2f6c530d-7efe-4d49-8843-88b2933b04dd,2023-01-26 00:00:00.000,
,,cb4ddf9b-6826-4818-a590-93fd9ab08c0a.extra_data.json,,,,0.0,3930473,1663.7439,,2023-01-27 18:30:00.811,2023-01-26 18:30:00.928,259.33005,aqfQc5yGC4,com.sec.android.app.shealth,cb4ddf9b-6826-4818-a590-93fd9ab08c0a,2023-01-27 00:00:00.000,
,,d3e376cf-6ed4-4063-a498-5a302ba8b6da.extra_data.json,,,,0.0,2295367,1696.7306,,2023-01-28 18:30:02.215,2023-01-27 18:30:00.618,147.04001,aqfQc5yGC4,com.sec.android.app.shealth,d3e376cf-6ed4-4063-a498-5a302ba8b6da,2023-01-28 00:00:00.000,
,,1cbed0ca-616b-4b32-b2b8-cb1a2193595c.extra_data.json,,,,0.0,4597532,1650.2865,,2023-01-29 18:30:00.706,2023-01-28 18:30:01.748,318.38992,aqfQc5yGC4,com.sec.android.app.shealth,1cbed0ca-616b-4b32-b2b8-cb1a2193595c,2023-01-29 00:00:00.000,
,,8262a4b0-3107-493e-9db9-1cacf57f7d70.extra_data.json,,,,0.0,2330438,1696.023,,2023-01-30 23:04:27.161,2023-01-29 18:30:00.541,147.19,aqfQc5yGC4,com.sec.android.app.shealth,8262a4b0-3107-493e-9db9-1cacf57f7d70,2023-01-30 00:00:00.000,
,,66322e54-d8ec-4a85-857e-492813128df9.extra_data.json,,,,0.0,3651105,1669.3799,,2023-01-31 19:08:38.338,2023-01-30 23:04:19.371,189.9,aqfQc5yGC4,com.sec.android.app.shealth,66322e54-d8ec-4a85-857e-492813128df9,2023-01-31 00:00:00.000,
,,240dbf38-6b71-47cf-9606-b40bbeb09c9f.extra_data.json,,,,0.0,4892195,1644.3422,,2023-02-02 18:30:01.220,2023-02-02 02:07:11.444,346.69,aqfQc5yGC4,com.sec.android.app.shealth,240dbf38-6b71-47cf-9606-b40bbeb09c9f,2023-02-02 00:00:00.000,
,,3804f46d-c6ad-4c78-9ca8-199d9291af1f.extra_data.json,,,,0.0,911789,1724.6428,,2023-02-02 02:07:18.324,2023-01-31 18:30:00.456,45.52,aqfQc5yGC4,com.sec.android.app.shealth,3804f46d-c6ad-4c78-9ca8-199d9291af1f,2023-02-01 00:00:00.000,
,,ab13607e-da97-4224-8201-ee5a7a861792.extra_data.json,,,,0.0,2080166,1701.072,,2023-02-03 19:22:18.043,2023-02-02 18:30:00.913,153.70204,aqfQc5yGC4,com.sec.android.app.shealth,ab13607e-da97-4224-8201-ee5a7a861792,2023-02-03 00:00:00.000,
,,c6893e17-8c33-4db3-abdc-eb3375c72aa4.extra_data.json,,,,0.0,2452068,1693.5693,,2023-02-04 18:30:01.058,2023-02-03 19:22:17.645,185.3299,aqfQc5yGC4,com.sec.android.app.shealth,c6893e17-8c33-4db3-abdc-eb3375c72aa4,2023-02-04 00:00:00.000,
,,7b959a92-0356-41db-850e-078377810aae.extra_data.json,,,,0.0,6515236,1611.5989,,2023-02-08 00:53:44.319,2023-02-06 18:32:43.983,339.20007,aqfQc5yGC4,com.sec.android.app.shealth,7b959a92-0356-41db-850e-078377810aae,2023-02-07 00:00:00.000,
,,430dc594-d840-4524-8f30-f26350318559.extra_data.json,,,,0.0,6570442,1610.4851,,2023-02-08 18:30:03.023,2023-02-08 00:52:58.648,414.1765,aqfQc5yGC4,com.sec.android.app.shealth,430dc594-d840-4524-8f30-f26350318559,2023-02-08 00:00:00.000,
,,c33094d4-56f3-417b-b52f-cb98bfe2554e.extra_data.json,,,,0.0,8683963,1567.8468,,2023-02-06 18:32:45.060,2023-02-05 18:30:00.878,518.4027,aqfQc5yGC4,com.sec.android.app.shealth,c33094d4-56f3-417b-b52f-cb98bfe2554e,2023-02-06 00:00:00.000,
,,36faaab6-6ab6-4ea3-8ad3-35abd6d3125e.extra_data.json,,,,0.0,5050223,1641.1539,,2023-02-05 18:30:01.442,2023-02-04 18:30:00.873,265.0099,aqfQc5yGC4,com.sec.android.app.shealth,36faaab6-6ab6-4ea3-8ad3-35abd6d3125e,2023-02-05 00:00:00.000,
,,893622bd-7ab3-4665-b1dd-2a42effdf46d.extra_data.json,,,,0.0,3634790,1669.709,,2023-02-09 18:30:04.461,2023-02-08 18:30:02.657,201.069,aqfQc5yGC4,com.sec.android.app.shealth,893622bd-7ab3-4665-b1dd-2a42effdf46d,2023-02-09 00:00:00.000,
,,df71b2c7-4668-449d-9a82-18280f6c9369.extra_data.json,,,,0.0,2061912,1701.4403,,2023-02-11 00:31:27.884,2023-02-09 18:30:03.881,114.659996,aqfQc5yGC4,com.sec.android.app.shealth,df71b2c7-4668-449d-9a82-18280f6c9369,2023-02-10 00:00:00.000,
,,fcbe1a2a-4b8a-43ff-b4bc-1356293205b8.extra_data.json,,,,0.0,2287023,1696.8989,,2023-02-11 18:30:01.590,2023-02-11 00:31:21.107,125.16998,aqfQc5yGC4,com.sec.android.app.shealth,fcbe1a2a-4b8a-43ff-b4bc-1356293205b8,2023-02-11 00:00:00.000,
,,c6489abb-5775-4fd0-9982-ff13bd8c676d.extra_data.json,,,,0.0,2898348,1684.5659,,2023-02-13 00:31:30.203,2023-02-11 18:30:01.420,216.65997,aqfQc5yGC4,com.sec.android.app.shealth,c6489abb-5775-4fd0-9982-ff13bd8c676d,2023-02-12 00:00:00.000,
,,fd7cb130-1386-4073-a3b7-0928d77c2cf6.extra_data.json,,,,0.0,4785929,1646.4858,,2023-02-13 18:32:27.349,2023-02-13 00:31:24.845,391.02438,aqfQc5yGC4,com.sec.android.app.shealth,fd7cb130-1386-4073-a3b7-0928d77c2cf6,2023-02-13 00:00:00.000,
,,87d3b317-f037-4adb-9300-964c9f53cc24.extra_data.json,,,,0.0,2567767,1691.2351,,2023-02-14 18:49:37.121,2023-02-13 18:30:01.205,170.36731,aqfQc5yGC4,com.sec.android.app.shealth,87d3b317-f037-4adb-9300-964c9f53cc24,2023-02-14 00:00:00.000,
,,d7407819-0f17-4c1d-bb92-61734fe4d79d.extra_data.json,,,,0.0,1116956,1720.5038,,2023-02-15 18:30:01.566,2023-02-14 18:49:35.389,60.809998,aqfQc5yGC4,com.sec.android.app.shealth,d7407819-0f17-4c1d-bb92-61734fe4d79d,2023-02-15 00:00:00.000,
,,197e94e6-91c6-469a-a65e-4a030a8f0a64.extra_data.json,,,,0.0,2758989,1687.3773,,2023-02-16 18:30:03.230,2023-02-15 18:30:01.399,157.25098,aqfQc5yGC4,com.sec.android.app.shealth,197e94e6-91c6-469a-a65e-4a030a8f0a64,2023-02-16 00:00:00.000,
,,5d15f17d-f3c4-4b98-b69a-b32e9b9a4507.extra_data.json,,,,0.0,851092,1725.8676,,2023-02-17 18:30:03.252,2023-02-16 18:30:02.986,46.789005,aqfQc5yGC4,com.sec.android.app.shealth,5d15f17d-f3c4-4b98-b69a-b32e9b9a4507,2023-02-17 00:00:00.000,
,,915b9433-1321-4682-9a7f-292d418f1c92.extra_data.json,,,,0.0,3033823,1681.8329,,2023-02-18 18:30:03.809,2023-02-17 18:30:03.089,178.79004,aqfQc5yGC4,com.sec.android.app.shealth,915b9433-1321-4682-9a7f-292d418f1c92,2023-02-18 00:00:00.000,
,,18d60f2f-6424-4f62-8992-4de6794c5736.extra_data.json,,,,0.0,3387776,1674.6923,,2023-02-19 18:30:03.634,2023-02-18 18:30:02.659,206.98296,aqfQc5yGC4,com.sec.android.app.shealth,18d60f2f-6424-4f62-8992-4de6794c5736,2023-02-19 00:00:00.000,
,,8ed8be28-4b81-4592-8965-65e60d5ff814.extra_data.json,,,,0.0,4100432,1660.3151,,2023-02-21 00:36:32.310,2023-02-19 18:30:03.435,261.54706,aqfQc5yGC4,com.sec.android.app.shealth,8ed8be28-4b81-4592-8965-65e60d5ff814,2023-02-20 00:00:00.000,
,,6db11fa2-3e66-4a32-a37c-948631404b3f.extra_data.json,,,,0.0,3369354,1675.064,,2023-02-21 18:30:01.550,2023-02-21 00:36:25.439,193.28009,aqfQc5yGC4,com.sec.android.app.shealth,6db11fa2-3e66-4a32-a37c-948631404b3f,2023-02-21 00:00:00.000,
,,ce10ba25-2403-4037-8aa4-77f17284efba.extra_data.json,,,,0.0,2221523,1698.2203,,2023-02-22 18:49:19.410,2023-02-21 18:30:01.184,118.95199,aqfQc5yGC4,com.sec.android.app.shealth,ce10ba25-2403-4037-8aa4-77f17284efba,2023-02-22 00:00:00.000,
,,f201a9d4-75d6-4a6e-9ec7-3322e7a0fbe1.extra_data.json,,,,0.0,7110874,1599.5824,,2023-02-23 18:32:37.031,2023-02-22 18:49:19.237,447.93042,aqfQc5yGC4,com.sec.android.app.shealth,f201a9d4-75d6-4a6e-9ec7-3322e7a0fbe1,2023-02-23 00:00:00.000,
,,1f75241f-f063-4b44-86c2-b1a474580627.extra_data.json,,,,0.0,1313930,1716.5302,,2023-02-24 18:35:20.591,2023-02-23 18:31:11.520,74.051,aqfQc5yGC4,com.sec.android.app.shealth,1f75241f-f063-4b44-86c2-b1a474580627,2023-02-24 00:00:00.000,
,,da7b5d7d-c727-4779-8bb7-a2f15645e178.extra_data.json,,,,0.0,2294463,1696.7488,,2023-02-25 18:30:00.558,2023-02-24 18:30:02.327,128.29001,aqfQc5yGC4,com.sec.android.app.shealth,da7b5d7d-c727-4779-8bb7-a2f15645e178,2023-02-25 00:00:00.000,
,,2f760799-75be-45fe-a7b0-32fec0e948eb.extra_data.json,,,,0.0,1269301,1717.4304,,2023-02-26 18:30:01.191,2023-02-25 18:30:00.432,63.51998,aqfQc5yGC4,com.sec.android.app.shealth,2f760799-75be-45fe-a7b0-32fec0e948eb,2023-02-26 00:00:00.000,
,,11e02c95-a465-4d47-ac71-b077d191ed9b.extra_data.json,,,,0.0,3060816,1681.2883,,2023-02-28 01:25:13.650,2023-02-26 18:30:00.882,173.38997,aqfQc5yGC4,com.sec.android.app.shealth,11e02c95-a465-4d47-ac71-b077d191ed9b,2023-02-27 00:00:00.000,
,,c0610070-7ae5-494d-84a0-63c71af99578.extra_data.json,,,,0.0,3234244,1677.7897,,2023-03-01 00:28:58.544,2023-02-28 01:25:08.695,219.02008,aqfQc5yGC4,com.sec.android.app.shealth,c0610070-7ae5-494d-84a0-63c71af99578,2023-02-28 00:00:00.000,
,,5b0948d7-a63d-4892-9bd7-d58110ab71e4.extra_data.json,,,,0.0,1703338,1708.6742,,2023-03-02 00:30:52.353,2023-03-01 00:28:34.450,91.97999,aqfQc5yGC4,com.sec.android.app.shealth,5b0948d7-a63d-4892-9bd7-d58110ab71e4,2023-03-01 00:00:00.000,
,,27f9b453-713e-484e-9466-75844990e4ea.extra_data.json,,,,0.0,2826459,1686.0164,,2023-03-02 23:49:17.529,2023-03-02 00:30:36.292,165.70099,aqfQc5yGC4,com.sec.android.app.shealth,27f9b453-713e-484e-9466-75844990e4ea,2023-03-02 00:00:00.000,
,,aada2e41-8a6c-4890-8812-6a27c789c431.extra_data.json,,,,0.0,3585436,1670.7046,,2023-03-04 18:30:02.968,2023-03-04 01:52:42.584,241.35603,aqfQc5yGC4,com.sec.android.app.shealth,aada2e41-8a6c-4890-8812-6a27c789c431,2023-03-04 00:00:00.000,
,,0940d24a-ad5e-46ef-bdf8-ddf89778cc74.extra_data.json,,,,0.0,862831,1725.6306,,2023-03-04 01:53:53.008,2023-03-02 23:48:50.345,44.770004,aqfQc5yGC4,com.sec.android.app.shealth,0940d24a-ad5e-46ef-bdf8-ddf89778cc74,2023-03-03 00:00:00.000,
,,833b802d-acce-4610-ad84-6451de4d478b.extra_data.json,,,,0.0,3420596,1674.0303,,2023-03-05 18:30:01.976,2023-03-04 18:30:02.575,195.18895,aqfQc5yGC4,com.sec.android.app.shealth,833b802d-acce-4610-ad84-6451de4d478b,2023-03-05 00:00:00.000,
,,0de51830-3f71-49ce-801e-a4edd02e0b3f.extra_data.json,,,,0.0,7294299,1595.882,,2023-03-07 18:32:14.391,2023-03-07 02:19:14.353,383.74994,aqfQc5yGC4,com.sec.android.app.shealth,0de51830-3f71-49ce-801e-a4edd02e0b3f,2023-03-07 00:00:00.000,
,,ca28f3d2-0f98-4d84-8c27-1fb493be0a0d.extra_data.json,,,,0.0,2521230,1692.174,,2023-03-07 02:19:30.733,2023-03-05 18:30:01.126,132.84898,aqfQc5yGC4,com.sec.android.app.shealth,ca28f3d2-0f98-4d84-8c27-1fb493be0a0d,2023-03-06 00:00:00.000,
,,9b4103ce-3df6-4f33-9e9f-58b8af9dd7ee.extra_data.json,,,,0.0,1026423,1722.3303,,2023-03-09 02:23:12.360,2023-03-07 18:32:13.632,51.949993,aqfQc5yGC4,com.sec.android.app.shealth,9b4103ce-3df6-4f33-9e9f-58b8af9dd7ee,2023-03-08 00:00:00.000,
,,25109052-fb7b-44b9-8298-8c48bb026e14.extra_data.json,,,,0.0,1724418,1708.2489,,2023-03-09 18:30:07.806,2023-03-09 02:22:47.185,121.97243,aqfQc5yGC4,com.sec.android.app.shealth,25109052-fb7b-44b9-8298-8c48bb026e14,2023-03-09 00:00:00.000,
,,1e77c4b8-40cc-4a90-ac8d-4396398e2652.extra_data.json,,,,0.0,914457,1724.5891,,2023-03-10 18:30:05.249,2023-03-09 18:30:06.773,44.099995,aqfQc5yGC4,com.sec.android.app.shealth,1e77c4b8-40cc-4a90-ac8d-4396398e2652,2023-03-10 00:00:00.000,
,,73fc49ae-9f4c-4f16-8162-fce678194545.extra_data.json,,,,0.0,1718842,1708.3615,,2023-03-11 18:30:02.722,2023-03-10 18:30:00.688,94.070015,aqfQc5yGC4,com.sec.android.app.shealth,73fc49ae-9f4c-4f16-8162-fce678194545,2023-03-11 00:00:00.000,
,,d9a860f7-32ee-4afa-8451-e66fb32f6dc2.extra_data.json,,,,0.0,1683076,1709.083,,2023-03-13 00:35:13.488,2023-03-11 18:30:02.320,88.31,aqfQc5yGC4,com.sec.android.app.shealth,d9a860f7-32ee-4afa-8451-e66fb32f6dc2,2023-03-12 00:00:00.000,
,,34d37517-e643-4484-a60a-a76898b2d21d.extra_data.json,,,,0.0,2167553,1699.3091,,2023-03-13 22:06:46.854,2023-03-13 00:34:46.617,124.92002,aqfQc5yGC4,com.sec.android.app.shealth,34d37517-e643-4484-a60a-a76898b2d21d,2023-03-13 00:00:00.000,
,,a873d7fb-4421-4b6f-bad4-f25c998e66e9.extra_data.json,,,,0.0,2092776,1700.8176,,2023-03-14 22:10:21.712,2023-03-13 22:06:22.534,111.199974,aqfQc5yGC4,com.sec.android.app.shealth,a873d7fb-4421-4b6f-bad4-f25c998e66e9,2023-03-14 00:00:00.000,
,,884fd995-9426-4cfb-af24-aa756fce4ef7.extra_data.json,,,,0.0,2885749,1684.8201,,2023-03-15 23:13:48.994,2023-03-14 22:10:10.582,158.39001,aqfQc5yGC4,com.sec.android.app.shealth,884fd995-9426-4cfb-af24-aa756fce4ef7,2023-03-15 00:00:00.000,
,,113ecb5f-c536-4e38-9337-d455e734d552.extra_data.json,,,,0.0,3707759,1668.2369,,2023-03-16 18:30:02.603,2023-03-15 23:13:38.508,186.06,aqfQc5yGC4,com.sec.android.app.shealth,113ecb5f-c536-4e38-9337-d455e734d552,2023-03-16 00:00:00.000,
,,7bd76f33-e618-463e-aece-b28dc58d6f07.extra_data.json,,,,0.0,3204734,1678.3849,,2023-03-17 18:30:01.905,2023-03-16 18:30:01.322,173.20999,aqfQc5yGC4,com.sec.android.app.shealth,7bd76f33-e618-463e-aece-b28dc58d6f07,2023-03-17 00:00:00.000,
,,fdc54aaf-2eea-43e8-b892-3db981017317.extra_data.json,,,,0.0,2669274,1689.1874,,2023-03-18 18:30:03.882,2023-03-17 18:30:01.629,132.12,aqfQc5yGC4,com.sec.android.app.shealth,fdc54aaf-2eea-43e8-b892-3db981017317,2023-03-18 00:00:00.000,
,,97d431d1-4f40-4383-9f34-e3ae02b966e8.extra_data.json,,,,0.0,782391,1727.2534,,2023-03-20 01:15:18.861,2023-03-18 18:30:03.194,42.079998,aqfQc5yGC4,com.sec.android.app.shealth,97d431d1-4f40-4383-9f34-e3ae02b966e8,2023-03-19 00:00:00.000,
,,b76fdb39-b28e-47fc-9cf1-76a564674be3.extra_data.json,,,,0.0,2368230,1695.2606,,2023-03-21 02:18:42.059,2023-03-20 01:14:56.127,128.05003,aqfQc5yGC4,com.sec.android.app.shealth,b76fdb39-b28e-47fc-9cf1-76a564674be3,2023-03-20 00:00:00.000,
,,7790f8fd-acf0-4400-aa1b-0bb147a6b34e.extra_data.json,,,,0.0,2493793,1692.7275,,2023-03-21 18:30:01.017,2023-03-21 02:18:36.071,122.190025,aqfQc5yGC4,com.sec.android.app.shealth,7790f8fd-acf0-4400-aa1b-0bb147a6b34e,2023-03-21 00:00:00.000,
,,b079fee7-e96f-4b9a-8712-dcd25707cde6.extra_data.json,,,,0.0,3456537,1673.305,,2023-03-23 00:49:15.930,2023-03-21 18:30:00.652,191.26001,aqfQc5yGC4,com.sec.android.app.shealth,b079fee7-e96f-4b9a-8712-dcd25707cde6,2023-03-22 00:00:00.000,
,,ecaec6c4-87b4-4d36-8639-dcf62f04d497.extra_data.json,,,,0.0,2141260,1699.8395,,2023-03-23 22:19:08.794,2023-03-23 00:49:07.240,114.810005,aqfQc5yGC4,com.sec.android.app.shealth,ecaec6c4-87b4-4d36-8639-dcf62f04d497,2023-03-23 00:00:00.000,
,,4826c008-9dbb-4e55-89d7-a054d9197e5d.extra_data.json,,,,0.0,2210228,1698.4482,,2023-03-25 01:25:33.576,2023-03-23 22:19:01.713,118.79997,aqfQc5yGC4,com.sec.android.app.shealth,4826c008-9dbb-4e55-89d7-a054d9197e5d,2023-03-24 00:00:00.000,
,,5151c635-fe32-4556-ab05-28df5521c024.extra_data.json,,,,0.0,4027323,1661.79,,2023-03-25 18:30:01.812,2023-03-25 01:25:18.257,246.96996,aqfQc5yGC4,com.sec.android.app.shealth,5151c635-fe32-4556-ab05-28df5521c024,2023-03-25 00:00:00.000,
,,bf681cb2-dbde-4b84-bc00-4aeed62eaade.extra_data.json,,,,0.0,2050875,1701.663,,2023-03-26 18:30:03.960,2023-03-25 18:30:00.975,114.51097,aqfQc5yGC4,com.sec.android.app.shealth,bf681cb2-dbde-4b84-bc00-4aeed62eaade,2023-03-26 00:00:00.000,
,,dd2b79bd-bd53-45db-b936-1f0cec8a3f1e.extra_data.json,,,,0.0,1959496,1703.5065,,2023-03-27 21:40:13.111,2023-03-26 18:30:02.826,107.649994,aqfQc5yGC4,com.sec.android.app.shealth,dd2b79bd-bd53-45db-b936-1f0cec8a3f1e,2023-03-27 00:00:00.000,
,,0631a45c-b750-4539-9aa2-c0cf1c132652.extra_data.json,,,,0.0,3160088,1679.2856,,2023-03-28 18:30:02.082,2023-03-27 21:39:52.189,223.2277,aqfQc5yGC4,com.sec.android.app.shealth,0631a45c-b750-4539-9aa2-c0cf1c132652,2023-03-28 00:00:00.000,
,,7048f573-2735-4dad-9610-5de577a8607c.extra_data.json,,,,0.0,3178591,1678.9124,,2023-03-30 01:06:33.759,2023-03-28 18:30:01.769,190.37996,aqfQc5yGC4,com.sec.android.app.shealth,7048f573-2735-4dad-9610-5de577a8607c,2023-03-29 00:00:00.000,
,,a26e58ae-625c-4692-bde5-50637bf96a59.extra_data.json,,,,0.0,7948592,1582.6821,,2023-03-31 01:42:56.492,2023-03-30 01:06:13.753,597.24927,aqfQc5yGC4,com.sec.android.app.shealth,a26e58ae-625c-4692-bde5-50637bf96a59,2023-03-30 00:00:00.000,
,,61d0b9da-bae6-45fd-aabb-927977f8b1c7.extra_data.json,,,,0.0,3406061,1674.3234,,2023-04-01 01:10:53.663,2023-03-31 01:42:40.494,298.43,aqfQc5yGC4,com.sec.android.app.shealth,61d0b9da-bae6-45fd-aabb-927977f8b1c7,2023-03-31 00:00:00.000,
,,e0cf95c3-8654-460f-81dc-699358bc2c86.extra_data.json,,,,0.0,3720757,1667.9746,,2023-04-02 00:40:41.856,2023-04-01 01:10:33.769,236.75003,aqfQc5yGC4,com.sec.android.app.shealth,e0cf95c3-8654-460f-81dc-699358bc2c86,2023-04-01 00:00:00.000,
,,2a6a4b78-e289-4cc8-9366-e762575116c2.extra_data.json,,,,0.0,1280640,1717.2017,,2023-04-02 23:51:04.203,2023-04-02 00:40:24.584,70.20001,aqfQc5yGC4,com.sec.android.app.shealth,2a6a4b78-e289-4cc8-9366-e762575116c2,2023-04-02 00:00:00.000,
,,2ee8023d-d0ad-4e0d-8d7c-8cf6ae6a2d64.extra_data.json,,,,0.0,3979972,1662.7454,,2023-04-03 19:05:57.651,2023-04-02 23:50:47.039,258.73785,aqfQc5yGC4,com.sec.android.app.shealth,2ee8023d-d0ad-4e0d-8d7c-8cf6ae6a2d64,2023-04-03 00:00:00.000,
,,6b6bc06f-c297-4e7b-9de5-f7636301552b.extra_data.json,,,,0.0,2952939,1683.4647,,2023-04-04 18:35:07.416,2023-04-03 18:49:58.158,164.74997,aqfQc5yGC4,com.sec.android.app.shealth,6b6bc06f-c297-4e7b-9de5-f7636301552b,2023-04-04 00:00:00.000,
,,390f4026-ca5d-4362-938a-1f1cb40b6882.extra_data.json,,,,0.0,1019176,1722.4766,,2023-04-05 18:30:03.443,2023-04-04 18:30:00.513,51.069996,aqfQc5yGC4,com.sec.android.app.shealth,390f4026-ca5d-4362-938a-1f1cb40b6882,2023-04-05 00:00:00.000,
,,74e075b7-3d92-4b29-8702-0ac07a494d20.extra_data.json,,,,0.0,2241000,1697.8274,,2023-04-06 18:53:09.113,2023-04-05 18:30:02.033,117.000015,aqfQc5yGC4,com.sec.android.app.shealth,74e075b7-3d92-4b29-8702-0ac07a494d20,2023-04-06 00:00:00.000,
,,12316ad9-db15-4730-a6bc-9b01a68273e2.extra_data.json,,,,0.0,5220840,1637.7119,,2023-04-07 19:32:46.325,2023-04-06 18:53:09.130,286.47012,aqfQc5yGC4,com.sec.android.app.shealth,12316ad9-db15-4730-a6bc-9b01a68273e2,2023-04-07 00:00:00.000,
,,6f1442c4-95d9-4094-a6c0-d291074f6c9f.extra_data.json,,,,0.0,5063845,1640.8792,,2023-04-08 22:43:27.485,2023-04-07 19:32:43.876,286.03998,aqfQc5yGC4,com.sec.android.app.shealth,6f1442c4-95d9-4094-a6c0-d291074f6c9f,2023-04-08 00:00:00.000,
,,175e4851-04c5-446a-801d-2bdb6a3f1c44.extra_data.json,,,,0.0,2148850,1699.6864,,2023-04-10 01:10:40.590,2023-04-08 22:43:06.499,110.280014,aqfQc5yGC4,com.sec.android.app.shealth,175e4851-04c5-446a-801d-2bdb6a3f1c44,2023-04-09 00:00:00.000,
,,0610f573-a834-4133-bf4d-f9c311564ea8.extra_data.json,,,,0.0,2872717,1685.083,,2023-04-11 00:45:52.967,2023-04-10 01:10:19.248,187.78136,aqfQc5yGC4,com.sec.android.app.shealth,0610f573-a834-4133-bf4d-f9c311564ea8,2023-04-10 00:00:00.000,
,,a36c08e1-3453-4974-96ce-519e7a96f173.extra_data.json,,,,0.0,3460376,1673.2277,,2023-04-11 21:18:51.413,2023-04-11 00:45:39.149,221.09006,aqfQc5yGC4,com.sec.android.app.shealth,a36c08e1-3453-4974-96ce-519e7a96f173,2023-04-11 00:00:00.000,
,,f63f72ab-c0e7-457a-a43b-b4da2a3d4f67.extra_data.json,,,,0.0,4021608,1661.9053,,2023-04-12 18:30:02.986,2023-04-11 21:18:33.676,299.00995,aqfQc5yGC4,com.sec.android.app.shealth,f63f72ab-c0e7-457a-a43b-b4da2a3d4f67,2023-04-12 00:00:00.000,
,,ad2e3d0a-e786-4600-8d67-78cdeea3c3fa.extra_data.json,,,,0.0,6083462,1620.3093,,2023-04-13 23:06:40.103,2023-04-12 18:30:02.103,519.1071,aqfQc5yGC4,com.sec.android.app.shealth,ad2e3d0a-e786-4600-8d67-78cdeea3c3fa,2023-04-13 00:00:00.000,
,,75b988b0-f0a2-4a5b-adff-cf1593e19fc8.extra_data.json,,,,0.0,4724798,1647.7191,,2023-04-14 23:05:53.539,2023-04-13 23:05:14.353,285.11996,aqfQc5yGC4,com.sec.android.app.shealth,75b988b0-f0a2-4a5b-adff-cf1593e19fc8,2023-04-14 00:00:00.000,
,,47e9e566-65ba-46f7-b0b7-34305d7f7897.extra_data.json,,,,0.0,3175649,1678.9718,,2023-04-16 01:23:44.931,2023-04-14 23:05:40.290,211.76,aqfQc5yGC4,com.sec.android.app.shealth,47e9e566-65ba-46f7-b0b7-34305d7f7897,2023-04-15 00:00:00.000,
,,b196153a-022f-4025-b353-6122cc59d485.extra_data.json,,,,0.0,3849710,1665.3732,,2023-04-17 21:12:34.687,2023-04-17 01:48:24.781,244.75644,aqfQc5yGC4,com.sec.android.app.shealth,b196153a-022f-4025-b353-6122cc59d485,2023-04-17 00:00:00.000,
,,defe3f5d-19cc-451e-8a0b-0be54e4642ab.extra_data.json,,,,0.0,1571021,1711.3435,,2023-04-17 01:49:08.029,2023-04-16 01:23:11.931,87.890015,aqfQc5yGC4,com.sec.android.app.shealth,defe3f5d-19cc-451e-8a0b-0be54e4642ab,2023-04-16 00:00:00.000,
,,35152910-8ad9-478f-ba21-586774b894ca.extra_data.json,,,,0.0,3738711,1667.6124,,2023-04-19 01:06:26.953,2023-04-17 21:12:18.843,259.87793,aqfQc5yGC4,com.sec.android.app.shealth,35152910-8ad9-478f-ba21-586774b894ca,2023-04-18 00:00:00.000,
,,0d6cd539-5144-4876-860d-086d55d6eb75.extra_data.json,,,,0.0,4326221,1655.76,,2023-04-20 00:40:44.197,2023-04-19 01:05:55.609,337.7346,aqfQc5yGC4,com.sec.android.app.shealth,0d6cd539-5144-4876-860d-086d55d6eb75,2023-04-19 00:00:00.000,
,,c16dee8b-8672-4562-b21f-e7c5078190df.extra_data.json,,,,0.0,6635229,1609.178,,2023-04-20 20:18:13.823,2023-04-20 00:40:24.604,485.94684,aqfQc5yGC4,com.sec.android.app.shealth,c16dee8b-8672-4562-b21f-e7c5078190df,2023-04-20 00:00:00.000,
,,6e013536-e105-43dc-815e-dce2bcab9278.extra_data.json,,,,0.0,5735198,1627.3352,,2023-04-21 18:30:02.804,2023-04-20 20:18:12.676,383.8922,aqfQc5yGC4,com.sec.android.app.shealth,6e013536-e105-43dc-815e-dce2bcab9278,2023-04-21 00:00:00.000,
,,223c7ab9-d49d-418f-83c1-bf6a7b601b21.extra_data.json,,,,0.0,4769819,1646.8109,,2023-04-23 00:50:50.336,2023-04-21 18:30:02.162,336.9511,aqfQc5yGC4,com.sec.android.app.shealth,223c7ab9-d49d-418f-83c1-bf6a7b601b21,2023-04-22 00:00:00.000,
,,b3cea3f9-6ab7-45c6-b4c2-ce9a07fcd532.extra_data.json,,,,0.0,1910805,1704.4886,,2023-04-24 00:44:30.311,2023-04-23 00:50:32.821,99.94001,aqfQc5yGC4,com.sec.android.app.shealth,b3cea3f9-6ab7-45c6-b4c2-ce9a07fcd532,2023-04-23 00:00:00.000,
,,81239689-405b-40e6-8bce-5305c3cfad42.extra_data.json,,,,0.0,3370688,1675.037,,2023-04-25 00:48:54.140,2023-04-24 00:44:06.511,196.44002,aqfQc5yGC4,com.sec.android.app.shealth,81239689-405b-40e6-8bce-5305c3cfad42,2023-04-24 00:00:00.000,
,,c4827eb8-81c4-4690-b15a-832fa2763c69.extra_data.json,,,,0.0,2673526,1689.1016,,2023-04-26 02:04:07.325,2023-04-25 00:48:32.541,148.52998,aqfQc5yGC4,com.sec.android.app.shealth,c4827eb8-81c4-4690-b15a-832fa2763c69,2023-04-25 00:00:00.000,
,,c6e34644-0b1e-4a3d-b016-f3afce76b7ab.extra_data.json,,,,0.0,5164548,1638.8477,,2023-04-26 22:05:55.008,2023-04-26 02:03:59.855,372.28546,aqfQc5yGC4,com.sec.android.app.shealth,c6e34644-0b1e-4a3d-b016-f3afce76b7ab,2023-04-26 00:00:00.000,
,,2d8359ae-2c99-4d53-aa07-b4268a6dd448.extra_data.json,,,,0.0,5719137,1627.6593,,2023-04-28 00:58:14.766,2023-04-26 22:01:55.951,453.19083,aqfQc5yGC4,com.sec.android.app.shealth,2d8359ae-2c99-4d53-aa07-b4268a6dd448,2023-04-27 00:00:00.000,
,,c507b04e-7957-4d08-94f9-02d4e3ea3223.extra_data.json,,,,0.0,3401626,1674.4128,,2023-04-29 00:50:14.446,2023-04-28 00:57:42.256,283.0858,aqfQc5yGC4,com.sec.android.app.shealth,c507b04e-7957-4d08-94f9-02d4e3ea3223,2023-04-28 00:00:00.000,
,,875bcec8-2ebe-4262-8eee-b8a8496f2105.extra_data.json,,,,0.0,2646146,1689.6539,,2023-04-30 00:37:16.103,2023-04-29 00:49:59.951,171.85997,aqfQc5yGC4,com.sec.android.app.shealth,875bcec8-2ebe-4262-8eee-b8a8496f2105,2023-04-29 00:00:00.000,
,,c9af46c0-90a5-49f5-9886-ba053d28159b.extra_data.json,,,,0.0,2106813,1700.5344,,2023-04-30 18:34:26.924,2023-04-30 00:36:48.402,116.099,aqfQc5yGC4,com.sec.android.app.shealth,c9af46c0-90a5-49f5-9886-ba053d28159b,2023-04-30 00:00:00.000,
,,0bc3706c-1d6c-4bd3-ba2d-270daeda86a5.extra_data.json,,,,0.0,1296187,1716.8882,,2023-05-02 00:48:24.526,2023-04-30 18:34:25.952,65.85,aqfQc5yGC4,com.sec.android.app.shealth,0bc3706c-1d6c-4bd3-ba2d-270daeda86a5,2023-05-01 00:00:00.000,
,,d3b6da89-166a-45ab-b7cc-7efedcea2d25.extra_data.json,,,,0.0,1694637,1708.8496,,2023-05-03 01:05:26.001,2023-05-02 00:48:06.128,89.19994,aqfQc5yGC4,com.sec.android.app.shealth,d3b6da89-166a-45ab-b7cc-7efedcea2d25,2023-05-02 00:00:00.000,
,,8aff9f61-90f9-491e-a105-f0ba0255e3d6.extra_data.json,,,,0.0,2791005,1686.7314,,2023-05-04 00:57:59.882,2023-05-03 01:05:09.583,150.32104,aqfQc5yGC4,com.sec.android.app.shealth,8aff9f61-90f9-491e-a105-f0ba0255e3d6,2023-05-03 00:00:00.000,
,,390f4714-994b-4dee-a7e4-a2591a0d2677.extra_data.json,,,,0.0,2181576,1699.0262,,2023-05-05 02:14:21.779,2023-05-04 00:57:33.648,115.43103,aqfQc5yGC4,com.sec.android.app.shealth,390f4714-994b-4dee-a7e4-a2591a0d2677,2023-05-04 00:00:00.000,
,,12448170-3633-40f6-b2b2-1e672c28706b.extra_data.json,,,,0.0,3425437,1673.9324,,2023-05-06 00:47:18.085,2023-05-05 02:14:07.953,193.00107,aqfQc5yGC4,com.sec.android.app.shealth,12448170-3633-40f6-b2b2-1e672c28706b,2023-05-05 00:00:00.000,
,,3ec2314e-780e-4ccf-8eeb-9bd5a73b63d2.extra_data.json,,,,0.0,3958875,1663.1709,,2023-05-06 18:35:16.980,2023-05-06 00:46:56.563,253.5495,aqfQc5yGC4,com.sec.android.app.shealth,3ec2314e-780e-4ccf-8eeb-9bd5a73b63d2,2023-05-06 00:00:00.000,
,,4a3785e5-3179-44e2-be8f-be89b57925d3.extra_data.json,,,,0.0,2944785,1683.6292,,2023-05-07 18:35:00.831,2023-05-06 18:30:00.615,163.34998,aqfQc5yGC4,com.sec.android.app.shealth,4a3785e5-3179-44e2-be8f-be89b57925d3,2023-05-07 00:00:00.000,
,,8e72db47-771f-40f1-ab88-a969012bdea5.extra_data.json,,,,0.0,1210605,1718.6145,,2023-05-08 18:30:02.968,2023-05-07 18:34:00.462,59.300014,aqfQc5yGC4,com.sec.android.app.shealth,8e72db47-771f-40f1-ab88-a969012bdea5,2023-05-08 00:00:00.000,
,,4aae185a-a140-4c0b-927d-c3c262f73010.extra_data.json,,,,0.0,3313116,1676.1984,,2023-05-09 18:30:02.252,2023-05-08 18:30:02.292,192.04999,aqfQc5yGC4,com.sec.android.app.shealth,4aae185a-a140-4c0b-927d-c3c262f73010,2023-05-09 00:00:00.000,
,,ad0795d8-87bf-4b39-9170-f97e66a4b324.extra_data.json,,,,0.0,2316978,1696.2947,,2023-05-10 18:30:02.315,2023-05-09 18:30:02.094,132.95995,aqfQc5yGC4,com.sec.android.app.shealth,ad0795d8-87bf-4b39-9170-f97e66a4b324,2023-05-10 00:00:00.000,
,,37514dd2-eb81-4fab-808f-ed0e8e3482c6.extra_data.json,,,,0.0,5065188,1640.8522,,2023-05-11 18:31:20.929,2023-05-10 18:30:00.998,286.50903,aqfQc5yGC4,com.sec.android.app.shealth,37514dd2-eb81-4fab-808f-ed0e8e3482c6,2023-05-11 00:00:00.000,
,,c3b5033e-85ed-4662-9ebc-0173441c6d02.extra_data.json,,,,0.0,3082760,1680.8457,,2023-05-12 18:49:03.613,2023-05-11 18:31:20.355,227.97592,aqfQc5yGC4,com.sec.android.app.shealth,c3b5033e-85ed-4662-9ebc-0173441c6d02,2023-05-12 00:00:00.000,
,,2b199957-6590-4ef1-8e95-81fd44d2dead.extra_data.json,,,,0.0,4937994,1643.4181,,2023-05-13 18:30:27.106,2023-05-12 18:49:02.600,340.88895,aqfQc5yGC4,com.sec.android.app.shealth,2b199957-6590-4ef1-8e95-81fd44d2dead,2023-05-13 00:00:00.000,
,,e5ca90e2-c0c0-43db-af6a-ded7e5e73b39.extra_data.json,,,,0.0,3065825,1681.1874,,2023-05-14 18:30:03.893,2023-05-13 18:30:26.290,166.73001,aqfQc5yGC4,com.sec.android.app.shealth,e5ca90e2-c0c0-43db-af6a-ded7e5e73b39,2023-05-14 00:00:00.000,
,,b02a72b8-ea0a-4b7c-9512-999ec2d1b2ac.extra_data.json,,,,0.0,1540825,1711.9528,,2023-05-16 01:13:57.262,2023-05-14 18:30:01.554,85.84998,aqfQc5yGC4,com.sec.android.app.shealth,b02a72b8-ea0a-4b7c-9512-999ec2d1b2ac,2023-05-15 00:00:00.000,
,,b924fdcd-f8b8-4efc-a7e9-4a2d79314d35.extra_data.json,,,,0.0,2506196,1692.4774,,2023-05-17 01:04:23.216,2023-05-16 01:13:37.576,148.69101,aqfQc5yGC4,com.sec.android.app.shealth,b924fdcd-f8b8-4efc-a7e9-4a2d79314d35,2023-05-16 00:00:00.000,
,,c7011b1c-05b6-43f2-8f08-b2021638fcdf.extra_data.json,,,,0.0,2455047,1693.5092,,2023-05-17 18:30:01.568,2023-05-17 01:03:51.640,144.02,aqfQc5yGC4,com.sec.android.app.shealth,c7011b1c-05b6-43f2-8f08-b2021638fcdf,2023-05-17 00:00:00.000,
,,71e916c1-55af-4cf9-9fed-25089c1284b6.extra_data.json,,,,0.0,5328676,1635.5365,,2023-05-18 18:30:03.071,2023-05-17 18:30:00.735,497.57907,aqfQc5yGC4,com.sec.android.app.shealth,71e916c1-55af-4cf9-9fed-25089c1284b6,2023-05-18 00:00:00.000,
,,8bca9a72-5416-4d04-8bdf-fad6a344e0e1.extra_data.json,,,,0.0,1866055,1705.3915,,2023-05-20 00:48:25.967,2023-05-18 18:30:02.578,110.73003,aqfQc5yGC4,com.sec.android.app.shealth,8bca9a72-5416-4d04-8bdf-fad6a344e0e1,2023-05-19 00:00:00.000,
,,1cfc53a5-f7a2-463a-815a-052a71c488bf.extra_data.json,,,,0.0,2563464,1691.322,,2023-05-20 18:39:27.373,2023-05-20 00:48:07.177,180.26926,aqfQc5yGC4,com.sec.android.app.shealth,1cfc53a5-f7a2-463a-815a-052a71c488bf,2023-05-20 00:00:00.000,
,,c39e1d36-4832-402e-8cbe-ef9342415299.extra_data.json,,,,0.0,2304705,1696.5422,,2023-05-21 18:30:02.908,2023-05-20 18:39:26.596,128.339,aqfQc5yGC4,com.sec.android.app.shealth,c39e1d36-4832-402e-8cbe-ef9342415299,2023-05-21 00:00:00.000,
,,3a17727b-2f9a-4d8b-874a-857d10edebe0.extra_data.json,,,,0.0,3768111,1667.0193,,2023-05-22 23:22:53.041,2023-05-21 18:30:02.332,241.1954,aqfQc5yGC4,com.sec.android.app.shealth,3a17727b-2f9a-4d8b-874a-857d10edebe0,2023-05-22 00:00:00.000,
,,e87ada19-9be1-4343-8fce-8ee9c72681b9.extra_data.json,,,,0.0,2248187,1697.6825,,2023-05-24 03:36:00.172,2023-05-22 23:22:27.012,126.68101,aqfQc5yGC4,com.sec.android.app.shealth,e87ada19-9be1-4343-8fce-8ee9c72681b9,2023-05-23 00:00:00.000,
,,f9bfa4cf-433f-4694-b00b-50c18e25ffbb.extra_data.json,,,,0.0,1915783,1704.3883,,2023-05-25 00:43:43.369,2023-05-23 20:18:10.673,98.40903,aqfQc5yGC4,com.sec.android.app.shealth,f9bfa4cf-433f-4694-b00b-50c18e25ffbb,2023-05-24 00:00:00.000,
,,4ae20174-36d1-48c5-8b89-f2c4dcf4d93b.extra_data.json,,,,0.0,5519531,1631.6862,,2023-05-25 22:56:57.018,2023-05-25 00:43:16.549,477.5935,aqfQc5yGC4,com.sec.android.app.shealth,4ae20174-36d1-48c5-8b89-f2c4dcf4d93b,2023-05-25 00:00:00.000,
,,5e95debe-5457-4aa5-a270-faae9dbf693b.extra_data.json,,,,0.0,2893279,1684.6682,,2023-05-26 23:57:20.380,2023-05-25 22:56:54.263,169.74,aqfQc5yGC4,com.sec.android.app.shealth,5e95debe-5457-4aa5-a270-faae9dbf693b,2023-05-26 00:00:00.000,
,,1d0ca0bc-0fd9-48e0-8bfe-53330fb793a6.extra_data.json,,,,0.0,3010568,1682.3021,,2023-05-28 00:04:59.670,2023-05-26 23:57:01.484,158.55997,aqfQc5yGC4,com.sec.android.app.shealth,1d0ca0bc-0fd9-48e0-8bfe-53330fb793a6,2023-05-27 00:00:00.000,
,,5e5df117-9946-4248-a8d1-f21f9a209678.extra_data.json,,,,0.0,1746205,1707.8093,,2023-05-29 00:43:15.408,2023-05-28 00:03:49.913,93.05999,aqfQc5yGC4,com.sec.android.app.shealth,5e5df117-9946-4248-a8d1-f21f9a209678,2023-05-28 00:00:00.000,
,,f30be766-a8ac-41ef-98ac-c83ffe7f0d0c.extra_data.json,,,,0.0,2148565,1699.6921,,2023-05-29 22:18:12.365,2023-05-29 00:42:30.746,128.67001,aqfQc5yGC4,com.sec.android.app.shealth,f30be766-a8ac-41ef-98ac-c83ffe7f0d0c,2023-05-29 00:00:00.000,
,,fa3f7b87-6551-4ab9-8ad4-1086152856ec.extra_data.json,,,,0.0,4368085,1654.9154,,2023-05-30 18:35:06.461,2023-05-29 22:17:53.105,329.53406,aqfQc5yGC4,com.sec.android.app.shealth,fa3f7b87-6551-4ab9-8ad4-1086152856ec,2023-05-30 00:00:00.000,
,,9a972f74-8e04-4df7-afd0-724b55abd201.extra_data.json,,,,0.0,2619941,1690.1825,,2023-06-01 18:35:10.464,2023-06-01 00:42:59.093,150.08104,aqfQc5yGC4,com.sec.android.app.shealth,9a972f74-8e04-4df7-afd0-724b55abd201,2023-06-01 00:00:00.000,
,,80b76eb5-2bdc-4afe-94da-dc036dd6642a.extra_data.json,,,,0.0,3769006,1667.0012,,2023-06-01 00:43:18.583,2023-05-30 18:35:06.254,209.83098,aqfQc5yGC4,com.sec.android.app.shealth,80b76eb5-2bdc-4afe-94da-dc036dd6642a,2023-05-31 00:00:00.000,
,,ddc17750-d61a-4785-b9b5-b9e375e01936.extra_data.json,,,,0.0,2182791,1699.0017,,2023-06-02 18:30:02.918,2023-06-01 18:30:00.504,118.04003,aqfQc5yGC4,com.sec.android.app.shealth,ddc17750-d61a-4785-b9b5-b9e375e01936,2023-06-02 00:00:00.000,
,,5fb3b3a8-9cf3-497b-a811-2300e8431904.extra_data.json,,,,0.0,6627218,1609.3396,,2023-06-04 01:09:52.298,2023-06-02 18:30:02.277,362.93802,aqfQc5yGC4,com.sec.android.app.shealth,5fb3b3a8-9cf3-497b-a811-2300e8431904,2023-06-03 00:00:00.000,
,,d94bd59a-6df1-4a65-a0e8-e871edfc81ce.extra_data.json,,,,0.0,4553075,1651.1835,,2023-06-05 02:09:32.619,2023-06-04 01:09:42.322,270.7789,aqfQc5yGC4,com.sec.android.app.shealth,d94bd59a-6df1-4a65-a0e8-e871edfc81ce,2023-06-04 00:00:00.000,
,,dbec9290-dd50-4d72-8ef0-f7b0740ec54a.extra_data.json,,,,0.0,3590177,1670.609,,2023-06-06 02:09:05.419,2023-06-05 02:09:16.695,188.592,aqfQc5yGC4,com.sec.android.app.shealth,dbec9290-dd50-4d72-8ef0-f7b0740ec54a,2023-06-05 00:00:00.000,
,,29d4da38-3002-450c-ba22-71badb6000fc.extra_data.json,,,,0.0,5222043,1637.6877,,2023-06-08 00:40:38.459,2023-06-07 00:02:23.797,322.39008,aqfQc5yGC4,com.sec.android.app.shealth,29d4da38-3002-450c-ba22-71badb6000fc,2023-06-07 00:00:00.000,
,,daa7d45b-7538-496c-a9dd-0572690aaf6f.extra_data.json,,,,0.0,7767017,1586.3453,,2023-06-07 00:02:33.114,2023-06-05 18:30:01.906,474.32095,aqfQc5yGC4,com.sec.android.app.shealth,daa7d45b-7538-496c-a9dd-0572690aaf6f,2023-06-06 00:00:00.000,
,,65556b7f-1e9b-4275-9dbd-bece15ad9d67.extra_data.json,,,,0.0,3176234,1678.96,,2023-06-09 00:53:23.170,2023-06-08 00:40:27.213,178.73004,aqfQc5yGC4,com.sec.android.app.shealth,65556b7f-1e9b-4275-9dbd-bece15ad9d67,2023-06-08 00:00:00.000,
,,af46163b-be92-4f0a-88eb-cc06aec74f9e.extra_data.json,,,,0.0,3942698,1663.4973,,2023-06-10 01:59:28.086,2023-06-09 00:53:01.556,318.76,aqfQc5yGC4,com.sec.android.app.shealth,af46163b-be92-4f0a-88eb-cc06aec74f9e,2023-06-09 00:00:00.000,
,,37d6d4d2-7176-4e3f-899b-ce70aa45973e.extra_data.json,,,,0.0,3133575,1679.8206,,2023-06-11 01:02:11.441,2023-06-10 01:59:17.231,181.00104,aqfQc5yGC4,com.sec.android.app.shealth,37d6d4d2-7176-4e3f-899b-ce70aa45973e,2023-06-10 00:00:00.000,
,,26f58bce-9c3d-4bdd-be6d-cd579a93b61c.extra_data.json,,,,0.0,4244885,1657.4009,,2023-06-11 18:30:02.136,2023-06-11 01:01:58.258,227.11998,aqfQc5yGC4,com.sec.android.app.shealth,26f58bce-9c3d-4bdd-be6d-cd579a93b61c,2023-06-11 00:00:00.000,
,,edede8cb-8028-4f50-a7da-6440185b85d6.extra_data.json,,,,0.0,1857681,1705.5605,,2023-06-13 00:36:59.667,2023-06-11 18:30:01.630,101.32001,aqfQc5yGC4,com.sec.android.app.shealth,edede8cb-8028-4f50-a7da-6440185b85d6,2023-06-12 00:00:00.000,
,,baebb0c1-d32a-41c7-a7e7-115018fc525d.extra_data.json,,,,0.0,1299531,1716.8207,,2023-06-13 18:30:02.573,2023-06-13 00:36:44.656,83.07001,aqfQc5yGC4,com.sec.android.app.shealth,baebb0c1-d32a-41c7-a7e7-115018fc525d,2023-06-13 00:00:00.000,
,,8870ffb1-89de-4996-8178-48a861c12468.extra_data.json,,,,0.0,3367234,1675.1067,,2023-06-14 19:26:14.482,2023-06-13 18:30:01.877,180.0301,aqfQc5yGC4,com.sec.android.app.shealth,8870ffb1-89de-4996-8178-48a861c12468,2023-06-14 00:00:00.000,
,,36d3bc37-8a7c-48ea-9d7f-74e432f679fe.extra_data.json,,,,0.0,2298732,1696.6626,,2023-06-15 18:30:04.436,2023-06-14 18:30:02.041,129.20996,aqfQc5yGC4,com.sec.android.app.shealth,36d3bc37-8a7c-48ea-9d7f-74e432f679fe,2023-06-15 00:00:00.000,
,,f649891a-257f-4a28-ab46-82b9960f78bb.extra_data.json,,,,0.0,4743862,1647.3345,,2023-06-16 18:30:02.338,2023-06-15 18:30:02.894,301.82007,aqfQc5yGC4,com.sec.android.app.shealth,f649891a-257f-4a28-ab46-82b9960f78bb,2023-06-16 00:00:00.000,
,,3e905841-e759-4a7b-9659-a113758aaa00.extra_data.json,,,,0.0,10401384,1533.1995,,2023-06-17 23:24:10.468,2023-06-16 18:30:01.667,1003.80005,aqfQc5yGC4,com.sec.android.app.shealth,3e905841-e759-4a7b-9659-a113758aaa00,2023-06-17 00:00:00.000,
,,20aaf1c1-8150-4857-ba35-45fc927a127a.extra_data.json,,,,0.0,1495384,1712.8695,,2023-06-19 01:14:56.243,2023-06-17 23:24:02.141,81.86,aqfQc5yGC4,com.sec.android.app.shealth,20aaf1c1-8150-4857-ba35-45fc927a127a,2023-06-18 00:00:00.000,
,,5a17cf9f-6788-4e97-8cb0-ceb3a99d0bd9.extra_data.json,,,,0.0,2318948,1696.2549,,2023-06-20 01:06:27.020,2023-06-19 01:14:44.425,135.25998,aqfQc5yGC4,com.sec.android.app.shealth,5a17cf9f-6788-4e97-8cb0-ceb3a99d0bd9,2023-06-19 00:00:00.000,
,,879b8515-7261-4bd8-8ff0-da0b2d2c62ba.extra_data.json,,,,0.0,4839729,1645.4005,,2023-06-20 18:30:03.785,2023-06-20 01:06:17.012,263.08994,aqfQc5yGC4,com.sec.android.app.shealth,879b8515-7261-4bd8-8ff0-da0b2d2c62ba,2023-06-20 00:00:00.000,
,,2a85cc4d-c8bd-492f-a1c4-91869b0d8722.extra_data.json,,,,0.0,2567843,1691.2336,,2023-06-21 18:30:02.401,2023-06-20 18:30:02.176,131.27,aqfQc5yGC4,com.sec.android.app.shealth,2a85cc4d-c8bd-492f-a1c4-91869b0d8722,2023-06-21 00:00:00.000,
,,0d4bb79e-81ed-4426-9f84-777583664f74.extra_data.json,,,,0.0,4210769,1658.0892,,2023-06-22 18:30:05.126,2023-06-21 18:30:01.668,381.60117,aqfQc5yGC4,com.sec.android.app.shealth,0d4bb79e-81ed-4426-9f84-777583664f74,2023-06-22 00:00:00.000,
,,e8e61584-36a0-45de-9b75-61ad54d2b54c.extra_data.json,,,,0.0,1537255,1712.0248,,2023-06-23 18:30:02.857,2023-06-22 18:30:03.559,83.299995,aqfQc5yGC4,com.sec.android.app.shealth,e8e61584-36a0-45de-9b75-61ad54d2b54c,2023-06-23 00:00:00.000,
,,c71d823a-fd66-4c5d-8478-946db9aa4de1.extra_data.json,,,,0.0,4559958,1651.0446,,2023-06-24 18:30:05.917,2023-06-23 18:30:02.025,243.70993,aqfQc5yGC4,com.sec.android.app.shealth,c71d823a-fd66-4c5d-8478-946db9aa4de1,2023-06-24 00:00:00.000,
,,472ece44-7604-4d4d-ad05-79326218d9d3.extra_data.json,,,,0.0,2319559,1696.2426,,2023-06-25 18:30:03.149,2023-06-24 18:30:04.879,126.47001,aqfQc5yGC4,com.sec.android.app.shealth,472ece44-7604-4d4d-ad05-79326218d9d3,2023-06-25 00:00:00.000,
,,e3852459-cf48-44d2-9a4b-cd7744b8762a.extra_data.json,,,,0.0,1791262,1706.9004,,2023-06-26 18:30:03.301,2023-06-25 18:30:01.970,103.90999,aqfQc5yGC4,com.sec.android.app.shealth,e3852459-cf48-44d2-9a4b-cd7744b8762a,2023-06-26 00:00:00.000,
,,e81bde00-4757-4742-9703-d07490df8c31.extra_data.json,,,,0.0,2171482,1699.2299,,2023-06-27 18:30:03.131,2023-06-26 18:30:01.749,114.73002,aqfQc5yGC4,com.sec.android.app.shealth,e81bde00-4757-4742-9703-d07490df8c31,2023-06-27 00:00:00.000,
,,6afa497e-d857-4d66-a386-4ee94b477beb.extra_data.json,,,,0.0,3976895,1662.8074,,2023-06-28 18:30:03.114,2023-06-27 18:30:01.937,229.89656,aqfQc5yGC4,com.sec.android.app.shealth,6afa497e-d857-4d66-a386-4ee94b477beb,2023-06-28 00:00:00.000,
,,7638e50f-089e-4333-86c5-3c55844ca161.extra_data.json,,,,0.0,871769,1725.4503,,2023-06-29 18:44:51.719,2023-06-28 18:30:01.807,41.589996,aqfQc5yGC4,com.sec.android.app.shealth,7638e50f-089e-4333-86c5-3c55844ca161,2023-06-29 00:00:00.000,
,,7de5e8a2-fce1-4044-a4f3-601db53758ed.extra_data.json,,,,0.0,1576177,1711.2395,,2023-06-30 18:45:03.509,2023-06-29 18:44:51.290,80.29001,aqfQc5yGC4,com.sec.android.app.shealth,7de5e8a2-fce1-4044-a4f3-601db53758ed,2023-06-30 00:00:00.000,
,,3cd73492-d6c6-4e7d-a40a-48a12623ca2c.extra_data.json,,,,0.0,2491612,1692.7715,,2023-07-01 18:30:02.985,2023-06-30 18:45:03.091,139.33,aqfQc5yGC4,com.sec.android.app.shealth,3cd73492-d6c6-4e7d-a40a-48a12623ca2c,2023-07-01 00:00:00.000,
,,c6a636c7-84c3-4514-bb1b-e6e28d119902.extra_data.json,,,,0.0,1855297,1705.6086,,2023-07-03 00:35:07.299,2023-07-01 18:30:02.363,89.13002,aqfQc5yGC4,com.sec.android.app.shealth,c6a636c7-84c3-4514-bb1b-e6e28d119902,2023-07-02 00:00:00.000,
,,770c1bdf-2da6-4cb9-89d7-23df2e6b35d2.extra_data.json,,,,0.0,3869127,1664.9814,,2023-07-03 18:30:02.948,2023-07-02 18:30:01.849,207.26997,aqfQc5yGC4,com.sec.android.app.shealth,770c1bdf-2da6-4cb9-89d7-23df2e6b35d2,2023-07-03 00:00:00.000,
,,1d9cdb00-3df9-45e4-b6ae-535835d8cdbe.extra_data.json,,,,0.0,1619606,1710.3634,,2023-07-04 18:30:02.407,2023-07-03 18:30:01.467,91.72004,aqfQc5yGC4,com.sec.android.app.shealth,1d9cdb00-3df9-45e4-b6ae-535835d8cdbe,2023-07-04 00:00:00.000,
,,ed55ef1c-78bb-499e-b8fb-8d7a7b8802bf.extra_data.json,,,,0.0,1874666,1705.2179,,2023-07-05 18:30:02.993,2023-07-04 18:30:01.752,100.21898,aqfQc5yGC4,com.sec.android.app.shealth,ed55ef1c-78bb-499e-b8fb-8d7a7b8802bf,2023-07-05 00:00:00.000,
,,dd532c5a-c7ee-4c98-b6ec-bbf673451814.extra_data.json,,,,0.0,7126351,1599.27,,2023-07-06 18:30:02.880,2023-07-05 18:30:01.791,594.09674,aqfQc5yGC4,com.sec.android.app.shealth,dd532c5a-c7ee-4c98-b6ec-bbf673451814,2023-07-06 00:00:00.000,
,,9a079a55-deca-45c5-90f4-e8f662e03543.extra_data.json,,,,0.0,1863388,1705.4453,,2023-07-07 18:30:01.637,2023-07-06 18:30:01.268,96.44998,aqfQc5yGC4,com.sec.android.app.shealth,9a079a55-deca-45c5-90f4-e8f662e03543,2023-07-07 00:00:00.000,
,,f592b6d7-b7f1-4bca-a777-01274a2cad18.extra_data.json,,,,0.0,2665789,1689.2576,,2023-07-08 18:30:04.657,2023-07-07 18:30:01.164,134.15999,aqfQc5yGC4,com.sec.android.app.shealth,f592b6d7-b7f1-4bca-a777-01274a2cad18,2023-07-08 00:00:00.000,
,,5f645fde-a562-4f88-9399-a11c2b01810f.extra_data.json,,,,0.0,5489569,1632.2906,,2023-07-09 18:30:02.934,2023-07-08 18:30:03.923,420.91788,aqfQc5yGC4,com.sec.android.app.shealth,5f645fde-a562-4f88-9399-a11c2b01810f,2023-07-09 00:00:00.000,
,,701dc57e-80a8-466b-9556-b789cee61430.extra_data.json,,,,0.0,2238242,1697.883,,2023-07-10 20:21:49.810,2023-07-09 18:30:00.885,122.010994,aqfQc5yGC4,com.sec.android.app.shealth,701dc57e-80a8-466b-9556-b789cee61430,2023-07-10 00:00:00.000,
,,58a32be6-17e8-4120-a4d4-9581342a5683.extra_data.json,,,,0.0,4598284,1650.2714,,2023-07-12 18:30:01.695,2023-07-11 18:30:02.344,286.3721,aqfQc5yGC4,com.sec.android.app.shealth,58a32be6-17e8-4120-a4d4-9581342a5683,2023-07-12 00:00:00.000,
,,21c882e8-48ee-4e3f-8517-b698e72a7cb3.extra_data.json,,,,0.0,3949168,1663.3667,,2023-07-12 02:18:52.519,2023-07-10 20:21:47.583,228.60097,aqfQc5yGC4,com.sec.android.app.shealth,21c882e8-48ee-4e3f-8517-b698e72a7cb3,2023-07-11 00:00:00.000,
,,b66c3618-0428-4846-b328-5e5547dd1797.extra_data.json,,,,0.0,6743559,1606.9926,,2023-07-14 00:19:18.931,2023-07-12 18:30:01.221,573.0483,aqfQc5yGC4,com.sec.android.app.shealth,b66c3618-0428-4846-b328-5e5547dd1797,2023-07-13 00:00:00.000,
,,9aa2644a-c76a-4bd2-9abb-064419500e23.extra_data.json,,,,0.0,3399452,1674.4567,,2023-07-15 00:37:12.133,2023-07-14 00:19:12.130,188.38998,aqfQc5yGC4,com.sec.android.app.shealth,9aa2644a-c76a-4bd2-9abb-064419500e23,2023-07-14 00:00:00.000,
,,a36f85b9-b1c8-46d2-b357-a83db5657de9.extra_data.json,,,,0.0,5058000,1640.9971,,2023-07-15 18:35:10.156,2023-07-15 00:36:57.539,303.73093,aqfQc5yGC4,com.sec.android.app.shealth,a36f85b9-b1c8-46d2-b357-a83db5657de9,2023-07-15 00:00:00.000,
,,cd90bcc8-55f3-4f01-9f9e-de34ccd23e0f.extra_data.json,,,,0.0,2755820,1687.4413,,2023-07-16 19:06:15.912,2023-07-15 18:30:01.782,149.27896,aqfQc5yGC4,com.sec.android.app.shealth,cd90bcc8-55f3-4f01-9f9e-de34ccd23e0f,2023-07-16 00:00:00.000,
,,49676409-2476-4638-8630-a7a610c22d05.extra_data.json,,,,0.0,3719806,1667.9938,,2023-07-17 18:30:02.643,2023-07-16 19:06:14.299,207.93996,aqfQc5yGC4,com.sec.android.app.shealth,49676409-2476-4638-8630-a7a610c22d05,2023-07-17 00:00:00.000,
,,d13cbd98-6baf-44c3-82bb-ebc4554d231c.extra_data.json,,,,0.0,3010077,1682.3119,,2023-07-18 18:30:08.738,2023-07-17 18:30:01.768,177.18002,aqfQc5yGC4,com.sec.android.app.shealth,d13cbd98-6baf-44c3-82bb-ebc4554d231c,2023-07-18 00:00:00.000,
,,8d7bd798-73d0-43f0-9df7-2d989a56f772.extra_data.json,,,,0.0,3355834,1675.3367,,2023-07-21 01:57:48.453,2023-07-19 18:30:01.940,183.07098,aqfQc5yGC4,com.sec.android.app.shealth,8d7bd798-73d0-43f0-9df7-2d989a56f772,2023-07-20 00:00:00.000,
,,68485752-9cd9-4153-b237-c589bbd14e73.extra_data.json,,,,0.0,3486689,1672.6968,,2023-07-19 18:30:02.473,2023-07-18 18:30:07.550,188.82101,aqfQc5yGC4,com.sec.android.app.shealth,68485752-9cd9-4153-b237-c589bbd14e73,2023-07-19 00:00:00.000,
,,e7424dde-5f24-4744-adc8-bfdf1499ef58.extra_data.json,,,,0.0,3365462,1675.1423,,2023-07-21 18:48:35.421,2023-07-21 01:57:33.730,258.36285,aqfQc5yGC4,com.sec.android.app.shealth,e7424dde-5f24-4744-adc8-bfdf1499ef58,2023-07-21 00:00:00.000,
,,78e8fc4f-6a11-469c-8bb6-d1b323f37148.extra_data.json,,,,0.0,4696794,1648.284,,2023-07-22 18:30:01.957,2023-07-21 18:48:34.439,306.599,aqfQc5yGC4,com.sec.android.app.shealth,78e8fc4f-6a11-469c-8bb6-d1b323f37148,2023-07-22 00:00:00.000,
,,f3432f40-8b51-4415-a606-16ad0d9acb04.extra_data.json,,,,0.0,2377188,1695.08,,2023-07-23 18:30:03.253,2023-07-22 18:30:00.689,123.25002,aqfQc5yGC4,com.sec.android.app.shealth,f3432f40-8b51-4415-a606-16ad0d9acb04,2023-07-23 00:00:00.000,
,,fcf5fd00-8454-4608-bcc6-ab0da2948272.extra_data.json,,,,0.0,2890981,1684.7146,,2023-07-24 18:52:03.766,2023-07-23 18:30:01.884,160.361,aqfQc5yGC4,com.sec.android.app.shealth,fcf5fd00-8454-4608-bcc6-ab0da2948272,2023-07-24 00:00:00.000,
,,74f36754-9a71-4da0-94ef-cd144716e919.extra_data.json,,,,0.0,4150454,1659.3059,,2023-07-25 18:30:02.704,2023-07-24 18:30:01.109,220.70895,aqfQc5yGC4,com.sec.android.app.shealth,74f36754-9a71-4da0-94ef-cd144716e919,2023-07-25 00:00:00.000,
,,29e94a15-4772-4b93-b2b2-b8b49cfdb94d.extra_data.json,,,,0.0,3309127,1676.2789,,2023-07-26 18:30:03.350,2023-07-25 18:30:02.292,215.77182,aqfQc5yGC4,com.sec.android.app.shealth,29e94a15-4772-4b93-b2b2-b8b49cfdb94d,2023-07-26 00:00:00.000,
,,ceefa69e-e806-4850-958d-37de636b3fe8.extra_data.json,,,,0.0,6449577,1612.9233,,2023-07-28 01:26:22.295,2023-07-26 18:30:01.740,520.9427,aqfQc5yGC4,com.sec.android.app.shealth,ceefa69e-e806-4850-958d-37de636b3fe8,2023-07-27 00:00:00.000,
,,01ec7726-ae61-4047-b2df-0d52826637f8.extra_data.json,,,,0.0,2716848,1688.2275,,2023-07-28 18:48:13.491,2023-07-28 01:26:16.878,149.929,aqfQc5yGC4,com.sec.android.app.shealth,01ec7726-ae61-4047-b2df-0d52826637f8,2023-07-28 00:00:00.000,
,,cccf7550-c6ab-43e0-9af6-87b91f45bb0a.extra_data.json,,,,0.0,4269633,1656.9016,,2023-07-29 18:30:03.300,2023-07-28 18:30:02.274,325.72675,aqfQc5yGC4,com.sec.android.app.shealth,cccf7550-c6ab-43e0-9af6-87b91f45bb0a,2023-07-29 00:00:00.000,
,,2a4cd9d4-5475-4b89-b8ce-c7c8c65f6192.extra_data.json,,,,0.0,2085025,1700.974,,2023-07-30 18:30:02.264,2023-07-29 18:30:02.024,111.63101,aqfQc5yGC4,com.sec.android.app.shealth,2a4cd9d4-5475-4b89-b8ce-c7c8c65f6192,2023-07-30 00:00:00.000,
,,2a0b006a-6816-4acf-a5c0-532696bfa7c8.extra_data.json,,,,0.0,2741439,1687.7314,,2023-07-31 18:51:57.533,2023-07-30 18:30:01.562,264.98068,aqfQc5yGC4,com.sec.android.app.shealth,2a0b006a-6816-4acf-a5c0-532696bfa7c8,2023-07-31 00:00:00.000,
,,dad185c7-14a2-4895-bae4-f254284b72d9.extra_data.json,,,,0.0,1267300,1717.471,,2023-08-02 00:29:48.150,2023-07-31 18:51:55.831,64.56001,aqfQc5yGC4,com.sec.android.app.shealth,dad185c7-14a2-4895-bae4-f254284b72d9,2023-08-01 00:00:00.000,
,,ad230e8d-9d4b-44e6-b5cb-cd120a2e68ca.extra_data.json,,,,0.0,953022,1723.811,,2023-08-02 19:19:12.572,2023-08-02 00:26:36.587,52.739994,aqfQc5yGC4,com.sec.android.app.shealth,ad230e8d-9d4b-44e6-b5cb-cd120a2e68ca,2023-08-02 00:00:00.000,
,,9be00cf2-fec8-4c10-a151-c3d2f09e4617.extra_data.json,,,,0.0,1338639,1716.0316,,2023-08-03 18:30:02.048,2023-08-02 19:19:08.454,69.20999,aqfQc5yGC4,com.sec.android.app.shealth,9be00cf2-fec8-4c10-a151-c3d2f09e4617,2023-08-03 00:00:00.000,
,,20bc2add-6f6e-4671-881e-f998769ef1ac.extra_data.json,,,,0.0,1323192,1716.3433,,2023-08-04 18:30:02.249,2023-08-03 18:30:01.143,64.659996,aqfQc5yGC4,com.sec.android.app.shealth,20bc2add-6f6e-4671-881e-f998769ef1ac,2023-08-04 00:00:00.000,
,,3b9e738c-3584-4993-94fa-7967df8d6489.extra_data.json,,,,0.0,708754,1728.739,,2023-08-05 18:30:02.298,2023-08-04 18:30:00.992,33.9,aqfQc5yGC4,com.sec.android.app.shealth,3b9e738c-3584-4993-94fa-7967df8d6489,2023-08-05 00:00:00.000,
,,ad73da0d-7344-4264-a131-a901ef04e895.extra_data.json,,,,0.0,1142304,1719.9926,,2023-08-06 18:30:03.065,2023-08-05 18:30:01.164,58.23,aqfQc5yGC4,com.sec.android.app.shealth,ad73da0d-7344-4264-a131-a901ef04e895,2023-08-06 00:00:00.000,
,,8226171b-aec7-4d8f-8973-b4489ebcb368.extra_data.json,,,,0.0,2762565,1687.3052,,2023-08-08 01:39:13.457,2023-08-06 18:30:01.729,232.47197,aqfQc5yGC4,com.sec.android.app.shealth,8226171b-aec7-4d8f-8973-b4489ebcb368,2023-08-07 00:00:00.000,
,,707666dc-ce71-4fe5-9d8d-bf2b6bd7d1d1.extra_data.json,,,,0.0,2264135,1697.3606,,2023-08-08 18:30:04.324,2023-08-08 01:39:00.754,122.9,aqfQc5yGC4,com.sec.android.app.shealth,707666dc-ce71-4fe5-9d8d-bf2b6bd7d1d1,2023-08-08 00:00:00.000,
,,7c6c08f0-3848-452d-aaa4-d00cfb23c1c7.extra_data.json,,,,0.0,3773860,1666.9034,,2023-08-09 18:30:02.032,2023-08-08 18:30:03.029,256.3156,aqfQc5yGC4,com.sec.android.app.shealth,7c6c08f0-3848-452d-aaa4-d00cfb23c1c7,2023-08-09 00:00:00.000,
,,b7478b75-d362-482e-aa0f-892f39d0027a.extra_data.json,,,,0.0,4087746,1660.571,,2023-08-10 20:13:49.028,2023-08-09 18:30:01.245,316.90955,aqfQc5yGC4,com.sec.android.app.shealth,b7478b75-d362-482e-aa0f-892f39d0027a,2023-08-10 00:00:00.000,
,,46590a74-5672-43d9-8686-3cf0fb3a051c.extra_data.json,,,,0.0,5210248,1637.9257,,2023-08-11 18:39:11.635,2023-08-10 20:13:47.662,525.6693,aqfQc5yGC4,com.sec.android.app.shealth,46590a74-5672-43d9-8686-3cf0fb3a051c,2023-08-11 00:00:00.000,
,,7b80c41f-1af1-477d-af3a-05644c0f1fc9.extra_data.json,,,,0.0,949273,1723.8867,,2023-08-12 18:36:35.045,2023-08-11 18:30:00.617,50.820007,aqfQc5yGC4,com.sec.android.app.shealth,7b80c41f-1af1-477d-af3a-05644c0f1fc9,2023-08-12 00:00:00.000,
,,96b946ed-e8d0-4995-97e7-d1d46c1f57f1.extra_data.json,,,,0.0,2963613,1683.2493,,2023-08-13 18:30:03.815,2023-08-12 18:30:01.037,162.80002,aqfQc5yGC4,com.sec.android.app.shealth,96b946ed-e8d0-4995-97e7-d1d46c1f57f1,2023-08-13 00:00:00.000,
,,b7bdb6cd-527e-45a2-9593-8ce85099f7e3.extra_data.json,,,,0.0,4501943,1652.215,,2023-08-14 19:09:36.147,2023-08-13 18:30:01.874,343.95764,aqfQc5yGC4,com.sec.android.app.shealth,b7bdb6cd-527e-45a2-9593-8ce85099f7e3,2023-08-14 00:00:00.000,
,,00e59db6-44b3-4d4c-93a6-fc757c4edb48.extra_data.json,,,,0.0,2525125,1692.0953,,2023-08-15 18:30:03.520,2023-08-14 19:09:35.328,152.10002,aqfQc5yGC4,com.sec.android.app.shealth,00e59db6-44b3-4d4c-93a6-fc757c4edb48,2023-08-15 00:00:00.000,
,,f3771c8d-c841-4b4c-9b9d-c6059815ac1d.extra_data.json,,,,0.0,2522453,1692.1493,,2023-08-16 19:27:43.935,2023-08-15 18:30:01.906,186.4711,aqfQc5yGC4,com.sec.android.app.shealth,f3771c8d-c841-4b4c-9b9d-c6059815ac1d,2023-08-16 00:00:00.000,
,,19c640f7-ae7b-4c88-b960-5e8134f86429.extra_data.json,,,,0.0,2419134,1694.2336,,2023-08-18 00:57:08.012,2023-08-16 19:27:42.503,204.74997,aqfQc5yGC4,com.sec.android.app.shealth,19c640f7-ae7b-4c88-b960-5e8134f86429,2023-08-17 00:00:00.000,
,,b809dd86-b5c7-41d9-a761-e5cbe438d316.extra_data.json,,,,0.0,2027026,1702.1442,,2023-08-18 18:30:02.524,2023-08-18 00:56:47.538,107.8,aqfQc5yGC4,com.sec.android.app.shealth,b809dd86-b5c7-41d9-a761-e5cbe438d316,2023-08-18 00:00:00.000,
,,96c7cc5a-055b-42b8-ac0b-09266f5cbf5d.extra_data.json,,,,0.0,2888953,1684.7556,,2023-08-20 18:30:03.046,2023-08-19 18:32:43.162,152.23001,aqfQc5yGC4,com.sec.android.app.shealth,96c7cc5a-055b-42b8-ac0b-09266f5cbf5d,2023-08-20 00:00:00.000,
,,882e7bcd-5b92-4e1b-905e-7d0ae88c7ddd.extra_data.json,,,,0.0,3725755,1667.8739,,2023-08-20 19:15:06.990,2023-08-18 18:30:01.612,259.34665,aqfQc5yGC4,com.sec.android.app.shealth,882e7bcd-5b92-4e1b-905e-7d0ae88c7ddd,2023-08-19 00:00:00.000,
,,94eeffa8-753c-4470-ad86-10afc04be8d4.extra_data.json,,,,0.0,1916898,1704.3658,,2023-08-22 00:35:08.739,2023-08-20 18:30:01.432,100.96003,aqfQc5yGC4,com.sec.android.app.shealth,94eeffa8-753c-4470-ad86-10afc04be8d4,2023-08-21 00:00:00.000,
,,12d71e79-d6ba-4366-b6e2-4147a13504f5.extra_data.json,,,,0.0,2265411,1697.335,,2023-08-22 18:30:03.377,2023-08-22 00:34:58.236,136.55998,aqfQc5yGC4,com.sec.android.app.shealth,12d71e79-d6ba-4366-b6e2-4147a13504f5,2023-08-22 00:00:00.000,
,,fa869c7f-d75a-4ebd-8be9-6e281e5fbece.extra_data.json,,,,0.0,3764260,1667.0972,,2023-08-24 01:34:58.833,2023-08-22 18:30:03.029,205.44994,aqfQc5yGC4,com.sec.android.app.shealth,fa869c7f-d75a-4ebd-8be9-6e281e5fbece,2023-08-23 00:00:00.000,
,,3b176876-6797-4404-ad35-9ea41828e0b0.extra_data.json,,,,0.0,5670770,1628.6351,,2023-08-25 00:35:26.518,2023-08-24 01:34:30.478,391.02808,aqfQc5yGC4,com.sec.android.app.shealth,3b176876-6797-4404-ad35-9ea41828e0b0,2023-08-24 00:00:00.000,
,,658df651-d0fd-45dd-918c-0ea954cbf90a.extra_data.json,,,,0.0,4576662,1650.7076,,2023-08-25 18:30:05.298,2023-08-25 00:34:53.792,332.94748,aqfQc5yGC4,com.sec.android.app.shealth,658df651-d0fd-45dd-918c-0ea954cbf90a,2023-08-25 00:00:00.000,
,,6c61e3ab-2df5-4677-96b3-80c6ec10339c.extra_data.json,,,,0.0,4027098,1661.7946,,2023-08-26 18:30:21.196,2023-08-25 18:30:04.183,251.95747,aqfQc5yGC4,com.sec.android.app.shealth,6c61e3ab-2df5-4677-96b3-80c6ec10339c,2023-08-26 00:00:00.000,
,,3897b0ba-c9c5-42f6-a45c-c815b21c7a61.extra_data.json,,,,0.0,3195403,1678.5732,,2023-08-27 18:30:02.264,2023-08-26 18:30:20.278,176.07893,aqfQc5yGC4,com.sec.android.app.shealth,3897b0ba-c9c5-42f6-a45c-c815b21c7a61,2023-08-27 00:00:00.000,
,,29887735-07c2-47a6-ac36-8c737ff049f8.extra_data.json,,,,0.0,4334317,1655.5967,,2023-08-28 23:50:26.958,2023-08-27 18:30:01.773,331.01752,aqfQc5yGC4,com.sec.android.app.shealth,29887735-07c2-47a6-ac36-8c737ff049f8,2023-08-28 00:00:00.000,
,,cdbec9c8-904f-469b-af09-6e0065eced44.extra_data.json,,,,0.0,4034215,1661.651,,2023-08-29 18:35:21.453,2023-08-28 23:50:13.134,298.12494,aqfQc5yGC4,com.sec.android.app.shealth,cdbec9c8-904f-469b-af09-6e0065eced44,2023-08-29 00:00:00.000,
,,6fa06699-465d-4f92-9f29-a7fb530c7b9a.extra_data.json,,,,0.0,1960980,1703.4766,,2023-08-30 18:30:04.647,2023-08-29 18:30:01.244,112.010025,aqfQc5yGC4,com.sec.android.app.shealth,6fa06699-465d-4f92-9f29-a7fb530c7b9a,2023-08-30 00:00:00.000,
,,f9efde65-303a-4cfe-a557-55f360278ce2.extra_data.json,,,,0.0,5678670,1628.4756,,2023-09-01 00:18:44.217,2023-08-30 18:30:03.560,468.54337,aqfQc5yGC4,com.sec.android.app.shealth,f9efde65-303a-4cfe-a557-55f360278ce2,2023-08-31 00:00:00.000,
,,ac2efb60-426b-4b3a-9e26-674dbd543df3.extra_data.json,,,,0.0,3872140,1664.9207,,2023-09-01 18:30:04.031,2023-09-01 00:18:42.390,284.41248,aqfQc5yGC4,com.sec.android.app.shealth,ac2efb60-426b-4b3a-9e26-674dbd543df3,2023-09-01 00:00:00.000,
,,707ca5bd-304d-4b50-8b6b-df11941df06f.extra_data.json,,,,0.0,1244545,1717.9299,,2023-09-02 18:30:02.802,2023-09-01 18:30:03.465,69.49,aqfQc5yGC4,com.sec.android.app.shealth,707ca5bd-304d-4b50-8b6b-df11941df06f,2023-09-02 00:00:00.000,
,,f022be7a-4c64-4842-aa80-cdcbd33c10f6.extra_data.json,,,,0.0,2869284,1685.1525,,2023-09-03 18:30:02.372,2023-09-02 18:30:01.284,170.87997,aqfQc5yGC4,com.sec.android.app.shealth,f022be7a-4c64-4842-aa80-cdcbd33c10f6,2023-09-03 00:00:00.000,
,,688ad8b8-91af-49bc-8454-a6d1aef78a76.extra_data.json,,,,0.0,1761990,1707.4908,,2023-09-04 18:30:02.316,2023-09-03 18:30:01.974,96.19,aqfQc5yGC4,com.sec.android.app.shealth,688ad8b8-91af-49bc-8454-a6d1aef78a76,2023-09-04 00:00:00.000,
,,b10f9264-6a9a-41fb-996c-90464b5b4dd9.extra_data.json,,,,0.0,5591923,1630.2257,,2023-09-05 18:30:03.168,2023-09-04 18:30:01.916,396.23886,aqfQc5yGC4,com.sec.android.app.shealth,b10f9264-6a9a-41fb-996c-90464b5b4dd9,2023-09-05 00:00:00.000,
,,f1fe3d43-50b7-4e8a-bd95-9060140ff91f.extra_data.json,,,,0.0,3333755,1675.7821,,2023-09-06 18:30:02.618,2023-09-05 18:30:02.572,232.21228,aqfQc5yGC4,com.sec.android.app.shealth,f1fe3d43-50b7-4e8a-bd95-9060140ff91f,2023-09-06 00:00:00.000,
,,41112d2d-ae26-42a5-a2b5-c16d87b439ba.extra_data.json,,,,0.0,4388788,1654.4979,,2023-09-07 18:30:08.266,2023-09-06 18:30:01.852,307.64563,aqfQc5yGC4,com.sec.android.app.shealth,41112d2d-ae26-42a5-a2b5-c16d87b439ba,2023-09-07 00:00:00.000,
,,782f449b-9745-4bde-b419-d505cf514cf4.extra_data.json,,,,0.0,1769224,1707.345,,2023-09-08 18:30:01.403,2023-09-07 18:30:01.961,102.70099,aqfQc5yGC4,com.sec.android.app.shealth,782f449b-9745-4bde-b419-d505cf514cf4,2023-09-08 00:00:00.000,
,,5c25962a-6ac6-45a2-9216-fff8a4dcb79f.extra_data.json,,,,0.0,682474,1729.2692,,2023-09-09 18:38:14.900,2023-09-08 18:30:01.160,34.8,aqfQc5yGC4,com.sec.android.app.shealth,5c25962a-6ac6-45a2-9216-fff8a4dcb79f,2023-09-09 00:00:00.000,
,,f3996ce4-37d6-491f-8c5c-5090242ed8aa.extra_data.json,,,,0.0,3089761,1680.7045,,2023-09-10 18:30:03.023,2023-09-09 18:30:01.103,167.43,aqfQc5yGC4,com.sec.android.app.shealth,f3996ce4-37d6-491f-8c5c-5090242ed8aa,2023-09-10 00:00:00.000,
,,cbbab95e-f309-46bf-bf75-bc9114c1429a.extra_data.json,,,,0.0,4148848,1659.3384,,2023-09-11 18:30:03.824,2023-09-10 18:30:01.466,298.1809,aqfQc5yGC4,com.sec.android.app.shealth,cbbab95e-f309-46bf-bf75-bc9114c1429a,2023-09-11 00:00:00.000,
,,99d9d07d-19fb-436b-ad32-d432006d1cc4.extra_data.json,,,,0.0,4960531,1642.9635,,2023-09-12 18:35:29.862,2023-09-11 18:30:01.705,287.39893,aqfQc5yGC4,com.sec.android.app.shealth,99d9d07d-19fb-436b-ad32-d432006d1cc4,2023-09-12 00:00:00.000,
,,d248129d-ad7b-4b57-87a2-7bd946cfb25d.extra_data.json,,,,0.0,2993609,1682.6442,,2023-09-13 18:30:03.673,2023-09-12 18:30:01.925,177.94998,aqfQc5yGC4,com.sec.android.app.shealth,d248129d-ad7b-4b57-87a2-7bd946cfb25d,2023-09-13 00:00:00.000,
,,c7a5afdd-527d-4c96-b32f-e54c0ecca712.extra_data.json,,,,0.0,5537291,1631.3279,,2023-09-14 18:30:04.258,2023-09-13 18:30:01.096,520.1163,aqfQc5yGC4,com.sec.android.app.shealth,c7a5afdd-527d-4c96-b32f-e54c0ecca712,2023-09-14 00:00:00.000,
,,54c2b480-0847-473c-ab11-fa48db3a559b.extra_data.json,,,,0.0,5739391,1627.2506,,2023-09-17 19:16:22.128,2023-09-16 18:30:01.798,410.0802,aqfQc5yGC4,com.sec.android.app.shealth,54c2b480-0847-473c-ab11-fa48db3a559b,2023-09-17 00:00:00.000,
,,693ec94f-fd18-4d8a-938a-9c429a1989ce.extra_data.json,,,,0.0,3192569,1678.6304,,2023-09-16 01:09:13.426,2023-09-14 18:30:03.456,181.24199,aqfQc5yGC4,com.sec.android.app.shealth,693ec94f-fd18-4d8a-938a-9c429a1989ce,2023-09-15 00:00:00.000,
,,b6e74ed1-c27f-4588-8331-5f9070fa8b8f.extra_data.json,,,,0.0,2409571,1694.4266,,2023-09-16 18:30:02.492,2023-09-16 01:08:59.258,122.560005,aqfQc5yGC4,com.sec.android.app.shealth,b6e74ed1-c27f-4588-8331-5f9070fa8b8f,2023-09-16 00:00:00.000,
,,49b7a895-56a2-461c-a3fd-94c0a571443a.extra_data.json,,,,0.0,1998612,1702.7174,,2023-09-18 18:30:02.726,2023-09-17 19:16:21.384,124.35997,aqfQc5yGC4,com.sec.android.app.shealth,49b7a895-56a2-461c-a3fd-94c0a571443a,2023-09-18 00:00:00.000,
,,af73352c-8ee6-4e5b-8faf-1fc6f51ffe93.extra_data.json,,,,0.0,892446,1725.0331,,2023-09-19 18:30:04.390,2023-09-18 18:30:01.272,45.920002,aqfQc5yGC4,com.sec.android.app.shealth,af73352c-8ee6-4e5b-8faf-1fc6f51ffe93,2023-09-19 00:00:00.000,
,,6b0c404d-84b4-402b-a876-c5cfd41ee4bb.extra_data.json,,,,0.0,2374412,1695.1359,,2023-09-20 18:30:02.124,2023-09-19 18:30:03.111,135.47,aqfQc5yGC4,com.sec.android.app.shealth,6b0c404d-84b4-402b-a876-c5cfd41ee4bb,2023-09-20 00:00:00.000,
,,d1c833b7-14a7-4e45-a331-d67c4a379a15.extra_data.json,,,,0.0,1600132,1710.7563,,2023-09-21 18:30:02.778,2023-09-20 18:30:01.352,78.69,aqfQc5yGC4,com.sec.android.app.shealth,d1c833b7-14a7-4e45-a331-d67c4a379a15,2023-09-21 00:00:00.000,
,,1be9cb86-dc37-4b89-bc30-c20dc34b120b.extra_data.json,,,,0.0,961814,1723.6337,,2023-09-23 00:16:49.133,2023-09-21 18:30:02.353,47.579998,aqfQc5yGC4,com.sec.android.app.shealth,1be9cb86-dc37-4b89-bc30-c20dc34b120b,2023-09-22 00:00:00.000,
,,0b845c59-d740-4b68-a20b-bc16d4ac25af.extra_data.json,,,,0.0,2819139,1686.1641,,2023-09-23 23:43:49.810,2023-09-23 00:16:14.658,150.40004,aqfQc5yGC4,com.sec.android.app.shealth,0b845c59-d740-4b68-a20b-bc16d4ac25af,2023-09-23 00:00:00.000,
,,9b67f97e-593f-4b10-8c22-34148466a53a.extra_data.json,,,,0.0,1715344,1708.432,,2023-09-24 18:30:02.511,2023-09-23 23:43:38.008,87.41,aqfQc5yGC4,com.sec.android.app.shealth,9b67f97e-593f-4b10-8c22-34148466a53a,2023-09-24 00:00:00.000,
,,13e260fe-e264-4faf-9cf5-2702cb8f6a16.extra_data.json,,,,0.0,2875760,1685.0217,,2023-09-26 01:00:39.213,2023-09-24 18:30:01.571,157.07002,aqfQc5yGC4,com.sec.android.app.shealth,13e260fe-e264-4faf-9cf5-2702cb8f6a16,2023-09-25 00:00:00.000,
,,f01c31e4-9928-4db6-8271-21d90ea77f18.extra_data.json,,,,0.0,7165288,1598.4846,,2023-09-26 18:30:02.465,2023-09-26 01:00:24.719,476.00986,aqfQc5yGC4,com.sec.android.app.shealth,f01c31e4-9928-4db6-8271-21d90ea77f18,2023-09-26 00:00:00.000,
,,396b064e-c5d1-46fb-a18c-ab1126295f1c.extra_data.json,,,,0.0,2975397,1683.0116,,2023-09-27 18:30:11.041,2023-09-26 18:30:02.034,155.40012,aqfQc5yGC4,com.sec.android.app.shealth,396b064e-c5d1-46fb-a18c-ab1126295f1c,2023-09-27 00:00:00.000,
,,8e80dcf4-1d78-4a89-a00f-4ed84d7164c3.extra_data.json,,,,0.0,1881275,1705.0846,,2023-09-29 00:20:01.915,2023-09-27 18:30:09.856,100.19,aqfQc5yGC4,com.sec.android.app.shealth,8e80dcf4-1d78-4a89-a00f-4ed84d7164c3,2023-09-28 00:00:00.000,
,,f9a5218c-6ee6-4be6-80db-92fc4b92f0f5.extra_data.json,,,,0.0,3002477,1682.4652,,2023-09-29 18:30:02.175,2023-09-29 00:19:44.526,148.47,aqfQc5yGC4,com.sec.android.app.shealth,f9a5218c-6ee6-4be6-80db-92fc4b92f0f5,2023-09-29 00:00:00.000,
,,b0c4f2eb-919c-4c27-95ec-4cb9d646f8c2.extra_data.json,,,,0.0,2590252,1690.7815,,2023-09-30 18:30:02.684,2023-09-29 18:30:01.199,133.26003,aqfQc5yGC4,com.sec.android.app.shealth,b0c4f2eb-919c-4c27-95ec-4cb9d646f8c2,2023-09-30 00:00:00.000,
,,88f3c18c-a63b-48fa-ac49-7c22ee62d4ad.extra_data.json,,,,0.0,2117278,1700.3234,,2023-10-01 18:30:04.342,2023-09-30 18:30:01.942,107.019966,aqfQc5yGC4,com.sec.android.app.shealth,88f3c18c-a63b-48fa-ac49-7c22ee62d4ad,2023-10-01 00:00:00.000,
,,cfd27ff0-55be-4c5b-80ac-f6a5ce86d1c7.extra_data.json,,,,0.0,4313721,1656.0122,,2023-10-28 23:35:47.467,2023-10-03 18:30:02.448,274.9193,aqfQc5yGC4,com.sec.android.app.shealth,cfd27ff0-55be-4c5b-80ac-f6a5ce86d1c7,2023-10-04 00:00:00.000,
,,533b7ac0-50f7-4527-b190-bbb42a4885d5.extra_data.json,,,,0.0,2204255,1698.5686,,2023-10-28 23:35:47.508,2023-10-05 18:30:00.232,113.240005,aqfQc5yGC4,com.sec.android.app.shealth,533b7ac0-50f7-4527-b190-bbb42a4885d5,2023-10-06 00:00:00.000,
,,3eade7c4-e335-40b1-b1b9-356bcd408fe7.extra_data.json,,,,0.0,507587,1732.7974,,2023-10-28 23:35:47.491,2023-10-04 18:38:59.301,25.079998,aqfQc5yGC4,com.sec.android.app.shealth,3eade7c4-e335-40b1-b1b9-356bcd408fe7,2023-10-05 00:00:00.000,
,,7b46b865-ef75-4922-8161-fd4ac2271bb9.extra_data.json,,,,0.0,2302824,1696.5801,,2023-10-28 23:35:47.400,2023-10-01 18:30:02.428,117.24001,aqfQc5yGC4,com.sec.android.app.shealth,7b46b865-ef75-4922-8161-fd4ac2271bb9,2023-10-02 00:00:00.000,
,,a5e5db0c-d5da-4350-8c72-ece18d54b191.extra_data.json,,,,0.0,2648400,1689.6085,,2023-10-28 23:35:47.436,2023-10-02 23:01:37.163,143.59995,aqfQc5yGC4,com.sec.android.app.shealth,a5e5db0c-d5da-4350-8c72-ece18d54b191,2023-10-03 00:00:00.000,
,,c8ec74ef-9d79-4e19-9acb-f1172632055a.extra_data.json,,,,0.0,1488877,1707.4214,,2023-11-03 02:04:44.586,2023-10-29 18:30:01.884,73.990005,aqfQc5yGC4,com.sec.android.app.shealth,c8ec74ef-9d79-4e19-9acb-f1172632055a,2023-10-30 00:00:00.000,
,,27f3440d-ae6d-407b-b260-0f4b50fc4280.extra_data.json,,,,0.0,1891612,1699.323,,2023-11-03 02:04:44.181,2023-10-28 18:30:00.816,99.419014,aqfQc5yGC4,com.sec.android.app.shealth,27f3440d-ae6d-407b-b260-0f4b50fc4280,2023-10-29 00:00:00.000,
,,29abf8e5-566d-4855-84b3-4ca39df6691f.extra_data.json,,,,0.0,1808874,1700.9869,,2023-11-03 02:04:41.705,2023-10-23 18:30:00.535,94.58003,aqfQc5yGC4,com.sec.android.app.shealth,29abf8e5-566d-4855-84b3-4ca39df6691f,2023-10-24 00:00:00.000,
,,f432a166-4d94-439d-aae2-3fb26c41d1e3.extra_data.json,,,,0.0,3024234,1676.548,,2023-11-03 02:04:38.824,2023-10-17 20:56:11.776,169.95003,aqfQc5yGC4,com.sec.android.app.shealth,f432a166-4d94-439d-aae2-3fb26c41d1e3,2023-10-18 00:00:00.000,
,,69f19c39-309c-4a88-8e29-f2d2783792fc.extra_data.json,,,,0.0,2221251,1692.6947,,2023-11-03 02:04:41.037,2023-10-21 18:30:27.990,125.93003,aqfQc5yGC4,com.sec.android.app.shealth,69f19c39-309c-4a88-8e29-f2d2783792fc,2023-10-22 00:00:00.000,
,,74f12f8e-2b84-40bb-88b7-ba6e4ca9983c.extra_data.json,,,,0.0,1111859,1715.0027,,2023-11-03 02:04:36.424,2023-10-08 18:30:05.229,60.27,aqfQc5yGC4,com.sec.android.app.shealth,74f12f8e-2b84-40bb-88b7-ba6e4ca9983c,2023-10-09 00:00:00.000,
,,37614330-f24a-41b4-b5d2-75b500c3d517.extra_data.json,,,,0.0,17103485,1393.4376,,2023-11-03 02:04:38.121,2023-10-15 18:30:02.044,1532.0319,aqfQc5yGC4,com.sec.android.app.shealth,37614330-f24a-41b4-b5d2-75b500c3d517,2023-10-16 00:00:00.000,
,,3496bc75-6a83-4e49-8058-44c29909c5af.extra_data.json,,,,0.0,2243548,1692.2462,,2023-11-03 02:04:41.768,2023-10-24 22:49:04.226,123.29001,aqfQc5yGC4,com.sec.android.app.shealth,3496bc75-6a83-4e49-8058-44c29909c5af,2023-10-25 00:00:00.000,
,,b8ef5183-e254-477c-bc63-83c21aa6db05.extra_data.json,,,,0.0,4732635,1642.195,,2023-11-03 02:04:38.887,2023-10-18 23:53:12.914,399.3193,aqfQc5yGC4,com.sec.android.app.shealth,b8ef5183-e254-477c-bc63-83c21aa6db05,2023-10-19 00:00:00.000,
,,f3be4e01-3b8e-497d-92b8-cf71f22b1a42.extra_data.json,,,,0.0,3866532,1659.6108,,2023-11-03 02:04:36.765,2023-10-10 22:28:16.363,211.6,aqfQc5yGC4,com.sec.android.app.shealth,f3be4e01-3b8e-497d-92b8-cf71f22b1a42,2023-10-11 00:00:00.000,
,,87e5bdb3-a872-4692-8c66-a7996ad854ba.extra_data.json,,,,0.0,1841134,1700.3381,,2023-11-03 02:04:38.453,2023-10-17 02:25:22.295,115.84999,aqfQc5yGC4,com.sec.android.app.shealth,87e5bdb3-a872-4692-8c66-a7996ad854ba,2023-10-17 00:00:00.000,
,,82034e8d-c0e4-4e61-b28f-8cb725424c28.extra_data.json,,,,0.0,2559746,1685.8881,,2023-11-03 02:04:33.993,2023-10-06 18:30:02.016,146.48996,aqfQc5yGC4,com.sec.android.app.shealth,82034e8d-c0e4-4e61-b28f-8cb725424c28,2023-10-07 00:00:00.000,
,,cec45918-7476-4656-9db5-3bf3c1d2f848.extra_data.json,,,,0.0,5023406,1636.3479,,2023-11-03 02:04:41.835,2023-10-25 18:30:01.032,287.39105,aqfQc5yGC4,com.sec.android.app.shealth,cec45918-7476-4656-9db5-3bf3c1d2f848,2023-10-26 00:00:00.000,
,,4bda0f7e-5e8e-4096-8a5b-d070ff43ddc3.extra_data.json,,,,0.0,2597635,1685.1262,,2023-11-03 02:04:36.567,2023-10-10 01:21:09.009,145.04005,aqfQc5yGC4,com.sec.android.app.shealth,4bda0f7e-5e8e-4096-8a5b-d070ff43ddc3,2023-10-10 00:00:00.000,
,,5632fbe6-c97a-4f50-94d3-d704fa8b295c.extra_data.json,,,,0.0,2470875,1687.6752,,2023-11-03 02:04:37.781,2023-10-13 18:30:01.602,134.97005,aqfQc5yGC4,com.sec.android.app.shealth,5632fbe6-c97a-4f50-94d3-d704fa8b295c,2023-10-14 00:00:00.000,
,,41a0413e-a9f0-4689-8a73-4d0bc7270204.extra_data.json,,,,0.0,2547760,1686.129,,2023-11-03 02:04:44.769,2023-10-30 21:31:12.033,129.48,aqfQc5yGC4,com.sec.android.app.shealth,41a0413e-a9f0-4689-8a73-4d0bc7270204,2023-10-31 00:00:00.000,
,,af01b120-3aed-4158-9709-dc57d8fedfb9.extra_data.json,,,,0.0,2395817,1689.1844,,2023-11-03 02:04:37.964,2023-10-14 18:30:02.375,131.16,aqfQc5yGC4,com.sec.android.app.shealth,af01b120-3aed-4158-9709-dc57d8fedfb9,2023-10-15 00:00:00.000,
,,f36bc787-d4cf-479c-97ba-2fa13b81bec3.extra_data.json,,,,0.0,3402287,1668.9459,,2023-11-03 02:04:44.801,2023-10-31 21:26:58.066,171.57999,aqfQc5yGC4,com.sec.android.app.shealth,f36bc787-d4cf-479c-97ba-2fa13b81bec3,2023-11-01 00:00:00.000,
,,a15a2b5f-83fb-4c37-ac7e-e5484a51b72a.extra_data.json,,,,0.0,2766742,1681.7257,,2023-11-03 02:04:42.439,2023-10-27 18:30:04.363,154.42001,aqfQc5yGC4,com.sec.android.app.shealth,a15a2b5f-83fb-4c37-ac7e-e5484a51b72a,2023-10-28 00:00:00.000,
,,c0983a29-b290-4f76-8e9d-e9bd62a2c1f6.extra_data.json,,,,0.0,4960953,1637.6038,,2023-11-03 02:04:37.629,2023-10-12 18:30:03.015,469.94006,aqfQc5yGC4,com.sec.android.app.shealth,c0983a29-b290-4f76-8e9d-e9bd62a2c1f6,2023-10-13 00:00:00.000,
,,44b4f0b8-aeb1-45e3-8d0d-47587fbfc56d.extra_data.json,,,,0.0,2658152,1683.9093,,2023-11-03 02:04:40.600,2023-10-20 18:30:01.402,150.98001,aqfQc5yGC4,com.sec.android.app.shealth,44b4f0b8-aeb1-45e3-8d0d-47587fbfc56d,2023-10-21 00:00:00.000,
,,1f924d16-da41-479f-82c9-658fdabf5e5d.extra_data.json,,,,0.0,2695906,1683.1501,,2023-11-03 02:04:42.011,2023-10-27 01:55:32.563,162.78093,aqfQc5yGC4,com.sec.android.app.shealth,1f924d16-da41-479f-82c9-658fdabf5e5d,2023-10-27 00:00:00.000,
,,aa5f2d40-7fcc-4996-8850-f129b9d2f188.extra_data.json,,,,0.0,2442374,1688.2482,,2023-11-03 02:04:41.586,2023-10-22 18:30:02.224,131.67,aqfQc5yGC4,com.sec.android.app.shealth,aa5f2d40-7fcc-4996-8850-f129b9d2f188,2023-10-23 00:00:00.000,
,,499b3112-d53e-4bb6-b241-4c20ca4183b7.extra_data.json,,,,0.0,1619476,1704.7954,,2023-11-03 02:04:37.402,2023-10-11 20:02:00.244,82.71999,aqfQc5yGC4,com.sec.android.app.shealth,499b3112-d53e-4bb6-b241-4c20ca4183b7,2023-10-12 00:00:00.000,
,,2faf021e-0a4d-4b4a-862e-1c44dfef03df.extra_data.json,,,,0.0,1417375,1708.8593,,2023-11-03 02:04:44.865,2023-11-01 21:38:36.571,70.5,aqfQc5yGC4,com.sec.android.app.shealth,2faf021e-0a4d-4b4a-862e-1c44dfef03df,2023-11-02 00:00:00.000,
,,06773a33-4b7e-41c0-994d-afea073e14e3.extra_data.json,,,,0.0,793195,1721.4105,,2023-11-03 02:04:35.324,2023-10-07 19:00:11.722,40.180004,aqfQc5yGC4,com.sec.android.app.shealth,06773a33-4b7e-41c0-994d-afea073e14e3,2023-10-08 00:00:00.000,
,,182e6867-c448-4874-81e3-274fd8340154.extra_data.json,,,,0.0,3236868,1672.2723,,2023-11-03 02:04:39.070,2023-10-19 22:38:05.818,185.07898,aqfQc5yGC4,com.sec.android.app.shealth,182e6867-c448-4874-81e3-274fd8340154,2023-10-20 00:00:00.000,
,,1c27ec2e-dc91-4bcf-8784-f7cd019e8184.extra_data.json,,,,0.0,3355332,1669.8903,,2023-11-04 01:01:26.145,2023-11-03 02:04:19.227,198.90994,aqfQc5yGC4,com.sec.android.app.shealth,1c27ec2e-dc91-4bcf-8784-f7cd019e8184,2023-11-03 00:00:00.000,
,,c4ec6bd3-455e-4719-9a61-771c9ac109a7.extra_data.json,,,,0.0,1719257,1702.789,,2023-11-04 18:31:39.104,2023-11-04 01:01:11.683,85.14001,aqfQc5yGC4,com.sec.android.app.shealth,c4ec6bd3-455e-4719-9a61-771c9ac109a7,2023-11-04 00:00:00.000,
,,c35f9470-e878-4768-b5ef-88e7884a9de4.extra_data.json,,,,0.0,1098549,1715.2703,,2023-11-06 00:41:49.264,2023-11-04 18:30:01.053,53.80999,aqfQc5yGC4,com.sec.android.app.shealth,c35f9470-e878-4768-b5ef-88e7884a9de4,2023-11-05 00:00:00.000,
,,17635f9e-e77c-494a-bcbb-1efa11e823c8.extra_data.json,,,,0.0,1557931,1706.033,,2023-11-06 23:44:45.375,2023-11-06 00:41:34.785,84.58,aqfQc5yGC4,com.sec.android.app.shealth,17635f9e-e77c-494a-bcbb-1efa11e823c8,2023-11-06 00:00:00.000,
,,366546a9-7937-4841-babc-557742748ece.extra_data.json,,,,0.0,3557339,1665.8281,,2023-11-07 22:54:32.767,2023-11-06 23:44:16.830,214.64113,aqfQc5yGC4,com.sec.android.app.shealth,366546a9-7937-4841-babc-557742748ece,2023-11-07 00:00:00.000,
,,a752efae-ac4d-40b6-8530-bae7f6d8bc4f.extra_data.json,,,,0.0,3847101,1660.0015,,2023-11-08 18:58:23.912,2023-11-07 22:52:34.928,270.65265,aqfQc5yGC4,com.sec.android.app.shealth,a752efae-ac4d-40b6-8530-bae7f6d8bc4f,2023-11-08 00:00:00.000,
,,67b75912-d1cf-4569-808f-bc29299fb195.extra_data.json,,,,0.0,2147567,1694.1763,,2023-11-09 18:30:03.560,2023-11-08 18:30:01.946,167.50804,aqfQc5yGC4,com.sec.android.app.shealth,67b75912-d1cf-4569-808f-bc29299fb195,2023-11-09 00:00:00.000,
,,576291f4-1fe4-44bf-9975-14a1fb6e743f.extra_data.json,,,,0.0,4976558,1637.2899,,2023-11-11 00:15:24.744,2023-11-09 18:30:03.007,344.48022,aqfQc5yGC4,com.sec.android.app.shealth,576291f4-1fe4-44bf-9975-14a1fb6e743f,2023-11-10 00:00:00.000,
,,bee3b3d7-2c1b-4782-916b-edf82ffa671b.extra_data.json,,,,0.0,1528674,1706.6212,,2023-11-11 18:35:12.894,2023-11-11 00:13:48.740,78.86001,aqfQc5yGC4,com.sec.android.app.shealth,bee3b3d7-2c1b-4782-916b-edf82ffa671b,2023-11-11 00:00:00.000,
,,70b92d02-28cc-4355-858c-01c92618b449.extra_data.json,,,,0.0,2853366,1679.9838,,2023-11-12 18:30:04.361,2023-11-11 18:30:01.899,146.17004,aqfQc5yGC4,com.sec.android.app.shealth,70b92d02-28cc-4355-858c-01c92618b449,2023-11-12 00:00:00.000,
,,f60a281b-7d30-4ca3-83c2-39b150d8665a.extra_data.json,,,,0.0,1525428,1706.6865,,2023-11-13 23:37:22.270,2023-11-12 18:30:03.456,80.55,aqfQc5yGC4,com.sec.android.app.shealth,f60a281b-7d30-4ca3-83c2-39b150d8665a,2023-11-13 00:00:00.000,
,,5c729476-68ef-454a-8c68-864051b89f11.extra_data.json,,,,0.0,2807653,1680.903,,2023-11-15 00:39:54.300,2023-11-13 23:35:29.348,149.87003,aqfQc5yGC4,com.sec.android.app.shealth,5c729476-68ef-454a-8c68-864051b89f11,2023-11-14 00:00:00.000,
,,32254c4b-fc27-4bca-9e81-b3cb478562fa.extra_data.json,,,,0.0,2433006,1688.4365,,2023-11-15 18:30:02.785,2023-11-15 00:39:38.264,148.37003,aqfQc5yGC4,com.sec.android.app.shealth,32254c4b-fc27-4bca-9e81-b3cb478562fa,2023-11-15 00:00:00.000,
,,aebb66f0-3891-4169-9e15-9eac72d4cd40.extra_data.json,,,,0.0,3569422,1665.5851,,2023-11-17 00:59:14.453,2023-11-15 18:30:01.541,224.18668,aqfQc5yGC4,com.sec.android.app.shealth,aebb66f0-3891-4169-9e15-9eac72d4cd40,2023-11-16 00:00:00.000,
,,bd227c44-abcb-4d36-b616-c620f5c00403.extra_data.json,,,,0.0,3111119,1674.8008,,2023-11-18 01:50:42.656,2023-11-17 00:58:43.272,178.54001,aqfQc5yGC4,com.sec.android.app.shealth,bd227c44-abcb-4d36-b616-c620f5c00403,2023-11-17 00:00:00.000,
,,5f108a2b-2d87-400b-a898-65ed5ec49653.extra_data.json,,,,0.0,2984006,1677.3568,,2023-11-18 18:35:52.406,2023-11-18 01:49:50.543,169.25002,aqfQc5yGC4,com.sec.android.app.shealth,5f108a2b-2d87-400b-a898-65ed5ec49653,2023-11-18 00:00:00.000,
,,0c746ec5-4006-46e7-8e82-d188bd1b5a4e.extra_data.json,,,,0.0,2279404,1691.5251,,2023-11-19 23:08:07.750,2023-11-18 18:35:51.752,127.66998,aqfQc5yGC4,com.sec.android.app.shealth,0c746ec5-4006-46e7-8e82-d188bd1b5a4e,2023-11-19 00:00:00.000,
,,06c26c13-0a24-4fc4-8c7c-d442bbf60750.extra_data.json,,,,0.0,2449044,1688.1141,,2023-11-21 00:37:11.446,2023-11-19 23:07:15.382,133.052,aqfQc5yGC4,com.sec.android.app.shealth,06c26c13-0a24-4fc4-8c7c-d442bbf60750,2023-11-20 00:00:00.000,
,,1cab7408-fba1-4708-b1d3-476e5f54b840.extra_data.json,,,,0.0,2736224,1682.3394,,2023-11-21 22:46:35.713,2023-11-21 00:36:55.658,160.71994,aqfQc5yGC4,com.sec.android.app.shealth,1cab7408-fba1-4708-b1d3-476e5f54b840,2023-11-21 00:00:00.000,
,,9db86b49-952d-488b-ae36-a52fcf3c042f.extra_data.json,,,,0.0,3412028,1668.75,,2023-11-23 01:16:55.963,2023-11-21 22:44:57.159,192.65001,aqfQc5yGC4,com.sec.android.app.shealth,9db86b49-952d-488b-ae36-a52fcf3c042f,2023-11-22 00:00:00.000,
,,305b0ada-93b4-43c0-9147-53ebc212d983.extra_data.json,,,,0.0,6411654,1608.4325,,2023-11-24 00:41:37.359,2023-11-23 01:15:17.380,504.28674,aqfQc5yGC4,com.sec.android.app.shealth,305b0ada-93b4-43c0-9147-53ebc212d983,2023-11-23 00:00:00.000,
,,825aaf0f-1545-4f3e-8f4b-04a6a049df4e.extra_data.json,,,,0.0,3230848,1672.3933,,2023-11-24 18:30:04.284,2023-11-24 00:40:49.790,207.74431,aqfQc5yGC4,com.sec.android.app.shealth,825aaf0f-1545-4f3e-8f4b-04a6a049df4e,2023-11-24 00:00:00.000,
,,c315db4b-a0a0-4f7b-83c9-9502b7d96661.extra_data.json,,,,0.0,3730289,1662.3503,,2023-11-25 18:30:02.438,2023-11-24 18:30:03.350,210.52994,aqfQc5yGC4,com.sec.android.app.shealth,c315db4b-a0a0-4f7b-83c9-9502b7d96661,2023-11-25 00:00:00.000,
,,511c0f4d-f4a7-417d-8d08-b9393178be9b.extra_data.json,,,,0.0,1842357,1700.3135,,2023-11-26 18:30:04.462,2023-11-25 18:30:01.977,92.351,aqfQc5yGC4,com.sec.android.app.shealth,511c0f4d-f4a7-417d-8d08-b9393178be9b,2023-11-26 00:00:00.000,
,,892d8696-0cbf-4f58-906c-aa4ff8da982f.extra_data.json,,,,0.0,5202920,1632.7383,,2023-11-28 00:55:20.584,2023-11-26 18:30:02.073,271.65906,aqfQc5yGC4,com.sec.android.app.shealth,892d8696-0cbf-4f58-906c-aa4ff8da982f,2023-11-27 00:00:00.000,
,,063c4ded-ed75-4b07-a7d3-fff11e3e2233.extra_data.json,,,,0.0,4584160,1645.1804,,2023-11-29 01:00:47.848,2023-11-28 00:54:52.800,297.05695,aqfQc5yGC4,com.sec.android.app.shealth,063c4ded-ed75-4b07-a7d3-fff11e3e2233,2023-11-28 00:00:00.000,
,,a6bc6802-a8a3-405c-81f8-030b3451251b.extra_data.json,,,,0.0,3171345,1673.5898,,2023-11-29 18:30:02.983,2023-11-29 00:58:36.349,196.061,aqfQc5yGC4,com.sec.android.app.shealth,a6bc6802-a8a3-405c-81f8-030b3451251b,2023-11-29 00:00:00.000,
,,231784b3-1ded-4be3-90ad-54b43800b515.extra_data.json,,0.0,,0.0,6786640,1600.8922,62600630,2023-12-28 01:49:21.696,2023-11-30 22:32:41.430,392.491,aqfQc5yGC4,com.sec.android.app.shealth,231784b3-1ded-4be3-90ad-54b43800b515,2023-12-01 00:00:00.000,
,,1cbc6448-f7b8-40d7-a0c6-ff0ef6669ef6.extra_data.json,,0.0,,0.0,2057665,1695.9841,62600630,2023-12-28 01:49:21.803,2023-12-01 18:30:01.369,102.85999,aqfQc5yGC4,com.sec.android.app.shealth,1cbc6448-f7b8-40d7-a0c6-ff0ef6669ef6,2023-12-02 00:00:00.000,
,,36564324-3aa5-4fbe-8ac3-7f500b3eca14.extra_data.json,,110.0,,0.0,4197139,1652.9629,62600630,2023-12-27 17:22:32.124,2023-11-29 18:30:02.399,281.27393,aqfQc5yGC4,com.sec.android.app.shealth,36564324-3aa5-4fbe-8ac3-7f500b3eca14,2023-11-30 00:00:00.000,
,,ddba0491-8eaf-4b14-89f4-128e6f171c1b.extra_data.json,,0.0,,0.0,2580352,1685.4738,62600630,2023-12-31 01:38:22.160,2023-12-04 01:56:02.986,145.61003,aqfQc5yGC4,com.sec.android.app.shealth,ddba0491-8eaf-4b14-89f4-128e6f171c1b,2023-12-04 00:00:00.000,
,,12d4da86-5fe7-44cd-b29c-f37f71713fc1.extra_data.json,,328.5,,0.0,5391775,1628.9407,62600630,2023-12-31 01:38:22.184,2023-12-05 01:13:25.161,527.51215,aqfQc5yGC4,com.sec.android.app.shealth,12d4da86-5fe7-44cd-b29c-f37f71713fc1,2023-12-05 00:00:00.000,
,,d714905b-d659-477c-8f3c-dcfd74dd6524.extra_data.json,,0.0,,0.0,2997122,1677.0931,62600630,2023-12-31 01:38:22.212,2023-12-06 00:01:59.598,180.38106,aqfQc5yGC4,com.sec.android.app.shealth,d714905b-d659-477c-8f3c-dcfd74dd6524,2023-12-06 00:00:00.000,
,,8ea0727a-aef7-4502-925a-b5aa2148049f.extra_data.json,,0.0,,0.0,2421283,1688.6724,62600630,2023-12-31 01:38:22.256,2023-12-06 18:30:00.757,133.14996,aqfQc5yGC4,com.sec.android.app.shealth,8ea0727a-aef7-4502-925a-b5aa2148049f,2023-12-07 00:00:00.000,
,,77ca7aee-9914-49da-9596-e16c3b265cb8.extra_data.json,,0.0,,0.0,2965003,1677.739,62600630,2023-12-31 01:38:22.292,2023-12-08 00:35:00.973,167.201,aqfQc5yGC4,com.sec.android.app.shealth,77ca7aee-9914-49da-9596-e16c3b265cb8,2023-12-08 00:00:00.000,
,,86c3e462-0409-4cfc-84fe-e910404db10b.extra_data.json,,0.0,,0.0,2540513,1686.2748,62600630,2023-12-30 17:51:45.001,2023-12-03 01:01:36.862,148.30106,aqfQc5yGC4,com.sec.android.app.shealth,86c3e462-0409-4cfc-84fe-e910404db10b,2023-12-03 00:00:00.000,
,,a2527fdf-485c-43f4-9392-3621d4b69aec.extra_data.json,,134.0,,0.0,6541349,1605.8246,62600630,2024-01-04 23:29:17.305,2023-12-08 18:30:03.112,413.6146,aqfQc5yGC4,com.sec.android.app.shealth,a2527fdf-485c-43f4-9392-3621d4b69aec,2023-12-09 00:00:00.000,
,,dd405c52-0ef4-443a-aed5-1c358702e4ec.extra_data.json,,0.0,,0.0,861764,1720.0317,62600630,2024-01-05 21:07:02.644,2023-12-09 18:30:00.459,43.539993,aqfQc5yGC4,com.sec.android.app.shealth,dd405c52-0ef4-443a-aed5-1c358702e4ec,2023-12-10 00:00:00.000,
,,e9c9dee0-89d6-4f31-8e7a-70f0d6aa823c.extra_data.json,,107.0,,0.0,5271255,1631.3641,62600630,2024-01-07 03:05:27.832,2023-12-10 18:49:38.530,342.57623,aqfQc5yGC4,com.sec.android.app.shealth,e9c9dee0-89d6-4f31-8e7a-70f0d6aa823c,2023-12-11 00:00:00.000,
,,e9b51d4c-7366-4143-ab30-f29311155c07.extra_data.json,,0.0,,0.0,3134469,1674.3313,62600630,2024-01-08 01:13:20.610,2023-12-12 00:29:11.963,171.72003,aqfQc5yGC4,com.sec.android.app.shealth,e9b51d4c-7366-4143-ab30-f29311155c07,2023-12-12 00:00:00.000,
,,1f8e841c-0aeb-4bfa-969c-e62943a16fd8.extra_data.json,,92.0,,0.0,2590052,1685.2787,62600630,2024-01-09 01:00:38.901,2023-12-12 18:31:14.219,186.64374,aqfQc5yGC4,com.sec.android.app.shealth,1f8e841c-0aeb-4bfa-969c-e62943a16fd8,2023-12-13 00:00:00.000,
,,cc3a1af8-9567-4fb6-b473-c3ab80625a82.extra_data.json,,0.0,,0.0,1799813,1701.169,62600630,2024-01-09 01:00:38.953,2023-12-13 20:13:23.482,130.19998,aqfQc5yGC4,com.sec.android.app.shealth,cc3a1af8-9567-4fb6-b473-c3ab80625a82,2023-12-14 00:00:00.000,
,,fe831f10-2e09-444d-9650-afe03f7fe60f.extra_data.json,,0.0,,0.0,44689,1736.4617,62600630,2024-01-11 00:13:10.646,2023-12-17 11:16:13.452,2.83,aqfQc5yGC4,com.sec.android.app.shealth,fe831f10-2e09-444d-9650-afe03f7fe60f,2023-12-15 00:00:00.000,
,,29b7abc0-1cda-4471-ac65-5c36df401c6b.extra_data.json,,81.0,,0.0,2135601,1694.4169,62600630,2024-01-11 22:14:50.232,2023-12-17 11:16:13.486,169.29991,aqfQc5yGC4,com.sec.android.app.shealth,29b7abc0-1cda-4471-ac65-5c36df401c6b,2023-12-16 00:00:00.000,
,,613f0382-60e6-4e37-ae9e-ce31b0ddea4b.extra_data.json,,0.0,,0.0,1283278,1711.5557,62600630,2024-01-13 13:45:40.788,2023-12-17 11:16:08.930,79.97,aqfQc5yGC4,com.sec.android.app.shealth,613f0382-60e6-4e37-ae9e-ce31b0ddea4b,2023-12-17 00:00:00.000,
,,f76f9898-605f-408c-a6a6-4c87ed300873.extra_data.json,,0.0,,0.0,3014600,1676.7417,62600630,2024-01-13 13:45:41.343,2023-12-18 00:09:43.631,178.15004,aqfQc5yGC4,com.sec.android.app.shealth,f76f9898-605f-408c-a6a6-4c87ed300873,2023-12-18 00:00:00.000,
,,e28bdd3b-5f09-45e2-a015-303d8031896c.extra_data.json,,257.0,,0.0,2127111,1694.5876,62600630,2024-01-13 13:45:41.615,2023-12-18 18:30:01.897,331.56,aqfQc5yGC4,com.sec.android.app.shealth,e28bdd3b-5f09-45e2-a015-303d8031896c,2023-12-19 00:00:00.000,
,,7cab716c-08d4-453c-ac60-056bbddbd0d5.extra_data.json,,0.0,,0.0,511559,1727.0736,62600630,2024-01-16 17:15:41.838,2023-12-19 18:30:02.625,29.890001,aqfQc5yGC4,com.sec.android.app.shealth,7cab716c-08d4-453c-ac60-056bbddbd0d5,2023-12-20 00:00:00.000,
,,dc99d87b-552b-4cf0-8c54-e71f08320b7b.extra_data.json,,0.0,,0.0,859733,1720.0724,62600630,2024-01-17 01:30:04.148,2023-12-20 18:34:01.303,45.77,aqfQc5yGC4,com.sec.android.app.shealth,dc99d87b-552b-4cf0-8c54-e71f08320b7b,2023-12-21 00:00:00.000,
,,0dd5104c-7ec3-417f-9a78-0dd15e0ad55e.extra_data.json,,0.0,,0.0,1193930,1713.3524,62600630,2024-01-18 01:43:40.999,2023-12-21 18:33:57.096,57.64,aqfQc5yGC4,com.sec.android.app.shealth,0dd5104c-7ec3-417f-9a78-0dd15e0ad55e,2023-12-22 00:00:00.000,
,,45249b3f-6e8c-453b-a7f1-145b94e235b1.extra_data.json,,0.0,,0.0,1068267,1715.8793,62600630,2024-01-19 00:42:40.562,2023-12-22 18:30:01.506,52.00999,aqfQc5yGC4,com.sec.android.app.shealth,45249b3f-6e8c-453b-a7f1-145b94e235b1,2023-12-23 00:00:00.000,
,,9c1a5865-cec6-4890-80fd-ec2395b1c9f1.extra_data.json,,0.0,,0.0,1637455,1704.4337,62610110,2024-01-21 00:40:30.469,2023-12-24 23:18:13.064,83.939964,aqfQc5yGC4,com.sec.android.app.shealth,9c1a5865-cec6-4890-80fd-ec2395b1c9f1,2023-12-25 00:00:00.000,
,,bba580c8-0952-40aa-a8aa-9af4d9482e32.extra_data.json,,111.0,,0.0,3298712,1671.0287,62610110,2024-01-21 00:40:30.540,2023-12-25 22:06:22.519,225.53842,aqfQc5yGC4,com.sec.android.app.shealth,bba580c8-0952-40aa-a8aa-9af4d9482e32,2023-12-26 00:00:00.000,
,,56b1040c-5536-4c9b-aba7-1dacc488135d.extra_data.json,,0.0,,0.0,1685449,1703.4688,62610110,2024-01-20 09:50:00.245,2023-12-23 18:30:02.390,87.549995,aqfQc5yGC4,com.sec.android.app.shealth,56b1040c-5536-4c9b-aba7-1dacc488135d,2023-12-24 00:00:00.000,
,,21b351e8-d317-4b21-b5d9-36ee2938fe57.extra_data.json,,182.0,62600630,0.0,4735908,1642.1292,62610110,2024-01-23 01:34:43.713,2024-01-01 18:30:01.878,328.16705,aqfQc5yGC4,com.sec.android.app.shealth,21b351e8-d317-4b21-b5d9-36ee2938fe57,2024-01-02 00:00:00.000,
,,dd4b6b4e-8863-494c-87ed-26f85847d53a.extra_data.json,,65.14,62600630,0.0,3347346,1670.0508,62610110,2024-01-23 01:34:43.741,2024-01-02 18:30:01.380,205.59709,aqfQc5yGC4,com.sec.android.app.shealth,dd4b6b4e-8863-494c-87ed-26f85847d53a,2024-01-03 00:00:00.000,
,,e7b34dad-9805-4032-85e8-f3501bdbf695.extra_data.json,,0.0,,0.0,999031,1717.2714,62610110,2024-01-23 01:34:43.529,2023-12-26 21:37:09.211,56.370007,aqfQc5yGC4,com.sec.android.app.shealth,e7b34dad-9805-4032-85e8-f3501bdbf695,2023-12-27 00:00:00.000,
,,a5a64822-5ca6-45ef-a049-b9989e9f9ac8.extra_data.json,,206.45,62600630,0.0,3739353,1662.1681,62610110,2024-01-23 01:34:43.574,2023-12-27 18:30:02.489,334.77667,aqfQc5yGC4,com.sec.android.app.shealth,a5a64822-5ca6-45ef-a049-b9989e9f9ac8,2023-12-28 00:00:00.000,
,,041e41bd-f87d-4389-90ec-f29694eedb0d.extra_data.json,,0.0,62600630,0.0,1743107,1702.3093,62610110,2024-01-23 01:34:43.621,2023-12-28 18:30:02.287,91.28,aqfQc5yGC4,com.sec.android.app.shealth,041e41bd-f87d-4389-90ec-f29694eedb0d,2023-12-29 00:00:00.000,
,,f5dcd95a-74b4-4ab4-87c5-759eab7cd9dc.extra_data.json,,137.0,62600630,0.0,3661286,1663.7379,62610110,2024-01-23 01:34:43.795,2024-01-04 23:26:45.075,255.96004,aqfQc5yGC4,com.sec.android.app.shealth,f5dcd95a-74b4-4ab4-87c5-759eab7cd9dc,2024-01-05 00:00:00.000,
,,5512368b-05fe-4eda-b8b2-2c21654dde33.extra_data.json,,0.0,62600630,0.0,1886883,1699.4182,62610110,2024-01-23 01:34:43.646,2023-12-29 18:30:18.082,93.46002,aqfQc5yGC4,com.sec.android.app.shealth,5512368b-05fe-4eda-b8b2-2c21654dde33,2023-12-30 00:00:00.000,
,,d1c14d28-5b0b-44ed-8444-f3bc7a622a6f.extra_data.json,,165.0,62600630,0.0,7053074,1595.5348,62610110,2024-01-23 01:34:43.666,2023-12-30 18:30:01.147,437.98233,aqfQc5yGC4,com.sec.android.app.shealth,d1c14d28-5b0b-44ed-8444-f3bc7a622a6f,2023-12-31 00:00:00.000,
,,fe8f8df0-f95c-4cdb-b38b-c43ea0e2e0ea.extra_data.json,,100.0,62600630,0.0,2558193,1685.9193,62610110,2024-01-23 01:34:43.770,2024-01-03 18:30:01.853,181.73123,aqfQc5yGC4,com.sec.android.app.shealth,fe8f8df0-f95c-4cdb-b38b-c43ea0e2e0ea,2024-01-04 00:00:00.000,
,,f3b830e7-3dfa-4f2b-94d0-540bc8604ca5.extra_data.json,,123.0,62600630,0.0,3587454,1665.2225,62610110,2024-01-23 01:34:43.689,2023-12-31 18:30:01.077,240.40552,aqfQc5yGC4,com.sec.android.app.shealth,f3b830e7-3dfa-4f2b-94d0-540bc8604ca5,2024-01-01 00:00:00.000,
,,c5f822a3-78ce-4fd0-acb7-e6a10ea8e3cf.extra_data.json,,0.0,62600630,0.0,3963335,1657.6642,62610110,2024-01-23 01:34:43.805,2024-01-05 21:04:57.466,207.91995,aqfQc5yGC4,com.sec.android.app.shealth,c5f822a3-78ce-4fd0-acb7-e6a10ea8e3cf,2024-01-06 00:00:00.000,
,,5b720e95-1705-4173-a179-bb0a3fe66c1b.extra_data.json,,0.0,62600630,0.0,3376277,1669.4689,62610110,2024-01-23 01:34:43.825,2024-01-06 18:30:01.097,166.27998,aqfQc5yGC4,com.sec.android.app.shealth,5b720e95-1705-4173-a179-bb0a3fe66c1b,2024-01-07 00:00:00.000,
,,9aa6ac81-551e-4c1c-a60e-a0f2fe47aaeb.extra_data.json,,323.0,62600630,0.0,5422702,1628.3187,62610110,2024-02-04 12:55:16.630,2024-01-07 18:30:01.000,428.3639,aqfQc5yGC4,com.sec.android.app.shealth,9aa6ac81-551e-4c1c-a60e-a0f2fe47aaeb,2024-01-08 00:00:00.000,
,,3ee09447-c109-45c9-ba30-fbd90f9cf06c.extra_data.json,,205.0,62600630,0.0,5282176,1631.1445,62610110,2024-02-04 12:55:16.670,2024-01-09 01:00:00.991,366.8024,aqfQc5yGC4,com.sec.android.app.shealth,3ee09447-c109-45c9-ba30-fbd90f9cf06c,2024-01-09 00:00:00.000,
,,4fda55b0-6138-4a19-8a40-ed10cad86eb4.extra_data.json,,210.0,62600630,0.0,5198971,1632.8177,62610110,2024-02-06 11:11:55.832,2024-01-09 18:30:01.193,371.09125,aqfQc5yGC4,com.sec.android.app.shealth,4fda55b0-6138-4a19-8a40-ed10cad86eb4,2024-01-10 00:00:00.000,
,,1d042cae-19e3-4721-bcd7-c52d85f4c9a3.extra_data.json,,119.0,62600630,0.0,4430044,1648.2794,62620030,2024-02-07 02:05:10.757,2024-01-11 00:12:49.506,287.73187,aqfQc5yGC4,com.sec.android.app.shealth,1d042cae-19e3-4721-bcd7-c52d85f4c9a3,2024-01-11 00:00:00.000,
,,c199aa35-8312-42f5-b3c6-ebd4a27b13d8.extra_data.json,,0.0,62600630,0.0,2322981,1690.6489,62620030,2024-02-07 02:05:10.775,2024-01-11 21:23:03.199,122.301,aqfQc5yGC4,com.sec.android.app.shealth,c199aa35-8312-42f5-b3c6-ebd4a27b13d8,2024-01-12 00:00:00.000,
,,63751e26-fe76-4bb9-8043-6df48adfc576.extra_data.json,,434.75998,62600630,0.0,7821071,1542.3203,62620030,2024-02-09 02:46:56.583,2024-01-18 01:42:28.798,647.73193,aqfQc5yGC4,com.sec.android.app.shealth,63751e26-fe76-4bb9-8043-6df48adfc576,2024-01-18 00:00:00.000,
,,63f649ca-feb0-45d5-95f6-801621d1b19f.extra_data.json,,439.0,62600630,0.0,8040778,1545.298,62620030,2024-02-09 02:46:56.363,2024-01-12 23:48:21.766,638.06934,aqfQc5yGC4,com.sec.android.app.shealth,63f649ca-feb0-45d5-95f6-801621d1b19f,2024-01-13 00:00:00.000,
,,c07d34e9-5dbf-45ad-8524-82c223b30379.extra_data.json,,0.0,62600630,0.0,4086970,1623.2698,62620030,2024-02-09 02:46:56.423,2024-01-13 18:30:01.061,236.01999,aqfQc5yGC4,com.sec.android.app.shealth,c07d34e9-5dbf-45ad-8524-82c223b30379,2024-01-14 00:00:00.000,
,,9ca238c6-e380-48bd-827c-0e0221b6e548.extra_data.json,,234.347,62600630,0.0,5501986,1595.3647,62620030,2024-02-09 02:46:56.491,2024-01-14 18:30:02.456,390.10126,aqfQc5yGC4,com.sec.android.app.shealth,9ca238c6-e380-48bd-827c-0e0221b6e548,2024-01-15 00:00:00.000,
,,33949f6f-3efe-445f-9311-0352c9babd96.extra_data.json,,0.0,62600630,0.0,1023845,1683.6766,62620030,2024-02-09 02:46:56.523,2024-01-16 00:51:51.242,54.14199,aqfQc5yGC4,com.sec.android.app.shealth,33949f6f-3efe-445f-9311-0352c9babd96,2024-01-16 00:00:00.000,
,,73ab75bc-be55-4db8-8e60-097530a08e9f.extra_data.json,,300.0,62600630,0.0,7001945,1565.7844,62620030,2024-02-09 02:46:56.548,2024-01-17 01:14:07.094,513.30225,aqfQc5yGC4,com.sec.android.app.shealth,73ab75bc-be55-4db8-8e60-097530a08e9f,2024-01-17 00:00:00.000,
,,9c57c91b-be6d-4b45-907a-97c57d9d1ad5.extra_data.json,,0.0,62600630,0.0,5103981,1595.6504,62620030,2024-02-15 01:42:01.490,2024-01-19 00:41:57.770,286.02005,aqfQc5yGC4,com.sec.android.app.shealth,9c57c91b-be6d-4b45-907a-97c57d9d1ad5,2024-01-19 00:00:00.000,
,,bbb50a37-ce59-472a-bb0c-2914eef58e75.extra_data.json,,249.0,62600630,0.0,4426322,1608.9513,62620030,2024-02-15 01:42:01.535,2024-01-19 18:30:02.537,341.17206,aqfQc5yGC4,com.sec.android.app.shealth,bbb50a37-ce59-472a-bb0c-2914eef58e75,2024-01-20 00:00:00.000,
,,6f55e9b3-2006-4ad6-b211-b7ebb8c9e519.extra_data.json,,581.88,62610110,0.0,9101253,1517.1932,62620030,2024-02-16 23:39:35.679,2024-01-20 18:31:14.925,770.22107,aqfQc5yGC4,com.sec.android.app.shealth,6f55e9b3-2006-4ad6-b211-b7ebb8c9e519,2024-01-21 00:00:00.000,
,,73d59046-4e0a-4c49-938e-a700788d6262.extra_data.json,,371.0,62610110,0.0,6911206,1560.1788,62620030,2024-02-19 01:51:43.652,2024-01-23 00:39:24.139,514.87335,aqfQc5yGC4,com.sec.android.app.shealth,73d59046-4e0a-4c49-938e-a700788d6262,2024-01-23 00:00:00.000,
,,54389234-9520-4f99-a8a2-14efac7956a3.extra_data.json,,0.0,62610110,0.0,2103731,1654.5383,62620030,2024-02-19 01:51:43.700,2024-01-23 18:30:01.441,114.979965,aqfQc5yGC4,com.sec.android.app.shealth,54389234-9520-4f99-a8a2-14efac7956a3,2024-01-24 00:00:00.000,
,,33c07d2a-d00b-4b78-bc78-0a2b9250c909.extra_data.json,,1045.5701,62610110,0.0,15084429,1399.7576,62620030,2024-02-18 17:29:23.248,2024-01-21 18:30:02.143,1226.6267,aqfQc5yGC4,com.sec.android.app.shealth,33c07d2a-d00b-4b78-bc78-0a2b9250c909,2024-01-22 00:00:00.000,
,,743b6be5-1e7d-4e28-b03e-cfb820e77948.extra_data.json,,0.0,62610110,0.0,2061279,1655.3716,62620030,2024-02-19 01:51:43.750,2024-01-24 18:30:02.436,108.280014,aqfQc5yGC4,com.sec.android.app.shealth,743b6be5-1e7d-4e28-b03e-cfb820e77948,2024-01-25 00:00:00.000,
,,f025ba53-14a3-4c56-9ae8-0d133be2d63f.extra_data.json,,231.0,62610110,0.0,4689030,1603.7949,62620030,2024-02-19 01:51:43.842,2024-01-25 18:30:02.075,337.94427,aqfQc5yGC4,com.sec.android.app.shealth,f025ba53-14a3-4c56-9ae8-0d133be2d63f,2024-01-26 00:00:00.000,
,,9d76d7b7-70c1-44b3-bbf8-24e8ffbe5d76.extra_data.json,,376.0,62610110,0.0,6936895,1559.6746,62620030,2024-02-23 03:13:50.289,2024-01-27 19:04:54.496,528.3304,aqfQc5yGC4,com.sec.android.app.shealth,9d76d7b7-70c1-44b3-bbf8-24e8ffbe5d76,2024-01-28 00:00:00.000,
,,deae1bce-1d0e-4fb5-928f-0edef285b31f.extra_data.json,,199.0,62610110,0.0,5646246,1585.007,62620030,2024-02-23 03:13:50.315,2024-01-28 18:30:02.555,387.51505,aqfQc5yGC4,com.sec.android.app.shealth,deae1bce-1d0e-4fb5-928f-0edef285b31f,2024-01-29 00:00:00.000,
,,5a3db75f-6c09-4696-9ce4-a81488f487cf.extra_data.json,,265.0,62610110,0.0,7662173,1545.4391,62620030,2024-02-23 03:13:50.387,2024-01-29 18:30:02.023,508.01917,aqfQc5yGC4,com.sec.android.app.shealth,5a3db75f-6c09-4696-9ce4-a81488f487cf,2024-01-30 00:00:00.000,
,,d1d379ab-b398-4e74-bf69-e2b9410ff39f.extra_data.json,,0.0,62610110,0.0,5784067,1582.302,62620030,2024-02-23 03:13:50.403,2024-01-30 18:30:01.441,304.18994,aqfQc5yGC4,com.sec.android.app.shealth,d1d379ab-b398-4e74-bf69-e2b9410ff39f,2024-01-31 00:00:00.000,
,,a24eabd1-8b63-440c-aba5-eded6f02d887.extra_data.json,,424.0,62610110,0.0,8422916,1530.5076,62620030,2024-02-23 03:13:50.415,2024-01-31 18:30:02.823,679.82227,aqfQc5yGC4,com.sec.android.app.shealth,a24eabd1-8b63-440c-aba5-eded6f02d887,2024-02-01 00:00:00.000,
,,ca7f6543-aba0-4e9d-9852-56a64dbd506f.extra_data.json,,77.0,62610110,0.0,6578389,1566.7112,62620030,2024-02-23 03:13:50.426,2024-02-01 18:34:17.154,381.16867,aqfQc5yGC4,com.sec.android.app.shealth,ca7f6543-aba0-4e9d-9852-56a64dbd506f,2024-02-02 00:00:00.000,
,,1441ee87-1cf3-423c-82ed-8c5c65115e87.extra_data.json,,0.0,62610110,0.0,3687633,1623.4501,62620030,2024-02-23 03:13:50.430,2024-02-02 18:30:01.256,207.359,aqfQc5yGC4,com.sec.android.app.shealth,1441ee87-1cf3-423c-82ed-8c5c65115e87,2024-02-03 00:00:00.000,
,,d8b1dc1d-d69a-4423-b85d-dc765656a19c.extra_data.json,,100.0,62610110,0.0,3222219,1632.5851,62620030,2024-02-23 03:13:49.962,2024-01-26 18:30:04.757,242.24037,aqfQc5yGC4,com.sec.android.app.shealth,d8b1dc1d-d69a-4423-b85d-dc765656a19c,2024-01-27 00:00:00.000,
,,4464e163-2aac-4fa1-9439-574f0176319a.extra_data.json,,0.0,62610110,0.0,1442187,1667.523,62620030,2024-03-02 08:14:43.810,2024-02-03 18:30:00.801,85.990005,aqfQc5yGC4,com.sec.android.app.shealth,4464e163-2aac-4fa1-9439-574f0176319a,2024-02-04 00:00:00.000,
,,9c22d483-526c-48ed-93da-11c1f808f9fb.extra_data.json,,228.23001,62610110,0.0,6697981,1564.3639,62620030,2024-03-02 08:14:43.842,2024-02-04 18:30:01.360,484.3712,aqfQc5yGC4,com.sec.android.app.shealth,9c22d483-526c-48ed-93da-11c1f808f9fb,2024-02-05 00:00:00.000,
,,6a3a3fbf-58f8-499c-8588-89b24a75612c.extra_data.json,,97.0,62610110,0.0,5676327,1584.4166,62620030,2024-03-04 17:08:48.367,2024-02-06 02:27:52.440,356.23254,aqfQc5yGC4,com.sec.android.app.shealth,6a3a3fbf-58f8-499c-8588-89b24a75612c,2024-02-06 00:00:00.000,
,,402f67bd-2c24-4a60-89ad-85408b34349b.extra_data.json,,62.0,62610110,0.0,4975992,1598.1626,62620030,2024-03-05 17:09:24.771,2024-02-06 18:30:16.613,308.70526,aqfQc5yGC4,com.sec.android.app.shealth,402f67bd-2c24-4a60-89ad-85408b34349b,2024-02-07 00:00:00.000,
,,7e2a4260-be2b-433e-9c00-e4d9c114561a.extra_data.json,,317.0,62620030,0.0,5957443,1578.899,62620030,2024-03-05 17:09:24.791,2024-02-07 18:30:01.326,460.73352,aqfQc5yGC4,com.sec.android.app.shealth,7e2a4260-be2b-433e-9c00-e4d9c114561a,2024-02-08 00:00:00.000,
,,0936fb62-76f9-42af-9604-352dd4765c49.extra_data.json,,130.0,62620030,0.0,6214661,1573.8503,62620030,2024-03-07 17:17:52.134,2024-02-09 18:30:03.249,386.65942,aqfQc5yGC4,com.sec.android.app.shealth,0936fb62-76f9-42af-9604-352dd4765c49,2024-02-10 00:00:00.000,
,,d5bae50f-9b6f-40cb-b05c-08612ee5de41.extra_data.json,,0.0,62620030,0.0,4247169,1612.4677,62620030,2024-03-07 17:17:52.024,2024-02-09 00:46:49.929,243.62004,aqfQc5yGC4,com.sec.android.app.shealth,d5bae50f-9b6f-40cb-b05c-08612ee5de41,2024-02-09 00:00:00.000,
,,128ec50e-5901-4da3-947a-3c710370692c.extra_data.json,,250.26001,62620030,0.0,4468422,1608.1249,62620030,2024-03-09 00:35:27.450,2024-02-10 18:30:02.727,359.0805,aqfQc5yGC4,com.sec.android.app.shealth,128ec50e-5901-4da3-947a-3c710370692c,2024-02-11 00:00:00.000,
,,6243c9a2-46c0-4ddf-a8db-e36755cce62d.extra_data.json,,181.38,62620030,0.0,5236547,1593.0486,62620030,2024-03-09 23:27:07.494,2024-02-12 18:30:02.520,403.8789,aqfQc5yGC4,com.sec.android.app.shealth,6243c9a2-46c0-4ddf-a8db-e36755cce62d,2024-02-13 00:00:00.000,
,,8233ce66-018c-4691-a60a-10942d2d159d.extra_data.json,,71.0,62620030,0.0,4072281,1615.9003,62620030,2024-03-09 23:27:07.413,2024-02-11 18:30:01.242,256.22516,aqfQc5yGC4,com.sec.android.app.shealth,8233ce66-018c-4691-a60a-10942d2d159d,2024-02-12 00:00:00.000,
,,6594fb6f-4436-4d7b-ac61-c0ebbe570f03.extra_data.json,,0.0,62620030,0.0,2599118,1644.815,62650170,2024-03-12 18:20:29.965,2024-02-13 18:30:04.130,135.93005,aqfQc5yGC4,com.sec.android.app.shealth,6594fb6f-4436-4d7b-ac61-c0ebbe570f03,2024-02-14 00:00:00.000,
,,0788650b-cb5d-424b-8049-b0578ca50107.extra_data.json,,71.0,62620030,0.0,2893320,1639.0405,62650170,2024-03-13 01:58:29.610,2024-02-14 18:55:01.424,178.38583,aqfQc5yGC4,com.sec.android.app.shealth,0788650b-cb5d-424b-8049-b0578ca50107,2024-02-15 00:00:00.000,
,,220ac887-d0a5-4acc-a4b8-672c9b754460.extra_data.json,,96.0,62620030,0.0,4318795,1611.0619,62650170,2024-03-13 01:58:29.652,2024-02-15 18:30:03.345,273.35657,aqfQc5yGC4,com.sec.android.app.shealth,220ac887-d0a5-4acc-a4b8-672c9b754460,2024-02-16 00:00:00.000,
,,49c797c3-baf8-4695-8729-49fcede56e1f.extra_data.json,,95.0,62620030,0.0,3707246,1623.0651,62650170,2024-03-15 11:47:43.538,2024-02-16 23:37:20.654,244.25882,aqfQc5yGC4,com.sec.android.app.shealth,49c797c3-baf8-4695-8729-49fcede56e1f,2024-02-17 00:00:00.000,
,,8f28379a-f32d-4614-a931-bb0a76f1952b.extra_data.json,,274.0,62620030,0.0,4752550,1602.5482,62650170,2024-03-15 11:47:43.562,2024-02-18 00:34:17.162,363.07025,aqfQc5yGC4,com.sec.android.app.shealth,8f28379a-f32d-4614-a931-bb0a76f1952b,2024-02-18 00:00:00.000,
,,78e9c649-10fe-456b-ad26-b69981a8e824.extra_data.json,,253.94,62620030,0.0,5902424,1579.9789,62650170,2024-03-15 11:47:43.613,2024-02-19 01:13:40.351,458.28284,aqfQc5yGC4,com.sec.android.app.shealth,78e9c649-10fe-456b-ad26-b69981a8e824,2024-02-19 00:00:00.000,
,,4ba34007-c083-40f0-a950-8f4b5ce90457.extra_data.json,,0.0,62620030,0.0,4724074,1603.1072,62650170,2024-03-15 11:47:43.967,2024-02-26 18:30:02.878,266.30002,aqfQc5yGC4,com.sec.android.app.shealth,4ba34007-c083-40f0-a950-8f4b5ce90457,2024-02-27 00:00:00.000,
,,2a8bbb89-1a75-4e3a-864f-f1d76fa9d7a3.extra_data.json,,575.28,62620030,0.0,8253865,1533.8256,62650170,2024-03-15 11:47:43.676,2024-02-19 18:30:02.504,737.73694,aqfQc5yGC4,com.sec.android.app.shealth,2a8bbb89-1a75-4e3a-864f-f1d76fa9d7a3,2024-02-20 00:00:00.000,
,,0fb754ca-fb52-4a51-8804-c2d124bb763a.extra_data.json,,0.0,62620030,0.0,2840779,1640.0719,62650170,2024-03-15 11:47:43.760,2024-02-23 01:46:12.398,156.07999,aqfQc5yGC4,com.sec.android.app.shealth,0fb754ca-fb52-4a51-8804-c2d124bb763a,2024-02-23 00:00:00.000,
,,0b2e86ec-4702-4f40-9019-a6e9ad171609.extra_data.json,,0.0,62620030,0.0,2696040,1642.9127,62650170,2024-03-15 11:47:43.714,2024-02-20 18:30:03.366,142.25998,aqfQc5yGC4,com.sec.android.app.shealth,0b2e86ec-4702-4f40-9019-a6e9ad171609,2024-02-21 00:00:00.000,
,,3a6eead1-19fd-424c-bcbe-7005e08a4f02.extra_data.json,,252.0,62620030,0.0,4541589,1606.6888,62650170,2024-03-15 11:47:43.732,2024-02-21 18:30:01.442,350.66016,aqfQc5yGC4,com.sec.android.app.shealth,3a6eead1-19fd-424c-bcbe-7005e08a4f02,2024-02-22 00:00:00.000,
,,c9a1a7c6-0c21-4cad-bb90-2e96e702a8f3.extra_data.json,,0.0,62620030,0.0,3052679,1635.9127,62650170,2024-03-15 11:47:43.825,2024-02-23 18:30:03.380,170.65005,aqfQc5yGC4,com.sec.android.app.shealth,c9a1a7c6-0c21-4cad-bb90-2e96e702a8f3,2024-02-24 00:00:00.000,
,,f9e02b32-c814-4563-8c52-40568c4c55bd.extra_data.json,,0.0,62620030,0.0,2693346,1642.9656,62650170,2024-03-15 11:47:43.863,2024-02-24 18:30:02.306,142.25,aqfQc5yGC4,com.sec.android.app.shealth,f9e02b32-c814-4563-8c52-40568c4c55bd,2024-02-25 00:00:00.000,
,,2dd20527-3afc-451d-a9ee-538639fc3b63.extra_data.json,,148.0,62620030,0.0,4894848,1599.7552,62650170,2024-03-15 11:47:43.888,2024-02-25 18:30:02.748,327.00833,aqfQc5yGC4,com.sec.android.app.shealth,2dd20527-3afc-451d-a9ee-538639fc3b63,2024-02-26 00:00:00.000,
,,59a8f085-04be-4add-9a85-b4628b54687e.extra_data.json,,0.0,62620030,0.0,3523551,1626.6705,62650170,2024-03-26 10:20:12.723,2024-02-27 18:30:02.466,203.60896,aqfQc5yGC4,com.sec.android.app.shealth,59a8f085-04be-4add-9a85-b4628b54687e,2024-02-28 00:00:00.000,
,,fc3c0d25-86f1-41bb-a501-4bcbd8209b0c.extra_data.json,,257.0,62620030,0.0,6114200,1575.8223,62650170,2024-03-26 22:43:59.960,2024-02-28 18:30:02.055,461.1192,aqfQc5yGC4,com.sec.android.app.shealth,fc3c0d25-86f1-41bb-a501-4bcbd8209b0c,2024-02-29 00:00:00.000,
,,23cc0b14-1823-439f-9f56-acbef4d83034.extra_data.json,,85.0,62620030,0.0,3841883,1620.4225,62650170,2024-03-28 00:43:24.589,2024-02-29 19:50:02.301,247.14998,aqfQc5yGC4,com.sec.android.app.shealth,23cc0b14-1823-439f-9f56-acbef4d83034,2024-03-01 00:00:00.000,
,,e49b1f49-2468-4f82-923a-a95a3b994080.extra_data.json,,94.0,62620030,0.0,4154237,1614.2916,62650170,2024-03-28 00:43:24.715,2024-03-01 18:30:01.694,260.0421,aqfQc5yGC4,com.sec.android.app.shealth,e49b1f49-2468-4f82-923a-a95a3b994080,2024-03-02 00:00:00.000,
,,54731b9b-50b3-4a73-b3f6-edf4a7b7c1d5.extra_data.json,,0.0,62620030,0.0,2714956,1642.5414,62650170,2024-03-30 02:50:16.500,2024-03-02 18:37:00.475,144.53993,aqfQc5yGC4,com.sec.android.app.shealth,54731b9b-50b3-4a73-b3f6-edf4a7b7c1d5,2024-03-03 00:00:00.000,
,,70741bec-ce80-4c96-b7ae-343feaa81ed0.extra_data.json,,0.0,62620030,0.0,2825202,1640.3776,62650170,2024-03-30 02:50:16.566,2024-03-03 18:30:01.489,156.86002,aqfQc5yGC4,com.sec.android.app.shealth,70741bec-ce80-4c96-b7ae-343feaa81ed0,2024-03-04 00:00:00.000,
,,cb39a1b0-c460-4232-b12f-893b9a6974a9.extra_data.json,,347.78998,62620030,0.0,7696338,1544.7686,62660010,2024-04-01 01:35:22.393,2024-03-05 01:18:00.848,632.64307,aqfQc5yGC4,com.sec.android.app.shealth,cb39a1b0-c460-4232-b12f-893b9a6974a9,2024-03-05 00:00:00.000,
,,34b89e1a-d5bb-42bf-ba35-f56168a5d856.extra_data.json,,0.0,62620030,0.0,4907306,1599.5107,62660010,2024-04-01 23:55:04.704,2024-03-05 18:30:01.775,269.15005,aqfQc5yGC4,com.sec.android.app.shealth,34b89e1a-d5bb-42bf-ba35-f56168a5d856,2024-03-06 00:00:00.000,
,,50cf38bd-758f-4cdc-95d2-cb3dad067d4e.extra_data.json,,100.0,62620030,0.0,6531861,1567.6244,62660010,2024-04-02 23:45:52.954,2024-03-07 18:30:01.506,435.39346,aqfQc5yGC4,com.sec.android.app.shealth,50cf38bd-758f-4cdc-95d2-cb3dad067d4e,2024-03-08 00:00:00.000,
,,7a5fd978-2953-4cf7-99db-628d0d938114.extra_data.json,,0.0,62620030,0.0,3193416,1633.1504,62660010,2024-04-02 23:45:52.992,2024-03-09 00:33:44.734,189.79997,aqfQc5yGC4,com.sec.android.app.shealth,7a5fd978-2953-4cf7-99db-628d0d938114,2024-03-09 00:00:00.000,
,,9ca3ed9e-efdd-4bac-bfda-9f086da4f9ce.extra_data.json,,0.0,62620030,0.0,2339759,1649.9056,62660010,2024-04-02 23:45:52.803,2024-03-06 18:30:01.949,129.35004,aqfQc5yGC4,com.sec.android.app.shealth,9ca3ed9e-efdd-4bac-bfda-9f086da4f9ce,2024-03-07 00:00:00.000,
,,d6616f56-e532-4e2e-8dbc-81f3c1b303f4.extra_data.json,,0.0,62620030,0.0,3710147,1623.0082,62660010,2024-04-06 02:28:54.060,2024-03-09 23:25:44.776,206.28996,aqfQc5yGC4,com.sec.android.app.shealth,d6616f56-e532-4e2e-8dbc-81f3c1b303f4,2024-03-10 00:00:00.000,
,,a159e4c9-0137-4093-b6ee-7aa75a86ddda.extra_data.json,,0.0,62620030,0.0,2849983,1639.8911,62660010,2024-04-07 01:35:37.369,2024-03-10 18:30:01.476,151.64,aqfQc5yGC4,com.sec.android.app.shealth,a159e4c9-0137-4093-b6ee-7aa75a86ddda,2024-03-11 00:00:00.000,
,,b909772f-ef40-4d5b-a803-918b4d92675f.extra_data.json,,171.0,62650170,0.0,5124376,1595.2501,62660010,2024-04-07 23:46:39.598,2024-03-15 18:30:04.051,381.28754,aqfQc5yGC4,com.sec.android.app.shealth,b909772f-ef40-4d5b-a803-918b4d92675f,2024-03-16 00:00:00.000,
,,802506c2-2de7-4eea-95ef-21bbfece79aa.extra_data.json,,338.0,62650170,0.0,5551063,1586.8752,62660010,2024-04-07 23:46:39.021,2024-03-13 18:30:02.063,444.39777,aqfQc5yGC4,com.sec.android.app.shealth,802506c2-2de7-4eea-95ef-21bbfece79aa,2024-03-14 00:00:00.000,
,,e6022bde-363d-4d65-b617-2ec0b1f14a78.extra_data.json,,0.0,62620030,0.0,2625397,1644.2992,62660010,2024-04-07 23:46:38.731,2024-03-11 19:10:46.087,140.95996,aqfQc5yGC4,com.sec.android.app.shealth,e6022bde-363d-4d65-b617-2ec0b1f14a78,2024-03-12 00:00:00.000,
,,5c161993-5f11-409e-8d49-6938f984584b.extra_data.json,,0.0,62650170,0.0,2972845,1637.4796,62660010,2024-04-07 23:46:39.059,2024-03-14 18:30:05.456,173.55002,aqfQc5yGC4,com.sec.android.app.shealth,5c161993-5f11-409e-8d49-6938f984584b,2024-03-15 00:00:00.000,
,,7cbe2ef1-25a2-4183-81c5-203c40d36913.extra_data.json,,0.0,62650170,0.0,3098462,1635.014,62660010,2024-04-07 23:46:38.783,2024-03-12 18:30:02.302,173.85999,aqfQc5yGC4,com.sec.android.app.shealth,7cbe2ef1-25a2-4183-81c5-203c40d36913,2024-03-13 00:00:00.000,
,,924457cb-e57f-4d3f-9ab7-1fdb1f447b60.extra_data.json,,337.0,62650170,0.0,6140532,1575.3054,62660010,2024-04-14 03:28:34.343,2024-03-20 18:30:01.522,475.45367,aqfQc5yGC4,com.sec.android.app.shealth,924457cb-e57f-4d3f-9ab7-1fdb1f447b60,2024-03-21 00:00:00.000,
,,7ccefde5-3853-4688-a248-6946d4b709cd.extra_data.json,,0.0,62650170,0.0,2231782,1652.0249,62660010,2024-04-13 03:33:15.761,2024-03-16 18:30:01.357,124.81999,aqfQc5yGC4,com.sec.android.app.shealth,7ccefde5-3853-4688-a248-6946d4b709cd,2024-03-17 00:00:00.000,
,,095ce27a-d9ad-4fd3-b93b-43972f6eae26.extra_data.json,,103.0,62650170,0.0,4338141,1610.682,62660010,2024-04-14 03:28:33.949,2024-03-17 18:30:03.384,288.77304,aqfQc5yGC4,com.sec.android.app.shealth,095ce27a-d9ad-4fd3-b93b-43972f6eae26,2024-03-18 00:00:00.000,
,,18b79756-18e4-4494-af18-343773de66ec.extra_data.json,,151.04,62650170,0.0,5339394,1591.0299,62660010,2024-04-14 03:28:33.992,2024-03-18 20:14:58.504,414.13025,aqfQc5yGC4,com.sec.android.app.shealth,18b79756-18e4-4494-af18-343773de66ec,2024-03-19 00:00:00.000,
,,d4b62eb6-eaae-460d-8cea-433ff00cfe47.extra_data.json,,0.0,62650170,0.0,5058174,1596.5494,62660010,2024-04-14 03:28:34.213,2024-03-19 18:30:03.122,287.47003,aqfQc5yGC4,com.sec.android.app.shealth,d4b62eb6-eaae-460d-8cea-433ff00cfe47,2024-03-20 00:00:00.000,
,,b9476711-d9df-4442-9d14-fdd56d98f814.extra_data.json,,85.0,62650170,0.0,3960157,1618.101,62660010,2024-04-18 18:11:03.653,2024-03-21 18:30:02.211,252.15869,aqfQc5yGC4,com.sec.android.app.shealth,b9476711-d9df-4442-9d14-fdd56d98f814,2024-03-22 00:00:00.000,
,,c7889a93-0b2c-451e-88f5-4b90f7079bb1.extra_data.json,,0.0,62650170,0.0,1858128,1659.3589,62660010,2024-04-20 01:18:11.029,2024-03-23 18:30:03.749,101.820015,aqfQc5yGC4,com.sec.android.app.shealth,c7889a93-0b2c-451e-88f5-4b90f7079bb1,2024-03-24 00:00:00.000,
,,f12ebc66-4f44-4224-bdb7-b995de123ca3.extra_data.json,,132.78,62650170,0.0,4852046,1600.5953,62660010,2024-04-19 18:07:47.475,2024-03-22 18:30:02.688,353.24292,aqfQc5yGC4,com.sec.android.app.shealth,f12ebc66-4f44-4224-bdb7-b995de123ca3,2024-03-23 00:00:00.000,
,,25cdb7c7-8573-4e72-ab25-14f2b9c034be.extra_data.json,,0.0,62650170,0.0,3979809,1617.7153,62660010,2024-04-21 13:51:56.261,2024-03-24 18:30:02.681,190.78993,aqfQc5yGC4,com.sec.android.app.shealth,25cdb7c7-8573-4e72-ab25-14f2b9c034be,2024-03-25 00:00:00.000,
,,e9e60075-f4a6-4792-99d1-fe5bf998901b.extra_data.json,,0.0,62650170,0.0,3031972,1636.3192,62660010,2024-04-21 13:51:56.360,2024-03-25 18:30:02.157,170.99902,aqfQc5yGC4,com.sec.android.app.shealth,e9e60075-f4a6-4792-99d1-fe5bf998901b,2024-03-26 00:00:00.000,
,,34b0f7aa-2466-494a-b2f4-70e19f761e58.extra_data.json,,147.0,62650170,0.0,2872079,1639.4574,62660010,2024-04-22 21:54:11.717,2024-03-30 18:30:01.681,219.60764,aqfQc5yGC4,com.sec.android.app.shealth,34b0f7aa-2466-494a-b2f4-70e19f761e58,2024-03-31 00:00:00.000,
,,06cba66c-0656-4046-834e-9ea3d3f94d28.extra_data.json,,0.0,62650170,0.0,900450,1678.156,62660010,2024-04-22 21:54:11.898,2024-03-31 18:30:05.878,49.650005,aqfQc5yGC4,com.sec.android.app.shealth,06cba66c-0656-4046-834e-9ea3d3f94d28,2024-04-01 00:00:00.000,
,,ff1020b1-364b-49c8-82ee-8ea51d6dce0f.extra_data.json,,67.0,62650170,0.0,4311217,1611.2106,62660010,2024-04-22 21:54:10.858,2024-03-26 22:40:57.298,264.75372,aqfQc5yGC4,com.sec.android.app.shealth,ff1020b1-364b-49c8-82ee-8ea51d6dce0f,2024-03-27 00:00:00.000,
,,1570b3a2-e819-4b50-8acd-970fe1f42be4.extra_data.json,,388.43,62650170,0.0,5816001,1581.6752,62660010,2024-04-22 21:54:11.183,2024-03-28 00:41:31.051,543.46405,aqfQc5yGC4,com.sec.android.app.shealth,1570b3a2-e819-4b50-8acd-970fe1f42be4,2024-03-28 00:00:00.000,
,,7027c1ab-8855-4480-9ff3-aad6fb494257.extra_data.json,,0.0,62650170,0.0,1944184,1657.6698,62660010,2024-04-22 21:54:11.195,2024-03-28 19:06:22.255,105.770004,aqfQc5yGC4,com.sec.android.app.shealth,7027c1ab-8855-4480-9ff3-aad6fb494257,2024-03-29 00:00:00.000,
,,06cef8b8-f6c3-494c-a2d4-9fd817faa142.extra_data.json,,0.0,62650170,0.0,2301607,1650.6544,62660010,2024-04-22 21:54:11.389,2024-03-29 18:30:01.220,127.28998,aqfQc5yGC4,com.sec.android.app.shealth,06cef8b8-f6c3-494c-a2d4-9fd817faa142,2024-03-30 00:00:00.000,
,,c7497623-80c8-473f-9256-754a8a672d9d.extra_data.json,,0.0,62660010,0.0,3837571,1620.5072,62660010,2024-04-29 07:50:27.225,2024-04-01 23:53:12.641,210.34999,aqfQc5yGC4,com.sec.android.app.shealth,c7497623-80c8-473f-9256-754a8a672d9d,2024-04-02 00:00:00.000,
,,bde9790f-20a0-4603-9356-3a462d1e46e0.extra_data.json,,97.97,62660010,0.0,3382217,1629.4447,62660010,2024-04-30 18:18:34.628,2024-04-02 23:43:11.793,254.78004,aqfQc5yGC4,com.sec.android.app.shealth,bde9790f-20a0-4603-9356-3a462d1e46e0,2024-04-03 00:00:00.000,
,,69e4dd44-93c9-4ef4-9124-b3f8035ece16.extra_data.json,,70.0,62660010,0.0,2510239,1646.5594,62660010,2024-05-01 03:03:23.385,2024-04-03 18:30:04.335,166.82089,aqfQc5yGC4,com.sec.android.app.shealth,69e4dd44-93c9-4ef4-9124-b3f8035ece16,2024-04-04 00:00:00.000,
,,eebd0773-4a01-4668-ac46-142f415abf0a.extra_data.json,,0.0,62660010,0.0,4084123,1615.668,62660010,2024-05-01 03:03:23.424,2024-04-29 22:47:19.413,220.57,aqfQc5yGC4,com.sec.android.app.shealth,eebd0773-4a01-4668-ac46-142f415abf0a,2024-04-05 00:00:00.000,
,,a1ea81ec-a8f3-482e-ba9a-43a23556767e.extra_data.json,,0.0,62660010,0.0,2471291,1647.3241,62660010,2024-05-03 03:59:17.355,2024-04-06 01:48:45.693,137.83995,aqfQc5yGC4,com.sec.android.app.shealth,a1ea81ec-a8f3-482e-ba9a-43a23556767e,2024-04-06 00:00:00.000,
,,816d0171-833e-48e5-b20f-3871e94a8589.extra_data.json,,0.0,62660010,0.0,1378659,1668.7699,62660010,2024-05-03 03:59:17.438,2024-04-06 18:30:01.775,73.92999,aqfQc5yGC4,com.sec.android.app.shealth,816d0171-833e-48e5-b20f-3871e94a8589,2024-04-07 00:00:00.000,
,,3388d865-f893-42d8-93a8-17b3ad5474eb.extra_data.json,,191.0,62660010,0.0,4204240,1613.3103,62660010,2024-05-05 01:58:26.311,2024-04-07 23:44:57.716,334.60632,aqfQc5yGC4,com.sec.android.app.shealth,3388d865-f893-42d8-93a8-17b3ad5474eb,2024-04-08 00:00:00.000,
,,7e3b52ac-9a44-47ab-87dc-639ed37c864b.extra_data.json,,113.58,62660010,0.0,4618688,1605.1757,62660010,2024-05-05 01:58:26.337,2024-04-08 18:30:03.288,325.01773,aqfQc5yGC4,com.sec.android.app.shealth,7e3b52ac-9a44-47ab-87dc-639ed37c864b,2024-04-09 00:00:00.000,
,,2d4a0c9f-8290-4b57-8c86-ae93a5a0fbb6.extra_data.json,,101.0,62660010,0.0,3612764,1624.9194,62660010,2024-05-07 00:06:38.275,2024-04-09 18:30:02.537,245.45996,aqfQc5yGC4,com.sec.android.app.shealth,2d4a0c9f-8290-4b57-8c86-ae93a5a0fbb6,2024-04-10 00:00:00.000,
,,5df666bf-4c1e-4187-ac15-078f53a33a7c.extra_data.json,,85.0,62660010,0.0,3130054,1634.3939,62660010,2024-05-08 00:22:59.918,2024-04-10 18:30:01.950,205.50635,aqfQc5yGC4,com.sec.android.app.shealth,5df666bf-4c1e-4187-ac15-078f53a33a7c,2024-04-11 00:00:00.000,
,,778ddede-2492-447d-9ee9-6889f6c74c83.extra_data.json,,0.0,62660010,0.0,3420246,1628.6981,62660010,2024-05-08 23:39:32.885,2024-04-11 18:31:57.981,203.49902,aqfQc5yGC4,com.sec.android.app.shealth,778ddede-2492-447d-9ee9-6889f6c74c83,2024-04-12 00:00:00.000,
,,587a912c-3b4b-45fc-bf91-651bf87cd824.extra_data.json,,90.89,62660010,0.0,4161951,1614.1403,62660010,2024-05-10 15:12:12.872,2024-04-12 22:58:47.959,279.341,aqfQc5yGC4,com.sec.android.app.shealth,587a912c-3b4b-45fc-bf91-651bf87cd824,2024-04-13 00:00:00.000,
,,6c18a574-557d-4ab0-9547-9ddff231fc8a.extra_data.json,,10.265,62660010,0.0,3087767,1635.224,62660010,2024-05-10 22:45:06.850,2024-04-13 18:30:02.170,180.33604,aqfQc5yGC4,com.sec.android.app.shealth,6c18a574-557d-4ab0-9547-9ddff231fc8a,2024-04-14 00:00:00.000,
,,8cba0d9f-88d8-4b3a-8c20-47d4b35256cc.extra_data.json,,105.0,62660010,0.0,3908893,1619.1072,62660010,2024-05-10 22:45:07.025,2024-04-14 18:30:03.131,262.6942,aqfQc5yGC4,com.sec.android.app.shealth,8cba0d9f-88d8-4b3a-8c20-47d4b35256cc,2024-04-15 00:00:00.000,
,,c94c74ca-1af5-4261-a06f-f7bbc31cc356.extra_data.json,,167.03,62660010,0.0,5338227,1591.0529,62660010,2024-05-10 22:45:07.054,2024-04-15 18:30:02.038,409.779,aqfQc5yGC4,com.sec.android.app.shealth,c94c74ca-1af5-4261-a06f-f7bbc31cc356,2024-04-16 00:00:00.000,
,,fea3230c-0a21-4c23-92c2-e7e450b33bcb.extra_data.json,,86.0,62660010,0.0,3425619,1628.5928,62660010,2024-05-14 14:15:07.719,2024-04-19 18:30:03.035,241.73242,aqfQc5yGC4,com.sec.android.app.shealth,fea3230c-0a21-4c23-92c2-e7e450b33bcb,2024-04-20 00:00:00.000,
,,6bc4e8d8-fec7-4701-8472-3c4327cbab69.extra_data.json,,0.0,62660010,0.0,3548937,1626.1724,62660010,2024-05-14 14:15:07.601,2024-04-16 18:30:00.842,199.41899,aqfQc5yGC4,com.sec.android.app.shealth,6bc4e8d8-fec7-4701-8472-3c4327cbab69,2024-04-17 00:00:00.000,
,,a6435d62-c996-425b-98d1-a371e2b65693.extra_data.json,,407.0,62660010,0.0,5927194,1579.4928,62660010,2024-05-14 14:15:07.637,2024-04-17 18:30:01.604,506.9475,aqfQc5yGC4,com.sec.android.app.shealth,a6435d62-c996-425b-98d1-a371e2b65693,2024-04-18 00:00:00.000,
,,f0af28f3-ce9c-4635-9e90-708cf03c1e80.extra_data.json,,0.0,62660010,0.0,3476771,1627.5889,62660010,2024-05-14 14:15:07.675,2024-04-18 18:30:02.356,201.28995,aqfQc5yGC4,com.sec.android.app.shealth,f0af28f3-ce9c-4635-9e90-708cf03c1e80,2024-04-19 00:00:00.000,
,,4c9b2e34-777c-4138-b366-5a865d2cebaa.extra_data.json,,0.0,62660010,0.0,3136409,1634.2693,62660010,2024-05-18 14:06:24.193,2024-04-20 18:30:02.615,177.59999,aqfQc5yGC4,com.sec.android.app.shealth,4c9b2e34-777c-4138-b366-5a865d2cebaa,2024-04-21 00:00:00.000,
,,e7207e7b-0d95-42ed-a6f7-b98e18e1626c.extra_data.json,,0.0,62660010,0.0,3269927,1631.6486,62660010,2024-05-18 23:53:42.213,2024-04-23 18:30:02.040,185.73096,aqfQc5yGC4,com.sec.android.app.shealth,e7207e7b-0d95-42ed-a6f7-b98e18e1626c,2024-04-24 00:00:00.000,
,,b4d812c7-fda8-4fce-ab5a-a7b564d06142.extra_data.json,,448.0,62660010,0.0,6095681,1576.1857,62660010,2024-05-18 23:53:43.024,2024-04-24 18:30:02.187,534.6935,aqfQc5yGC4,com.sec.android.app.shealth,b4d812c7-fda8-4fce-ab5a-a7b564d06142,2024-04-25 00:00:00.000,
,,53376893-dee4-4ebc-b1e2-94752d4a6c58.extra_data.json,,78.0,62660010,0.0,3449395,1628.1261,62660010,2024-05-18 23:53:39.829,2024-04-21 18:30:01.595,226.2822,aqfQc5yGC4,com.sec.android.app.shealth,53376893-dee4-4ebc-b1e2-94752d4a6c58,2024-04-22 00:00:00.000,
,,0c901388-bee4-454e-93e6-b60dac290da3.extra_data.json,,0.0,62660010,0.0,2755597,1641.7437,62660010,2024-05-18 23:53:41.252,2024-04-22 21:52:00.421,159.43103,aqfQc5yGC4,com.sec.android.app.shealth,0c901388-bee4-454e-93e6-b60dac290da3,2024-04-23 00:00:00.000,
,,4c806091-6d11-4053-bc4b-cb36f846df64.extra_data.json,,0.0,62660010,0.0,3701312,1623.1815,62660010,2024-05-23 16:26:47.350,2024-04-25 18:30:01.065,209.58101,aqfQc5yGC4,com.sec.android.app.shealth,4c806091-6d11-4053-bc4b-cb36f846df64,2024-04-26 00:00:00.000,
,,f67e663c-3646-468f-9ec9-7e22d3d4b42b.extra_data.json,,83.0,62660010,0.0,4637394,1604.8085,62660010,2024-05-24 00:28:33.078,2024-04-26 18:30:03.165,309.6137,aqfQc5yGC4,com.sec.android.app.shealth,f67e663c-3646-468f-9ec9-7e22d3d4b42b,2024-04-27 00:00:00.000,
,,3409f54c-16be-403c-ba66-9cb79ce3e6d8.extra_data.json,,368.8,62660010,0.0,4753575,1602.5281,62660010,2024-05-25 07:32:17.147,2024-04-27 18:30:02.175,501.28125,aqfQc5yGC4,com.sec.android.app.shealth,3409f54c-16be-403c-ba66-9cb79ce3e6d8,2024-04-28 00:00:00.000,
,,f349bdfb-2336-4f78-89e4-cdba58864060.extra_data.json,,160.54,62660010,0.0,3590211,1625.3623,62660010,2024-05-26 00:36:56.411,2024-04-28 18:30:03.094,311.20047,aqfQc5yGC4,com.sec.android.app.shealth,f349bdfb-2336-4f78-89e4-cdba58864060,2024-04-29 00:00:00.000,
,,2f19fa26-2c97-472b-a375-0a2b3f784f87.extra_data.json,,190.0,62660010,0.0,5872503,1580.5662,62660010,2024-05-27 03:12:10.902,2024-04-29 22:47:40.245,458.85046,aqfQc5yGC4,com.sec.android.app.shealth,2f19fa26-2c97-472b-a375-0a2b3f784f87,2024-04-30 00:00:00.000,
,,c1576c7c-ca03-4066-9fac-3f72cfb30c41.extra_data.json,,0.0,62660010,0.0,4744281,1602.7106,62660010,2024-05-28 13:26:39.887,2024-04-30 18:30:01.350,266.66193,aqfQc5yGC4,com.sec.android.app.shealth,c1576c7c-ca03-4066-9fac-3f72cfb30c41,2024-05-01 00:00:00.000,
,,6b282804-f63a-4aa0-8101-7bdff17bde59.extra_data.json,,61.0,62660010,0.0,3245990,1632.1184,62660010,2024-05-29 00:52:02.694,2024-05-01 18:30:01.522,213.77733,aqfQc5yGC4,com.sec.android.app.shealth,6b282804-f63a-4aa0-8101-7bdff17bde59,2024-05-02 00:00:00.000,
,,91913979-c9a3-49d1-abcf-2fae5a0cdcc0.extra_data.json,,0.0,62660010,0.0,3162200,1633.7631,62660010,2024-05-30 00:30:15.647,2024-05-03 00:18:31.099,185.02802,aqfQc5yGC4,com.sec.android.app.shealth,91913979-c9a3-49d1-abcf-2fae5a0cdcc0,2024-05-03 00:00:00.000,
,,10396017-5fac-4cd9-bb28-04956ab86460.extra_data.json,,73.0,62660010,0.0,5271754,1592.3575,62660010,2024-05-30 20:02:50.556,2024-05-03 18:30:03.986,330.95956,aqfQc5yGC4,com.sec.android.app.shealth,10396017-5fac-4cd9-bb28-04956ab86460,2024-05-04 00:00:00.000,
,,b4aab7ed-7f4c-49bb-9c10-df271eab7ac1.extra_data.json,,61.0,62660010,0.0,2728074,1642.2839,62670070,2024-06-01 02:17:50.681,2024-05-05 18:30:02.919,175.87012,aqfQc5yGC4,com.sec.android.app.shealth,b4aab7ed-7f4c-49bb-9c10-df271eab7ac1,2024-05-06 00:00:00.000,
,,92310139-09da-490b-8693-fc67d76f1162.extra_data.json,,0.0,62660010,0.0,1390575,1668.5359,62670070,2024-06-01 02:17:50.640,2024-05-05 00:05:08.648,72.259995,aqfQc5yGC4,com.sec.android.app.shealth,92310139-09da-490b-8693-fc67d76f1162,2024-05-05 00:00:00.000,
,,9b16ab95-6903-4325-883e-e5be5993ec13.extra_data.json,,0.0,62660010,0.0,2152569,1653.5797,62670070,2024-06-03 07:29:45.248,2024-05-06 23:36:16.917,122.63001,aqfQc5yGC4,com.sec.android.app.shealth,9b16ab95-6903-4325-883e-e5be5993ec13,2024-05-07 00:00:00.000,
,,a65f8662-92c3-4a95-8958-28b3f7f6175d.extra_data.json,,0.0,62660010,0.0,2332955,1650.0393,62670070,2024-06-03 07:29:45.277,2024-05-07 23:36:57.498,131.76,aqfQc5yGC4,com.sec.android.app.shealth,a65f8662-92c3-4a95-8958-28b3f7f6175d,2024-05-08 00:00:00.000,
,,0f602cd2-5c9a-45e0-adbc-1943596d2680.extra_data.json,,0.0,62660010,0.0,3334716,1630.377,62670070,2024-06-04 23:07:44.392,2024-05-08 23:37:42.735,184.35,aqfQc5yGC4,com.sec.android.app.shealth,0f602cd2-5c9a-45e0-adbc-1943596d2680,2024-05-09 00:00:00.000,
,,1cce8e98-c732-4ae2-add3-0c0c39b5f055.extra_data.json,,0.0,62660010,0.0,3353106,1630.0161,62670070,2024-06-06 18:10:29.446,2024-05-10 01:55:52.719,198.00102,aqfQc5yGC4,com.sec.android.app.shealth,1cce8e98-c732-4ae2-add3-0c0c39b5f055,2024-05-10 00:00:00.000,
,,d3cf7be5-c5c5-4939-92da-88e564976cfd.extra_data.json,,0.0,62660010,0.0,6011825,1577.8317,62670070,2024-06-07 01:23:20.936,2024-05-10 22:43:21.547,316.78006,aqfQc5yGC4,com.sec.android.app.shealth,d3cf7be5-c5c5-4939-92da-88e564976cfd,2024-05-11 00:00:00.000,
,,d5384492-3627-4a02-af1a-a8bd53b26878.extra_data.json,,0.0,62660010,0.0,2906369,1638.7844,62670070,2024-06-08 16:45:37.058,2024-05-11 18:30:01.780,159.13004,aqfQc5yGC4,com.sec.android.app.shealth,d5384492-3627-4a02-af1a-a8bd53b26878,2024-05-12 00:00:00.000,
,,50d69e18-175a-4229-94be-f418633195f1.extra_data.json,,0.0,62660010,0.0,3170071,1633.6085,62670070,2024-06-08 16:45:37.159,2024-05-12 18:30:01.957,176.83702,aqfQc5yGC4,com.sec.android.app.shealth,50d69e18-175a-4229-94be-f418633195f1,2024-05-13 00:00:00.000,
,,d797331e-64bc-4871-a943-e1f13d9ef636.extra_data.json,,0.0,62660010,0.0,3159299,1633.8201,62670070,2024-06-10 00:19:37.585,2024-05-13 18:30:01.899,184.76003,aqfQc5yGC4,com.sec.android.app.shealth,d797331e-64bc-4871-a943-e1f13d9ef636,2024-05-14 00:00:00.000,
,,3a2442b8-13e5-4b57-b9d6-9a084bb44300.extra_data.json,,116.0,62660010,0.0,4636426,1604.8275,62670070,2024-06-10 00:19:37.631,2024-05-14 18:30:03.125,316.30432,aqfQc5yGC4,com.sec.android.app.shealth,3a2442b8-13e5-4b57-b9d6-9a084bb44300,2024-05-15 00:00:00.000,
,,7a488769-7ff3-45db-8431-6e5e23e3f9c7.extra_data.json,,0.0,62660010,0.0,3639473,1624.3953,62670070,2024-06-12 04:54:51.348,2024-05-15 18:30:02.434,218.52995,aqfQc5yGC4,com.sec.android.app.shealth,7a488769-7ff3-45db-8431-6e5e23e3f9c7,2024-05-16 00:00:00.000,
,,143c403a-ac8b-48d4-b342-c10abf991f4d.extra_data.json,,0.0,62660010,0.0,3970153,1617.9049,62670070,2024-06-12 04:54:51.469,2024-05-16 18:30:02.509,238.95998,aqfQc5yGC4,com.sec.android.app.shealth,143c403a-ac8b-48d4-b342-c10abf991f4d,2024-05-17 00:00:00.000,
,,17cc946d-b5bb-4cd6-95bb-e037126e313c.extra_data.json,,384.0,62660010,0.0,5177127,1594.2147,62670070,2024-06-12 04:54:51.508,2024-05-17 18:30:01.122,445.8548,aqfQc5yGC4,com.sec.android.app.shealth,17cc946d-b5bb-4cd6-95bb-e037126e313c,2024-05-18 00:00:00.000,
,,818007e8-76ff-4f87-86ce-e96f714d7cb4.extra_data.json,,0.0,62660010,0.0,2570408,1645.3785,62670070,2024-06-15 11:46:21.550,2024-05-18 23:52:04.183,143.78998,aqfQc5yGC4,com.sec.android.app.shealth,818007e8-76ff-4f87-86ce-e96f714d7cb4,2024-05-19 00:00:00.000,
,,10864718-89e7-47b8-bcea-3f9cd79e5a56.extra_data.json,,0.0,62660010,0.0,4760946,1602.3834,62670070,2024-06-15 11:46:21.625,2024-05-19 18:41:22.140,257.11197,aqfQc5yGC4,com.sec.android.app.shealth,10864718-89e7-47b8-bcea-3f9cd79e5a56,2024-05-20 00:00:00.000,
,,9635a378-52fc-41e5-92ba-f5018ec6d1a0.extra_data.json,,0.27046913,62660010,0.0,6553073,1567.2081,62670070,2024-06-15 11:46:21.694,2024-05-20 18:30:01.232,360.04895,aqfQc5yGC4,com.sec.android.app.shealth,9635a378-52fc-41e5-92ba-f5018ec6d1a0,2024-05-21 00:00:00.000,
,,31a63c2f-b764-4636-ac3f-b555be3683b6.extra_data.json,,0.0,62660010,0.0,3572759,1625.7047,62670070,2024-06-18 00:30:44.929,2024-05-21 18:30:01.330,203.78903,aqfQc5yGC4,com.sec.android.app.shealth,31a63c2f-b764-4636-ac3f-b555be3683b6,2024-05-22 00:00:00.000,
,,e6dec207-25e6-474a-a37c-7e5c12b750b6.extra_data.json,,92.0,62660010,0.0,3108059,1634.8258,62670070,2024-06-18 00:30:44.959,2024-05-22 22:30:07.162,241.42549,aqfQc5yGC4,com.sec.android.app.shealth,e6dec207-25e6-474a-a37c-7e5c12b750b6,2024-05-23 00:00:00.000,
,,7dc47378-b588-4498-8109-16e27825fe32.extra_data.json,,70.0,62660010,0.0,2651109,1643.7946,62670070,2024-06-20 00:55:44.887,2024-05-24 00:26:19.380,177.34813,aqfQc5yGC4,com.sec.android.app.shealth,7dc47378-b588-4498-8109-16e27825fe32,2024-05-24 00:00:00.000,
,,b08e77d8-da1d-457d-9e6f-19290105daee.extra_data.json,,0.0,62660010,0.0,3396604,1629.1622,62670070,2024-06-21 03:27:11.625,2024-05-25 00:42:06.099,200.89601,aqfQc5yGC4,com.sec.android.app.shealth,b08e77d8-da1d-457d-9e6f-19290105daee,2024-05-25 00:00:00.000,
,,0956c0da-25cf-4f50-9f62-62db4ec9135e.extra_data.json,,359.0,62660010,0.0,5738713,1583.1921,62670070,2024-06-21 03:27:11.663,2024-05-26 00:33:30.912,451.7273,aqfQc5yGC4,com.sec.android.app.shealth,0956c0da-25cf-4f50-9f62-62db4ec9135e,2024-05-26 00:00:00.000,
,,7fd8232a-4877-4557-952f-c6907fc155d7.extra_data.json,,0.0,62660010,0.0,2735497,1642.1383,62670070,2024-06-22 19:16:32.111,2024-05-26 23:55:59.328,154.31998,aqfQc5yGC4,com.sec.android.app.shealth,7fd8232a-4877-4557-952f-c6907fc155d7,2024-05-27 00:00:00.000,
,,eeb23bbc-2b8f-4257-b6a8-ca16a76c7764.extra_data.json,,0.0,62660010,0.0,2814868,1640.5804,62670070,2024-06-22 19:16:32.159,2024-05-27 18:30:03.086,158.77007,aqfQc5yGC4,com.sec.android.app.shealth,eeb23bbc-2b8f-4257-b6a8-ca16a76c7764,2024-05-28 00:00:00.000,
,,6c544af8-9cd3-42d0-b9c8-b24ad89f4eab.extra_data.json,,111.0,62660010,0.0,3360871,1629.8636,62670070,2024-06-25 13:43:41.644,2024-05-29 00:49:08.399,262.0339,aqfQc5yGC4,com.sec.android.app.shealth,6c544af8-9cd3-42d0-b9c8-b24ad89f4eab,2024-05-29 00:00:00.000,
,,51f0c539-b8cd-4ed0-a63b-73e224af820d.extra_data.json,,161.0,62660010,0.0,5140334,1594.9369,62670070,2024-06-26 05:55:27.759,2024-05-30 00:29:18.689,349.0636,aqfQc5yGC4,com.sec.android.app.shealth,51f0c539-b8cd-4ed0-a63b-73e224af820d,2024-05-30 00:00:00.000,
,,ddf7b4d0-48e1-42c8-afe9-93ddabe064a1.extra_data.json,,0.0,62660010,0.0,3968229,1617.9425,62670070,2024-06-26 22:44:33.877,2024-05-30 20:01:12.385,217.34995,aqfQc5yGC4,com.sec.android.app.shealth,ddf7b4d0-48e1-42c8-afe9-93ddabe064a1,2024-05-31 00:00:00.000,
,,baaf75e4-9332-40ca-adf6-092ddd2f2268.extra_data.json,,146.0,62660010,0.0,3795639,1621.3301,62670070,2024-06-26 22:44:33.923,2024-06-01 01:41:58.189,273.28915,aqfQc5yGC4,com.sec.android.app.shealth,baaf75e4-9332-40ca-adf6-092ddd2f2268,2024-06-01 00:00:00.000,
,,a7d55da1-34d4-4590-8da0-cf4a3a9c1497.extra_data.json,,55.0,62670070,0.0,4051723,1616.3038,62670070,2024-06-29 14:08:06.486,2024-06-01 18:32:26.912,221.32132,aqfQc5yGC4,com.sec.android.app.shealth,a7d55da1-34d4-4590-8da0-cf4a3a9c1497,2024-06-02 00:00:00.000,
,,9056863b-e18a-425f-8a10-2fe9202312ab.extra_data.json,,60.0,62670070,0.0,2510418,1646.556,62701570,2024-06-30 18:04:57.553,2024-06-03 00:55:32.624,169.42438,aqfQc5yGC4,com.sec.android.app.shealth,9056863b-e18a-425f-8a10-2fe9202312ab,2024-06-03 00:00:00.000,
,,bc3f53be-117e-4514-9110-6ae19873bb35.extra_data.json,,0.0,62670070,0.0,2419665,1648.3373,62701570,2024-07-01 02:16:34.384,2024-06-03 18:30:03.137,134.01001,aqfQc5yGC4,com.sec.android.app.shealth,bc3f53be-117e-4514-9110-6ae19873bb35,2024-06-04 00:00:00.000,
,,0c030573-4c9f-4d56-98eb-da366c823630.extra_data.json,,0.0,62670070,0.0,3162613,1633.7549,62701570,2024-07-01 02:16:34.408,2024-06-04 23:06:37.798,188.75,aqfQc5yGC4,com.sec.android.app.shealth,0c030573-4c9f-4d56-98eb-da366c823630,2024-06-05 00:00:00.000,
,,4d238a09-590f-45e1-9a60-cf4904780829.extra_data.json,,111.0,62670070,0.0,3975081,1617.8081,62701570,2024-07-03 12:21:48.198,2024-06-06 00:58:50.462,269.30853,aqfQc5yGC4,com.sec.android.app.shealth,4d238a09-590f-45e1-9a60-cf4904780829,2024-06-06 00:00:00.000,
,,927a7fa3-81a2-45b7-bde1-a4f1dbaab1d0.extra_data.json,,111.0,62670070,0.0,3394938,1629.195,62701570,2024-07-04 15:54:28.890,2024-06-06 18:30:02.525,229.70325,aqfQc5yGC4,com.sec.android.app.shealth,927a7fa3-81a2-45b7-bde1-a4f1dbaab1d0,2024-06-07 00:00:00.000,
,,250a62d3-93c4-4ce9-b07c-bc9ddd1404b0.extra_data.json,,84.0,62670070,0.0,3814792,1620.9542,62701610,2024-07-05 04:38:26.184,2024-06-07 18:30:02.427,265.2339,aqfQc5yGC4,com.sec.android.app.shealth,250a62d3-93c4-4ce9-b07c-bc9ddd1404b0,2024-06-08 00:00:00.000,
,,1a34dc82-6b5a-4764-9ad0-94813b71e3a1.extra_data.json,,0.0,62670070,0.0,2289721,1650.8878,62701610,2024-07-05 04:38:26.221,2024-06-08 18:35:06.175,121.570015,aqfQc5yGC4,com.sec.android.app.shealth,1a34dc82-6b5a-4764-9ad0-94813b71e3a1,2024-06-09 00:00:00.000,
,,e38c612f-320d-4ffa-87aa-2369ce9d3302.extra_data.json,,0.0,62670070,0.0,3224775,1632.5348,62701610,2024-07-07 13:45:52.568,2024-06-10 00:15:45.962,178.22203,aqfQc5yGC4,com.sec.android.app.shealth,e38c612f-320d-4ffa-87aa-2369ce9d3302,2024-06-10 00:00:00.000,
,,7bc81ad0-76ca-4b40-8090-d3c433925510.extra_data.json,,68.0,62670070,0.0,4335943,1610.7252,62701610,2024-07-08 14:07:23.451,2024-06-10 18:30:02.454,267.4063,aqfQc5yGC4,com.sec.android.app.shealth,7bc81ad0-76ca-4b40-8090-d3c433925510,2024-06-11 00:00:00.000,
,,1084ff90-fd20-4ca0-8c68-e34d2ca47c84.extra_data.json,,0.0,62670070,0.0,1450251,1667.3646,62701610,2024-07-08 14:07:23.530,2024-06-12 02:44:32.821,82.039986,aqfQc5yGC4,com.sec.android.app.shealth,1084ff90-fd20-4ca0-8c68-e34d2ca47c84,2024-06-12 00:00:00.000,
,,5098883f-e23b-40bb-bfb9-52bfb0456923.extra_data.json,,0.0,62670070,0.0,3997548,1617.3671,62701610,2024-07-08 14:07:23.737,2024-06-12 18:30:01.887,205.22,aqfQc5yGC4,com.sec.android.app.shealth,5098883f-e23b-40bb-bfb9-52bfb0456923,2024-06-13 00:00:00.000,
,,72146d1d-792d-47c3-99d2-c8317df67d55.extra_data.json,,0.0,62670070,0.0,3245959,1632.119,62701610,2024-07-08 14:07:23.800,2024-06-13 18:30:02.880,179.47998,aqfQc5yGC4,com.sec.android.app.shealth,72146d1d-792d-47c3-99d2-c8317df67d55,2024-06-14 00:00:00.000,
,,be84389d-e474-456a-8937-cb9962a90c39.extra_data.json,,60.0,62670070,0.0,2947385,1637.9794,62701610,2024-07-08 14:07:23.861,2024-06-14 18:30:02.222,197.33646,aqfQc5yGC4,com.sec.android.app.shealth,be84389d-e474-456a-8937-cb9962a90c39,2024-06-15 00:00:00.000,
,,4c9dcabe-22a8-4d03-9f3c-9a07131db90a.extra_data.json,,0.0,62670070,0.0,3876853,1619.7361,62701610,2024-07-13 08:21:38.083,2024-06-15 18:30:01.636,206.26,aqfQc5yGC4,com.sec.android.app.shealth,4c9dcabe-22a8-4d03-9f3c-9a07131db90a,2024-06-16 00:00:00.000,
,,4eea048a-0654-4399-8ef7-d681bbc8080a.extra_data.json,,0.0,62670070,0.0,4667215,1604.2231,62701610,2024-07-14 16:35:34.372,2024-06-16 18:30:01.528,258.19992,aqfQc5yGC4,com.sec.android.app.shealth,4eea048a-0654-4399-8ef7-d681bbc8080a,2024-06-17 00:00:00.000,
,,47ff390f-0d1b-4a6c-82e1-252471301d8c.extra_data.json,,76.0,62670070,0.0,5698367,1583.984,62701610,2024-07-15 01:18:09.534,2024-06-18 00:29:15.551,382.7169,aqfQc5yGC4,com.sec.android.app.shealth,47ff390f-0d1b-4a6c-82e1-252471301d8c,2024-06-18 00:00:00.000,
,,89a7c5db-cb59-45db-ba22-cf4360afc0dc.extra_data.json,,323.13,62670070,0.0,7931227,1540.1583,62701610,2024-07-15 21:42:48.441,2024-06-18 18:33:01.991,586.5801,aqfQc5yGC4,com.sec.android.app.shealth,89a7c5db-cb59-45db-ba22-cf4360afc0dc,2024-06-19 00:00:00.000,
,,b525faa9-c1ae-454d-85f2-63aa9fe9de23.extra_data.json,,0.0,62670070,0.0,6754591,1563.2528,62701610,2024-07-15 21:42:48.512,2024-06-20 00:53:26.128,373.59998,aqfQc5yGC4,com.sec.android.app.shealth,b525faa9-c1ae-454d-85f2-63aa9fe9de23,2024-06-20 00:00:00.000,
,,78cd40bb-8b26-4f83-ae69-9326b5ff16be.extra_data.json,,0.0,62670070,0.0,1640790,1663.6248,62701610,2024-07-15 21:42:49.206,2024-06-20 18:54:17.769,85.570015,aqfQc5yGC4,com.sec.android.app.shealth,78cd40bb-8b26-4f83-ae69-9326b5ff16be,2024-06-21 00:00:00.000,
,,0c168c37-a3b7-4ec4-90ae-297b4120c7e4.extra_data.json,,0.0,62670070,0.0,2110382,1654.4077,62701610,2024-07-15 21:42:49.856,2024-06-21 18:30:01.997,123.64,aqfQc5yGC4,com.sec.android.app.shealth,0c168c37-a3b7-4ec4-90ae-297b4120c7e4,2024-06-22 00:00:00.000,
,,a4427de6-5ea7-4ddb-bf57-1c4d7c4a6d59.extra_data.json,,0.0,62670070,0.0,5158602,1594.5784,62701610,2024-07-15 21:42:50.900,2024-06-22 18:30:01.749,274.3601,aqfQc5yGC4,com.sec.android.app.shealth,a4427de6-5ea7-4ddb-bf57-1c4d7c4a6d59,2024-06-23 00:00:00.000,
,,54675b28-4553-407b-a5b9-c63dd5dcd8e6.extra_data.json,,0.0,62670070,0.0,4687640,1603.8223,62701610,2024-07-15 21:42:51.647,2024-06-23 18:30:02.135,264.58,aqfQc5yGC4,com.sec.android.app.shealth,54675b28-4553-407b-a5b9-c63dd5dcd8e6,2024-06-24 00:00:00.000,
,,2dcb880f-cc0f-4a98-9379-fefeca56aa29.extra_data.json,,0.0,62670070,0.0,2014606,1656.2876,62701610,2024-07-22 01:27:27.172,2024-06-24 18:32:16.480,112.66,aqfQc5yGC4,com.sec.android.app.shealth,2dcb880f-cc0f-4a98-9379-fefeca56aa29,2024-06-25 00:00:00.000,
,,213bd9da-3404-42b6-8ea1-d16776912de9.extra_data.json,,0.0,62670070,0.0,2241827,1651.8279,62701610,2024-07-22 01:27:27.222,2024-06-25 18:30:01.634,140.04001,aqfQc5yGC4,com.sec.android.app.shealth,213bd9da-3404-42b6-8ea1-d16776912de9,2024-06-26 00:00:00.000,
,,b70a9c1e-b9ae-4919-b669-e4aaeaf723d3.extra_data.json,,0.0,62670070,0.0,948474,1677.2134,62701610,2024-07-24 08:25:23.975,2024-06-26 22:43:01.139,55.190002,aqfQc5yGC4,com.sec.android.app.shealth,b70a9c1e-b9ae-4919-b669-e4aaeaf723d3,2024-06-27 00:00:00.000,
,,1d304a77-a408-41c5-b128-4ce31c70d7bd.extra_data.json,,0.0,62670070,0.0,1679209,1662.8707,62701610,2024-07-25 17:11:12.043,2024-06-27 18:30:01.505,92.049995,aqfQc5yGC4,com.sec.android.app.shealth,1d304a77-a408-41c5-b128-4ce31c70d7bd,2024-06-28 00:00:00.000,
,,3a01c20a-77fd-44b9-9de0-30e05ae37167.extra_data.json,,0.0,62670070,0.0,1750088,1661.4795,62701610,2024-07-26 17:47:41.517,2024-06-29 01:23:09.860,95.19002,aqfQc5yGC4,com.sec.android.app.shealth,3a01c20a-77fd-44b9-9de0-30e05ae37167,2024-06-29 00:00:00.000,
,,c3a4b355-cc82-49dd-80d8-2981f9918221.extra_data.json,,0.0,62670070,0.0,2350478,1649.6952,62701610,2024-07-27 07:35:50.279,2024-06-29 18:30:04.989,126.32997,aqfQc5yGC4,com.sec.android.app.shealth,c3a4b355-cc82-49dd-80d8-2981f9918221,2024-06-30 00:00:00.000,
,,332b4b75-2d6b-42ea-831e-577222c9f272.extra_data.json,,0.0,62701570,0.0,1825045,1660.0082,62701610,2024-07-27 07:35:50.335,2024-06-30 18:30:03.273,97.55,aqfQc5yGC4,com.sec.android.app.shealth,332b4b75-2d6b-42ea-831e-577222c9f272,2024-07-01 00:00:00.000,
,,71273547-501b-46eb-bcf9-5db2760ae812.extra_data.json,,0.0,62701570,0.0,3179779,1633.4181,62701610,2024-07-29 08:07:29.584,2024-07-01 18:30:03.203,165.17006,aqfQc5yGC4,com.sec.android.app.shealth,71273547-501b-46eb-bcf9-5db2760ae812,2024-07-02 00:00:00.000,
,,b0a3022d-9bc0-4672-80a8-578c7d951787.extra_data.json,,0.0,62701570,0.0,3643597,1624.3143,62701610,2024-07-30 17:35:50.889,2024-07-02 18:30:02.100,212.95999,aqfQc5yGC4,com.sec.android.app.shealth,b0a3022d-9bc0-4672-80a8-578c7d951787,2024-07-03 00:00:00.000,
,,9cc9c4ac-12aa-44fd-8019-574f9c94136c.extra_data.json,,0.0,62701570,0.0,5035695,1596.9907,62701610,2024-07-31 01:06:54.769,2024-07-03 19:47:42.980,276.36996,aqfQc5yGC4,com.sec.android.app.shealth,9cc9c4ac-12aa-44fd-8019-574f9c94136c,2024-07-04 00:00:00.000,
,,02fc7309-4039-4aa2-969e-90a847fb9734.extra_data.json,,0.0,62701570,0.0,2555217,1645.6768,62701610,2024-08-01 00:59:39.339,2024-07-04 21:40:15.919,145.35,aqfQc5yGC4,com.sec.android.app.shealth,02fc7309-4039-4aa2-969e-90a847fb9734,2024-07-05 00:00:00.000,
,,a62a89d1-9ced-4a67-a7aa-8484ccf91f81.extra_data.json,,0.0,62701610,0.0,2752042,1641.8135,62701610,2024-08-01 00:59:39.413,2024-07-05 18:30:06.583,151.41005,aqfQc5yGC4,com.sec.android.app.shealth,a62a89d1-9ced-4a67-a7aa-8484ccf91f81,2024-07-06 00:00:00.000,
,,b3af28f6-0fc2-4869-814e-8163cbe45c95.extra_data.json,,0.0,62701610,0.0,3938679,1618.5226,62701610,2024-08-01 00:59:39.676,2024-07-06 18:30:02.228,225.37006,aqfQc5yGC4,com.sec.android.app.shealth,b3af28f6-0fc2-4869-814e-8163cbe45c95,2024-07-07 00:00:00.000,
,,1e65c1e3-f84a-4936-85f3-2dac8fc98ae8.extra_data.json,,0.0,62701610,0.0,3260933,1631.8251,62701610,2024-08-04 10:59:39.141,2024-07-07 23:17:12.447,176.85002,aqfQc5yGC4,com.sec.android.app.shealth,1e65c1e3-f84a-4936-85f3-2dac8fc98ae8,2024-07-08 00:00:00.000,
,,0ba39a4e-fad4-4674-b974-8444bb50f13a.extra_data.json,,84.7,62701610,0.0,5407065,1589.7017,62701610,2024-08-04 10:59:39.243,2024-07-08 18:30:03.893,370.12238,aqfQc5yGC4,com.sec.android.app.shealth,0ba39a4e-fad4-4674-b974-8444bb50f13a,2024-07-09 00:00:00.000,
,,13d3aac9-0672-4718-bd04-905a233d6d48.extra_data.json,,0.0,62701610,0.0,3178922,1633.4349,62701610,2024-08-06 02:44:31.764,2024-07-09 18:30:02.129,183.57002,aqfQc5yGC4,com.sec.android.app.shealth,13d3aac9-0672-4718-bd04-905a233d6d48,2024-07-10 00:00:00.000,
,,f180a546-dc8f-4cc6-a1cf-9c81a40b6be6.extra_data.json,,0.0,62701610,0.0,4633196,1604.8907,62710150,2024-08-07 18:25:12.107,2024-07-10 18:42:39.480,261.05,aqfQc5yGC4,com.sec.android.app.shealth,f180a546-dc8f-4cc6-a1cf-9c81a40b6be6,2024-07-11 00:00:00.000,
,,72e3b45f-a478-4eda-960e-1fbcefa9dfef.extra_data.json,,0.0,62701610,0.0,5035500,1596.9945,62710150,2024-08-08 02:48:18.595,2024-07-11 18:30:02.297,315.30096,aqfQc5yGC4,com.sec.android.app.shealth,72e3b45f-a478-4eda-960e-1fbcefa9dfef,2024-07-12 00:00:00.000,
,,ff15216a-00df-48be-a843-7bfa4207e7eb.extra_data.json,,69.0,62701610,0.0,4078105,1615.786,62710150,2024-08-08 02:48:18.609,2024-07-12 18:30:01.996,259.44092,aqfQc5yGC4,com.sec.android.app.shealth,ff15216a-00df-48be-a843-7bfa4207e7eb,2024-07-13 00:00:00.000,
,,5e39d4fe-a419-46ec-ac52-2ee18f8c7e9f.extra_data.json,,168.0,62701610,0.0,5412138,1589.602,62710150,2024-08-10 16:47:07.803,2024-07-13 18:30:01.821,377.82074,aqfQc5yGC4,com.sec.android.app.shealth,5e39d4fe-a419-46ec-ac52-2ee18f8c7e9f,2024-07-14 00:00:00.000,
,,2d1dd0cf-f359-42ce-97c1-0b2c4580ccb8.extra_data.json,,0.0,62701610,0.0,3934818,1618.5984,62710150,2024-08-11 02:00:24.056,2024-07-15 01:15:42.549,242.4209,aqfQc5yGC4,com.sec.android.app.shealth,2d1dd0cf-f359-42ce-97c1-0b2c4580ccb8,2024-07-15 00:00:00.000,
,,6f56a30f-cd29-4e1a-84b0-faeae907635e.extra_data.json,,114.0,62701610,0.0,4476897,1607.9586,62710150,2024-08-11 02:00:24.573,2024-07-15 21:39:29.698,316.4677,aqfQc5yGC4,com.sec.android.app.shealth,6f56a30f-cd29-4e1a-84b0-faeae907635e,2024-07-16 00:00:00.000,
,,08a0d68d-fb19-4365-ac42-bb190f52a8ed.extra_data.json,,0.0,62701610,0.0,4900913,1599.6362,62710150,2024-08-13 13:25:06.464,2024-07-16 18:30:02.227,315.6209,aqfQc5yGC4,com.sec.android.app.shealth,08a0d68d-fb19-4365-ac42-bb190f52a8ed,2024-07-17 00:00:00.000,
,,0f2103f8-4575-4e0e-a2a0-149ab2716220.extra_data.json,,339.0,62701610,0.0,6119292,1575.7222,62710150,2024-08-13 13:25:06.500,2024-07-17 19:10:01.840,499.46143,aqfQc5yGC4,com.sec.android.app.shealth,0f2103f8-4575-4e0e-a2a0-149ab2716220,2024-07-18 00:00:00.000,
,,29818156-0af1-4a2a-bbf6-85a4f13d0369.extra_data.json,,0.0,62701610,0.0,4002486,1617.2701,62710150,2024-08-15 12:53:52.096,2024-07-18 18:30:03.915,241.20998,aqfQc5yGC4,com.sec.android.app.shealth,29818156-0af1-4a2a-bbf6-85a4f13d0369,2024-07-19 00:00:00.000,
,,f15d07c4-baa9-447f-9c3b-98551a0ed1da.extra_data.json,,101.683,62701610,0.0,5046272,1596.7831,62710150,2024-08-15 12:53:52.108,2024-07-19 18:30:02.438,334.44202,aqfQc5yGC4,com.sec.android.app.shealth,f15d07c4-baa9-447f-9c3b-98551a0ed1da,2024-07-20 00:00:00.000,
,,ba27acf4-c482-4357-9d6b-e77f812d8e69.extra_data.json,,50.0,62701610,0.0,7617856,1546.309,62710150,2024-08-15 12:53:52.118,2024-07-20 18:30:01.913,457.0461,aqfQc5yGC4,com.sec.android.app.shealth,ba27acf4-c482-4357-9d6b-e77f812d8e69,2024-07-21 00:00:00.000,
,,23c458ff-24e4-4d45-a20c-e1f8526877a5.extra_data.json,,0.0,62701610,0.0,1773299,1661.024,62710150,2024-08-18 04:13:09.258,2024-07-21 18:30:01.895,97.05898,aqfQc5yGC4,com.sec.android.app.shealth,23c458ff-24e4-4d45-a20c-e1f8526877a5,2024-07-22 00:00:00.000,
,,145e266a-45fc-4128-8c9c-a1323462caf2.extra_data.json,,0.0,62701610,0.0,3843651,1620.3878,62710150,2024-08-19 12:00:51.067,2024-07-22 18:56:50.909,226.21896,aqfQc5yGC4,com.sec.android.app.shealth,145e266a-45fc-4128-8c9c-a1323462caf2,2024-07-23 00:00:00.000,
,,610895e0-7af6-4abb-9268-de5a80e64044.extra_data.json,,210.69,62701610,0.0,6317754,1571.8269,62710150,2024-08-19 18:43:55.565,2024-07-24 18:30:01.959,440.07928,aqfQc5yGC4,com.sec.android.app.shealth,610895e0-7af6-4abb-9268-de5a80e64044,2024-07-25 00:00:00.000,
,,461e6857-ecfc-43d1-99e8-5607b2361fdc.extra_data.json,,0.0,62701610,0.0,5923707,1579.5612,62710150,2024-08-19 18:43:54.906,2024-07-23 18:30:02.495,355.63086,aqfQc5yGC4,com.sec.android.app.shealth,461e6857-ecfc-43d1-99e8-5607b2361fdc,2024-07-24 00:00:00.000,
,,bd1b2d84-d825-4887-b90f-bf8b7336117e.extra_data.json,,0.0,62701610,0.0,4685046,1603.8732,62710150,2024-08-22 14:06:32.083,2024-07-25 23:17:41.526,269.55005,aqfQc5yGC4,com.sec.android.app.shealth,bd1b2d84-d825-4887-b90f-bf8b7336117e,2024-07-26 00:00:00.000,
,,9f9464d0-2442-4364-878b-6f1229cfff77.extra_data.json,,373.82,62701610,0.0,5914055,1579.7506,62710150,2024-08-22 14:06:32.101,2024-07-26 18:30:03.226,600.8466,aqfQc5yGC4,com.sec.android.app.shealth,9f9464d0-2442-4364-878b-6f1229cfff77,2024-07-27 00:00:00.000,
,,2fd15454-f40e-4301-b636-5681e27317b0.extra_data.json,,118.0,62701610,0.0,4699547,1603.5886,62710150,2024-08-24 03:06:52.868,2024-07-27 19:21:55.803,323.9232,aqfQc5yGC4,com.sec.android.app.shealth,2fd15454-f40e-4301-b636-5681e27317b0,2024-07-28 00:00:00.000,
,,3b739639-d31c-4450-81b8-8aeccc148060.extra_data.json,,528.68,62701610,0.0,8129282,1536.2709,62710150,2024-08-25 13:26:02.651,2024-07-28 18:30:02.073,813.43677,aqfQc5yGC4,com.sec.android.app.shealth,3b739639-d31c-4450-81b8-8aeccc148060,2024-07-29 00:00:00.000,
,,26d61cfb-88ac-4385-80f5-83fe7d0142eb.extra_data.json,,705.72,62701610,0.0,8400778,1530.9421,62710150,2024-08-26 16:55:03.511,2024-07-30 01:54:50.258,915.08545,aqfQc5yGC4,com.sec.android.app.shealth,26d61cfb-88ac-4385-80f5-83fe7d0142eb,2024-07-30 00:00:00.000,
,,0d15164f-3011-40a0-95de-7a35bd4c6354.extra_data.json,,500.56,62701610,0.0,6453301,1569.1664,62710150,2024-08-27 18:16:44.436,2024-07-30 18:30:02.892,708.52826,aqfQc5yGC4,com.sec.android.app.shealth,0d15164f-3011-40a0-95de-7a35bd4c6354,2024-07-31 00:00:00.000,
,,455f9b1e-0d84-45f6-be70-e558126f7dc1.extra_data.json,,134.0,62701610,0.0,4636962,1604.817,62710150,2024-08-27 18:16:45.741,2024-07-31 18:30:02.779,340.05283,aqfQc5yGC4,com.sec.android.app.shealth,455f9b1e-0d84-45f6-be70-e558126f7dc1,2024-08-01 00:00:00.000,
,,4eb8604a-ffdf-436f-a0f5-432f93b7007d.extra_data.json,,851.48,62701610,0.0,10454905,1490.6244,62720090,2024-08-29 18:12:56.460,2024-08-01 18:30:04.004,1079.6694,aqfQc5yGC4,com.sec.android.app.shealth,4eb8604a-ffdf-436f-a0f5-432f93b7007d,2024-08-02 00:00:00.000,
,,45a05b60-04c5-4f2e-88ab-d67904e3406a.extra_data.json,,0.0,62701610,0.0,4545390,1606.6143,62720090,2024-08-30 03:53:51.609,2024-08-02 18:30:03.227,292.0898,aqfQc5yGC4,com.sec.android.app.shealth,45a05b60-04c5-4f2e-88ab-d67904e3406a,2024-08-03 00:00:00.000,
,,234863b8-bd3f-4d7c-944e-a3ba57d8cbf6.extra_data.json,,273.2,62701610,0.0,7814704,1542.4453,62720090,2024-08-31 03:46:53.682,2024-08-03 18:30:00.986,600.716,aqfQc5yGC4,com.sec.android.app.shealth,234863b8-bd3f-4d7c-944e-a3ba57d8cbf6,2024-08-04 00:00:00.000,
,,d4cdefad-90b2-424f-a324-fd080d4f617d.extra_data.json,,510.3,62701610,0.0,7641133,1545.852,62720090,2024-08-31 03:46:53.716,2024-08-04 18:30:02.294,757.43207,aqfQc5yGC4,com.sec.android.app.shealth,d4cdefad-90b2-424f-a324-fd080d4f617d,2024-08-05 00:00:00.000,
,,83476a6c-72ce-496e-b2f7-8f13ddefa3b6.extra_data.json,,547.43,62701610,0.0,8048579,1537.855,62720090,2024-08-31 03:46:53.747,2024-08-05 18:30:01.970,798.90106,aqfQc5yGC4,com.sec.android.app.shealth,83476a6c-72ce-496e-b2f7-8f13ddefa3b6,2024-08-06 00:00:00.000,
,,9e800c56-7ba5-41f6-a598-408b62a31578.extra_data.json,,481.46,62701610,0.0,7202801,1554.4556,62720090,2024-09-03 13:24:19.846,2024-08-06 19:11:27.258,749.4627,aqfQc5yGC4,com.sec.android.app.shealth,9e800c56-7ba5-41f6-a598-408b62a31578,2024-08-07 00:00:00.000,
,,94bac7c7-55ae-4464-b0d4-cb4bfbceb5cd.extra_data.json,,0.0,62710150,0.0,3033187,1636.2953,62720090,2024-09-04 03:58:30.412,2024-08-10 00:54:10.329,176.72995,aqfQc5yGC4,com.sec.android.app.shealth,94bac7c7-55ae-4464-b0d4-cb4bfbceb5cd,2024-08-10 00:00:00.000,
,,23950a4a-5187-4240-9efd-766f54f97ecf.extra_data.json,,158.0,62710150,0.0,7354548,1551.4772,62720090,2024-09-04 03:58:30.421,2024-08-10 18:30:01.930,473.25482,aqfQc5yGC4,com.sec.android.app.shealth,23950a4a-5187-4240-9efd-766f54f97ecf,2024-08-11 00:00:00.000,
,,4e969ee1-11d6-4c14-9623-37bcdffcaec9.extra_data.json,,359.644,62710150,0.0,6085418,1576.3872,62720090,2024-09-04 03:58:30.390,2024-08-07 18:30:05.024,520.9763,aqfQc5yGC4,com.sec.android.app.shealth,4e969ee1-11d6-4c14-9623-37bcdffcaec9,2024-08-08 00:00:00.000,
,,6ab2645c-bef1-4e8c-8c28-0c0140623195.extra_data.json,,531.04,62710150,0.0,7923546,1540.3091,62720090,2024-09-04 03:58:30.403,2024-08-08 18:30:01.935,816.0746,aqfQc5yGC4,com.sec.android.app.shealth,6ab2645c-bef1-4e8c-8c28-0c0140623195,2024-08-09 00:00:00.000,
,,c71c0c7c-9138-48e9-9981-e45eac2a2637.extra_data.json,,519.93,62710150,0.0,7020514,1558.0334,62720090,2024-09-08 10:23:45.339,2024-08-15 18:30:03.865,714.7202,aqfQc5yGC4,com.sec.android.app.shealth,c71c0c7c-9138-48e9-9981-e45eac2a2637,2024-08-16 00:00:00.000,
,,b9e87114-4661-455c-bb6f-b5857245a716.extra_data.json,,677.55,62710150,0.0,9100345,1517.2112,62720090,2024-09-08 10:23:45.528,2024-08-16 18:30:02.585,918.6318,aqfQc5yGC4,com.sec.android.app.shealth,b9e87114-4661-455c-bb6f-b5857245a716,2024-08-17 00:00:00.000,
,,dedc89c2-c77f-4622-82d6-46ef7485d4e4.extra_data.json,,577.08,62710150,0.0,8114631,1536.5585,62720090,2024-09-08 10:23:44.926,2024-08-11 18:30:03.257,834.1343,aqfQc5yGC4,com.sec.android.app.shealth,dedc89c2-c77f-4622-82d6-46ef7485d4e4,2024-08-12 00:00:00.000,
,,21a442b1-6e16-4597-b982-eb006e66fe42.extra_data.json,,757.58,62710150,0.0,10335768,1492.9628,62720090,2024-09-08 10:23:44.964,2024-08-12 22:48:08.313,1013.2064,aqfQc5yGC4,com.sec.android.app.shealth,21a442b1-6e16-4597-b982-eb006e66fe42,2024-08-13 00:00:00.000,
,,93dd0ab6-5462-4173-beb6-0463bd4d0258.extra_data.json,,671.8,62710150,0.0,9779541,1503.8801,62720090,2024-09-08 10:23:45.035,2024-08-13 18:30:02.707,959.77045,aqfQc5yGC4,com.sec.android.app.shealth,93dd0ab6-5462-4173-beb6-0463bd4d0258,2024-08-14 00:00:00.000,
,,e52f0818-6e57-4ca3-9ab3-cdcda98730ed.extra_data.json,,350.869,62710150,0.0,6627381,1565.7496,62720090,2024-09-08 10:23:45.279,2024-08-14 18:30:02.037,511.16107,aqfQc5yGC4,com.sec.android.app.shealth,e52f0818-6e57-4ca3-9ab3-cdcda98730ed,2024-08-15 00:00:00.000,
,,b402cf76-e5da-4802-b794-1e933a099d63.extra_data.json,,0.0,62710150,0.0,2528283,1646.2054,62720090,2024-09-14 01:59:50.949,2024-08-17 18:51:44.658,145.77997,aqfQc5yGC4,com.sec.android.app.shealth,b402cf76-e5da-4802-b794-1e933a099d63,2024-08-18 00:00:00.000,
,,e5c4f778-0201-474f-80f0-57b25b0604b4.extra_data.json,,603.64,62710150,0.0,7904382,1540.685,62720090,2024-09-15 11:49:44.633,2024-08-19 18:30:04.217,812.3848,aqfQc5yGC4,com.sec.android.app.shealth,e5c4f778-0201-474f-80f0-57b25b0604b4,2024-08-20 00:00:00.000,
,,dd9ef14e-1094-415f-9c4a-40bb63e5a4fd.extra_data.json,,537.3,62710150,0.0,7214563,1554.2247,62720090,2024-09-15 11:49:44.708,2024-08-20 18:30:01.901,766.90936,aqfQc5yGC4,com.sec.android.app.shealth,dd9ef14e-1094-415f-9c4a-40bb63e5a4fd,2024-08-21 00:00:00.000,
,,37b29fa0-8657-4814-9260-193215413d26.extra_data.json,,601.41,62710150,0.0,8426148,1530.4442,62720090,2024-09-15 11:49:44.594,2024-08-18 18:30:05.011,843.7899,aqfQc5yGC4,com.sec.android.app.shealth,37b29fa0-8657-4814-9260-193215413d26,2024-08-19 00:00:00.000,
,,82460ee1-dff2-46ce-858c-5170114af653.extra_data.json,,0.0,62710150,0.0,4352562,1610.399,62720090,2024-09-18 02:30:58.432,2024-08-24 18:30:03.472,258.49982,aqfQc5yGC4,com.sec.android.app.shealth,82460ee1-dff2-46ce-858c-5170114af653,2024-08-25 00:00:00.000,
,,296baad5-fd82-4fa3-8a31-b4bce7bad1a9.extra_data.json,,567.31,62710150,0.0,6627970,1565.7382,62720090,2024-09-18 02:30:58.452,2024-08-25 18:30:02.117,722.655,aqfQc5yGC4,com.sec.android.app.shealth,296baad5-fd82-4fa3-8a31-b4bce7bad1a9,2024-08-26 00:00:00.000,
,,6f2c71d0-487b-4639-8da3-87a552f6b665.extra_data.json,,283.238,62710150,0.0,6763855,1563.071,62720090,2024-09-18 02:30:58.072,2024-08-21 18:30:02.871,527.6054,aqfQc5yGC4,com.sec.android.app.shealth,6f2c71d0-487b-4639-8da3-87a552f6b665,2024-08-22 00:00:00.000,
,,9208034b-e50d-4317-8d8e-946a4a1ffc9d.extra_data.json,,667.75,62710150,0.0,9727065,1504.9102,62720090,2024-09-18 02:30:58.384,2024-08-22 18:30:01.642,973.2549,aqfQc5yGC4,com.sec.android.app.shealth,9208034b-e50d-4317-8d8e-946a4a1ffc9d,2024-08-23 00:00:00.000,
,,aa903356-791a-4909-b2b7-86db86155f9e.extra_data.json,,0.0,62710150,0.0,2459701,1647.5514,62720090,2024-09-18 02:30:58.419,2024-08-23 18:30:01.940,140.44998,aqfQc5yGC4,com.sec.android.app.shealth,aa903356-791a-4909-b2b7-86db86155f9e,2024-08-24 00:00:00.000,
,,7d833d3b-cd06-434b-89b9-6041f5daad67.extra_data.json,,738.79004,62710150,0.0,8417714,1530.6096,62720090,2024-09-23 17:02:17.513,2024-08-26 23:02:03.656,927.7169,aqfQc5yGC4,com.sec.android.app.shealth,7d833d3b-cd06-434b-89b9-6041f5daad67,2024-08-27 00:00:00.000,
,,f8bb1ba1-a944-47e3-a311-b74fc0e2b01e.extra_data.json,,702.11,62710150,0.0,9179748,1515.6527,62720090,2024-09-24 17:05:33.270,2024-08-27 18:30:02.590,923.98456,aqfQc5yGC4,com.sec.android.app.shealth,f8bb1ba1-a944-47e3-a311-b74fc0e2b01e,2024-08-28 00:00:00.000,
,,0b21a3f9-a0e2-433f-8ddb-df150aa5c40a.extra_data.json,,304.662,62710150,0.0,5850382,1581.0002,62720090,2024-09-25 01:47:59.470,2024-08-28 18:30:02.129,460.7179,aqfQc5yGC4,com.sec.android.app.shealth,0b21a3f9-a0e2-433f-8ddb-df150aa5c40a,2024-08-29 00:00:00.000,
,,c850513c-2cd4-48fa-b4a2-4504dd998e75.extra_data.json,,0.0,62720090,0.0,6135216,1575.4097,62720090,2024-09-26 00:13:33.644,2024-08-31 18:32:44.427,346.7199,aqfQc5yGC4,com.sec.android.app.shealth,c850513c-2cd4-48fa-b4a2-4504dd998e75,2024-09-01 00:00:00.000,
,,63b9b229-12e7-48f1-990d-b8d21b244942.extra_data.json,,625.49,62720090,0.0,8904683,1521.0516,62720090,2024-09-26 00:13:34.070,2024-09-01 18:30:02.450,828.37524,aqfQc5yGC4,com.sec.android.app.shealth,63b9b229-12e7-48f1-990d-b8d21b244942,2024-09-02 00:00:00.000,
,,268a4239-b2fb-420a-9880-7ce0d140f6e4.extra_data.json,,548.45,62720090,0.0,8072713,1537.3812,62720090,2024-09-26 00:13:32.157,2024-08-29 18:30:02.957,824.2141,aqfQc5yGC4,com.sec.android.app.shealth,268a4239-b2fb-420a-9880-7ce0d140f6e4,2024-08-30 00:00:00.000,
,,f55ecd21-3015-42b9-af4b-77cc3191f14c.extra_data.json,,632.72,62720090,0.0,10359505,1492.4968,62720090,2024-09-26 00:13:33.164,2024-08-30 18:30:02.319,961.5593,aqfQc5yGC4,com.sec.android.app.shealth,f55ecd21-3015-42b9-af4b-77cc3191f14c,2024-08-31 00:00:00.000,
,,cdd758c1-ac51-47d7-a679-8aebb8eee85e.extra_data.json,,696.82,62720090,0.0,9459170,1510.1683,62720090,2024-09-30 00:38:20.163,2024-09-02 18:30:01.985,944.8884,aqfQc5yGC4,com.sec.android.app.shealth,cdd758c1-ac51-47d7-a679-8aebb8eee85e,2024-09-03 00:00:00.000,
,,5e38a4c0-8879-4fd4-8611-47b6477148b0.extra_data.json,,731.8,62720090,0.0,9569535,1508.0021,62720090,2024-09-30 00:38:20.199,2024-09-03 23:53:25.249,998.8489,aqfQc5yGC4,com.sec.android.app.shealth,5e38a4c0-8879-4fd4-8611-47b6477148b0,2024-09-04 00:00:00.000,
,,60f75f6b-ffdd-42ec-a13d-4acccb23c26c.extra_data.json,,313.223,62720090,0.0,6688521,1564.5497,62720090,2024-10-02 13:43:15.277,2024-09-04 18:30:02.185,524.6864,aqfQc5yGC4,com.sec.android.app.shealth,60f75f6b-ffdd-42ec-a13d-4acccb23c26c,2024-09-05 00:00:00.000,
,,0fb7e659-7e67-4cea-9999-c96d9e9a23d6.extra_data.json,,492.73,62720090,0.0,7503782,1548.548,62720090,2024-10-03 06:55:26.694,2024-09-05 18:30:04.037,744.0641,aqfQc5yGC4,com.sec.android.app.shealth,0fb7e659-7e67-4cea-9999-c96d9e9a23d6,2024-09-06 00:00:00.000,
,,ebf1c233-e765-465f-b096-1962fb4b22fa.extra_data.json,,483.41,62720090,0.0,6940535,1559.6031,62720090,2024-10-04 04:05:53.539,2024-09-06 18:30:02.102,705.27594,aqfQc5yGC4,com.sec.android.app.shealth,ebf1c233-e765-465f-b096-1962fb4b22fa,2024-09-07 00:00:00.000,
,,f3aab9e5-47e4-480c-9549-9f517010d4ee.extra_data.json,,0.0,62720090,0.0,2300312,1650.6799,62720090,2024-10-05 00:37:31.594,2024-09-07 19:29:11.026,146.36002,aqfQc5yGC4,com.sec.android.app.shealth,f3aab9e5-47e4-480c-9549-9f517010d4ee,2024-09-08 00:00:00.000,
,,e6036094-0d97-4e46-b5b1-8d376aaa2ca9.extra_data.json,,511.13,62720090,0.0,6419490,1569.8301,62720090,2024-10-05 00:37:31.880,2024-09-08 18:30:02.296,698.36584,aqfQc5yGC4,com.sec.android.app.shealth,e6036094-0d97-4e46-b5b1-8d376aaa2ca9,2024-09-09 00:00:00.000,
,,70533160-da8a-44c2-a8a6-a5950659a668.extra_data.json,,771.33,62720090,0.0,7969888,1539.3994,62720090,2024-10-05 00:37:31.948,2024-09-09 18:30:03.860,898.158,aqfQc5yGC4,com.sec.android.app.shealth,70533160-da8a-44c2-a8a6-a5950659a668,2024-09-10 00:00:00.000,
,,feb3a1c1-9bae-4e6f-acfc-729c1033c1c1.extra_data.json,,622.81,62720090,0.0,6694058,1564.441,62720090,2024-10-05 00:37:31.998,2024-09-10 18:30:04.479,784.5664,aqfQc5yGC4,com.sec.android.app.shealth,feb3a1c1-9bae-4e6f-acfc-729c1033c1c1,2024-09-11 00:00:00.000,
,,209acff2-8762-4407-930d-a5c424e1da39.extra_data.json,,364.511,62720090,0.0,5913513,1579.7612,62720090,2024-10-05 00:37:32.130,2024-09-11 20:26:26.950,550.91797,aqfQc5yGC4,com.sec.android.app.shealth,209acff2-8762-4407-930d-a5c424e1da39,2024-09-12 00:00:00.000,
,,c55b7355-7505-45a5-bfc2-e7863ff56bae.extra_data.json,,515.59,62720090,0.0,7757912,1543.5599,62720090,2024-10-05 00:37:32.211,2024-09-12 19:09:44.212,797.9833,aqfQc5yGC4,com.sec.android.app.shealth,c55b7355-7505-45a5-bfc2-e7863ff56bae,2024-09-13 00:00:00.000,
,,3b4fba91-c8b2-4040-b13e-b55840885007.extra_data.json,,665.51,62720090,0.0,10369950,1492.2917,62720090,2024-10-05 00:37:32.261,2024-09-14 01:05:37.256,978.89685,aqfQc5yGC4,com.sec.android.app.shealth,3b4fba91-c8b2-4040-b13e-b55840885007,2024-09-14 00:00:00.000,
,,bc8ede9c-b48e-4163-8d9a-a5fa2372a225.extra_data.json,,568.48,62720090,0.0,11355896,1472.94,62720090,2024-10-05 00:37:32.433,2024-09-15 18:30:16.012,968.0308,aqfQc5yGC4,com.sec.android.app.shealth,bc8ede9c-b48e-4163-8d9a-a5fa2372a225,2024-09-16 00:00:00.000,
,,3894abe3-2538-411d-ad4b-96e399cdd941.extra_data.json,,86.0,62720090,0.0,3680592,1623.5883,62720090,2024-10-05 00:37:32.398,2024-09-15 00:29:01.329,251.9588,aqfQc5yGC4,com.sec.android.app.shealth,3894abe3-2538-411d-ad4b-96e399cdd941,2024-09-15 00:00:00.000,
,,c0bf0bee-10ae-45d8-8227-7dac2fff47a1.extra_data.json,,0.0,62720090,0.0,3779676,1621.6433,62720090,2024-10-05 00:37:32.753,2024-09-19 18:30:04.012,207.75996,aqfQc5yGC4,com.sec.android.app.shealth,c0bf0bee-10ae-45d8-8227-7dac2fff47a1,2024-09-20 00:00:00.000,
,,25a2ab6b-74fd-41f8-946d-f5e94936c8c7.extra_data.json,,531.477,62720090,0.0,7148286,1555.5255,62720090,2024-10-05 00:37:32.690,2024-09-18 18:52:42.873,694.0165,aqfQc5yGC4,com.sec.android.app.shealth,25a2ab6b-74fd-41f8-946d-f5e94936c8c7,2024-09-19 00:00:00.000,
,,b746fcac-4440-4c91-8cab-91ab1038d682.extra_data.json,,516.2,62720090,0.0,8344010,1532.0563,62720090,2024-10-05 00:37:32.644,2024-09-17 18:30:03.750,775.4895,aqfQc5yGC4,com.sec.android.app.shealth,b746fcac-4440-4c91-8cab-91ab1038d682,2024-09-18 00:00:00.000,
,,fb40086f-bf39-4ea0-9203-5f5c47a47904.extra_data.json,,121.0,62720090,0.0,4407396,1609.3229,62720090,2024-10-05 00:37:32.504,2024-09-16 18:30:01.942,287.70435,aqfQc5yGC4,com.sec.android.app.shealth,fb40086f-bf39-4ea0-9203-5f5c47a47904,2024-09-17 00:00:00.000,
,,e0700194-a4e2-4653-a16f-6b49c037ce9a.extra_data.json,,0.0,62720090,0.0,2726235,1642.3201,62720090,2024-10-18 02:09:02.833,2024-09-20 18:30:02.709,155.74007,aqfQc5yGC4,com.sec.android.app.shealth,e0700194-a4e2-4653-a16f-6b49c037ce9a,2024-09-21 00:00:00.000,
,,c5362199-a743-456d-9285-1ddd3cdfb818.extra_data.json,,72.73,62720090,0.0,4189411,1613.6013,62720090,2024-10-18 02:09:02.883,2024-09-21 19:15:17.472,272.51993,aqfQc5yGC4,com.sec.android.app.shealth,c5362199-a743-456d-9285-1ddd3cdfb818,2024-09-22 00:00:00.000,
,,359adbd9-f595-4b17-a095-308927c0f471.extra_data.json,,576.55,62720090,0.0,7890169,1540.9641,62720090,2024-10-18 02:09:02.910,2024-09-22 19:04:50.589,792.4418,aqfQc5yGC4,com.sec.android.app.shealth,359adbd9-f595-4b17-a095-308927c0f471,2024-09-23 00:00:00.000,
,,6a762f52-95cd-4141-8cc7-baf51d04db5b.extra_data.json,,0.0,62720090,0.0,2427298,1648.1875,62720090,2024-10-18 02:09:02.946,2024-09-23 18:30:04.336,153.54001,aqfQc5yGC4,com.sec.android.app.shealth,6a762f52-95cd-4141-8cc7-baf51d04db5b,2024-09-24 00:00:00.000,
,,b45478db-f189-4d90-ad1b-40d5cca8fd44.extra_data.json,,582.03,62720090,0.0,7640268,1545.869,62720090,2024-10-18 02:09:02.980,2024-09-24 22:01:29.300,784.7499,aqfQc5yGC4,com.sec.android.app.shealth,b45478db-f189-4d90-ad1b-40d5cca8fd44,2024-09-25 00:00:00.000,
,,c39143ea-0c43-40d0-9fe3-b83ae0157466.extra_data.json,,572.54,62720090,0.0,6897321,1560.4514,62720090,2024-10-23 04:00:13.298,2024-09-26 00:10:07.219,764.4804,aqfQc5yGC4,com.sec.android.app.shealth,c39143ea-0c43-40d0-9fe3-b83ae0157466,2024-09-26 00:00:00.000,
,,ab366bc6-3034-4d26-b921-34e886ff84ac.extra_data.json,,491.4,62720090,0.0,7978990,1539.2207,62720090,2024-10-23 04:00:13.335,2024-09-26 18:30:05.689,792.8698,aqfQc5yGC4,com.sec.android.app.shealth,ab366bc6-3034-4d26-b921-34e886ff84ac,2024-09-27 00:00:00.000,
,,b3be66df-d60c-4603-80b4-a9a8150145b2.extra_data.json,,0.0,62720090,0.0,3448240,1628.1488,62810050,2024-10-25 02:12:18.709,2024-09-28 18:36:06.215,218.19008,aqfQc5yGC4,com.sec.android.app.shealth,b3be66df-d60c-4603-80b4-a9a8150145b2,2024-09-29 00:00:00.000,
,,58e17633-ff55-4e67-a4d4-91bd815a421a.extra_data.json,,522.0,62720090,0.0,7393003,1550.7224,62810050,2024-10-25 02:12:18.761,2024-09-29 23:58:54.856,765.93146,aqfQc5yGC4,com.sec.android.app.shealth,58e17633-ff55-4e67-a4d4-91bd815a421a,2024-09-30 00:00:00.000,
,,1abac867-bbeb-4d27-ab89-dc8f5c9c95ef.extra_data.json,,570.0,62720090,0.0,7663040,1545.4221,62810050,2024-10-25 02:12:18.830,2024-09-30 18:30:01.675,784.83093,aqfQc5yGC4,com.sec.android.app.shealth,1abac867-bbeb-4d27-ab89-dc8f5c9c95ef,2024-10-01 00:00:00.000,
,,2ec05a94-7533-40c8-962a-38e2280fd6be.extra_data.json,,501.0,62720090,0.0,6554043,1567.1892,62810050,2024-10-25 02:12:18.852,2024-10-01 18:30:02.436,677.13544,aqfQc5yGC4,com.sec.android.app.shealth,2ec05a94-7533-40c8-962a-38e2280fd6be,2024-10-02 00:00:00.000,
,,40a0bee8-eb14-45cb-b6c2-5583421c0263.extra_data.json,,0.0,62720090,0.0,2949853,1637.9309,62810050,2024-10-25 02:12:18.856,2024-10-02 19:24:16.879,164.88997,aqfQc5yGC4,com.sec.android.app.shealth,40a0bee8-eb14-45cb-b6c2-5583421c0263,2024-10-03 00:00:00.000,
,,cff2a8a6-b4df-4676-bcbf-8c237c1ffa73.extra_data.json,,183.0,62720090,0.0,3352043,1630.037,62810050,2024-10-25 02:12:18.691,2024-09-27 18:30:04.059,298.86444,aqfQc5yGC4,com.sec.android.app.shealth,cff2a8a6-b4df-4676-bcbf-8c237c1ffa73,2024-09-28 00:00:00.000,
,,3b8975c4-28aa-4600-8690-16decd63c392.extra_data.json,,544.0,62720090,0.0,6047887,1577.1238,62810050,2024-10-31 01:16:58.330,2024-10-04 01:45:57.741,665.98157,aqfQc5yGC4,com.sec.android.app.shealth,3b8975c4-28aa-4600-8690-16decd63c392,2024-10-04 00:00:00.000,
,,ecb3d928-e265-4667-bc9a-af342af8a14a.extra_data.json,,162.0,62720090,0.0,6222001,1573.7063,62810050,2024-11-01 03:22:51.071,2024-10-05 00:35:39.607,448.17923,aqfQc5yGC4,com.sec.android.app.shealth,ecb3d928-e265-4667-bc9a-af342af8a14a,2024-10-05 00:00:00.000,
,,9667e939-6b63-439e-bdca-820dbab7cc9d.extra_data.json,,0.0,62720090,0.0,4156218,1614.2528,62810050,2024-11-01 03:22:51.085,2024-10-05 18:30:54.093,263.7,aqfQc5yGC4,com.sec.android.app.shealth,9667e939-6b63-439e-bdca-820dbab7cc9d,2024-10-06 00:00:00.000,
,,60389e72-3a7e-4bf9-b36e-8276a847a481.extra_data.json,,505.0,62720090,0.0,8105362,1531.5958,62810050,2024-11-03 12:00:11.578,2024-10-06 18:45:22.904,809.1103,aqfQc5yGC4,com.sec.android.app.shealth,60389e72-3a7e-4bf9-b36e-8276a847a481,2024-10-07 00:00:00.000,
,,a1ba7b82-80c1-450c-b513-3a200c47479d.extra_data.json,,485.0,62720090,0.0,7676603,1539.9833,62810050,2024-11-04 02:36:30.540,2024-10-07 18:30:01.676,749.2084,aqfQc5yGC4,com.sec.android.app.shealth,a1ba7b82-80c1-450c-b513-3a200c47479d,2024-10-08 00:00:00.000,
,,c0c797d8-c936-4a10-b11f-0b0dc61a883f.extra_data.json,,455.0,62720090,0.0,7247248,1548.3822,62810050,2024-11-04 02:36:30.572,2024-10-08 18:30:03.726,699.4505,aqfQc5yGC4,com.sec.android.app.shealth,c0c797d8-c936-4a10-b11f-0b0dc61a883f,2024-10-09 00:00:00.000,
,,9c7aa1c6-edee-413e-80b1-f7e7cd23b813.extra_data.json,,436.0,62720090,0.0,8110880,1531.4879,62810050,2024-11-04 02:36:30.600,2024-10-09 18:30:02.791,760.0984,aqfQc5yGC4,com.sec.android.app.shealth,9c7aa1c6-edee-413e-80b1-f7e7cd23b813,2024-10-10 00:00:00.000,
,,2abbcf7c-cfc9-4d54-8f60-dc28c5de82ab.extra_data.json,,40.0,62720090,0.0,2961810,1632.2137,62810050,2024-11-07 17:45:32.007,2024-10-10 19:14:04.456,211.08719,aqfQc5yGC4,com.sec.android.app.shealth,2abbcf7c-cfc9-4d54-8f60-dc28c5de82ab,2024-10-11 00:00:00.000,
,,ee3dfa31-1eeb-409c-845a-8c84578d1b5e.extra_data.json,,0.0,62720090,0.0,3391605,1623.806,62820030,2024-11-08 02:10:00.294,2024-10-11 18:30:02.846,213.09996,aqfQc5yGC4,com.sec.android.app.shealth,ee3dfa31-1eeb-409c-845a-8c84578d1b5e,2024-10-12 00:00:00.000,
,,dfa4fc1e-d0d3-42ee-b452-e75b9155375a.extra_data.json,,0.0,62720090,0.0,2819346,1635.0006,62820030,2024-11-09 12:07:14.449,2024-10-12 18:30:01.818,176.16,aqfQc5yGC4,com.sec.android.app.shealth,dfa4fc1e-d0d3-42ee-b452-e75b9155375a,2024-10-13 00:00:00.000,
,,1407ca35-858c-4cb0-b328-944c061715f5.extra_data.json,,735.0,62720090,0.0,9788105,1498.6781,62820030,2024-11-09 12:07:14.501,2024-10-13 18:30:03.704,997.719,aqfQc5yGC4,com.sec.android.app.shealth,1407ca35-858c-4cb0-b328-944c061715f5,2024-10-14 00:00:00.000,
,,f73a87d7-72a4-420a-904b-4f093aea0bc3.extra_data.json,,625.0,62720090,0.0,7339091,1546.5857,62820030,2024-11-09 12:07:14.531,2024-10-14 18:30:02.100,827.6864,aqfQc5yGC4,com.sec.android.app.shealth,f73a87d7-72a4-420a-904b-4f093aea0bc3,2024-10-15 00:00:00.000,
,,1676250a-a2cf-475e-ad8d-509322e20394.extra_data.json,,425.0,62720090,0.0,5860369,1575.5123,62820030,2024-11-09 12:07:14.593,2024-10-15 18:30:02.306,613.02795,aqfQc5yGC4,com.sec.android.app.shealth,1676250a-a2cf-475e-ad8d-509322e20394,2024-10-16 00:00:00.000,
,,29518387-9cdb-4330-bf3a-309c89d065a8.extra_data.json,,0.0,62720090,0.0,2663547,1638.0485,62820030,2024-11-09 12:07:14.690,2024-10-16 18:30:04.547,175.79996,aqfQc5yGC4,com.sec.android.app.shealth,29518387-9cdb-4330-bf3a-309c89d065a8,2024-10-17 00:00:00.000,
,,9ea9f091-2097-4d17-9039-32a44a1d5837.extra_data.json,,487.0,62720090,0.0,6410124,1564.7579,62820030,2024-11-09 12:07:14.757,2024-10-17 18:42:16.572,664.9025,aqfQc5yGC4,com.sec.android.app.shealth,9ea9f091-2097-4d17-9039-32a44a1d5837,2024-10-18 00:00:00.000,
,,c5ea66b6-ab72-46bd-9c1b-da9b6879d531.extra_data.json,,492.0,62720090,0.0,7374779,1545.8876,62820030,2024-11-15 17:09:18.042,2024-10-18 18:30:05.069,734.97534,aqfQc5yGC4,com.sec.android.app.shealth,c5ea66b6-ab72-46bd-9c1b-da9b6879d531,2024-10-19 00:00:00.000,
,,f57c962e-b4e4-41cd-b95e-f7a291d87b90.extra_data.json,,0.0,62720090,0.0,2084477,1649.376,62820030,2024-11-15 17:09:18.081,2024-10-19 18:30:02.883,130.23001,aqfQc5yGC4,com.sec.android.app.shealth,f57c962e-b4e4-41cd-b95e-f7a291d87b90,2024-10-20 00:00:00.000,
,,7b50c010-0132-41fc-ae4f-81d795fa82cf.extra_data.json,,658.0,62720090,0.0,8877727,1516.4868,62820030,2024-11-15 17:09:18.140,2024-10-20 20:04:24.654,929.93274,aqfQc5yGC4,com.sec.android.app.shealth,7b50c010-0132-41fc-ae4f-81d795fa82cf,2024-10-21 00:00:00.000,
,,a14ec3f0-71fd-45d2-9bac-5cadfba62b5f.extra_data.json,,581.0,62720090,0.0,6685497,1559.3712,62820030,2024-11-15 17:09:18.189,2024-10-21 18:30:01.911,752.7246,aqfQc5yGC4,com.sec.android.app.shealth,a14ec3f0-71fd-45d2-9bac-5cadfba62b5f,2024-10-22 00:00:00.000,
,,c4e658a5-1a70-4244-ae1f-887640b4a748.extra_data.json,,517.0,62720090,0.0,6326525,1566.3933,62820030,2024-11-15 17:09:18.231,2024-10-22 18:30:02.287,645.31104,aqfQc5yGC4,com.sec.android.app.shealth,c4e658a5-1a70-4244-ae1f-887640b4a748,2024-10-23 00:00:00.000,
,,4d26e728-d08b-465f-8eea-86b84134b1ca.extra_data.json,,396.0,62720090,0.0,5516569,1582.2377,62820030,2024-11-20 02:41:11.185,2024-10-23 18:30:01.906,566.57227,aqfQc5yGC4,com.sec.android.app.shealth,4d26e728-d08b-465f-8eea-86b84134b1ca,2024-10-24 00:00:00.000,
,,7a4b0b8c-3b0b-4e35-a5ae-c7fa55547f19.extra_data.json,,537.0,62720090,0.0,5502666,1582.5096,62820030,2024-11-21 01:52:05.621,2024-10-24 18:30:01.797,648.07745,aqfQc5yGC4,com.sec.android.app.shealth,7a4b0b8c-3b0b-4e35-a5ae-c7fa55547f19,2024-10-25 00:00:00.000,
,,3c356a44-d3cc-4c3f-b636-5b20c71883ef.extra_data.json,,427.0,62810050,0.0,7827884,1537.0238,62820030,2024-11-21 01:52:05.646,2024-10-25 18:30:01.830,731.86676,aqfQc5yGC4,com.sec.android.app.shealth,3c356a44-d3cc-4c3f-b636-5b20c71883ef,2024-10-26 00:00:00.000,
,,8969ce77-8197-4f98-bde4-d6d10e04168e.extra_data.json,,0.0,62810050,0.0,3597657,1619.7754,62820030,2024-11-21 01:52:05.672,2024-10-26 18:30:04.233,203.7901,aqfQc5yGC4,com.sec.android.app.shealth,8969ce77-8197-4f98-bde4-d6d10e04168e,2024-10-27 00:00:00.000,
,,a9b13940-8472-4d50-85b8-a532f8e9a865.extra_data.json,,0.0,62810050,0.0,3609134,1619.5508,62820030,2024-11-21 01:52:05.693,2024-10-27 18:30:01.982,201.42995,aqfQc5yGC4,com.sec.android.app.shealth,a9b13940-8472-4d50-85b8-a532f8e9a865,2024-10-28 00:00:00.000,
,,aec8d26a-382c-4085-a80c-b1dbbf23e6af.extra_data.json,,522.0,62810050,0.0,7964264,1534.356,62820030,2024-11-24 22:51:39.130,2024-10-28 18:30:03.757,760.5481,aqfQc5yGC4,com.sec.android.app.shealth,aec8d26a-382c-4085-a80c-b1dbbf23e6af,2024-10-29 00:00:00.000,
,,a62ca015-a56c-4669-a45f-75c9ef743125.extra_data.json,,433.0,62810050,0.0,5898770,1574.7611,62820030,2024-11-24 22:51:39.155,2024-10-29 18:30:02.872,586.2345,aqfQc5yGC4,com.sec.android.app.shealth,a62ca015-a56c-4669-a45f-75c9ef743125,2024-10-30 00:00:00.000,
,,9def4f6c-711e-4b6d-b71e-f0d16311d87f.extra_data.json,,0.0,62810050,0.0,5835126,1576.006,62820030,2024-11-24 22:51:39.182,2024-10-30 18:30:02.643,370.3202,aqfQc5yGC4,com.sec.android.app.shealth,9def4f6c-711e-4b6d-b71e-f0d16311d87f,2024-10-31 00:00:00.000,
,,7cc0bc13-f75f-4b3f-8367-ea1fa02092c2.extra_data.json,,0.0,62810050,0.0,3707666,1617.6234,62820030,2024-11-24 22:51:39.212,2024-10-31 18:33:05.331,236.54001,aqfQc5yGC4,com.sec.android.app.shealth,7cc0bc13-f75f-4b3f-8367-ea1fa02092c2,2024-11-01 00:00:00.000,
,,67dedf93-66c4-498e-840c-deaca784dead.extra_data.json,,0.0,62810050,0.0,2811209,1635.1598,62820030,2024-11-24 22:51:39.241,2024-11-01 18:30:01.022,177.12999,aqfQc5yGC4,com.sec.android.app.shealth,67dedf93-66c4-498e-840c-deaca784dead,2024-11-02 00:00:00.000,
,,56dea73d-25d5-4bac-90e0-6a51aeff648b.extra_data.json,,0.0,62810050,0.0,3867999,1614.4869,62820030,2024-11-30 05:52:10.608,2024-11-02 23:17:13.823,255.43996,aqfQc5yGC4,com.sec.android.app.shealth,56dea73d-25d5-4bac-90e0-6a51aeff648b,2024-11-03 00:00:00.000,
,,1fb7b289-80a2-49e0-9299-222014e7e99b.extra_data.json,,0.0,62810050,0.0,6627334,1560.5089,62820030,2024-12-01 11:15:14.429,2024-11-03 18:42:52.412,389.67023,aqfQc5yGC4,com.sec.android.app.shealth,1fb7b289-80a2-49e0-9299-222014e7e99b,2024-11-04 00:00:00.000,
,,d7629684-fea1-4bb7-bc21-bc277de65ee3.extra_data.json,,609.0,62810050,0.0,8402905,1525.7753,62820030,2024-12-01 11:15:14.516,2024-11-04 18:30:02.850,835.14276,aqfQc5yGC4,com.sec.android.app.shealth,d7629684-fea1-4bb7-bc21-bc277de65ee3,2024-11-05 00:00:00.000,
,,f393491f-e21b-423d-9057-ca6d3a036e81.extra_data.json,,0.0,62810050,0.0,826279,1673.9889,62820030,2024-12-01 11:15:14.570,2024-11-05 18:33:56.004,47.899998,aqfQc5yGC4,com.sec.android.app.shealth,f393491f-e21b-423d-9057-ca6d3a036e81,2024-11-06 00:00:00.000,
,,bde465d6-8f79-486a-af56-ac80d782d391.extra_data.json,,532.0,62810050,0.0,7033481,1552.564,62820030,2024-12-04 14:56:06.703,2024-11-06 18:30:02.364,732.053,aqfQc5yGC4,com.sec.android.app.shealth,bde465d6-8f79-486a-af56-ac80d782d391,2024-11-07 00:00:00.000,
,,471ebde3-90f2-43c6-8dd8-38c7e3990430.extra_data.json,,436.0,62820030,0.0,4617626,1599.8228,62850050,2024-12-05 18:29:39.516,2024-11-07 18:30:02.981,522.7379,aqfQc5yGC4,com.sec.android.app.shealth,471ebde3-90f2-43c6-8dd8-38c7e3990430,2024-11-08 00:00:00.000,
,,ef3e5288-7f1f-4a30-be85-75353ba31207.extra_data.json,,585.0,62820030,0.0,7543105,1542.5947,62850050,2024-12-05 18:29:39.531,2024-11-08 18:30:02.101,794.85284,aqfQc5yGC4,com.sec.android.app.shealth,ef3e5288-7f1f-4a30-be85-75353ba31207,2024-11-09 00:00:00.000,
,,b2017557-e4c7-465c-b47c-64381dcabac9.extra_data.json,,0.0,62820030,0.0,4184831,1608.2891,62850050,2024-12-05 18:29:39.552,2024-11-09 18:39:05.755,258.33002,aqfQc5yGC4,com.sec.android.app.shealth,b2017557-e4c7-465c-b47c-64381dcabac9,2024-11-10 00:00:00.000,
,,a8bc0ff6-4041-4a35-b5f8-0ec9f538d299.extra_data.json,,37.0,62820030,0.0,2679112,1637.7439,62850050,2024-12-05 18:29:39.618,2024-11-10 18:30:01.319,192.12762,aqfQc5yGC4,com.sec.android.app.shealth,a8bc0ff6-4041-4a35-b5f8-0ec9f538d299,2024-11-11 00:00:00.000,
,,60c4c3d9-0c86-49d4-a889-265ae760c3e5.extra_data.json,,0.0,62820030,0.0,3498097,1621.7229,62850050,2024-12-09 01:55:44.896,2024-11-11 18:30:02.345,223.27998,aqfQc5yGC4,com.sec.android.app.shealth,60c4c3d9-0c86-49d4-a889-265ae760c3e5,2024-11-12 00:00:00.000,
,,9ffbae50-cac0-4b55-a48a-2a09636ab38d.extra_data.json,,456.0,62820030,0.0,6923821,1554.709,62850050,2024-12-10 17:52:09.074,2024-11-12 18:30:01.924,712.8501,aqfQc5yGC4,com.sec.android.app.shealth,9ffbae50-cac0-4b55-a48a-2a09636ab38d,2024-11-13 00:00:00.000,
,,63b759c6-c432-40a2-87bf-48540a8bd67a.extra_data.json,,738.0,62820030,0.0,8399248,1525.8468,62850050,2024-12-11 02:02:13.159,2024-11-17 19:43:15.977,922.47253,aqfQc5yGC4,com.sec.android.app.shealth,63b759c6-c432-40a2-87bf-48540a8bd67a,2024-11-18 00:00:00.000,
,,e0a93978-b2ac-452a-9221-daa31cbe7e71.extra_data.json,,678.0,62820030,0.0,8540353,1523.0865,62850050,2024-12-11 02:02:13.164,2024-11-18 18:30:03.672,872.70447,aqfQc5yGC4,com.sec.android.app.shealth,e0a93978-b2ac-452a-9221-daa31cbe7e71,2024-11-19 00:00:00.000,
,,2ccccc45-392b-4a73-8bf4-445a68b56643.extra_data.json,,113.0,62820030,0.0,4949564,1593.3293,62850050,2024-12-11 02:02:13.175,2024-11-19 18:30:01.721,357.73608,aqfQc5yGC4,com.sec.android.app.shealth,2ccccc45-392b-4a73-8bf4-445a68b56643,2024-11-20 00:00:00.000,
,,6a6be0c6-0031-4fe4-b781-7244eb82b1a6.extra_data.json,,548.0,62820030,0.0,7808167,1537.4095,62850050,2024-12-11 02:02:13.198,2024-11-21 01:25:08.029,749.64825,aqfQc5yGC4,com.sec.android.app.shealth,6a6be0c6-0031-4fe4-b781-7244eb82b1a6,2024-11-21 00:00:00.000,
,,4fc764cb-97b6-4aa2-8ea6-d07f0b7e535c.extra_data.json,,496.0,62820030,0.0,8377976,1526.263,62850050,2024-12-11 02:02:13.083,2024-11-13 18:30:01.929,829.15564,aqfQc5yGC4,com.sec.android.app.shealth,4fc764cb-97b6-4aa2-8ea6-d07f0b7e535c,2024-11-14 00:00:00.000,
,,a654ec7c-68b2-4e55-bd7b-0ff80ccb2a5d.extra_data.json,,458.0,62820030,0.0,5998956,1572.8011,62850050,2024-12-11 02:02:13.115,2024-11-14 18:30:08.120,637.7028,aqfQc5yGC4,com.sec.android.app.shealth,a654ec7c-68b2-4e55-bd7b-0ff80ccb2a5d,2024-11-15 00:00:00.000,
,,ca62f069-5d1c-4a17-8c8c-0947512cf3b7.extra_data.json,,686.0,62820030,0.0,8348853,1526.8326,62850050,2024-12-11 02:02:13.138,2024-11-15 18:30:02.266,861.68164,aqfQc5yGC4,com.sec.android.app.shealth,ca62f069-5d1c-4a17-8c8c-0947512cf3b7,2024-11-16 00:00:00.000,
,,fdfba8c6-5fbf-4bbc-beb0-7b19301ceba6.extra_data.json,,211.0,62820030,0.0,5368476,1585.1345,62850050,2024-12-11 02:02:13.150,2024-11-16 18:31:13.075,426.15717,aqfQc5yGC4,com.sec.android.app.shealth,fdfba8c6-5fbf-4bbc-beb0-7b19301ceba6,2024-11-17 00:00:00.000,
,,9f9c9a88-a2e4-45eb-989e-5291ba621a16.extra_data.json,,476.0,62820030,0.0,8638878,1521.1592,62850050,2024-12-11 02:02:13.200,2024-11-21 18:30:03.111,771.34326,aqfQc5yGC4,com.sec.android.app.shealth,9f9c9a88-a2e4-45eb-989e-5291ba621a16,2024-11-22 00:00:00.000,
,,6990cd33-c55f-4dbf-bac3-b9afe1b2bd12.extra_data.json,,0.0,62820030,0.0,3343858,1624.7402,62850050,2024-12-11 02:02:13.205,2024-11-23 18:30:27.495,184.81,aqfQc5yGC4,com.sec.android.app.shealth,6990cd33-c55f-4dbf-bac3-b9afe1b2bd12,2024-11-24 00:00:00.000,
,,9636a436-8736-498f-be5f-1eb95e7350a5.extra_data.json,,593.0,62820030,0.0,6121710,1570.3999,62850050,2024-12-11 02:02:13.207,2024-11-24 20:21:50.144,708.92896,aqfQc5yGC4,com.sec.android.app.shealth,9636a436-8736-498f-be5f-1eb95e7350a5,2024-11-25 00:00:00.000,
,,7090b011-d516-4d09-8089-e6efa2dde902.extra_data.json,,584.0,62820030,0.0,8381011,1526.2036,62850050,2024-12-11 02:02:13.210,2024-11-25 18:30:02.012,846.1875,aqfQc5yGC4,com.sec.android.app.shealth,7090b011-d516-4d09-8089-e6efa2dde902,2024-11-26 00:00:00.000,
,,4cf4bab7-7a0b-4079-bec0-2bec53a6d9e4.extra_data.json,,0.0,62820030,0.0,4514599,1601.8381,62850050,2024-12-11 02:02:13.202,2024-11-22 18:30:01.523,253.42998,aqfQc5yGC4,com.sec.android.app.shealth,4cf4bab7-7a0b-4079-bec0-2bec53a6d9e4,2024-11-23 00:00:00.000,
,,67f7e0a1-e6e9-4ccc-ad23-69f5bdf638b6.extra_data.json,,709.0,62820030,0.0,10710668,1480.6309,62850050,2024-12-24 02:48:29.156,2024-11-26 18:30:04.391,983.5831,aqfQc5yGC4,com.sec.android.app.shealth,67f7e0a1-e6e9-4ccc-ad23-69f5bdf638b6,2024-11-27 00:00:00.000,
,,e17499da-7e0d-40a1-a577-ab1ca1b23713.extra_data.json,,451.0,62820030,0.0,6948014,1554.2357,62850050,2024-12-24 02:48:31.098,2024-11-27 18:30:02.092,644.6992,aqfQc5yGC4,com.sec.android.app.shealth,e17499da-7e0d-40a1-a577-ab1ca1b23713,2024-11-28 00:00:00.000,
,,5897daa7-4520-4649-a3fe-9a5c07865a2c.extra_data.json,,602.0,62820030,0.0,7803000,1537.5106,62850050,2024-12-24 02:48:37.936,2024-11-28 18:30:03.255,784.2596,aqfQc5yGC4,com.sec.android.app.shealth,5897daa7-4520-4649-a3fe-9a5c07865a2c,2024-11-29 00:00:00.000,
,,,,0.0,62850050,0.0,0,0.0,62850050,2024-12-24 02:50:12.975,2024-12-24 02:50:12.975,0.0,aqfQc5yGC4,com.sec.android.app.shealth,208c3163-e897-4ac2-9e84-0dcc567dabdd,2024-11-27 00:00:00.000,
,,,,0.0,62850050,0.0,0,0.0,62850050,2024-12-24 02:50:15.839,2024-12-24 02:50:15.839,0.0,aqfQc5yGC4,com.sec.android.app.shealth,7b0806b0-4c2e-4851-a382-596546bd2d62,2024-11-27 00:00:00.000,
,,55568c6d-17d0-48d3-9510-cd2199aca2e9.extra_data.json,,63.0,62820030,0.0,8747253,1519.0392,62850050,2024-12-27 01:13:08.602,2024-11-29 18:30:02.108,519.20764,aqfQc5yGC4,com.sec.android.app.shealth,55568c6d-17d0-48d3-9510-cd2199aca2e9,2024-11-30 00:00:00.000,
,,429952e8-3bb3-4a1b-97a2-d98414ad562e.extra_data.json,,0.0,62820030,0.0,5449661,1583.5465,62850050,2024-12-28 02:32:46.428,2024-11-30 18:30:03.075,309.22015,aqfQc5yGC4,com.sec.android.app.shealth,429952e8-3bb3-4a1b-97a2-d98414ad562e,2024-12-01 00:00:00.000,
,,73c44238-2e1c-492b-a10b-9c21e75eb660.extra_data.json,,721.0,62820030,0.0,9052574,1513.0665,62850050,2024-12-28 02:32:46.583,2024-12-01 18:30:02.129,901.64185,aqfQc5yGC4,com.sec.android.app.shealth,73c44238-2e1c-492b-a10b-9c21e75eb660,2024-12-02 00:00:00.000,
,,ebe35061-20ca-40cc-8501-3214517bc760.extra_data.json,,751.0,62820030,0.0,9543482,1503.4634,62850050,2024-12-28 02:32:46.650,2024-12-02 20:28:32.279,968.4927,aqfQc5yGC4,com.sec.android.app.shealth,ebe35061-20ca-40cc-8501-3214517bc760,2024-12-03 00:00:00.000,
,,078415e4-e6ef-4ce9-a7c0-a85edc1bb7e1.extra_data.json,,411.0,62850050,0.0,7615642,1541.1758,62850050,2024-12-31 10:14:24.985,2024-12-06 18:30:20.131,591.5367,aqfQc5yGC4,com.sec.android.app.shealth,078415e4-e6ef-4ce9-a7c0-a85edc1bb7e1,2024-12-07 00:00:00.000,
,,2dab289f-d224-44e1-a936-aa7474c2d473.extra_data.json,,306.0,62850050,0.0,7605421,1541.3756,62850050,2024-12-31 10:14:25.021,2024-12-07 18:50:49.975,560.0834,aqfQc5yGC4,com.sec.android.app.shealth,2dab289f-d224-44e1-a936-aa7474c2d473,2024-12-08 00:00:00.000,
,,47c515d6-dcce-4acb-9461-4d55efb3425f.extra_data.json,,621.0,62820030,0.0,9010781,1513.884,62850050,2024-12-31 10:14:24.943,2024-12-03 18:30:01.584,874.5618,aqfQc5yGC4,com.sec.android.app.shealth,47c515d6-dcce-4acb-9461-4d55efb3425f,2024-12-04 00:00:00.000,
,,5b08b822-cf18-4260-91f4-d1890ef81a9a.extra_data.json,,544.0,62820030,0.0,8284827,1528.0852,62850050,2024-12-31 10:14:24.961,2024-12-04 18:30:02.626,829.8644,aqfQc5yGC4,com.sec.android.app.shealth,5b08b822-cf18-4260-91f4-d1890ef81a9a,2024-12-05 00:00:00.000,
,,b4089c1f-a3d7-4d48-af95-7285bd9defba.extra_data.json,,427.0,62850050,0.0,7376316,1545.8573,62850050,2024-12-31 10:14:24.968,2024-12-05 18:30:01.150,681.07764,aqfQc5yGC4,com.sec.android.app.shealth,b4089c1f-a3d7-4d48-af95-7285bd9defba,2024-12-06 00:00:00.000,
,,b1429800-7403-4ee8-b40c-836b7c623a4a.extra_data.json,,607.0,62850050,0.0,7724461,1539.047,62850050,2025-01-05 01:42:01.073,2024-12-08 18:30:02.037,788.6696,aqfQc5yGC4,com.sec.android.app.shealth,b1429800-7403-4ee8-b40c-836b7c623a4a,2024-12-09 00:00:00.000,
,,2c24527d-23b6-406e-897c-05629f8df8d3.extra_data.json,,510.0,62850050,0.0,6736437,1558.3746,62850050,2025-01-05 01:42:01.097,2024-12-09 18:56:02.895,705.4022,aqfQc5yGC4,com.sec.android.app.shealth,2c24527d-23b6-406e-897c-05629f8df8d3,2024-12-10 00:00:00.000,
,,8a6dd958-b665-4227-bb31-7d36de99a8e8.extra_data.json,,657.0,62850050,0.0,7838433,1536.8175,62850050,2025-01-05 01:42:01.142,2024-12-10 18:30:04.241,816.11475,aqfQc5yGC4,com.sec.android.app.shealth,8a6dd958-b665-4227-bb31-7d36de99a8e8,2024-12-11 00:00:00.000,
,,f259cc87-080b-44fd-a506-ac531c4a84ae.extra_data.json,,622.0,62850050,0.0,8762570,1518.7396,62850050,2025-01-05 01:42:01.156,2024-12-11 18:30:02.761,845.7302,aqfQc5yGC4,com.sec.android.app.shealth,f259cc87-080b-44fd-a506-ac531c4a84ae,2024-12-12 00:00:00.000,
,,22b932a8-43e8-4aef-a941-95fdc3f04ab2.extra_data.json,,623.0,62850050,0.0,9246948,1509.2643,62850050,2025-01-05 01:42:01.171,2024-12-12 18:30:01.923,881.977,aqfQc5yGC4,com.sec.android.app.shealth,22b932a8-43e8-4aef-a941-95fdc3f04ab2,2024-12-13 00:00:00.000,
,,025af46e-14e5-474c-a552-e352e4c7ea96.extra_data.json,,323.0,62850050,0.0,6688787,1559.3069,62850050,2025-01-05 01:42:01.189,2024-12-13 18:30:02.397,508.48346,aqfQc5yGC4,com.sec.android.app.shealth,025af46e-14e5-474c-a552-e352e4c7ea96,2024-12-14 00:00:00.000,
,,325d4c1f-d325-48fa-a4d9-b9fc1586139f.extra_data.json,,0.0,62850050,0.0,4173785,1608.5051,62850050,2025-01-05 01:42:01.191,2024-12-14 18:30:01.247,233.60997,aqfQc5yGC4,com.sec.android.app.shealth,325d4c1f-d325-48fa-a4d9-b9fc1586139f,2024-12-15 00:00:00.000,
,,533ebf1a-a869-4aed-b56a-eebd3e20acbf.extra_data.json,,689.0,62850050,0.0,9203447,1510.1151,62850050,2025-01-12 02:40:11.597,2024-12-15 18:30:17.664,900.6056,aqfQc5yGC4,com.sec.android.app.shealth,533ebf1a-a869-4aed-b56a-eebd3e20acbf,2024-12-16 00:00:00.000,
,,881880e1-6600-4960-b091-bcc062594047.extra_data.json,,632.0,62850050,0.0,9811432,1498.2218,62850050,2025-01-13 17:08:07.885,2024-12-16 18:30:02.267,902.0488,aqfQc5yGC4,com.sec.android.app.shealth,881880e1-6600-4960-b091-bcc062594047,2024-12-17 00:00:00.000,
,,cdaa9912-87f6-4f39-bfc9-e154ad950655.extra_data.json,,635.0,62850050,0.0,9416641,1505.9447,62900750,2025-01-14 18:15:15.655,2024-12-17 18:30:03.516,868.83215,aqfQc5yGC4,com.sec.android.app.shealth,cdaa9912-87f6-4f39-bfc9-e154ad950655,2024-12-18 00:00:00.000,
,,50977b9b-ee8d-4c2f-9294-cd6844aff626.extra_data.json,,481.0,62850050,0.0,7967609,1534.2905,62900750,2025-01-15 03:04:04.881,2024-12-18 18:30:00.858,740.9392,aqfQc5yGC4,com.sec.android.app.shealth,50977b9b-ee8d-4c2f-9294-cd6844aff626,2024-12-19 00:00:00.000,
,,b0a00cfb-c42b-41df-94e1-33eb30e28ede.extra_data.json,,417.0,62850050,0.0,7280890,1547.7241,62900750,2025-01-15 03:04:04.937,2024-12-19 18:30:03.100,676.2351,aqfQc5yGC4,com.sec.android.app.shealth,b0a00cfb-c42b-41df-94e1-33eb30e28ede,2024-12-20 00:00:00.000,
,,2f3cfad8-f12b-4b3a-8140-28af171816d1.extra_data.json,,371.0,62850050,0.0,6540029,1562.2168,62900750,2025-01-15 03:04:04.977,2024-12-20 18:30:01.550,523.85345,aqfQc5yGC4,com.sec.android.app.shealth,2f3cfad8-f12b-4b3a-8140-28af171816d1,2024-12-21 00:00:00.000,
,,972bb3cf-7986-48b6-b288-3413830646d0.extra_data.json,,198.0,62850050,0.0,5800413,1576.685,62900750,2025-01-15 03:04:05.021,2024-12-21 19:25:54.701,425.49716,aqfQc5yGC4,com.sec.android.app.shealth,972bb3cf-7986-48b6-b288-3413830646d0,2024-12-22 00:00:00.000,
,,84fdafb4-2a21-4c4e-b202-a4230b7bad42.extra_data.json,,495.0,62850050,0.0,8882405,1516.3953,62900750,2025-01-15 03:04:05.057,2024-12-22 18:41:17.252,798.74054,aqfQc5yGC4,com.sec.android.app.shealth,84fdafb4-2a21-4c4e-b202-a4230b7bad42,2024-12-23 00:00:00.000,
,,8ef15f85-c192-4d38-84e1-5348e6ac8bab.extra_data.json,,658.0,62850050,0.0,12298533,1449.5692,62900750,2025-01-15 03:04:05.136,2024-12-24 18:30:02.354,1116.4163,aqfQc5yGC4,com.sec.android.app.shealth,8ef15f85-c192-4d38-84e1-5348e6ac8bab,2024-12-25 00:00:00.000,
,,f5e1fab5-36af-4c9c-b428-e981503d530a.extra_data.json,,627.0,62850050,0.0,9080714,1512.5161,62900750,2025-01-15 03:04:05.098,2024-12-23 18:30:02.017,914.3241,aqfQc5yGC4,com.sec.android.app.shealth,f5e1fab5-36af-4c9c-b428-e981503d530a,2024-12-24 00:00:00.000,
,,c9cfa03d-c416-4bbd-8779-926b466ded9c.extra_data.json,,497.0,62850050,0.0,9517721,1503.9674,62900750,2025-01-15 03:04:05.182,2024-12-25 18:30:00.853,833.8886,aqfQc5yGC4,com.sec.android.app.shealth,c9cfa03d-c416-4bbd-8779-926b466ded9c,2024-12-26 00:00:00.000,
,,58882d58-3890-40d7-983f-c3641465b7f9.extra_data.json,,0.0,62850050,0.0,3543487,1620.835,62900750,2025-01-15 03:04:05.251,2024-12-27 18:30:02.535,206.25995,aqfQc5yGC4,com.sec.android.app.shealth,58882d58-3890-40d7-983f-c3641465b7f9,2024-12-28 00:00:00.000,
,,e6efa3e9-19fd-43dc-ac15-44499c666a6b.extra_data.json,,0.0,62850050,0.0,2953725,1632.3718,62900750,2025-01-15 03:04:05.220,2024-12-26 18:30:01.648,188.76999,aqfQc5yGC4,com.sec.android.app.shealth,e6efa3e9-19fd-43dc-ac15-44499c666a6b,2024-12-27 00:00:00.000,
,,d1f9f8e8-29ce-4114-85ea-215f113c94a5.extra_data.json,,246.0,62850050,0.0,8632040,1521.293,62900750,2025-01-15 03:04:05.294,2024-12-28 18:30:03.300,586.5796,aqfQc5yGC4,com.sec.android.app.shealth,d1f9f8e8-29ce-4114-85ea-215f113c94a5,2024-12-29 00:00:00.000,
,,e61a722e-dfac-4e14-bc4d-b5b846beac2c.extra_data.json,,527.0,62850050,0.0,10106524,1492.4491,62900750,2025-01-26 13:49:26.216,2024-12-29 18:30:04.399,907.8203,aqfQc5yGC4,com.sec.android.app.shealth,e61a722e-dfac-4e14-bc4d-b5b846beac2c,2024-12-30 00:00:00.000,
,,29c01721-5380-473a-afe4-20160c52c0ae.extra_data.json,,0.0,62850050,0.0,4478944,1602.5356,62900750,2025-01-27 00:15:19.394,2024-12-31 18:30:02.995,253.79007,aqfQc5yGC4,com.sec.android.app.shealth,29c01721-5380-473a-afe4-20160c52c0ae,2025-01-01 00:00:00.000,
,,ee3215ae-e77c-4b2b-9e8d-3a5737a16607.extra_data.json,,30.0,62850050,0.0,3517822,1621.337,62900750,2025-01-27 00:15:19.361,2024-12-30 18:30:01.469,227.2265,aqfQc5yGC4,com.sec.android.app.shealth,ee3215ae-e77c-4b2b-9e8d-3a5737a16607,2024-12-31 00:00:00.000,
,,193d22b4-77e8-4fb4-aa66-bf38e599ad46.extra_data.json,,490.0,62850050,0.0,7999049,1533.6755,62900750,2025-01-29 02:27:50.800,2025-01-02 18:30:02.293,741.5501,aqfQc5yGC4,com.sec.android.app.shealth,193d22b4-77e8-4fb4-aa66-bf38e599ad46,2025-01-03 00:00:00.000,
,,f76a4100-77ca-4ccf-9ca5-259d1575739f.extra_data.json,,660.0,62850050,0.0,9019286,1513.7177,62900750,2025-01-29 02:27:50.803,2025-01-03 18:30:03.981,883.7076,aqfQc5yGC4,com.sec.android.app.shealth,f76a4100-77ca-4ccf-9ca5-259d1575739f,2025-01-04 00:00:00.000,
,,e4e33d2b-3323-4af1-b18a-f23bfea45e1c.extra_data.json,,491.0,62850050,0.0,6759660,1557.9203,62900750,2025-01-29 02:27:50.788,2025-01-01 18:30:02.291,677.66736,aqfQc5yGC4,com.sec.android.app.shealth,e4e33d2b-3323-4af1-b18a-f23bfea45e1c,2025-01-02 00:00:00.000,
,,123414fa-09ba-4ee8-ab3e-9075d78e2cbe.extra_data.json,,0.0,62850050,0.0,4752667,1597.1812,62900750,2025-02-01 18:06:54.074,2025-01-04 18:30:00.744,307.99994,aqfQc5yGC4,com.sec.android.app.shealth,123414fa-09ba-4ee8-ab3e-9075d78e2cbe,2025-01-05 00:00:00.000,
,,e6108c82-546e-4076-b00e-7610b5e3990c.extra_data.json,,562.0,62850050,0.0,10097663,1492.6226,62900750,2025-02-02 02:08:15.359,2025-01-05 18:30:01.271,944.2709,aqfQc5yGC4,com.sec.android.app.shealth,e6108c82-546e-4076-b00e-7610b5e3990c,2025-01-06 00:00:00.000,
,,96b5e0a3-c08c-4fc3-b2c4-1be6647ead40.extra_data.json,,533.0,62850050,0.0,7954873,1534.5397,62900750,2025-02-03 10:12:02.305,2025-01-09 18:59:14.982,775.85913,aqfQc5yGC4,com.sec.android.app.shealth,96b5e0a3-c08c-4fc3-b2c4-1be6647ead40,2025-01-10 00:00:00.000,
,,7d5797ff-e93f-48c7-ae87-4fde82f19bd5.extra_data.json,,423.0,62850050,0.0,8213399,1529.4824,62900750,2025-02-03 10:12:02.332,2025-01-10 18:30:02.707,710.94916,aqfQc5yGC4,com.sec.android.app.shealth,7d5797ff-e93f-48c7-ae87-4fde82f19bd5,2025-01-11 00:00:00.000,
,,cc24b1bb-c6ae-4ce6-8727-ac18c1a95236.extra_data.json,,0.0,62850050,0.0,6371406,1565.5154,62900750,2025-02-03 10:12:02.368,2025-01-11 18:31:32.981,406.62006,aqfQc5yGC4,com.sec.android.app.shealth,cc24b1bb-c6ae-4ce6-8727-ac18c1a95236,2025-01-12 00:00:00.000,
,,f9fc1942-7b69-4144-a964-5cb3c783739b.extra_data.json,,549.0,62850050,0.0,6797571,1557.1788,62900750,2025-02-03 10:12:02.200,2025-01-06 18:30:01.813,749.29584,aqfQc5yGC4,com.sec.android.app.shealth,f9fc1942-7b69-4144-a964-5cb3c783739b,2025-01-07 00:00:00.000,
,,2221d50f-ef9b-4f04-9ed5-fea88241da6e.extra_data.json,,522.0,62850050,0.0,6975017,1553.7076,62900750,2025-02-03 10:12:02.242,2025-01-07 18:30:02.083,734.56964,aqfQc5yGC4,com.sec.android.app.shealth,2221d50f-ef9b-4f04-9ed5-fea88241da6e,2025-01-08 00:00:00.000,
,,64169c9f-6295-45b5-a057-90d320781589.extra_data.json,,368.0,62850050,0.0,7733084,1538.8783,62900750,2025-02-03 10:12:02.268,2025-01-08 18:30:02.181,679.26465,aqfQc5yGC4,com.sec.android.app.shealth,64169c9f-6295-45b5-a057-90d320781589,2025-01-09 00:00:00.000,
,,852b2f76-08bb-4bf2-b680-70ea4634d7d0.extra_data.json,,505.0,62850050,0.0,6073138,1571.3501,62920010,2025-02-09 17:40:58.758,2025-01-12 22:46:04.462,669.0974,aqfQc5yGC4,com.sec.android.app.shealth,852b2f76-08bb-4bf2-b680-70ea4634d7d0,2025-01-13 00:00:00.000,
,,90dd860a-1420-4a8b-bbec-c12d1618420b.extra_data.json,,489.0,62850050,0.0,10029135,1493.963,62920010,2025-02-10 00:17:01.875,2025-01-13 18:30:01.243,911.5458,aqfQc5yGC4,com.sec.android.app.shealth,90dd860a-1420-4a8b-bbec-c12d1618420b,2025-01-14 00:00:00.000,
,,4fdec793-f17b-4ef0-9de2-722ed73a1164.extra_data.json,,0.0,62900750,0.0,6400394,1564.9484,62920010,2025-02-10 00:17:01.994,2025-01-14 18:30:01.354,356.2801,aqfQc5yGC4,com.sec.android.app.shealth,4fdec793-f17b-4ef0-9de2-722ed73a1164,2025-01-15 00:00:00.000,
,,7232d5ee-4ee8-4f3f-a7a1-3b18d698ea0a.extra_data.json,,469.0,62900750,0.0,7598336,1541.5143,62920010,2025-02-10 00:17:02.069,2025-01-15 18:30:02.820,704.6029,aqfQc5yGC4,com.sec.android.app.shealth,7232d5ee-4ee8-4f3f-a7a1-3b18d698ea0a,2025-01-16 00:00:00.000,
,,89569811-d7a0-4459-80cc-37ea832adbfd.extra_data.json,,525.0,62900750,0.0,7764284,1538.268,62920010,2025-02-10 00:17:02.126,2025-01-16 18:49:02.725,758.5038,aqfQc5yGC4,com.sec.android.app.shealth,89569811-d7a0-4459-80cc-37ea832adbfd,2025-01-17 00:00:00.000,
,,b4305ebb-9558-4b06-ad82-f58b9ca432e2.extra_data.json,,375.0,62900750,0.0,4290783,1606.2164,62920010,2025-02-14 12:33:06.597,2025-01-17 18:30:01.491,442.22723,aqfQc5yGC4,com.sec.android.app.shealth,b4305ebb-9558-4b06-ad82-f58b9ca432e2,2025-01-18 00:00:00.000,
,,1bb78e79-6c54-4d8c-8aca-f38f3b260fb6.extra_data.json,,0.0,62900750,0.0,5129256,1589.8142,62920010,2025-02-14 12:33:06.664,2025-01-18 18:30:33.810,283.08,aqfQc5yGC4,com.sec.android.app.shealth,1bb78e79-6c54-4d8c-8aca-f38f3b260fb6,2025-01-19 00:00:00.000,
,,3c4cd190-b4af-4ec8-bca5-4546ff04c336.extra_data.json,,501.0,62900750,0.0,7363834,1546.1016,62920010,2025-02-14 12:33:06.698,2025-01-19 18:30:02.372,724.475,aqfQc5yGC4,com.sec.android.app.shealth,3c4cd190-b4af-4ec8-bca5-4546ff04c336,2025-01-20 00:00:00.000,
,,78661d69-65ed-4d44-9cd8-fb8e5b406261.extra_data.json,,633.0,62900750,0.0,9679510,1500.8024,62920010,2025-02-14 12:33:06.724,2025-01-20 18:30:01.263,904.2085,aqfQc5yGC4,com.sec.android.app.shealth,78661d69-65ed-4d44-9cd8-fb8e5b406261,2025-01-21 00:00:00.000,
,,469421ed-8af3-45f3-bab2-b82663b13afc.extra_data.json,,478.0,62900750,0.0,5789561,1576.8975,62920010,2025-02-14 12:33:06.755,2025-01-21 18:30:39.639,600.58813,aqfQc5yGC4,com.sec.android.app.shealth,469421ed-8af3-45f3-bab2-b82663b13afc,2025-01-22 00:00:00.000,
,,48176ce1-09fd-46bb-8319-7da682a9c93f.extra_data.json,,464.0,62900750,0.0,8865194,1516.732,62920010,2025-02-19 02:16:14.413,2025-01-22 18:30:03.235,773.1295,aqfQc5yGC4,com.sec.android.app.shealth,48176ce1-09fd-46bb-8319-7da682a9c93f,2025-01-23 00:00:00.000,
,,586aa3b6-7cee-4ab1-8e52-15634d97703f.extra_data.json,,464.0,62900750,0.0,6771668,1557.6855,62920010,2025-02-19 02:16:14.435,2025-01-23 18:30:02.677,650.33386,aqfQc5yGC4,com.sec.android.app.shealth,586aa3b6-7cee-4ab1-8e52-15634d97703f,2025-01-24 00:00:00.000,
,,19b298ae-46ef-4baa-aea6-b4a4d04abdec.extra_data.json,,349.0,62900750,0.0,7891022,1535.7887,62920010,2025-02-19 02:16:14.449,2025-01-24 18:30:01.943,598.0931,aqfQc5yGC4,com.sec.android.app.shealth,19b298ae-46ef-4baa-aea6-b4a4d04abdec,2025-01-25 00:00:00.000,
,,d7f3c4f6-24da-4f90-b284-aa0c005cd9ac.extra_data.json,,0.0,62900750,0.0,4783602,1596.5759,62930070,2025-02-22 17:34:01.620,2025-01-25 18:30:03.485,274.56003,aqfQc5yGC4,com.sec.android.app.shealth,d7f3c4f6-24da-4f90-b284-aa0c005cd9ac,2025-01-26 00:00:00.000,
,,70800856-7cb1-4546-b2a9-1ad319fb4dc9.extra_data.json,,569.0,62900750,0.0,6449005,1563.9973,62930070,2025-02-23 13:52:39.129,2025-01-26 23:19:07.761,710.4237,aqfQc5yGC4,com.sec.android.app.shealth,70800856-7cb1-4546-b2a9-1ad319fb4dc9,2025-01-27 00:00:00.000,
,,096200ad-126a-406d-a86f-456b45ccf88c.extra_data.json,,502.0,62900750,0.0,9406253,1506.1478,62930070,2025-02-23 13:52:39.143,2025-01-27 18:30:02.999,866.1509,aqfQc5yGC4,com.sec.android.app.shealth,096200ad-126a-406d-a86f-456b45ccf88c,2025-01-28 00:00:00.000,
,,01233115-4311-4748-bff8-5349495bba33.extra_data.json,,101.0,62900750,0.0,4246412,1607.0844,62930070,2025-02-25 10:39:07.489,2025-01-28 18:30:02.197,311.5338,aqfQc5yGC4,com.sec.android.app.shealth,01233115-4311-4748-bff8-5349495bba33,2025-01-29 00:00:00.000,
,,a2674cc4-cde3-45fe-baf9-e129e1511e37.extra_data.json,,424.0,62900750,0.0,6807487,1556.9847,62930070,2025-02-25 10:39:07.501,2025-01-29 20:12:17.394,649.4749,aqfQc5yGC4,com.sec.android.app.shealth,a2674cc4-cde3-45fe-baf9-e129e1511e37,2025-01-30 00:00:00.000,
,,0d0f7cc4-6cca-446c-931e-d693330f26fe.extra_data.json,,467.0,62900750,0.0,7668466,1540.1425,62930070,2025-02-25 10:39:07.518,2025-01-30 18:30:03.361,761.31964,aqfQc5yGC4,com.sec.android.app.shealth,0d0f7cc4-6cca-446c-931e-d693330f26fe,2025-01-31 00:00:00.000,
,,fb540352-8b36-450b-8a14-9df342fc5186.extra_data.json,,36.0,62900750,0.0,2967286,1632.1066,62930070,2025-02-25 10:39:07.539,2025-02-01 18:30:03.526,208.46481,aqfQc5yGC4,com.sec.android.app.shealth,fb540352-8b36-450b-8a14-9df342fc5186,2025-02-02 00:00:00.000,
,,c12a218d-3bae-4a56-ad51-1a1691ebb0d9.extra_data.json,,0.0,62900750,0.0,3713512,1617.509,62930070,2025-02-25 10:39:07.531,2025-01-31 18:30:01.025,233.02007,aqfQc5yGC4,com.sec.android.app.shealth,c12a218d-3bae-4a56-ad51-1a1691ebb0d9,2025-02-01 00:00:00.000,
,,b3c3f431-6784-4fb0-8f2e-297b803e40c9.extra_data.json,,58.0,62900750,0.0,3645375,1618.8418,62930070,2025-03-02 02:33:41.949,2025-02-05 18:30:02.194,245.40102,aqfQc5yGC4,com.sec.android.app.shealth,b3c3f431-6784-4fb0-8f2e-297b803e40c9,2025-02-06 00:00:00.000,
,,c11e8be0-1bf0-4ff7-b39d-93e5a570932c.extra_data.json,,478.0,62900750,0.0,6977344,1553.6621,62930070,2025-03-02 02:33:41.813,2025-02-02 18:30:02.695,713.73,aqfQc5yGC4,com.sec.android.app.shealth,c11e8be0-1bf0-4ff7-b39d-93e5a570932c,2025-02-03 00:00:00.000,
,,7ca66eec-ab5c-43ac-88d7-55cc0d80a8ce.extra_data.json,,506.0,62900750,0.0,7166800,1549.9559,62930070,2025-03-02 02:33:41.858,2025-02-03 18:30:01.926,755.00995,aqfQc5yGC4,com.sec.android.app.shealth,7ca66eec-ab5c-43ac-88d7-55cc0d80a8ce,2025-02-04 00:00:00.000,
,,1e5849c7-1e07-4ec4-93ee-7ad7c796269c.extra_data.json,,465.0,62900750,0.0,8206141,1529.6244,62930070,2025-03-02 02:33:41.897,2025-02-04 18:30:04.687,744.5249,aqfQc5yGC4,com.sec.android.app.shealth,1e5849c7-1e07-4ec4-93ee-7ad7c796269c,2025-02-05 00:00:00.000,
,,e9badca2-1bb5-42d3-80f9-da896b8c2436.extra_data.json,,390.0,62900750,0.0,6554744,1561.929,62930070,2025-03-06 13:45:34.707,2025-02-06 18:30:02.388,616.80994,aqfQc5yGC4,com.sec.android.app.shealth,e9badca2-1bb5-42d3-80f9-da896b8c2436,2025-02-07 00:00:00.000,
,,2da77063-2272-4e20-b8d3-7d4475bceff3.extra_data.json,,461.0,62900750,0.0,7982257,1534.004,62930070,2025-03-06 13:45:34.777,2025-02-07 18:30:04.113,763.92346,aqfQc5yGC4,com.sec.android.app.shealth,2da77063-2272-4e20-b8d3-7d4475bceff3,2025-02-08 00:00:00.000,
,,050f77d9-2d38-4270-9731-3971dd6f6ef9.extra_data.json,,111.0,62900750,0.0,4770882,1596.8248,62930070,2025-03-08 15:33:29.650,2025-02-08 18:30:06.154,362.56207,aqfQc5yGC4,com.sec.android.app.shealth,050f77d9-2d38-4270-9731-3971dd6f6ef9,2025-02-09 00:00:00.000,
,,a5e01870-d4fc-449f-a0e9-4614a416bd30.extra_data.json,,432.0,62920010,0.0,7085585,1551.5447,62930070,2025-03-09 13:44:10.151,2025-02-09 18:30:02.312,627.5481,aqfQc5yGC4,com.sec.android.app.shealth,a5e01870-d4fc-449f-a0e9-4614a416bd30,2025-02-10 00:00:00.000,
,,f5ac8e48-3d3b-4fe0-b65b-a523c0c24f90.extra_data.json,,0.0,62920010,0.0,3433394,1622.9886,62930070,2025-03-09 13:44:10.204,2025-02-10 18:30:02.856,206.00993,aqfQc5yGC4,com.sec.android.app.shealth,f5ac8e48-3d3b-4fe0-b65b-a523c0c24f90,2025-02-11 00:00:00.000,
,,eb11f645-6533-4275-856f-8ed474ba315b.extra_data.json,,476.0,62920010,0.0,8032994,1533.0115,62930070,2025-03-09 13:44:10.258,2025-02-11 18:33:46.322,733.7742,aqfQc5yGC4,com.sec.android.app.shealth,eb11f645-6533-4275-856f-8ed474ba315b,2025-02-12 00:00:00.000,
,,cfd12bb7-4864-499d-b7b1-09e5de85aba5.extra_data.json,,345.0,62920010,0.0,8670588,1520.5388,62930070,2025-03-09 13:44:10.296,2025-02-12 18:30:03.664,678.1427,aqfQc5yGC4,com.sec.android.app.shealth,cfd12bb7-4864-499d-b7b1-09e5de85aba5,2025-02-13 00:00:00.000,
,,02213355-523b-4478-832e-f84aa9dc9cff.extra_data.json,,437.0,62920010,0.0,6769918,1557.7197,62930070,2025-03-13 07:13:06.525,2025-02-13 19:04:24.006,653.3079,aqfQc5yGC4,com.sec.android.app.shealth,02213355-523b-4478-832e-f84aa9dc9cff,2025-02-14 00:00:00.000,
,,4339f32c-39d4-48c7-b9a4-ad0ed732c57f.extra_data.json,,557.0,62920010,0.0,7562706,1542.2113,62930070,2025-03-13 07:13:06.549,2025-02-14 18:30:01.908,750.7147,aqfQc5yGC4,com.sec.android.app.shealth,4339f32c-39d4-48c7-b9a4-ad0ed732c57f,2025-02-15 00:00:00.000,
,,6bce45f0-7bae-4435-a5b8-e638bba67c20.extra_data.json,,176.0,62920010,0.0,8024975,1533.1683,62930070,2025-03-13 07:13:06.576,2025-02-15 18:30:04.055,557.9023,aqfQc5yGC4,com.sec.android.app.shealth,6bce45f0-7bae-4435-a5b8-e638bba67c20,2025-02-16 00:00:00.000,
,,689aaae1-ce32-41de-8c2d-fb5d9d90abc9.extra_data.json,,0.0,62930070,0.0,2859543,1634.2142,62930070,2025-03-16 16:09:22.946,2025-02-22 18:40:35.601,180.66998,aqfQc5yGC4,com.sec.android.app.shealth,689aaae1-ce32-41de-8c2d-fb5d9d90abc9,2025-02-23 00:00:00.000,
,,80424654-bd9f-4411-a200-220f6f0df12b.extra_data.json,,475.0,62920010,0.0,6332818,1566.2703,62930070,2025-03-16 16:09:22.806,2025-02-16 18:37:55.645,637.64996,aqfQc5yGC4,com.sec.android.app.shealth,80424654-bd9f-4411-a200-220f6f0df12b,2025-02-17 00:00:00.000,
,,01ad4cdc-f19f-4228-b9a8-25f0142f45d2.extra_data.json,,470.0,62920010,0.0,5960809,1573.5475,62930070,2025-03-16 16:09:22.827,2025-02-17 18:30:03.417,622.15204,aqfQc5yGC4,com.sec.android.app.shealth,01ad4cdc-f19f-4228-b9a8-25f0142f45d2,2025-02-18 00:00:00.000,
,,e4472a94-4394-45e9-a43f-4386265e3d4f.extra_data.json,,456.0,62920010,0.0,6753583,1558.0392,62930070,2025-03-16 16:09:22.854,2025-02-18 18:30:01.504,675.8647,aqfQc5yGC4,com.sec.android.app.shealth,e4472a94-4394-45e9-a43f-4386265e3d4f,2025-02-19 00:00:00.000,
,,2edba19f-fefd-4de7-82a6-571420037628.extra_data.json,,453.0,62920010,0.0,5684791,1578.9469,62930070,2025-03-16 16:09:22.874,2025-02-19 18:30:02.008,591.06055,aqfQc5yGC4,com.sec.android.app.shealth,2edba19f-fefd-4de7-82a6-571420037628,2025-02-20 00:00:00.000,
,,08b782c2-132f-4cae-9151-781fab6c9c16.extra_data.json,,500.0,62920010,0.0,6306016,1566.7946,62930070,2025-03-16 16:09:22.906,2025-02-20 18:30:01.546,669.6918,aqfQc5yGC4,com.sec.android.app.shealth,08b782c2-132f-4cae-9151-781fab6c9c16,2025-02-21 00:00:00.000,
,,62252319-eabc-431d-9f41-f388065c7b10.extra_data.json,,385.0,62920010,0.0,7236885,1548.5848,62930070,2025-03-16 16:09:22.931,2025-02-22 00:15:49.257,625.0257,aqfQc5yGC4,com.sec.android.app.shealth,62252319-eabc-431d-9f41-f388065c7b10,2025-02-22 00:00:00.000,
,,0c1d5363-ede1-438d-a0b0-8da145535b9a.extra_data.json,,469.0,62930070,0.0,8464082,1524.5786,62930070,2025-03-23 17:42:35.046,2025-02-23 18:30:02.103,772.1476,aqfQc5yGC4,com.sec.android.app.shealth,0c1d5363-ede1-438d-a0b0-8da145535b9a,2025-02-24 00:00:00.000,
,,3fe640b1-bf2e-44c4-9402-4301efcd5da7.extra_data.json,,531.0,62930070,0.0,7045763,1552.3237,62930070,2025-03-24 02:21:09.746,2025-02-24 18:30:03.747,731.2327,aqfQc5yGC4,com.sec.android.app.shealth,3fe640b1-bf2e-44c4-9402-4301efcd5da7,2025-02-25 00:00:00.000,
,,d1adb47c-0e03-49ed-bcd6-42a24c86b286.extra_data.json,,481.0,62930070,0.0,7629249,1540.9095,62930070,2025-03-25 05:25:18.756,2025-02-25 18:30:02.801,781.8539,aqfQc5yGC4,com.sec.android.app.shealth,d1adb47c-0e03-49ed-bcd6-42a24c86b286,2025-02-26 00:00:00.000,
,,646c0c60-3dc5-4219-8736-ece9952c9c82.extra_data.json,,558.0,62930070,0.0,7938959,1534.851,62930070,2025-03-25 05:25:18.814,2025-02-26 18:30:03.408,770.4891,aqfQc5yGC4,com.sec.android.app.shealth,646c0c60-3dc5-4219-8736-ece9952c9c82,2025-02-27 00:00:00.000,
,,6dd33516-0d6e-4f88-888f-1b54ba054ec5.extra_data.json,,500.0,62930070,0.0,7537584,1542.7026,62930070,2025-03-27 00:52:36.843,2025-02-27 18:30:00.736,740.0228,aqfQc5yGC4,com.sec.android.app.shealth,6dd33516-0d6e-4f88-888f-1b54ba054ec5,2025-02-28 00:00:00.000,
,,3099cc2b-dda5-48ff-a6fb-4a2e2ace7104.extra_data.json,,384.0,62930070,0.0,4752705,1597.1804,62930070,2025-03-27 23:51:20.119,2025-03-05 18:30:03.206,515.7081,aqfQc5yGC4,com.sec.android.app.shealth,3099cc2b-dda5-48ff-a6fb-4a2e2ace7104,2025-03-06 00:00:00.000,
,,a691bf07-2e57-4b61-9768-eb4b156f2326.extra_data.json,,453.0,62930070,0.0,6927291,1554.6412,62930070,2025-03-27 23:51:20.266,2025-03-06 18:30:01.974,692.72656,aqfQc5yGC4,com.sec.android.app.shealth,a691bf07-2e57-4b61-9768-eb4b156f2326,2025-03-07 00:00:00.000,
,,a5c10f47-3f9d-4435-9223-2b6da6531939.extra_data.json,,793.0,62930070,0.0,10806313,1478.76,62930070,2025-03-27 23:51:19.264,2025-02-28 18:30:03.558,1067.3755,aqfQc5yGC4,com.sec.android.app.shealth,a5c10f47-3f9d-4435-9223-2b6da6531939,2025-03-01 00:00:00.000,
,,aa9ac1b9-5e25-4002-96ab-c1051821dd5c.extra_data.json,,43.0,62930070,0.0,4800613,1596.2432,62930070,2025-03-27 23:51:19.528,2025-03-01 18:30:03.391,331.71277,aqfQc5yGC4,com.sec.android.app.shealth,aa9ac1b9-5e25-4002-96ab-c1051821dd5c,2025-03-02 00:00:00.000,
,,b05c7b16-3220-4e8a-9a97-9162b790ff18.extra_data.json,,668.0,62930070,0.0,8275087,1528.2756,62930070,2025-03-27 23:51:19.661,2025-03-02 18:30:01.102,857.02576,aqfQc5yGC4,com.sec.android.app.shealth,b05c7b16-3220-4e8a-9a97-9162b790ff18,2025-03-03 00:00:00.000,
,,00983574-24c9-417f-9cc3-dbecf21bddc0.extra_data.json,,65.0,62930070,0.0,2888592,1633.646,62930070,2025-03-27 23:51:19.725,2025-03-03 18:30:01.266,204.55795,aqfQc5yGC4,com.sec.android.app.shealth,00983574-24c9-417f-9cc3-dbecf21bddc0,2025-03-04 00:00:00.000,
,,8c15a6b8-fc75-495b-bcf6-c1d12cd90c57.extra_data.json,,480.0,62930070,0.0,7876193,1536.0789,62930070,2025-03-27 23:51:20.007,2025-03-04 18:30:01.963,768.6093,aqfQc5yGC4,com.sec.android.app.shealth,8c15a6b8-fc75-495b-bcf6-c1d12cd90c57,2025-03-05 00:00:00.000,
,,fa95a2fc-e39f-4d48-bca8-3b82356d8ae0.extra_data.json,,53.0,62930070,0.0,5416111,1584.2028,62950170,2025-04-03 18:57:15.619,2025-03-07 18:30:02.500,358.96988,aqfQc5yGC4,com.sec.android.app.shealth,fa95a2fc-e39f-4d48-bca8-3b82356d8ae0,2025-03-08 00:00:00.000,
,,1e77f42d-0974-40fa-a6d5-4644dd5da357.extra_data.json,,95.0,62930070,0.0,6745428,1558.1989,62950170,2025-04-05 03:23:11.298,2025-03-08 18:30:01.783,456.9869,aqfQc5yGC4,com.sec.android.app.shealth,1e77f42d-0974-40fa-a6d5-4644dd5da357,2025-03-09 00:00:00.000,
,,9c826228-35be-48cc-9dc8-d19cd4c0af5c.extra_data.json,,0.0,62930070,0.0,4818493,1595.8933,62950170,2025-04-06 09:15:49.668,2025-03-09 18:30:02.866,278.27,aqfQc5yGC4,com.sec.android.app.shealth,9c826228-35be-48cc-9dc8-d19cd4c0af5c,2025-03-10 00:00:00.000,
,,64e5c222-3b64-4266-8b37-7d3c6ace0109.extra_data.json,,0.0,62930070,0.0,4619325,1599.7894,62950170,2025-04-06 09:15:49.699,2025-03-10 18:30:01.533,263.09003,aqfQc5yGC4,com.sec.android.app.shealth,64e5c222-3b64-4266-8b37-7d3c6ace0109,2025-03-11 00:00:00.000,
,,2f59492d-8d56-4630-98ee-1a8a4dac6c8c.extra_data.json,,462.0,62930070,0.0,7081483,1551.625,62950170,2025-04-06 09:15:49.727,2025-03-11 18:30:01.615,671.63965,aqfQc5yGC4,com.sec.android.app.shealth,2f59492d-8d56-4630-98ee-1a8a4dac6c8c,2025-03-12 00:00:00.000,
,,cbaedd04-117b-4860-abe2-48c73bbec56d.extra_data.json,,0.0,62930070,0.0,2311555,1644.9341,62950170,2025-04-06 09:15:49.787,2025-03-12 18:30:03.093,138.55997,aqfQc5yGC4,com.sec.android.app.shealth,cbaedd04-117b-4860-abe2-48c73bbec56d,2025-03-13 00:00:00.000,
,,549c9d2b-c486-4c7a-b54a-34317488aa86.extra_data.json,,0.0,62930070,0.0,4768736,1596.8667,62950170,2025-04-10 12:50:52.708,2025-03-13 19:21:06.262,297.75998,aqfQc5yGC4,com.sec.android.app.shealth,549c9d2b-c486-4c7a-b54a-34317488aa86,2025-03-14 00:00:00.000,
,,a3d2fbd3-9655-42ef-907f-9bbabb92585c.extra_data.json,,0.0,62930070,0.0,5001946,1592.3047,62950170,2025-04-10 12:50:52.883,2025-03-14 18:30:01.548,321.73007,aqfQc5yGC4,com.sec.android.app.shealth,a3d2fbd3-9655-42ef-907f-9bbabb92585c,2025-03-15 00:00:00.000,
,,37cc9905-2757-48c3-adb9-c99c07b35a5e.extra_data.json,,57.0,62930070,0.0,3181965,1627.907,62950170,2025-04-12 16:53:17.636,2025-03-15 18:30:02.112,236.51276,aqfQc5yGC4,com.sec.android.app.shealth,37cc9905-2757-48c3-adb9-c99c07b35a5e,2025-03-16 00:00:00.000,
,,87f8cefe-658a-47a7-ae27-ff0bf11942bb.extra_data.json,,431.0,62930070,0.0,7455174,1544.3147,62950170,2025-04-13 01:04:43.470,2025-03-17 18:30:01.026,701.8302,aqfQc5yGC4,com.sec.android.app.shealth,87f8cefe-658a-47a7-ae27-ff0bf11942bb,2025-03-18 00:00:00.000,
,,24cdeb31-4fb3-40bb-81f3-4b3b643843f7.extra_data.json,,0.0,62930070,0.0,4754547,1597.1444,62950170,2025-04-13 01:04:43.476,2025-03-18 18:30:05.212,304.43997,aqfQc5yGC4,com.sec.android.app.shealth,24cdeb31-4fb3-40bb-81f3-4b3b643843f7,2025-03-19 00:00:00.000,
,,ced38968-7194-4b88-bca8-3e859d81604e.extra_data.json,,0.0,62930070,0.0,4115559,1609.6442,62950170,2025-04-13 01:04:43.488,2025-03-19 18:30:02.311,258.82,aqfQc5yGC4,com.sec.android.app.shealth,ced38968-7194-4b88-bca8-3e859d81604e,2025-03-20 00:00:00.000,
,,e2cdf699-7a44-41c7-877a-fee2fcef6766.extra_data.json,,63.0,62930070,0.0,5022491,1591.9028,62950170,2025-04-13 01:04:43.499,2025-03-20 18:30:01.803,341.8673,aqfQc5yGC4,com.sec.android.app.shealth,e2cdf699-7a44-41c7-877a-fee2fcef6766,2025-03-21 00:00:00.000,
,,da114321-8fa6-407a-ae68-7e0c30cb6445.extra_data.json,,475.0,62930070,0.0,7516743,1543.1104,62950170,2025-04-13 01:04:43.457,2025-03-16 18:30:02.453,737.1283,aqfQc5yGC4,com.sec.android.app.shealth,da114321-8fa6-407a-ae68-7e0c30cb6445,2025-03-17 00:00:00.000,
,,a1d28d67-f9b1-45fc-a205-c33c0cab11fb.extra_data.json,,0.0,62930070,0.0,4870234,1594.8812,62950170,2025-04-13 01:04:43.511,2025-03-21 18:30:01.499,310.50992,aqfQc5yGC4,com.sec.android.app.shealth,a1d28d67-f9b1-45fc-a205-c33c0cab11fb,2025-03-22 00:00:00.000,
,,9061b212-2cc3-4c86-b1df-b64753a3bcd4.extra_data.json,,0.0,62930070,0.0,4739647,1597.4358,62950170,2025-04-19 18:05:23.344,2025-03-22 18:54:47.846,302.51993,aqfQc5yGC4,com.sec.android.app.shealth,9061b212-2cc3-4c86-b1df-b64753a3bcd4,2025-03-23 00:00:00.000,
,,8131f10b-86e9-4e9a-8dea-e962e07a1a5f.extra_data.json,,0.0,62930070,0.0,5602869,1580.5494,62950170,2025-04-20 01:31:54.606,2025-03-27 00:49:05.159,318.7501,aqfQc5yGC4,com.sec.android.app.shealth,8131f10b-86e9-4e9a-8dea-e962e07a1a5f,2025-03-27 00:00:00.000,
,,6c773d3a-1b56-4668-a6d9-c96fbfdfef40.extra_data.json,,0.0,62930070,0.0,2258469,1645.9724,62950170,2025-04-20 01:31:54.549,2025-03-23 18:30:05.123,131.35999,aqfQc5yGC4,com.sec.android.app.shealth,6c773d3a-1b56-4668-a6d9-c96fbfdfef40,2025-03-24 00:00:00.000,
,,d8fedc42-ca48-4401-8eea-f48c28001c88.extra_data.json,,0.0,62930070,0.0,4251224,1606.9902,62950170,2025-04-20 01:31:54.567,2025-03-24 18:30:02.717,255.45006,aqfQc5yGC4,com.sec.android.app.shealth,d8fedc42-ca48-4401-8eea-f48c28001c88,2025-03-25 00:00:00.000,
,,22c54c5e-8a4b-4343-86d9-84def01814e2.extra_data.json,,73.0,62930070,0.0,7343644,1546.4965,62950170,2025-04-20 01:31:54.582,2025-03-25 18:43:18.475,490.423,aqfQc5yGC4,com.sec.android.app.shealth,22c54c5e-8a4b-4343-86d9-84def01814e2,2025-03-26 00:00:00.000,
,,2468d990-a64f-4c42-9007-456a720ede04.extra_data.json,,509.0,62930070,0.0,6329048,1566.344,62950170,2025-04-24 01:12:26.441,2025-03-27 23:25:31.941,685.7296,aqfQc5yGC4,com.sec.android.app.shealth,2468d990-a64f-4c42-9007-456a720ede04,2025-03-28 00:00:00.000,
,,5d7905ac-f4d3-4b91-add7-84373cae8d2e.extra_data.json,,533.0,62930070,0.0,7826055,1537.0596,62950170,2025-04-24 01:12:26.482,2025-03-28 20:24:16.871,745.3598,aqfQc5yGC4,com.sec.android.app.shealth,5d7905ac-f4d3-4b91-add7-84373cae8d2e,2025-03-29 00:00:00.000,
,,11949583-0ba3-452f-ba61-83e41e6b31df.extra_data.json,,65.0,62930070,0.0,4903186,1594.2367,62950170,2025-04-26 02:05:31.891,2025-03-29 18:30:02.172,325.62354,aqfQc5yGC4,com.sec.android.app.shealth,11949583-0ba3-452f-ba61-83e41e6b31df,2025-03-30 00:00:00.000,
,,eb8f363c-35fa-4596-9648-1c1103c0f212.extra_data.json,,607.0,62930070,0.0,5770395,1577.2723,62950170,2025-04-26 02:05:31.907,2025-03-30 18:30:01.683,732.93713,aqfQc5yGC4,com.sec.android.app.shealth,eb8f363c-35fa-4596-9648-1c1103c0f212,2025-03-31 00:00:00.000,
,,f9cec2cf-e2b9-4ffe-988f-82dfdaaf473b.extra_data.json,,570.0,62930070,0.0,6302449,1566.8644,62950170,2025-04-26 02:05:31.922,2025-03-31 18:30:03.439,726.3794,aqfQc5yGC4,com.sec.android.app.shealth,f9cec2cf-e2b9-4ffe-988f-82dfdaaf473b,2025-04-01 00:00:00.000,
,,0dd3118e-4e23-41ce-85e6-caf865923ddb.extra_data.json,,466.0,62930070,0.0,7225409,1548.8094,62950170,2025-04-26 02:05:31.932,2025-04-01 18:30:01.846,675.55133,aqfQc5yGC4,com.sec.android.app.shealth,0dd3118e-4e23-41ce-85e6-caf865923ddb,2025-04-02 00:00:00.000,
,,457eff22-f964-4af6-8e4c-b5d81256cc7c.extra_data.json,,436.0,62930070,0.0,6101321,1570.7988,62950170,2025-04-26 02:05:31.938,2025-04-02 18:30:02.184,605.12756,aqfQc5yGC4,com.sec.android.app.shealth,457eff22-f964-4af6-8e4c-b5d81256cc7c,2025-04-03 00:00:00.000,
,,53daaba1-ef86-44f7-a4dd-dc9a89dc6783.extra_data.json,,525.0,62930070,0.0,5880725,1575.114,62950170,2025-05-01 03:06:35.471,2025-04-03 18:30:03.594,656.60754,aqfQc5yGC4,com.sec.android.app.shealth,53daaba1-ef86-44f7-a4dd-dc9a89dc6783,2025-04-04 00:00:00.000,
,,1ccc3c05-6012-405a-8b18-7a83d48de6b0.extra_data.json,,493.0,62950170,0.0,5304125,1586.3934,62950170,2025-05-01 03:06:35.518,2025-04-05 01:36:57.659,616.63885,aqfQc5yGC4,com.sec.android.app.shealth,1ccc3c05-6012-405a-8b18-7a83d48de6b0,2025-04-05 00:00:00.000,
,,52a8a1c3-ecda-495e-90c9-4dfb1b2a3a7f.extra_data.json,,47.0,62950170,0.0,5541636,1581.7474,62950170,2025-05-01 03:06:35.616,2025-04-05 18:30:02.861,377.8626,aqfQc5yGC4,com.sec.android.app.shealth,52a8a1c3-ecda-495e-90c9-4dfb1b2a3a7f,2025-04-06 00:00:00.000,
,,bdc502ee-ae2e-441f-8e55-6e254ccb2377.extra_data.json,,0.0,62950170,0.0,3225296,1627.0594,62950170,2025-05-04 12:53:40.038,2025-04-07 18:30:02.742,206.34004,aqfQc5yGC4,com.sec.android.app.shealth,bdc502ee-ae2e-441f-8e55-6e254ccb2377,2025-04-08 00:00:00.000,
,,d908a96d-b207-4fde-89c3-48774ac341fd.extra_data.json,,514.0,62950170,0.0,7901949,1535.575,62950170,2025-05-04 12:53:39.998,2025-04-06 18:30:03.732,801.8458,aqfQc5yGC4,com.sec.android.app.shealth,d908a96d-b207-4fde-89c3-48774ac341fd,2025-04-07 00:00:00.000,
,,5dfc9c6d-f299-41d3-8cbf-fb30b82cf3d2.extra_data.json,,418.0,62950170,0.0,7129293,1550.6896,62950170,2025-05-06 14:18:46.008,2025-04-09 20:01:29.203,667.6029,aqfQc5yGC4,com.sec.android.app.shealth,5dfc9c6d-f299-41d3-8cbf-fb30b82cf3d2,2025-04-10 00:00:00.000,
,,c6094a96-2973-4e4d-8491-c0e47ac41f10.extra_data.json,,654.0,62950170,0.0,7582506,1541.824,62950170,2025-05-06 14:18:46.112,2025-04-10 18:30:02.614,835.9356,aqfQc5yGC4,com.sec.android.app.shealth,c6094a96-2973-4e4d-8491-c0e47ac41f10,2025-04-11 00:00:00.000,
,,b541e8a0-87e3-49c6-a261-977de5123d7d.extra_data.json,,0.0,62950170,0.0,2045094,1650.1465,62950170,2025-05-06 14:18:46.135,2025-04-11 18:30:02.966,114.68999,aqfQc5yGC4,com.sec.android.app.shealth,b541e8a0-87e3-49c6-a261-977de5123d7d,2025-04-12 00:00:00.000,
,,78fafd69-c80d-495f-a5bf-c4a97964c056.extra_data.json,,243.0,62950170,0.0,5881084,1575.1069,62950170,2025-05-06 14:18:46.170,2025-04-12 18:30:01.846,486.54623,aqfQc5yGC4,com.sec.android.app.shealth,78fafd69-c80d-495f-a5bf-c4a97964c056,2025-04-13 00:00:00.000,
,,57693b82-5adf-4058-b970-e8013135ecdf.extra_data.json,,463.0,62950170,0.0,7072409,1551.8024,62950170,2025-05-06 14:18:46.195,2025-04-13 20:15:02.054,694.3793,aqfQc5yGC4,com.sec.android.app.shealth,57693b82-5adf-4058-b970-e8013135ecdf,2025-04-14 00:00:00.000,
,,22d20eb3-b643-42f6-8145-9954a3e74693.extra_data.json,,462.0,62950170,0.0,5178256,1588.8557,62950170,2025-05-06 14:18:45.928,2025-04-08 19:54:21.333,602.1968,aqfQc5yGC4,com.sec.android.app.shealth,22d20eb3-b643-42f6-8145-9954a3e74693,2025-04-09 00:00:00.000,
,,4972270f-4497-44b6-9dac-4eddc12801d1.extra_data.json,,0.0,62950170,0.0,4753409,1597.1666,62950170,2025-05-12 01:22:37.489,2025-04-14 19:21:18.712,311.1799,aqfQc5yGC4,com.sec.android.app.shealth,4972270f-4497-44b6-9dac-4eddc12801d1,2025-04-15 00:00:00.000,
,,0cf900f2-dd46-4c9f-a48f-60a534a9f65d.extra_data.json,,598.0,62950170,0.0,9255096,1509.1047,62950170,2025-05-12 01:22:37.527,2025-04-15 18:30:02.313,936.69147,aqfQc5yGC4,com.sec.android.app.shealth,0cf900f2-dd46-4c9f-a48f-60a534a9f65d,2025-04-16 00:00:00.000,
,,eea9122c-df6e-4a32-afe8-a98dafa52fa6.extra_data.json,,484.0,62950170,0.0,8176402,1530.2062,62950170,2025-05-12 01:22:37.557,2025-04-16 18:30:19.012,785.87463,aqfQc5yGC4,com.sec.android.app.shealth,eea9122c-df6e-4a32-afe8-a98dafa52fa6,2025-04-17 00:00:00.000,
,,5257621b-f4b2-4c30-b63b-75b71f54493e.extra_data.json,,0.0,62950170,0.0,2889041,1633.6372,62950170,2025-05-15 04:11:34.046,2025-04-17 20:19:15.754,179.77995,aqfQc5yGC4,com.sec.android.app.shealth,5257621b-f4b2-4c30-b63b-75b71f54493e,2025-04-18 00:00:00.000,
,,b7661c31-aa8d-44cc-b316-76197a23aa54.extra_data.json,,592.0,62950170,0.0,7351018,1546.3523,62950170,2025-05-16 03:10:55.843,2025-04-18 18:30:05.518,806.6853,aqfQc5yGC4,com.sec.android.app.shealth,b7661c31-aa8d-44cc-b316-76197a23aa54,2025-04-19 00:00:00.000,
,,0bcd11b3-f67f-414d-8f1e-1bb2f9513779.extra_data.json,,0.0,62950170,0.0,3986670,1612.1654,62950170,2025-05-16 03:10:55.902,2025-04-19 18:30:03.388,247.73993,aqfQc5yGC4,com.sec.android.app.shealth,0bcd11b3-f67f-414d-8f1e-1bb2f9513779,2025-04-20 00:00:00.000,
,,05fcc1e8-0143-40d5-8af2-b00452eff7ea.extra_data.json,,58.0,62950170,0.0,7337039,1546.6257,62950170,2025-05-16 03:10:55.938,2025-04-20 18:30:04.220,493.80383,aqfQc5yGC4,com.sec.android.app.shealth,05fcc1e8-0143-40d5-8af2-b00452eff7ea,2025-04-21 00:00:00.000,
,,525be6f4-1fbf-43fc-8a54-a99bcbe01a86.extra_data.json,,485.0,62950170,0.0,6241864,1568.0494,62950170,2025-05-16 03:10:55.971,2025-04-21 18:30:03.318,685.2603,aqfQc5yGC4,com.sec.android.app.shealth,525be6f4-1fbf-43fc-8a54-a99bcbe01a86,2025-04-22 00:00:00.000,
,,2b4b7645-9418-4032-8969-a96e14403d73.extra_data.json,,580.0,62950170,0.0,6991472,1553.3857,62950170,2025-05-20 01:38:57.274,2025-04-22 18:30:01.691,766.70886,aqfQc5yGC4,com.sec.android.app.shealth,2b4b7645-9418-4032-8969-a96e14403d73,2025-04-23 00:00:00.000,
,,6bebc678-e781-49f4-a4d9-0bf32c03f0e3.extra_data.json,,161.0,62950170,0.0,7856479,1536.4645,62950170,2025-05-24 11:59:31.476,2025-04-26 18:30:01.988,578.8894,w4dMr03254,com.sec.android.app.shealth,6bebc678-e781-49f4-a4d9-0bf32c03f0e3,2025-04-27 00:00:00.000,
,,df81ccec-45b6-462d-b8bc-097a2d0bd200.extra_data.json,,499.0,62950170,0.0,7209101,1549.1284,62950170,2025-05-27 11:50:20.776,2025-04-29 18:30:02.059,732.3214,w4dMr03254,com.sec.android.app.shealth,df81ccec-45b6-462d-b8bc-097a2d0bd200,2025-04-30 00:00:00.000,
,,894838d1-ca69-4ec8-9b28-9a6ddd572d90.extra_data.json,,590.0,62950170,0.0,7415203,1545.0968,62950170,2025-05-31 16:31:10.442,2025-05-05 18:30:01.649,770.9803,w4dMr03254,com.sec.android.app.shealth,894838d1-ca69-4ec8-9b28-9a6ddd572d90,2025-05-06 00:00:00.000,
,,9a03dbd6-5c04-4472-9e89-7f692bef541b.extra_data.json,,325.0,62950170,0.0,5172743,1588.9635,62950170,2025-05-21 15:40:37.439,2025-04-23 23:08:41.077,496.15515,aqfQc5yGC4,com.sec.android.app.shealth,9a03dbd6-5c04-4472-9e89-7f692bef541b,2025-04-24 00:00:00.000,
,,8bd72425-4a70-43e8-8c86-16d3d6e68b51.extra_data.json,,454.0,62950170,0.0,5722431,1578.2106,62950170,2025-05-21 15:40:37.517,2025-04-24 18:30:02.224,604.05,aqfQc5yGC4,com.sec.android.app.shealth,8bd72425-4a70-43e8-8c86-16d3d6e68b51,2025-04-25 00:00:00.000,
,,f8ee617f-7e96-4636-a9e8-719f16866578.extra_data.json,,467.0,62950170,0.0,6898071,1555.2128,62950170,2025-05-23 06:48:42.093,2025-04-25 23:32:49.391,690.9083,w4dMr03254,com.sec.android.app.shealth,f8ee617f-7e96-4636-a9e8-719f16866578,2025-04-26 00:00:00.000,
,,fa856c7b-123c-4c71-8c88-99252c90bac7.extra_data.json,,73.0,62950170,0.0,4113439,1609.6857,62950170,2025-05-30 17:31:55.317,2025-05-02 18:30:03.527,299.998,w4dMr03254,com.sec.android.app.shealth,fa856c7b-123c-4c71-8c88-99252c90bac7,2025-05-03 00:00:00.000,
,,9a70a2d3-3e83-48d0-9d83-9371ec6a4d1c.extra_data.json,,0.0,62950170,0.0,3065646,1630.1825,63010030,2025-06-07 01:30:43.761,2025-05-10 18:30:00.970,195.43,w4dMr03254,com.sec.android.app.shealth,9a70a2d3-3e83-48d0-9d83-9371ec6a4d1c,2025-05-11 00:00:00.000,
,,bb424f3a-f284-4480-8f0b-9b8432118ade.extra_data.json,,0.0,62950170,0.0,2808378,1635.2152,63010030,2025-06-15 11:59:37.917,2025-05-18 18:30:01.905,178.31996,w4dMr03254,com.sec.android.app.shealth,bb424f3a-f284-4480-8f0b-9b8432118ade,2025-05-19 00:00:00.000,
,,b774c836-dd19-4468-8173-8893e15eee6f.extra_data.json,,549.0,62950170,0.0,8115665,1531.3943,63010030,2025-06-11 00:28:46.716,2025-05-14 18:30:03.640,785.30444,w4dMr03254,com.sec.android.app.shealth,b774c836-dd19-4468-8173-8893e15eee6f,2025-05-15 00:00:00.000,
,,6d53efc1-c017-4a52-bd83-30d96fc8d037.extra_data.json,,0.0,62950170,0.0,1487408,1661.0559,63010030,2025-06-08 01:55:46.969,2025-05-12 18:30:05.423,95.240005,w4dMr03254,com.sec.android.app.shealth,6d53efc1-c017-4a52-bd83-30d96fc8d037,2025-05-13 00:00:00.000,
,,7297fb11-ce40-40b2-8419-57598e6d2c9b.extra_data.json,,83.0,62950170,0.0,2714108,1637.0592,63010030,2025-06-05 15:20:03.918,2025-05-08 18:30:01.847,217.15733,w4dMr03254,com.sec.android.app.shealth,7297fb11-ce40-40b2-8419-57598e6d2c9b,2025-05-09 00:00:00.000,
,,bb84b35f-e70c-4b69-891e-cb4ebf89df3a.extra_data.json,,622.0,62950170,0.0,8456370,1524.7295,63010030,2025-06-17 13:27:52.893,2025-05-20 18:30:02.330,869.16943,w4dMr03254,com.sec.android.app.shealth,bb84b35f-e70c-4b69-891e-cb4ebf89df3a,2025-05-21 00:00:00.000,
,,768068e0-1c47-4746-842d-f812a5d85439.extra_data.json,,0.0,62950170,0.0,1393167,1662.8994,63010030,2025-06-20 01:17:59.281,2025-05-23 19:13:11.106,95.43304,w4dMr03254,com.sec.android.app.shealth,768068e0-1c47-4746-842d-f812a5d85439,2025-05-24 00:00:00.000,
,,c7a51e49-6f85-4228-89f9-9fac93f52d10.extra_data.json,,0.0,62950170,0.0,805407,1674.3972,63010030,2025-06-20 01:17:59.293,2025-05-24 19:04:55.374,54.585846,w4dMr03254,com.sec.android.app.shealth,c7a51e49-6f85-4228-89f9-9fac93f52d10,2025-05-25 00:00:00.000,
,,494c036e-b85f-45c1-8c36-d91e59321c6e.extra_data.json,,0.0,62950170,0.0,1599980,1658.8538,63010030,2025-06-22 03:03:08.527,2025-05-25 18:30:00.526,117.68007,w4dMr03254,com.sec.android.app.shealth,494c036e-b85f-45c1-8c36-d91e59321c6e,2025-05-26 00:00:00.000,
,,bbde0b70-494a-4e0f-a926-5051fdbadfb0.extra_data.json,,0.0,62950170,0.0,2014617,1650.7427,63010030,2025-06-23 15:40:32.398,2025-05-27 15:49:47.456,139.12794,w4dMr03254,com.sec.android.app.shealth,bbde0b70-494a-4e0f-a926-5051fdbadfb0,2025-05-27 00:00:00.000,
,,f5dbdd4b-5392-4920-8c81-995d2ba4663c.extra_data.json,,415.0,62950170,0.0,5014003,1592.0688,63010030,2025-06-24 12:17:36.836,2025-05-27 22:55:14.005,559.9336,w4dMr03254,com.sec.android.app.shealth,f5dbdd4b-5392-4920-8c81-995d2ba4663c,2025-05-28 00:00:00.000,
,,044a57b6-71e6-4321-a28c-298993cfb058.extra_data.json,,307.0,62950170,0.0,6282762,1567.2495,63010030,2025-06-25 02:36:59.017,2025-05-29 01:39:27.770,567.50354,w4dMr03254,com.sec.android.app.shealth,044a57b6-71e6-4321-a28c-298993cfb058,2025-05-29 00:00:00.000,
,,5e01edb0-1afd-4c46-b499-4f7357f0ea4a.extra_data.json,,572.0,62950170,0.0,7264152,1548.0515,63010030,2025-06-25 23:20:24.933,2025-05-30 00:27:27.826,767.006,w4dMr03254,com.sec.android.app.shealth,5e01edb0-1afd-4c46-b499-4f7357f0ea4a,2025-05-30 00:00:00.000,
,,1e03d0a1-e339-4714-8a2d-5733d93ef993.extra_data.json,,0.0,62950170,0.0,2852594,1634.3502,63010030,2025-06-27 13:31:27.046,2025-05-30 18:31:30.791,181.83667,w4dMr03254,com.sec.android.app.shealth,1e03d0a1-e339-4714-8a2d-5733d93ef993,2025-05-31 00:00:00.000,
,,3c6d96fd-fd6f-40e6-880a-8b9177c0ab5f.extra_data.json,,0.0,62950170,0.0,3208434,1627.3893,63010030,2025-06-27 13:31:27.066,2025-05-31 18:41:02.743,211.99626,w4dMr03254,com.sec.android.app.shealth,3c6d96fd-fd6f-40e6-880a-8b9177c0ab5f,2025-06-01 00:00:00.000,
,,2fe95b0d-2af5-4c10-900a-04322cb590f0.extra_data.json,,553.0,62950170,0.0,7205511,1549.1986,63010030,2025-06-29 00:42:13.880,2025-06-01 18:30:00.491,748.35754,w4dMr03254,com.sec.android.app.shealth,2fe95b0d-2af5-4c10-900a-04322cb590f0,2025-06-02 00:00:00.000,
,,9206eda6-f5a0-4542-8538-ab0e28c59c64.extra_data.json,,505.0,62950170,0.0,6761528,1557.8838,63020270,2025-06-30 17:34:14.554,2025-06-02 19:07:02.867,698.7986,w4dMr03254,com.sec.android.app.shealth,9206eda6-f5a0-4542-8538-ab0e28c59c64,2025-06-03 00:00:00.000,
,,1f5ce5af-666c-43e9-9f32-565ce575c270.extra_data.json,,394.0,62950170,0.0,7621968,1541.052,63020270,2025-06-30 17:34:14.566,2025-06-03 18:41:36.714,714.4398,w4dMr03254,com.sec.android.app.shealth,1f5ce5af-666c-43e9-9f32-565ce575c270,2025-06-04 00:00:00.000,
,,9cb6bc8f-270a-4d9c-84af-b70321e19da0.extra_data.json,,397.0,63010030,0.0,7438559,1544.6398,63020270,2025-06-30 17:34:14.569,2025-06-04 18:52:04.452,698.6924,w4dMr03254,com.sec.android.app.shealth,9cb6bc8f-270a-4d9c-84af-b70321e19da0,2025-06-05 00:00:00.000,
,,1559d644-c865-4a7e-bbca-1deb1dd01cbc.extra_data.json,,437.0,63010030,0.0,7201029,1549.2863,63020270,2025-07-03 02:26:17.740,2025-06-05 18:56:22.642,695.01215,w4dMr03254,com.sec.android.app.shealth,1559d644-c865-4a7e-bbca-1deb1dd01cbc,2025-06-06 00:00:00.000,
,,c26f6b7c-aaa9-4ccb-a909-be22ee6907a2.extra_data.json,,0.0,63010030,0.0,2820415,1634.9797,63020270,2025-07-03 02:26:17.754,2025-06-06 22:44:11.630,182.14021,w4dMr03254,com.sec.android.app.shealth,c26f6b7c-aaa9-4ccb-a909-be22ee6907a2,2025-06-07 00:00:00.000,
,,cf761e88-ad80-4f5f-ace9-856fbfcb955b.extra_data.json,,0.0,63010030,0.0,3068034,1630.1359,63020270,2025-07-05 04:34:13.722,2025-06-07 23:00:54.773,195.13991,w4dMr03254,com.sec.android.app.shealth,cf761e88-ad80-4f5f-ace9-856fbfcb955b,2025-06-08 00:00:00.000,
,,e67f5ccb-d657-4813-ba8a-2c9cb4c7b685.extra_data.json,,577.0,63010030,0.0,7789242,1537.7798,63020270,2025-07-05 04:34:13.737,2025-06-08 19:06:07.337,825.7471,w4dMr03254,com.sec.android.app.shealth,e67f5ccb-d657-4813-ba8a-2c9cb4c7b685,2025-06-09 00:00:00.000,
,,b090b60c-daf8-4a79-b0a1-6dbbd59ff704.extra_data.json,,500.0,63010030,0.0,7318287,1546.9926,63020270,2025-07-07 08:02:07.667,2025-06-09 18:56:04.366,712.55206,w4dMr03254,com.sec.android.app.shealth,b090b60c-daf8-4a79-b0a1-6dbbd59ff704,2025-06-10 00:00:00.000,
,,2c47a2e0-d9f6-4e55-8c2a-71b5d4cad706.extra_data.json,,523.0,63010030,0.0,8109186,1531.5211,63020270,2025-07-08 02:14:49.532,2025-06-11 00:28:11.597,850.6293,w4dMr03254,com.sec.android.app.shealth,2c47a2e0-d9f6-4e55-8c2a-71b5d4cad706,2025-06-11 00:00:00.000,
,,c0df9176-3e94-44f5-a506-3d0c2676afa0.extra_data.json,,480.0,63010030,0.0,6525607,1562.4989,63020270,2025-07-08 02:14:49.544,2025-06-11 18:30:00.657,691.8205,w4dMr03254,com.sec.android.app.shealth,c0df9176-3e94-44f5-a506-3d0c2676afa0,2025-06-12 00:00:00.000,
,,7e8a5523-c2f9-4ae1-87d6-7edca5c9f6db.extra_data.json,,81.0,63010030,0.0,5756476,1577.5446,63020310,2025-07-10 18:12:42.235,2025-06-12 23:17:26.774,407.29208,w4dMr03254,com.sec.android.app.shealth,7e8a5523-c2f9-4ae1-87d6-7edca5c9f6db,2025-06-13 00:00:00.000,
,,6f1377b6-7a07-42de-b32b-2fd3a1247647.extra_data.json,,544.0,63010030,0.0,8757636,1518.8362,63020310,2025-07-10 18:12:42.273,2025-06-14 00:41:20.557,838.4445,w4dMr03254,com.sec.android.app.shealth,6f1377b6-7a07-42de-b32b-2fd3a1247647,2025-06-14 00:00:00.000,
,,98889da2-a2a2-448c-87eb-38e9029ab3f0.extra_data.json,,0.0,63010030,0.0,5276847,1586.9271,63020310,2025-07-10 18:12:42.299,2025-06-14 18:54:51.436,337.8707,w4dMr03254,com.sec.android.app.shealth,98889da2-a2a2-448c-87eb-38e9029ab3f0,2025-06-15 00:00:00.000,
,,43508643-a2c9-42fd-9f04-773df198a123.extra_data.json,,589.0,63010030,0.0,8770411,1518.5862,63020310,2025-07-13 09:26:57.119,2025-06-15 19:04:08.866,878.16516,w4dMr03254,com.sec.android.app.shealth,43508643-a2c9-42fd-9f04-773df198a123,2025-06-16 00:00:00.000,
,,708cdb46-43ba-412d-aadd-c37454221308.extra_data.json,,543.0,63010030,0.0,8528393,1523.3206,63020310,2025-07-13 09:26:57.130,2025-06-16 18:55:35.816,840.1572,w4dMr03254,com.sec.android.app.shealth,708cdb46-43ba-412d-aadd-c37454221308,2025-06-17 00:00:00.000,
,,ca4c0e7b-0de2-4e49-bd31-34f6fb3d8161.extra_data.json,,443.0,63010030,0.0,7094317,1551.3738,63020310,2025-07-13 09:26:57.133,2025-06-17 19:10:06.599,710.1307,w4dMr03254,com.sec.android.app.shealth,ca4c0e7b-0de2-4e49-bd31-34f6fb3d8161,2025-06-18 00:00:00.000,
,,4eeec675-126f-4a10-81aa-e46d89867388.extra_data.json,,514.0,63010030,0.0,7722422,1539.0868,63020310,2025-07-16 00:28:37.631,2025-06-18 18:30:00.498,772.5219,w4dMr03254,com.sec.android.app.shealth,4eeec675-126f-4a10-81aa-e46d89867388,2025-06-19 00:00:00.000,
,,ccaf4f0a-9c49-46e2-8e76-59be7b5f968e.extra_data.json,,501.0,63010030,0.0,8307181,1527.6478,63020310,2025-07-16 00:28:37.646,2025-06-19 18:34:41.148,803.6344,w4dMr03254,com.sec.android.app.shealth,ccaf4f0a-9c49-46e2-8e76-59be7b5f968e,2025-06-20 00:00:00.000,
,,e03e5cb6-c2ac-405d-940b-af2aa45da671.extra_data.json,,506.0,63010030,0.0,8261077,1528.5497,63020310,2025-07-16 00:28:37.660,2025-06-20 18:30:00.733,837.5291,w4dMr03254,com.sec.android.app.shealth,e03e5cb6-c2ac-405d-940b-af2aa45da671,2025-06-21 00:00:00.000,
,,22a73865-d91e-48b0-bbfa-0655388b6c6f.extra_data.json,,340.0,63010030,0.0,7106956,1551.1265,63020310,2025-07-19 16:24:15.007,2025-06-21 18:30:00.493,638.6586,w4dMr03254,com.sec.android.app.shealth,22a73865-d91e-48b0-bbfa-0655388b6c6f,2025-06-22 00:00:00.000,
,,4358ef45-4165-49ef-9f17-843d79f5b07d.extra_data.json,,814.0,63010030,0.0,10880777,1477.3033,63020310,2025-07-20 01:35:28.301,2025-06-22 18:30:00.480,1115.1985,w4dMr03254,com.sec.android.app.shealth,4358ef45-4165-49ef-9f17-843d79f5b07d,2025-06-23 00:00:00.000,
,,a7df9696-e34b-461a-807d-bf00a5ac7457.extra_data.json,,849.0,63010030,0.0,11016091,1474.6564,63020310,2025-07-21 13:39:33.348,2025-06-23 19:07:40.437,1130.1832,w4dMr03254,com.sec.android.app.shealth,a7df9696-e34b-461a-807d-bf00a5ac7457,2025-06-24 00:00:00.000,
,,14949fb0-d7d1-481e-ab4b-cd03d15b5b0a.extra_data.json,,937.0,63010030,0.0,10975162,1475.457,63020310,2025-07-21 23:48:03.874,2025-06-24 23:51:59.868,1147.5262,w4dMr03254,com.sec.android.app.shealth,14949fb0-d7d1-481e-ab4b-cd03d15b5b0a,2025-06-25 00:00:00.000,
,,08e66e2e-3f61-4a30-ab06-b4a77426acd5.extra_data.json,,117.0,63010030,0.0,4480910,1602.4972,63020310,2025-07-21 23:48:03.887,2025-06-25 23:07:14.006,338.013,w4dMr03254,com.sec.android.app.shealth,08e66e2e-3f61-4a30-ab06-b4a77426acd5,2025-06-26 00:00:00.000,
,,8abe6e3b-fe36-4155-a401-295d71ff19e6.extra_data.json,,860.0,63010030,0.0,11377640,1467.5837,63020310,2025-07-21 23:48:03.893,2025-06-26 18:47:25.750,1101.1487,w4dMr03254,com.sec.android.app.shealth,8abe6e3b-fe36-4155-a401-295d71ff19e6,2025-06-27 00:00:00.000,
,,bc8def4d-0854-42c8-8f01-0ce74255adf0.extra_data.json,,754.0,63010030,0.0,9649436,1501.3906,63030110,2025-07-25 03:29:06.598,2025-06-27 18:30:00.697,941.8685,w4dMr03254,com.sec.android.app.shealth,bc8def4d-0854-42c8-8f01-0ce74255adf0,2025-06-28 00:00:00.000,
,,9951e391-a436-4199-b47e-169761b9657a.extra_data.json,,0.0,63010030,0.0,3701548,1617.7429,63030110,2025-07-25 03:29:06.612,2025-06-28 18:30:00.666,233.094,w4dMr03254,com.sec.android.app.shealth,9951e391-a436-4199-b47e-169761b9657a,2025-06-29 00:00:00.000,
,,71ab052f-7083-4a9d-a0f8-63ea6522e540.extra_data.json,,892.0,63010030,0.0,13773754,1420.711,63030110,2025-07-27 01:34:14.337,2025-06-30 00:20:18.068,1280.2812,w4dMr03254,com.sec.android.app.shealth,71ab052f-7083-4a9d-a0f8-63ea6522e540,2025-06-30 00:00:00.000,
,,41d0d2fc-fa6f-4a5f-98d0-321cb2366e29.extra_data.json,,745.0,63020270,0.0,10346906,1487.747,63030110,2025-07-28 00:29:14.578,2025-06-30 18:59:23.801,996.6043,w4dMr03254,com.sec.android.app.shealth,41d0d2fc-fa6f-4a5f-98d0-321cb2366e29,2025-07-01 00:00:00.000,
,,f647aaf0-7eb4-4626-96ef-3d4a8ec8443d.extra_data.json,,495.0,63020270,0.0,8653938,1520.8646,63030110,2025-07-29 03:29:34.565,2025-07-01 18:59:24.249,841.0344,w4dMr03254,com.sec.android.app.shealth,f647aaf0-7eb4-4626-96ef-3d4a8ec8443d,2025-07-02 00:00:00.000,
,,9c2c6b76-ad59-4e03-aa59-2dcb43011d69.extra_data.json,,0.0,63020270,0.0,3640711,1618.9331,63030110,2025-07-29 03:29:34.577,2025-07-03 01:00:45.515,241.33199,w4dMr03254,com.sec.android.app.shealth,9c2c6b76-ad59-4e03-aa59-2dcb43011d69,2025-07-03 00:00:00.000,
,,a780e2ce-e8fd-4232-a33d-9683367d1c28.extra_data.json,,550.0,63020270,0.0,9038426,1513.3433,63030110,2025-07-31 03:03:18.618,2025-07-03 19:05:45.475,901.8745,w4dMr03254,com.sec.android.app.shealth,a780e2ce-e8fd-4232-a33d-9683367d1c28,2025-07-04 00:00:00.000,
,,9da8f4ac-b0f9-4f42-b9cd-e83f3a0e7e0a.extra_data.json,,425.0,63020270,0.0,6424557,1564.4756,63030110,2025-08-01 07:20:25.918,2025-07-04 18:30:00.591,644.978,w4dMr03254,com.sec.android.app.shealth,9da8f4ac-b0f9-4f42-b9cd-e83f3a0e7e0a,2025-07-05 00:00:00.000,
,,01e54a0a-948a-4c8d-8f88-1cab36990c12.extra_data.json,,128.0,63020270,0.0,7947529,1534.6833,63030110,2025-08-01 07:20:25.930,2025-07-05 18:55:54.602,581.0112,w4dMr03254,com.sec.android.app.shealth,01e54a0a-948a-4c8d-8f88-1cab36990c12,2025-07-06 00:00:00.000,
,,1a106f71-58c6-4d11-aa59-4a5f2667ed2f.extra_data.json,,786.0,63020270,0.0,10870311,1477.508,63030110,2025-08-01 07:20:25.936,2025-07-06 19:11:26.555,1058.1484,w4dMr03254,com.sec.android.app.shealth,1a106f71-58c6-4d11-aa59-4a5f2667ed2f,2025-07-07 00:00:00.000,
,,435dce9e-d11a-49b3-9723-4155247f1165.extra_data.json,,562.0,63020270,0.0,8180666,1530.1228,63030110,2025-08-04 01:09:46.429,2025-07-08 00:27:08.670,834.01904,w4dMr03254,com.sec.android.app.shealth,435dce9e-d11a-49b3-9723-4155247f1165,2025-07-08 00:00:00.000,
,,2a9b88a9-a9d1-455b-9f15-15cec3fe72a2.extra_data.json,,567.0,63020270,0.0,9894758,1496.5917,63030110,2025-08-04 01:09:46.443,2025-07-08 18:36:53.526,932.41565,w4dMr03254,com.sec.android.app.shealth,2a9b88a9-a9d1-455b-9f15-15cec3fe72a2,2025-07-09 00:00:00.000,
,,254db362-36e7-4a5e-947c-0b6dc8266c4b.extra_data.json,,586.0,63020270,0.0,7484175,1543.7474,63030110,2025-08-04 01:09:46.460,2025-07-10 01:27:02.981,823.3036,w4dMr03254,com.sec.android.app.shealth,254db362-36e7-4a5e-947c-0b6dc8266c4b,2025-07-10 00:00:00.000,
,,447dc22d-ae67-43b8-bfeb-949103f0e416.extra_data.json,,0.0,63020310,0.0,3800115,1615.815,63030110,2025-08-07 02:29:00.688,2025-07-10 18:30:01.161,256.74323,w4dMr03254,com.sec.android.app.shealth,447dc22d-ae67-43b8-bfeb-949103f0e416,2025-07-11 00:00:00.000,
,,663cf2fe-2d48-4fb6-9ad4-3a676b3b0fc5.extra_data.json,,144.0,63020310,0.0,4852605,1595.2261,63030110,2025-08-08 03:31:55.477,2025-07-11 18:36:13.438,394.8589,w4dMr03254,com.sec.android.app.shealth,663cf2fe-2d48-4fb6-9ad4-3a676b3b0fc5,2025-07-12 00:00:00.000,
,,7f718d0d-7aa2-47ea-a642-f11e951deaca.extra_data.json,,219.0,63020310,0.0,5964642,1573.4725,63030110,2025-08-09 13:38:48.371,2025-07-12 18:56:00.956,502.50812,w4dMr03254,com.sec.android.app.shealth,7f718d0d-7aa2-47ea-a642-f11e951deaca,2025-07-13 00:00:00.000,
,,6a11cae5-ccf6-4c6b-bc0d-b01441b005e7.extra_data.json,,520.0,63020310,0.0,6461337,1563.7562,63030110,2025-08-09 13:38:48.378,2025-07-13 18:30:00.579,725.2756,w4dMr03254,com.sec.android.app.shealth,6a11cae5-ccf6-4c6b-bc0d-b01441b005e7,2025-07-14 00:00:00.000,
,,d6073ce2-f8bd-4a4a-95e4-2b7aa3649ead.extra_data.json,,606.0,63020310,0.0,7938610,1534.8579,63030110,2025-08-11 02:13:06.400,2025-07-14 18:30:00.801,863.2553,w4dMr03254,com.sec.android.app.shealth,d6073ce2-f8bd-4a4a-95e4-2b7aa3649ead,2025-07-15 00:00:00.000,
,,d4d16dfa-ec87-4afa-a07b-34808281e145.extra_data.json,,0.0,63020310,0.0,4205250,1607.8896,63030110,2025-08-12 00:54:13.849,2025-07-15 23:53:46.772,276.68933,w4dMr03254,com.sec.android.app.shealth,d4d16dfa-ec87-4afa-a07b-34808281e145,2025-07-16 00:00:00.000,
,,df080819-0379-4fa5-adfa-6b0f6f95d753.extra_data.json,,613.0,63020310,0.0,7451769,1544.3813,63030110,2025-08-12 00:54:13.861,2025-07-16 18:30:00.615,816.0876,w4dMr03254,com.sec.android.app.shealth,df080819-0379-4fa5-adfa-6b0f6f95d753,2025-07-17 00:00:00.000,
,,91137c9e-9a60-4410-a17e-4155279fb149.extra_data.json,,525.0,63020310,0.0,5367203,1585.1597,63030110,2025-08-13 23:26:01.652,2025-07-17 19:14:03.363,640.9165,w4dMr03254,com.sec.android.app.shealth,91137c9e-9a60-4410-a17e-4155279fb149,2025-07-18 00:00:00.000,
,,1b524756-a96e-41b2-a5ab-e4ed69479742.extra_data.json,,0.0,63020310,0.0,1281793,1665.0781,63030110,2025-08-15 13:34:43.113,2025-07-18 19:28:25.339,92.27103,w4dMr03254,com.sec.android.app.shealth,1b524756-a96e-41b2-a5ab-e4ed69479742,2025-07-19 00:00:00.000,
,,b8099025-7c44-4c6e-afcd-ac0912948a03.extra_data.json,,119.0,63020310,0.0,9186501,1510.4465,63030110,2025-08-15 13:34:43.131,2025-07-19 18:30:00.707,630.02856,w4dMr03254,com.sec.android.app.shealth,b8099025-7c44-4c6e-afcd-ac0912948a03,2025-07-20 00:00:00.000,
,,650e6c63-1aad-4ba4-b842-4f109812177d.extra_data.json,,503.0,63020310,0.0,6401275,1564.9312,63030110,2025-08-17 00:57:04.787,2025-07-21 00:06:02.213,696.66235,w4dMr03254,com.sec.android.app.shealth,650e6c63-1aad-4ba4-b842-4f109812177d,2025-07-21 00:00:00.000,
,,4f15b5ce-1a7c-42ef-a3de-fd8fb460b20d.extra_data.json,,710.0,63020310,0.0,7746684,1538.6122,63030110,2025-08-18 01:57:21.281,2025-07-21 23:47:49.590,911.6633,w4dMr03254,com.sec.android.app.shealth,4f15b5ce-1a7c-42ef-a3de-fd8fb460b20d,2025-07-22 00:00:00.000,
,,f68b8257-0d06-4084-8a58-6025248ad060.extra_data.json,,702.0,63020310,0.0,10740091,1480.0554,63030110,2025-08-19 05:05:04.722,2025-07-22 19:18:20.743,1041.047,w4dMr03254,com.sec.android.app.shealth,f68b8257-0d06-4084-8a58-6025248ad060,2025-07-23 00:00:00.000,
,,4d3fb53e-3a9d-40fe-89bd-656b087d03e5.extra_data.json,,540.0,63020310,0.0,7832334,1536.9368,63030110,2025-08-19 05:05:04.737,2025-07-23 18:37:36.734,784.7932,w4dMr03254,com.sec.android.app.shealth,4d3fb53e-3a9d-40fe-89bd-656b087d03e5,2025-07-24 00:00:00.000,
,,3dc4718a-a6b1-4345-87b3-906ea83e2c82.extra_data.json,,549.0,63030110,0.0,9388287,1506.4993,63030110,2025-08-19 05:05:04.762,2025-07-25 18:33:02.939,896.897,w4dMr03254,com.sec.android.app.shealth,3dc4718a-a6b1-4345-87b3-906ea83e2c82,2025-07-26 00:00:00.000,
,,fc199b34-af4a-4f15-b11a-7489fa6497d3.extra_data.json,,0.0,63030110,0.0,4653074,1599.1294,63030110,2025-08-23 17:27:10.018,2025-07-26 18:30:00.550,302.98233,w4dMr03254,com.sec.android.app.shealth,fc199b34-af4a-4f15-b11a-7489fa6497d3,2025-07-27 00:00:00.000,
,,01bf8a19-26c6-460e-81ae-12f137dd8aed.extra_data.json,,835.0,63030110,0.0,11916184,1457.0487,63030110,2025-08-23 23:44:13.583,2025-07-28 00:28:41.430,1251.2146,w4dMr03254,com.sec.android.app.shealth,01bf8a19-26c6-460e-81ae-12f137dd8aed,2025-07-28 00:00:00.000,
,,9ae42677-6b0c-4bfa-aee1-ae0738fdb174.extra_data.json,,648.0,63030110,0.0,8962836,1514.822,63030110,2025-08-24 23:32:36.899,2025-07-28 18:38:08.527,948.43506,w4dMr03254,com.sec.android.app.shealth,9ae42677-6b0c-4bfa-aee1-ae0738fdb174,2025-07-29 00:00:00.000,
,,a2682772-d804-4e19-8da3-74b1cf15f657.extra_data.json,,457.0,63030110,0.0,8755146,1518.8849,63030110,2025-08-26 00:35:17.942,2025-07-29 18:55:23.680,822.2941,w4dMr03254,com.sec.android.app.shealth,a2682772-d804-4e19-8da3-74b1cf15f657,2025-07-30 00:00:00.000,
,,4c49d6cf-4566-427e-bfd6-f7b644976c78.extra_data.json,,603.0,63030110,0.0,7745380,1538.6378,63030110,2025-08-26 00:35:18.081,2025-07-30 18:30:00.723,801.1569,w4dMr03254,com.sec.android.app.shealth,4c49d6cf-4566-427e-bfd6-f7b644976c78,2025-07-31 00:00:00.000,
,,934a7d75-55ab-4a13-9b21-eaff86498a79.extra_data.json,,781.0,63030110,0.0,8671679,1520.5176,63030110,2025-08-26 00:35:18.083,2025-07-31 18:30:00.786,999.6123,w4dMr03254,com.sec.android.app.shealth,934a7d75-55ab-4a13-9b21-eaff86498a79,2025-08-01 00:00:00.000,
,,5a0c83d2-7bd5-4107-a79c-7cb3c1710ed2.extra_data.json,,327.0,63030110,0.0,6404212,1564.8738,63030110,2025-08-26 00:35:18.087,2025-08-01 18:44:11.827,520.06104,w4dMr03254,com.sec.android.app.shealth,5a0c83d2-7bd5-4107-a79c-7cb3c1710ed2,2025-08-02 00:00:00.000,
,,d968abca-0c63-496d-96a0-1dd6b50c4e04.extra_data.json,,0.0,63030110,0.0,7005202,1553.1172,63030110,2025-08-30 12:07:11.596,2025-08-02 18:30:00.594,467.8058,w4dMr03254,com.sec.android.app.shealth,d968abca-0c63-496d-96a0-1dd6b50c4e04,2025-08-03 00:00:00.000,
,,62c1f591-e8fb-44a1-8ca8-f15e36aa55fb.extra_data.json,,0.0,63030110,0.0,6046051,1571.88,63030110,2025-08-31 00:40:15.487,2025-08-03 18:30:00.612,385.50555,w4dMr03254,com.sec.android.app.shealth,62c1f591-e8fb-44a1-8ca8-f15e36aa55fb,2025-08-04 00:00:00.000,
,,8d54e7ae-4c25-4d25-b616-7de49a5a2335.extra_data.json,,501.0,63030110,0.0,7476511,1543.8973,63030110,2025-08-31 00:40:15.499,2025-08-04 18:38:45.644,753.075,w4dMr03254,com.sec.android.app.shealth,8d54e7ae-4c25-4d25-b616-7de49a5a2335,2025-08-05 00:00:00.000,
,,29cc8b33-21e9-4922-b493-f48d4a87291c.extra_data.json,,498.0,63030110,0.0,9641622,1501.5436,63030110,2025-08-31 00:40:15.502,2025-08-05 18:54:45.601,898.30347,w4dMr03254,com.sec.android.app.shealth,29cc8b33-21e9-4922-b493-f48d4a87291c,2025-08-06 00:00:00.000,
,,d4635c71-bc1a-4912-af48-02cad370752e.extra_data.json,,0.0,63030110,0.0,4690748,1598.3922,63030110,2025-08-31 00:40:15.504,2025-08-06 18:30:01.319,307.76492,w4dMr03254,com.sec.android.app.shealth,d4635c71-bc1a-4912-af48-02cad370752e,2025-08-07 00:00:00.000,
,,a29399f0-46d9-4f94-9259-1c91aeb528e8.extra_data.json,,39.0,63030110,0.0,3293401,1625.7272,63030110,2025-08-31 00:40:15.506,2025-08-07 23:39:41.224,238.3985,w4dMr03254,com.sec.android.app.shealth,a29399f0-46d9-4f94-9259-1c91aeb528e8,2025-08-08 00:00:00.000,
,,948789f3-2833-4ea3-bff0-ab77143348d7.extra_data.json,,34.0,63030110,0.0,5379477,1584.9194,63030110,2025-08-31 00:40:15.508,2025-08-08 18:35:42.943,373.9397,w4dMr03254,com.sec.android.app.shealth,948789f3-2833-4ea3-bff0-ab77143348d7,2025-08-09 00:00:00.000,
,,c34d2329-8d19-445a-840a-4446190e2864.extra_data.json,,196.0,63030110,0.0,7880192,1536.0006,63030110,2025-09-05 18:57:56.964,2025-08-09 18:30:00.818,599.454,w4dMr03254,com.sec.android.app.shealth,c34d2329-8d19-445a-840a-4446190e2864,2025-08-10 00:00:00.000,
,,7570b4ff-3be7-4f85-ad25-fde54e9d7f7a.extra_data.json,,0.0,63030110,0.0,5432168,1583.8887,63030110,2025-09-05 18:57:56.976,2025-08-10 18:30:00.627,370.40292,w4dMr03254,com.sec.android.app.shealth,7570b4ff-3be7-4f85-ad25-fde54e9d7f7a,2025-08-11 00:00:00.000,
,,a1a94c8b-c983-475d-989f-4041224a7305.extra_data.json,,0.0,63030110,0.0,4622546,1599.7266,63030110,2025-08-19 05:05:04.747,2025-08-11 13:51:29.634,314.87573,w4dMr03254,com.sec.android.app.shealth,a1a94c8b-c983-475d-989f-4041224a7305,2025-07-25 00:00:00.000,
,,52ea7298-0cc9-41b2-9354-05ffba10480d.extra_data.json,,66.0,63030110,0.0,5033560,1591.6863,63030110,2025-09-05 18:57:56.979,2025-08-11 18:31:00.556,372.99133,w4dMr03254,com.sec.android.app.shealth,52ea7298-0cc9-41b2-9354-05ffba10480d,2025-08-12 00:00:00.000,
,,940dd800-2eb4-4063-9c61-c6dea6f5b78d.extra_data.json,,94.0,63030110,0.0,5953964,1573.6813,63030110,2025-09-05 18:57:56.982,2025-08-12 18:30:00.860,442.48392,w4dMr03254,com.sec.android.app.shealth,940dd800-2eb4-4063-9c61-c6dea6f5b78d,2025-08-13 00:00:00.000,
,,07295f87-2268-4f87-ade5-42728846d85c.extra_data.json,,0.0,63030110,0.0,3304963,1625.5011,63030110,2025-09-10 05:27:39.993,2025-08-13 22:55:43.807,224.69609,w4dMr03254,com.sec.android.app.shealth,07295f87-2268-4f87-ade5-42728846d85c,2025-08-14 00:00:00.000,
,,6e2d2bc8-7331-4878-94c8-1d4b5ab9e577.extra_data.json,,223.0,63030110,0.0,5224557,1587.95,63030110,2025-09-11 00:43:48.625,2025-08-14 18:30:01.082,442.1964,w4dMr03254,com.sec.android.app.shealth,6e2d2bc8-7331-4878-94c8-1d4b5ab9e577,2025-08-15 00:00:00.000,
,,7ec1e030-1c4a-4d69-b49d-a20f551befea.extra_data.json,,0.0,63030110,0.0,3912312,1613.6201,63030110,2025-09-11 00:43:48.637,2025-08-15 18:32:26.813,257.6128,w4dMr03254,com.sec.android.app.shealth,7ec1e030-1c4a-4d69-b49d-a20f551befea,2025-08-16 00:00:00.000,
,,f1d0d6ed-7913-405e-a030-4cfd24b26600.extra_data.json,,0.0,63030110,0.0,2820538,1634.9773,63030110,2025-09-11 00:43:48.641,2025-08-17 00:56:41.536,182.93889,w4dMr03254,com.sec.android.app.shealth,f1d0d6ed-7913-405e-a030-4cfd24b26600,2025-08-17 00:00:00.000,
,,6df5e0d3-9ab5-48c2-9811-817ee1cc4748.extra_data.json,,459.0,63030110,0.0,5366046,1585.1821,63030110,2025-09-11 00:43:48.645,2025-08-18 00:10:24.951,608.9038,w4dMr03254,com.sec.android.app.shealth,6df5e0d3-9ab5-48c2-9811-817ee1cc4748,2025-08-18 00:00:00.000,
,,af2d8695-db99-4268-97db-159f6dd1dae9.extra_data.json,,20.0,63030110,0.0,3679158,1618.181,63030110,2025-09-11 00:43:48.647,2025-08-18 22:13:05.639,245.86191,w4dMr03254,com.sec.android.app.shealth,af2d8695-db99-4268-97db-159f6dd1dae9,2025-08-19 00:00:00.000,
,,c404825b-7fe9-48f4-80ec-d02e43a09e65.extra_data.json,,594.0,63030110,0.0,8428887,1525.2671,63030110,2025-09-16 01:28:44.643,2025-08-19 19:25:14.777,881.2561,w4dMr03254,com.sec.android.app.shealth,c404825b-7fe9-48f4-80ec-d02e43a09e65,2025-08-20 00:00:00.000,
,,9fb22f64-4eaf-447c-b89c-aee963ca7608.extra_data.json,,0.0,63030110,0.0,2161847,1647.8625,63030110,2025-09-17 14:01:40.378,2025-08-20 18:30:00.782,140.45741,w4dMr03254,com.sec.android.app.shealth,9fb22f64-4eaf-447c-b89c-aee963ca7608,2025-08-21 00:00:00.000,
,,ce64dbbc-60b6-45d6-82c3-cb1a24621558.extra_data.json,,645.0,63030110,0.0,7767541,1538.2042,63030110,2025-09-18 00:15:58.265,2025-08-21 19:00:16.107,842.46716,w4dMr03254,com.sec.android.app.shealth,ce64dbbc-60b6-45d6-82c3-cb1a24621558,2025-08-22 00:00:00.000,
,,fc72fa4a-0997-4ca6-b247-f992919c6821.extra_data.json,,508.0,63030110,0.0,6402240,1564.9122,63030110,2025-09-19 02:23:38.821,2025-08-23 01:24:18.293,710.1283,w4dMr03254,com.sec.android.app.shealth,fc72fa4a-0997-4ca6-b247-f992919c6821,2025-08-23 00:00:00.000,
,,ea9f80fb-8c1b-4036-8fa2-acd35e215b6a.extra_data.json,,50.0,63030110,0.0,3489928,1621.8827,63030110,2025-09-20 03:20:47.093,2025-08-23 23:43:33.385,265.22974,w4dMr03254,com.sec.android.app.shealth,ea9f80fb-8c1b-4036-8fa2-acd35e215b6a,2025-08-24 00:00:00.000,
,,84a8c5d7-0611-4ecc-b63a-55ebb824ffe4.extra_data.json,,596.0,63030110,0.0,7647833,1540.546,63030110,2025-09-20 03:20:47.105,2025-08-24 23:04:41.067,839.1657,w4dMr03254,com.sec.android.app.shealth,84a8c5d7-0611-4ecc-b63a-55ebb824ffe4,2025-08-25 00:00:00.000,
,,c768b93b-5328-45a3-a10e-f80a1cfd2aa1.extra_data.json,,619.0,63030110,0.0,7588920,1541.6985,63030110,2025-09-20 03:20:47.109,2025-08-25 18:31:27.445,857.8573,w4dMr03254,com.sec.android.app.shealth,c768b93b-5328-45a3-a10e-f80a1cfd2aa1,2025-08-26 00:00:00.000,
,,1b9b83c4-b090-4ed1-a8e6-88b602955aca.extra_data.json,,50.0,63030110,0.0,3240960,1626.753,63030110,2025-09-23 01:47:11.158,2025-08-26 18:48:51.207,236.29666,w4dMr03254,com.sec.android.app.shealth,1b9b83c4-b090-4ed1-a8e6-88b602955aca,2025-08-27 00:00:00.000,
,,ade4830e-7486-4218-aaa3-3df053d3e54f.extra_data.json,,108.0,63030110,0.0,4147010,1609.0289,63030110,2025-09-23 01:47:11.170,2025-08-27 18:58:19.220,310.10904,w4dMr03254,com.sec.android.app.shealth,ade4830e-7486-4218-aaa3-3df053d3e54f,2025-08-28 00:00:00.000,
,,9400f710-f60c-408c-be99-7cb29c8bf63d.extra_data.json,,531.0,63030110,0.0,6531373,1562.3861,63030110,2025-09-23 01:47:11.172,2025-08-28 19:13:51.500,744.3487,w4dMr03254,com.sec.android.app.shealth,9400f710-f60c-408c-be99-7cb29c8bf63d,2025-08-29 00:00:00.000,
,,2a76802f-31d5-4aa9-91f4-307736786773.extra_data.json,,0.0,63030110,0.0,4912855,1594.0475,63030110,2025-09-23 01:47:11.180,2025-08-29 18:34:40.278,336.11572,w4dMr03254,com.sec.android.app.shealth,2a76802f-31d5-4aa9-91f4-307736786773,2025-08-30 00:00:00.000,
,,adf6f115-cd89-4f80-bb1e-d3e2200402dc.extra_data.json,,63.0,63030110,0.0,4644467,1599.2977,63030110,2025-09-27 12:22:11.560,2025-08-31 00:39:38.670,321.91977,w4dMr03254,com.sec.android.app.shealth,adf6f115-cd89-4f80-bb1e-d3e2200402dc,2025-08-31 00:00:00.000,
,,587117ff-5dab-409c-b38e-e3f7cd376ae1.extra_data.json,,651.0,63030110,0.0,10343029,1487.8226,63051050,2025-09-28 09:21:52.642,2025-08-31 18:34:36.960,1010.3207,w4dMr03254,com.sec.android.app.shealth,587117ff-5dab-409c-b38e-e3f7cd376ae1,2025-09-01 00:00:00.000,
,,6af45e32-0335-41ca-806b-18d9ac484c21.extra_data.json,,761.0,63030110,0.0,10090065,1492.7712,63051050,2025-09-29 01:45:49.888,2025-09-01 18:59:51.049,1027.739,w4dMr03254,com.sec.android.app.shealth,6af45e32-0335-41ca-806b-18d9ac484c21,2025-09-02 00:00:00.000,
,,f29d2fa6-8e50-4ad7-ae58-44add8bd7555.extra_data.json,,386.0,63030110,0.0,6032106,1572.1528,63051050,2025-09-30 00:01:19.028,2025-09-02 18:30:00.644,613.3107,w4dMr03254,com.sec.android.app.shealth,f29d2fa6-8e50-4ad7-ae58-44add8bd7555,2025-09-03 00:00:00.000,
,,e81c0ab4-89e9-4900-8999-23776ff411ec.extra_data.json,,91.0,63030110,0.0,3658994,1618.5754,63051050,2025-09-30 00:01:19.041,2025-09-03 18:30:00.492,278.5274,w4dMr03254,com.sec.android.app.shealth,e81c0ab4-89e9-4900-8999-23776ff411ec,2025-09-04 00:00:00.000,
,,aa6ec795-260c-4cbf-9237-c61a4ff363f7.extra_data.json,,0.0,63030110,0.0,4314505,1605.7524,63051050,2025-09-30 00:01:19.045,2025-09-04 18:49:35.867,285.21777,w4dMr03254,com.sec.android.app.shealth,aa6ec795-260c-4cbf-9237-c61a4ff363f7,2025-09-05 00:00:00.000,
,,80f358de-73ff-4ae4-acfe-3e2122f2c6d4.extra_data.json,,61.0,63030110,0.0,4676172,1598.6774,63051050,2025-10-03 06:20:26.569,2025-09-05 18:30:01.152,331.95038,w4dMr03254,com.sec.android.app.shealth,80f358de-73ff-4ae4-acfe-3e2122f2c6d4,2025-09-06 00:00:00.000,
,,d4d51d8e-3155-4a84-8eca-c2ebbad26835.extra_data.json,,0.0,63030110,0.0,4000016,1611.9044,63051050,2025-10-03 06:20:26.582,2025-09-06 18:37:22.897,262.02698,w4dMr03254,com.sec.android.app.shealth,d4d51d8e-3155-4a84-8eca-c2ebbad26835,2025-09-07 00:00:00.000,
,,c7f91141-4904-43fa-8dda-b394dfa1d51b.extra_data.json,,602.0,63030110,0.0,8417568,1525.4885,63051050,2025-10-03 06:20:26.585,2025-09-07 19:12:57.697,882.9115,w4dMr03254,com.sec.android.app.shealth,c7f91141-4904-43fa-8dda-b394dfa1d51b,2025-09-08 00:00:00.000,
,,669eaf1c-faee-4ff0-9a7e-6d0f1882e0e0.extra_data.json,,812.0,63030110,0.0,11290833,1469.2819,63051050,2025-10-05 21:29:13.964,2025-09-08 19:03:01.311,1192.0444,w4dMr03254,com.sec.android.app.shealth,669eaf1c-faee-4ff0-9a7e-6d0f1882e0e0,2025-09-09 00:00:00.000,
,,42ca5d90-f1e8-40a1-8b8a-788088808e0c.extra_data.json,,564.0,63030110,0.0,9147297,1511.2136,63051050,2025-10-07 06:44:28.401,2025-09-09 18:57:20.539,898.80975,w4dMr03254,com.sec.android.app.shealth,42ca5d90-f1e8-40a1-8b8a-788088808e0c,2025-09-10 00:00:00.000,
,,4eb68091-1ada-41a6-8fe3-1622a2db6950.extra_data.json,,380.0,63030110,0.0,7719634,1539.1415,63051050,2025-10-07 23:04:38.940,2025-09-10 18:30:00.645,706.38257,w4dMr03254,com.sec.android.app.shealth,4eb68091-1ada-41a6-8fe3-1622a2db6950,2025-09-11 00:00:00.000,
,,c2e00251-ad25-4876-a4e6-e4abbe4ff42e.extra_data.json,,0.0,63030110,0.0,2307011,1645.023,63051050,2025-10-09 00:25:49.583,2025-09-11 19:11:22.262,150.82498,w4dMr03254,com.sec.android.app.shealth,c2e00251-ad25-4876-a4e6-e4abbe4ff42e,2025-09-12 00:00:00.000,
,,6055dcac-7c90-42b2-91ba-3c65876f2229.extra_data.json,,562.0,63030110,0.0,8722464,1519.5242,63051050,2025-10-09 00:25:49.597,2025-09-12 19:21:09.760,881.8877,w4dMr03254,com.sec.android.app.shealth,6055dcac-7c90-42b2-91ba-3c65876f2229,2025-09-13 00:00:00.000,
,,43c1c124-8b32-4ce2-97f9-d047d3c517de.extra_data.json,,114.0,63030110,0.0,4452497,1603.053,63051050,2025-10-10 23:38:40.925,2025-09-13 18:35:07.968,324.77618,w4dMr03254,com.sec.android.app.shealth,43c1c124-8b32-4ce2-97f9-d047d3c517de,2025-09-14 00:00:00.000,
,,5c53e15f-5faa-4822-a78e-f9c9fe49aef1.extra_data.json,,579.0,63030110,0.0,8502974,1523.8177,63051050,2025-10-12 00:57:18.922,2025-09-14 18:45:39.218,848.01184,w4dMr03254,com.sec.android.app.shealth,5c53e15f-5faa-4822-a78e-f9c9fe49aef1,2025-09-15 00:00:00.000,
,,f3cfac36-540f-4fdc-8023-ef01a49d0237.extra_data.json,,761.0,63030110,0.0,7731893,1538.9016,63051050,2025-10-12 00:57:18.934,2025-09-15 21:45:48.235,927.36584,w4dMr03254,com.sec.android.app.shealth,f3cfac36-540f-4fdc-8023-ef01a49d0237,2025-09-16 00:00:00.000,
,,9cec436d-4cd1-42ed-948b-6fa789cce3bb.extra_data.json,,539.0,63030110,0.0,7849241,1536.6061,63051050,2025-10-13 23:53:49.404,2025-09-16 18:50:57.248,821.2195,w4dMr03254,com.sec.android.app.shealth,9cec436d-4cd1-42ed-948b-6fa789cce3bb,2025-09-17 00:00:00.000,
,,e2c137cc-4d63-4587-a54f-dbb5b990a1e2.extra_data.json,,0.0,63030110,0.0,5160135,1589.2102,63051050,2025-10-15 01:20:27.179,2025-09-17 18:30:00.739,353.38675,w4dMr03254,com.sec.android.app.shealth,e2c137cc-4d63-4587-a54f-dbb5b990a1e2,2025-09-18 00:00:00.000,
,,c18c85bf-8661-48ac-9f6a-7093bf556c14.extra_data.json,,527.0,63030110,0.0,7920344,1535.2151,63051050,2025-10-15 01:20:27.203,2025-09-18 21:03:30.061,785.9537,w4dMr03254,com.sec.android.app.shealth,c18c85bf-8661-48ac-9f6a-7093bf556c14,2025-09-19 00:00:00.000,
,,418e5ba4-2261-4fc2-9158-dd2c9971c961.extra_data.json,,0.0,63030110,0.0,5242627,1587.5966,63051050,2025-10-15 01:20:27.224,2025-09-19 18:30:01.043,348.65308,w4dMr03254,com.sec.android.app.shealth,418e5ba4-2261-4fc2-9158-dd2c9971c961,2025-09-20 00:00:00.000,
,,a2ad957c-10e5-43c7-a8c3-a279e32767b3.extra_data.json,,143.0,63030110,0.0,5220635,1588.0267,63051050,2025-10-18 10:22:27.574,2025-09-20 19:24:37.141,386.35144,w4dMr03254,com.sec.android.app.shealth,a2ad957c-10e5-43c7-a8c3-a279e32767b3,2025-09-21 00:00:00.000,
,,444e4d13-cf54-4859-8c25-9124756de1c7.extra_data.json,,797.0,63030110,0.0,9889481,1496.695,63051050,2025-10-19 17:54:08.950,2025-09-21 18:30:01.669,1082.4504,w4dMr03254,com.sec.android.app.shealth,444e4d13-cf54-4859-8c25-9124756de1c7,2025-09-22 00:00:00.000,
,,c6191444-d251-4cd2-a078-6490e3bedae5.extra_data.json,,615.0,63030110,0.0,9889880,1496.6871,63051050,2025-10-19 17:54:10.581,2025-09-22 18:43:39.827,984.8602,w4dMr03254,com.sec.android.app.shealth,c6191444-d251-4cd2-a078-6490e3bedae5,2025-09-23 00:00:00.000,
,,ba65efe7-03a4-4fd4-bef8-0c049698b971.extra_data.json,,898.0,63030110,0.0,11353292,1468.0599,63051050,2025-10-20 22:42:10.890,2025-09-23 18:50:12.168,1128.9955,w4dMr03254,com.sec.android.app.shealth,ba65efe7-03a4-4fd4-bef8-0c049698b971,2025-09-24 00:00:00.000,
,,59a0975f-eb01-47c8-81d3-0468b894a4d5.extra_data.json,,365.0,63030110,0.0,7824101,1537.0978,63051050,2025-10-22 17:11:37.768,2025-09-24 18:49:46.268,709.6937,w4dMr03254,com.sec.android.app.shealth,59a0975f-eb01-47c8-81d3-0468b894a4d5,2025-09-25 00:00:00.000,
,,37860436-c222-455e-90c1-1a12ec15ae71.extra_data.json,,0.0,63030110,0.0,4221495,1607.5718,63051050,2025-10-23 01:28:02.898,2025-09-25 18:32:35.699,273.49252,w4dMr03254,com.sec.android.app.shealth,37860436-c222-455e-90c1-1a12ec15ae71,2025-09-26 00:00:00.000,
,,d218b1d3-0fe0-4ec3-978a-666ae72b5975.extra_data.json,,537.0,63030110,0.0,6056577,1571.6741,63051050,2025-10-23 23:18:07.890,2025-09-26 18:30:00.569,673.5112,w4dMr03254,com.sec.android.app.shealth,d218b1d3-0fe0-4ec3-978a-666ae72b5975,2025-09-27 00:00:00.000,
,,c4e9654a-5545-4381-928c-ec2c7fda6806.extra_data.json,,0.0,63030110,0.0,3691629,1617.937,63051050,2025-10-25 14:18:08.639,2025-09-27 18:50:05.255,244.04276,w4dMr03254,com.sec.android.app.shealth,c4e9654a-5545-4381-928c-ec2c7fda6806,2025-09-28 00:00:00.000,
,,b9617013-c770-43d3-bd60-1ed0c8b90ea7.extra_data.json,,678.0,63051050,0.0,8413982,1525.5586,63051050,2025-10-26 03:24:12.471,2025-09-28 18:30:00.774,949.50757,w4dMr03254,com.sec.android.app.shealth,b9617013-c770-43d3-bd60-1ed0c8b90ea7,2025-09-29 00:00:00.000,
,,28e118b2-cdaa-45d9-b172-dbe5d5c3b811.extra_data.json,,643.0,63051050,0.0,9046601,1513.1833,63051050,2025-10-26 03:24:12.483,2025-09-30 00:01:08.143,957.7788,w4dMr03254,com.sec.android.app.shealth,28e118b2-cdaa-45d9-b172-dbe5d5c3b811,2025-09-30 00:00:00.000,
,,0a9a57be-d8d9-43c1-9b24-2b77389f1dc0.extra_data.json,,537.0,63051050,0.0,8013270,1533.3973,63051050,2025-10-28 05:04:51.983,2025-09-30 18:40:05.268,803.322,w4dMr03254,com.sec.android.app.shealth,0a9a57be-d8d9-43c1-9b24-2b77389f1dc0,2025-10-01 00:00:00.000,
,,64ee1fc4-bd91-4fa9-97ad-81fef417345b.extra_data.json,,0.0,63051050,0.0,5475449,1583.0421,63051050,2025-10-28 05:04:51.996,2025-10-01 19:21:07.789,372.56433,w4dMr03254,com.sec.android.app.shealth,64ee1fc4-bd91-4fa9-97ad-81fef417345b,2025-10-02 00:00:00.000,
,,9b0534cd-07a4-4150-a013-3f91d19ba43d.extra_data.json,,504.0,63051050,0.0,6589134,1561.2562,63051050,2025-10-30 01:21:30.811,2025-10-02 18:30:00.516,679.8774,w4dMr03254,com.sec.android.app.shealth,9b0534cd-07a4-4150-a013-3f91d19ba43d,2025-10-03 00:00:00.000,
,,9334226f-3466-4455-a994-262a67041639.extra_data.json,,513.0,63051050,0.0,8140075,1530.9169,63051050,2025-10-31 00:56:34.520,2025-10-03 19:26:10.635,796.01715,w4dMr03254,com.sec.android.app.shealth,9334226f-3466-4455-a994-262a67041639,2025-10-04 00:00:00.000,
,,267571a4-a85a-4836-8d3a-094c3c9a4f05.extra_data.json,,42.0,63051050,0.0,4542243,1601.2975,63051050,2025-11-01 18:10:50.143,2025-10-04 18:30:44.627,322.36893,w4dMr03254,com.sec.android.app.shealth,267571a4-a85a-4836-8d3a-094c3c9a4f05,2025-10-05 00:00:00.000,
,,cd80d42c-dbd4-43e0-8e0a-174bede86ca3.extra_data.json,,0.0,63051050,0.0,6364762,1565.6454,63051050,2025-11-01 18:10:50.155,2025-10-05 21:28:27.757,410.13287,w4dMr03254,com.sec.android.app.shealth,cd80d42c-dbd4-43e0-8e0a-174bede86ca3,2025-10-06 00:00:00.000,
,,8311e053-190f-480d-9a0f-df52fa227aa0.extra_data.json,,623.0,63051050,0.0,9371406,1506.8295,63051050,2025-11-01 18:10:50.166,2025-10-07 00:49:04.328,964.0889,w4dMr03254,com.sec.android.app.shealth,8311e053-190f-480d-9a0f-df52fa227aa0,2025-10-07 00:00:00.000,
,,34fae49d-e736-46c6-8794-f1e8d29cf3c9.extra_data.json,,610.0,63051050,0.0,8357842,1526.6569,63051050,2025-11-01 18:10:50.179,2025-10-07 22:48:57.093,871.7786,w4dMr03254,com.sec.android.app.shealth,34fae49d-e736-46c6-8794-f1e8d29cf3c9,2025-10-08 00:00:00.000,
,,d07b801c-74ae-416f-8e71-18ecfc2a34a5.extra_data.json,,473.0,63051050,0.0,7295514,1542.2405,63051050,2025-11-05 07:25:55.607,2025-10-08 18:30:00.676,721.28326,w4dMr03254,com.sec.android.app.shealth,d07b801c-74ae-416f-8e71-18ecfc2a34a5,2025-10-09 00:00:00.000,
,,36d9fc86-1302-46e7-88d4-14b1aaba79eb.extra_data.json,,633.0,63051050,0.0,10717600,1475.5226,63051050,2025-11-05 23:43:53.493,2025-10-09 19:19:46.526,1028.5396,w4dMr03254,com.sec.android.app.shealth,36d9fc86-1302-46e7-88d4-14b1aaba79eb,2025-10-10 00:00:00.000,
,,3512e70f-226d-42c9-9843-7309a500d92e.extra_data.json,,258.0,63051050,0.0,11724361,1455.8945,63051050,2025-11-05 23:43:53.506,2025-10-10 18:51:21.663,888.15015,w4dMr03254,com.sec.android.app.shealth,3512e70f-226d-42c9-9843-7309a500d92e,2025-10-11 00:00:00.000,
,,fe8c7bc0-3548-473e-8ea9-d47ed3e9f8b4.extra_data.json,,79.0,63051050,0.0,5749614,1572.3796,63051050,2025-11-08 11:24:12.732,2025-10-11 18:30:22.969,419.81403,w4dMr03254,com.sec.android.app.shealth,fe8c7bc0-3548-473e-8ea9-d47ed3e9f8b4,2025-10-12 00:00:00.000,
,,6b480f0d-33e2-4fb7-9e6f-a8ed9cc579ec.extra_data.json,,0.0,63051050,0.0,3868160,1609.0609,63051050,2025-11-09 00:14:06.445,2025-10-12 18:45:57.510,260.49805,w4dMr03254,com.sec.android.app.shealth,6b480f0d-33e2-4fb7-9e6f-a8ed9cc579ec,2025-10-13 00:00:00.000,
,,59dd1c9c-be9f-4c67-ace3-1f9f1a8e3dc6.extra_data.json,,575.0,63051050,0.0,10209564,1485.4274,63051050,2025-11-09 23:50:51.679,2025-10-13 23:53:31.977,986.2086,w4dMr03254,com.sec.android.app.shealth,59dd1c9c-be9f-4c67-ace3-1f9f1a8e3dc6,2025-10-14 00:00:00.000,
,,60990861-42b1-45d9-9df9-3f0554785e89.extra_data.json,,0.0,63051050,0.0,2227109,1641.0553,63051050,2025-11-09 23:50:51.702,2025-10-15 01:20:13.586,142.0019,w4dMr03254,com.sec.android.app.shealth,60990861-42b1-45d9-9df9-3f0554785e89,2025-10-15 00:00:00.000,
,,7c00f17e-3c72-4c00-922a-59624bb133ec.extra_data.json,,657.0,63051050,0.0,8574346,1517.3081,63051050,2025-11-12 02:18:18.544,2025-10-15 19:10:39.554,932.41956,w4dMr03254,com.sec.android.app.shealth,7c00f17e-3c72-4c00-922a-59624bb133ec,2025-10-16 00:00:00.000,
,,b03532f0-2346-42a5-a9a9-30b7b5c77eaa.extra_data.json,,560.0,63051050,0.0,7148422,1545.1082,63060070,2025-11-13 02:14:01.398,2025-10-16 18:44:51.912,756.3231,w4dMr03254,com.sec.android.app.shealth,b03532f0-2346-42a5-a9a9-30b7b5c77eaa,2025-10-17 00:00:00.000,
,,bfa4f9a3-5f4b-41e5-a22a-bf1726bc47de.extra_data.json,,756.0,63051050,0.0,10945445,1471.0804,63060070,2025-11-13 02:14:01.411,2025-10-17 18:50:20.323,1131.1372,w4dMr03254,com.sec.android.app.shealth,bfa4f9a3-5f4b-41e5-a22a-bf1726bc47de,2025-10-18 00:00:00.000,
,,44a52f88-7d55-47f3-b94b-c55b1b16cd93.extra_data.json,,61.0,63051050,0.0,6471066,1558.3141,63060070,2025-11-13 02:14:01.414,2025-10-18 18:30:00.743,450.74847,w4dMr03254,com.sec.android.app.shealth,44a52f88-7d55-47f3-b94b-c55b1b16cd93,2025-10-19 00:00:00.000,
,,37e81835-3de7-4756-974a-69cdaf789858.extra_data.json,,728.0,63051050,0.0,11282158,1464.5157,63060070,2025-11-13 02:14:01.416,2025-10-19 19:19:49.145,1142.2904,w4dMr03254,com.sec.android.app.shealth,37e81835-3de7-4756-974a-69cdaf789858,2025-10-20 00:00:00.000,
,,34a433da-56c1-4c04-a3d3-2e35f37c593f.extra_data.json,,610.0,63051050,0.0,7785443,1532.6887,63060070,2025-11-17 17:28:44.076,2025-10-20 22:41:29.610,823.97217,w4dMr03254,com.sec.android.app.shealth,34a433da-56c1-4c04-a3d3-2e35f37c593f,2025-10-21 00:00:00.000,
,,e75ed056-7831-45d5-af64-e1ee89d1c869.extra_data.json,,568.0,63051050,0.0,7940774,1529.6603,63060070,2025-11-18 16:19:54.145,2025-10-21 18:36:26.033,806.9681,w4dMr03254,com.sec.android.app.shealth,e75ed056-7831-45d5-af64-e1ee89d1c869,2025-10-22 00:00:00.000,
,,eef2b86a-6968-4878-96be-7256f53ce4f8.extra_data.json,,564.0,63051050,0.0,9716084,1495.0485,63060070,2025-11-18 23:32:14.760,2025-10-22 23:05:05.321,938.84717,w4dMr03254,com.sec.android.app.shealth,eef2b86a-6968-4878-96be-7256f53ce4f8,2025-10-23 00:00:00.000,
,,1857dd01-cc2b-44f8-b930-141eaf30461c.extra_data.json,,528.0,63051050,0.0,7017346,1547.6637,63060070,2025-11-20 14:58:31.939,2025-10-23 23:17:51.573,739.6634,w4dMr03254,com.sec.android.app.shealth,1857dd01-cc2b-44f8-b930-141eaf30461c,2025-10-24 00:00:00.000,
,,a5045dd2-eb2f-4d2a-af11-dd51b692b360.extra_data.json,,537.0,63051050,0.0,7457433,1539.0836,63060070,2025-11-21 15:17:23.773,2025-10-25 01:24:39.896,774.3667,w4dMr03254,com.sec.android.app.shealth,a5045dd2-eb2f-4d2a-af11-dd51b692b360,2025-10-25 00:00:00.000,
,,af555b33-d068-46e9-a0eb-96a92a301194.extra_data.json,,0.0,63051050,0.0,4009509,1606.3052,63060070,2025-11-22 05:38:00.398,2025-10-25 18:30:01.866,260.4102,w4dMr03254,com.sec.android.app.shealth,af555b33-d068-46e9-a0eb-96a92a301194,2025-10-26 00:00:00.000,
,,81e4b059-1ed6-47c7-be14-725ea748f3eb.extra_data.json,,717.0,63051050,0.0,9888534,1491.6863,63060070,2025-11-23 15:52:00.773,2025-10-26 18:43:17.381,1001.854,w4dMr03254,com.sec.android.app.shealth,81e4b059-1ed6-47c7-be14-725ea748f3eb,2025-10-27 00:00:00.000,
,,2e365732-4159-4d3d-9063-662dfae1cc6e.extra_data.json,,36.0,63051050,0.0,4209163,1602.4127,63060070,2025-11-24 15:32:56.016,2025-10-27 18:30:00.505,302.11063,w4dMr03254,com.sec.android.app.shealth,2e365732-4159-4d3d-9063-662dfae1cc6e,2025-10-28 00:00:00.000,
,,f3cf07eb-1a4f-4f58-af68-8fd84e1bcf67.extra_data.json,,617.0,63051050,0.0,9373765,1501.7223,63060070,2025-11-25 01:37:53.620,2025-10-28 19:24:08.664,934.3663,w4dMr03254,com.sec.android.app.shealth,f3cf07eb-1a4f-4f58-af68-8fd84e1bcf67,2025-10-29 00:00:00.000,
,,28364764-4fec-454c-ba72-f34c27b88e71.extra_data.json,,578.0,63051050,0.0,7567812,1536.9318,63060070,2025-11-25 23:40:47.147,2025-10-29 18:30:00.801,827.5221,w4dMr03254,com.sec.android.app.shealth,28364764-4fec-454c-ba72-f34c27b88e71,2025-10-30 00:00:00.000,
,,57b83800-d3ab-42bc-9910-b6bb7f9a942a.extra_data.json,,610.0,63051050,0.0,7723517,1533.8959,63060070,2025-11-27 00:28:33.360,2025-10-30 18:30:00.854,832.7024,w4dMr03254,com.sec.android.app.shealth,57b83800-d3ab-42bc-9910-b6bb7f9a942a,2025-10-31 00:00:00.000,
,,9ec10464-1201-4d9a-b969-05e8a1ad835e.extra_data.json,,419.0,63051050,0.0,8096956,1526.6152,63060070,2025-11-28 02:36:17.343,2025-11-01 01:23:54.044,756.8249,w4dMr03254,com.sec.android.app.shealth,9ec10464-1201-4d9a-b969-05e8a1ad835e,2025-11-01 00:00:00.000,
,,5b114618-98aa-4fe9-a119-d6b77db41992.extra_data.json,,0.0,63051050,0.0,3896517,1608.508,63060070,2025-11-29 00:49:37.051,2025-11-01 18:30:00.641,256.19308,w4dMr03254,com.sec.android.app.shealth,5b114618-98aa-4fe9-a119-d6b77db41992,2025-11-02 00:00:00.000,
,,83f172c6-6176-4bb5-ac7f-ba3c90848f18.extra_data.json,,166.0,63051050,0.0,6167998,1564.2228,63060070,2025-11-30 13:42:47.093,2025-11-02 18:39:54.453,496.04742,w4dMr03254,com.sec.android.app.shealth,83f172c6-6176-4bb5-ac7f-ba3c90848f18,2025-11-03 00:00:00.000,
,,a8900bf3-3a73-4f87-ac3f-167f53daa601.extra_data.json,,0.0,63051050,0.0,4495055,1596.8389,63060070,2025-11-30 13:42:47.106,2025-11-03 18:40:30.532,291.94278,w4dMr03254,com.sec.android.app.shealth,a8900bf3-3a73-4f87-ac3f-167f53daa601,2025-11-04 00:00:00.000,
,,3d82ed98-47c3-4897-82a4-0eaa9d004c6b.extra_data.json,,0.0,63051050,0.0,3740972,1611.5405,63060070,2025-12-02 01:19:50.257,2025-11-04 18:44:56.612,252.25195,w4dMr03254,com.sec.android.app.shealth,3d82ed98-47c3-4897-82a4-0eaa9d004c6b,2025-11-05 00:00:00.000,
,,7f24efaa-5d53-4599-8ec2-2a76cc8d71bb.extra_data.json,,0.0,63051050,0.0,3737913,1611.6003,63060070,2025-12-03 07:36:42.309,2025-11-05 18:30:02.270,248.19402,w4dMr03254,com.sec.android.app.shealth,7f24efaa-5d53-4599-8ec2-2a76cc8d71bb,2025-11-06 00:00:00.000,
,,16cf4239-2d27-4cfd-8ce3-9ced59cb2277.extra_data.json,,514.0,63051050,0.0,10007687,1489.3633,63060070,2025-12-04 17:00:06.230,2025-11-06 18:53:54.051,940.14514,w4dMr03254,com.sec.android.app.shealth,16cf4239-2d27-4cfd-8ce3-9ced59cb2277,2025-11-07 00:00:00.000,
,,6cdd821e-5eda-47db-9a28-6af4a1492554.extra_data.json,,578.0,63051050,0.0,9266721,1503.8093,63060070,2025-12-04 17:00:06.243,2025-11-07 18:30:00.660,918.53125,w4dMr03254,com.sec.android.app.shealth,6cdd821e-5eda-47db-9a28-6af4a1492554,2025-11-08 00:00:00.000,
,,5dd9aea1-3da6-4811-a729-d84d927cb070.extra_data.json,,0.0,63051050,0.0,5547276,1576.3245,63060070,2025-12-04 17:00:06.248,2025-11-08 18:30:00.678,357.0376,w4dMr03254,com.sec.android.app.shealth,5dd9aea1-3da6-4811-a729-d84d927cb070,2025-11-09 00:00:00.000,
,,fdc2aa67-2120-495b-95fe-3218c39166fe.extra_data.json,,608.0,63051050,0.0,10792451,1474.0634,63060070,2025-12-04 17:00:06.249,2025-11-09 23:50:12.213,1049.4114,w4dMr03254,com.sec.android.app.shealth,fdc2aa67-2120-495b-95fe-3218c39166fe,2025-11-10 00:00:00.000,
,,8b056236-3a1f-446b-a353-3787eed8b99e.extra_data.json,,0.0,63051050,0.0,7877040,1530.9028,63060070,2025-12-08 17:34:54.823,2025-11-10 18:40:26.275,548.7863,w4dMr03254,com.sec.android.app.shealth,8b056236-3a1f-446b-a353-3787eed8b99e,2025-11-11 00:00:00.000,
,,33b39ac0-3951-46e5-a8e9-e3301f98bef0.extra_data.json,,0.0,63051050,0.0,6164362,1564.2937,63060070,2025-12-08 17:34:54.837,2025-11-11 18:30:00.749,423.01968,w4dMr03254,com.sec.android.app.shealth,33b39ac0-3951-46e5-a8e9-e3301f98bef0,2025-11-12 00:00:00.000,
,,f8f700a3-1c45-4204-a1d7-4da13bf43019.extra_data.json,,104.0,63051050,0.0,5627209,1574.7661,63060070,2025-12-10 00:21:14.473,2025-11-12 18:30:00.564,416.10693,w4dMr03254,com.sec.android.app.shealth,f8f700a3-1c45-4204-a1d7-4da13bf43019,2025-11-13 00:00:00.000,
,,472e3573-0bfa-4b98-9c59-427829c03d0e.extra_data.json,,0.0,63060070,0.0,6820400,1551.5034,63060070,2025-12-10 00:21:14.486,2025-11-13 19:28:01.318,439.2029,w4dMr03254,com.sec.android.app.shealth,472e3573-0bfa-4b98-9c59-427829c03d0e,2025-11-14 00:00:00.000,
,,0c807d41-25d5-444a-846f-55c715ec5bca.extra_data.json,,132.0,63060070,0.0,7677252,1534.7981,63060070,2025-12-10 00:21:14.491,2025-11-14 18:32:59.279,554.3396,w4dMr03254,com.sec.android.app.shealth,0c807d41-25d5-444a-846f-55c715ec5bca,2025-11-15 00:00:00.000,
,,502c9169-0319-48c6-86d8-6e454ea50545.extra_data.json,,131.0,63060070,0.0,7614920,1536.0132,63070030,2025-12-13 04:13:45.363,2025-11-15 18:30:00.748,547.9398,w4dMr03254,com.sec.android.app.shealth,502c9169-0319-48c6-86d8-6e454ea50545,2025-11-16 00:00:00.000,
,,b271348d-67ac-4307-951b-cd108ef5e1dd.extra_data.json,,769.0,63060070,0.0,10144013,1486.7053,63070030,2025-12-13 04:13:45.376,2025-11-16 19:00:55.280,1036.1157,w4dMr03254,com.sec.android.app.shealth,b271348d-67ac-4307-951b-cd108ef5e1dd,2025-11-17 00:00:00.000,
,,db2a28fc-0e10-4dbf-89de-b62851fa5b57.extra_data.json,,606.0,63060070,0.0,9069609,1507.6522,63070030,2025-12-15 11:41:57.547,2025-11-17 18:30:00.811,888.0038,w4dMr03254,com.sec.android.app.shealth,db2a28fc-0e10-4dbf-89de-b62851fa5b57,2025-11-18 00:00:00.000,
,,bdcf236f-e878-416c-a450-ece2b8b505af.extra_data.json,,667.0,63060070,0.0,8648893,1515.8546,63070030,2025-12-16 02:27:37.852,2025-11-18 23:31:25.487,941.7113,w4dMr03254,com.sec.android.app.shealth,bdcf236f-e878-416c-a450-ece2b8b505af,2025-11-19 00:00:00.000,
,,b7a96e1f-ddfe-4aa7-9867-ad88ee0f8586.extra_data.json,,533.0,63060070,0.0,6732085,1553.2251,63070030,2025-12-16 02:27:37.865,2025-11-19 18:41:13.431,723.6184,w4dMr03254,com.sec.android.app.shealth,b7a96e1f-ddfe-4aa7-9867-ad88ee0f8586,2025-11-20 00:00:00.000,
,,6b69fc06-dd72-428b-bf74-1e533bbef45d.extra_data.json,,795.0,63060070,0.0,12280746,1445.0471,63070030,2025-12-18 01:55:59.849,2025-11-20 18:30:13.095,1163.3291,w4dMr03254,com.sec.android.app.shealth,6b69fc06-dd72-428b-bf74-1e533bbef45d,2025-11-21 00:00:00.000,
,,9eefe91f-bac5-4925-a7ad-99b829c4d35c.extra_data.json,,549.0,63060070,0.0,8286304,1522.9237,63070030,2025-12-18 01:55:59.861,2025-11-21 18:30:22.249,835.995,w4dMr03254,com.sec.android.app.shealth,9eefe91f-bac5-4925-a7ad-99b829c4d35c,2025-11-22 00:00:00.000,
,,b438e315-ae1a-4d0a-b9ad-1f3a75bc19fe.extra_data.json,,252.0,63060070,0.0,7284681,1542.4517,63070030,2025-12-20 02:57:55.469,2025-11-22 19:55:55.069,580.39734,w4dMr03254,com.sec.android.app.shealth,b438e315-ae1a-4d0a-b9ad-1f3a75bc19fe,2025-11-23 00:00:00.000,
,,a78749be-d075-41ec-9dd9-4728a842cf88.extra_data.json,,753.0,63060070,0.0,8243603,1523.7563,63070030,2025-12-20 02:57:55.482,2025-11-23 18:30:13.904,986.88794,w4dMr03254,com.sec.android.app.shealth,a78749be-d075-41ec-9dd9-4728a842cf88,2025-11-24 00:00:00.000,
,,b84990f8-d606-4f43-aa87-c48488c15807.extra_data.json,,639.0,63060070,0.0,10340545,1482.8738,63070030,2025-12-20 02:57:55.485,2025-11-24 20:11:54.545,1012.78815,w4dMr03254,com.sec.android.app.shealth,b84990f8-d606-4f43-aa87-c48488c15807,2025-11-25 00:00:00.000,
,,856aaa08-4af8-4641-afa7-6284ba6cf3b4.extra_data.json,,0.0,63060070,0.0,2900169,1627.9332,63070030,2025-12-23 07:02:37.736,2025-11-25 23:39:58.911,201.34758,w4dMr03254,com.sec.android.app.shealth,856aaa08-4af8-4641-afa7-6284ba6cf3b4,2025-11-26 00:00:00.000,
,,3378bda1-d18c-464f-a211-7a406166dd33.extra_data.json,,105.0,63060070,0.0,3708203,1612.1796,63070030,2025-12-24 17:18:00.319,2025-11-27 00:27:56.496,298.7821,w4dMr03254,com.sec.android.app.shealth,3378bda1-d18c-464f-a211-7a406166dd33,2025-11-27 00:00:00.000,
,,dfeadd66-ced4-43c2-b083-5e9a9d1d6fa5.extra_data.json,,510.0,63060070,0.0,6763056,1552.6213,63070030,2025-12-25 16:44:22.331,2025-11-27 18:50:47.224,728.03253,w4dMr03254,com.sec.android.app.shealth,dfeadd66-ced4-43c2-b083-5e9a9d1d6fa5,2025-11-28 00:00:00.000,
,,f8d3dbeb-86cc-4c50-8378-556da17547a6.extra_data.json,,695.0,63060070,0.0,8632639,1516.1715,63070030,2025-12-26 16:25:34.641,2025-11-29 00:49:26.799,922.2377,w4dMr03254,com.sec.android.app.shealth,f8d3dbeb-86cc-4c50-8378-556da17547a6,2025-11-29 00:00:00.000,
,,83941c44-6a3c-43c2-9a01-6e7f5579719c.extra_data.json,,102.0,63060070,0.0,4133115,1603.8954,63070030,2025-12-27 17:23:17.134,2025-11-29 22:56:07.332,303.19214,w4dMr03254,com.sec.android.app.shealth,83941c44-6a3c-43c2-9a01-6e7f5579719c,2025-11-30 00:00:00.000,
,,0665403f-7b7a-4049-914e-2f8382e02bf9.extra_data.json,,574.0,63060070,0.0,7523461,1537.7963,63070030,2025-12-28 12:11:28.835,2025-11-30 20:10:49.198,825.14825,w4dMr03254,com.sec.android.app.shealth,0665403f-7b7a-4049-914e-2f8382e02bf9,2025-12-01 00:00:00.000,
,,a09c468e-2f76-4c02-bb50-796490e3628a.extra_data.json,,555.0,63060070,0.0,8719877,1514.4707,63070030,2025-12-29 05:30:37.838,2025-12-02 01:19:35.654,880.9348,w4dMr03254,com.sec.android.app.shealth,a09c468e-2f76-4c02-bb50-796490e3628a,2025-12-02 00:00:00.000,
,,0eaa8e2d-589e-45ae-a4d0-156162975583.extra_data.json,,131.0,63060070,0.0,4639923,1594.0145,63070030,2025-12-30 13:10:22.114,2025-12-02 23:25:34.272,373.31802,w4dMr03254,com.sec.android.app.shealth,0eaa8e2d-589e-45ae-a4d0-156162975583,2025-12-03 00:00:00.000,
,,91975797-77cb-41f7-a398-6023dbf6ab51.extra_data.json,,51.0,63060070,0.0,4516152,1596.4276,63070030,2025-12-31 13:50:02.975,2025-12-03 21:45:25.634,347.8678,w4dMr03254,com.sec.android.app.shealth,91975797-77cb-41f7-a398-6023dbf6ab51,2025-12-04 00:00:00.000,
,,17d8340d-03dd-4c22-824d-4eef4ebacf37.extra_data.json,,487.0,63060070,0.0,6855865,1550.812,63070030,2026-01-01 16:07:50.195,2025-12-04 18:30:40.085,699.3459,w4dMr03254,com.sec.android.app.shealth,17d8340d-03dd-4c22-824d-4eef4ebacf37,2025-12-05 00:00:00.000,
,,182b3164-0029-4cb9-b4ba-90b495ffd5cc.extra_data.json,,525.0,63060070,0.0,6959094,1548.7993,63070030,2026-01-02 16:02:23.570,2025-12-06 00:48:55.738,721.3677,w4dMr03254,com.sec.android.app.shealth,182b3164-0029-4cb9-b4ba-90b495ffd5cc,2025-12-06 00:00:00.000,
,,049d06aa-72c1-4617-9838-36cf01bd9772.extra_data.json,,45.0,63060070,0.0,3249844,1621.1158,63070030,2026-01-03 17:30:20.112,2025-12-06 22:39:38.392,238.11803,w4dMr03254,com.sec.android.app.shealth,049d06aa-72c1-4617-9838-36cf01bd9772,2025-12-07 00:00:00.000,
,,1d55d9b8-598c-4c68-8ec4-b54606fefb63.extra_data.json,,659.0,63060070,0.0,8463259,1519.4739,63070030,2026-01-04 09:55:06.716,2025-12-08 01:23:10.575,890.9463,w4dMr03254,com.sec.android.app.shealth,1d55d9b8-598c-4c68-8ec4-b54606fefb63,2025-12-08 00:00:00.000,
,,d189d0f9-1e84-44a6-add8-cd2f31c21688.extra_data.json,,0.0,63060070,0.0,2182017,1641.9344,63070030,2026-01-05 16:41:13.271,2025-12-08 18:31:20.992,140.47408,w4dMr03254,com.sec.android.app.shealth,d189d0f9-1e84-44a6-add8-cd2f31c21688,2025-12-09 00:00:00.000,
,,7f8b2499-9510-422a-b474-1bafe44b5f6d.extra_data.json,,171.0,63060070,0.0,5917094,1569.1144,63070030,2026-01-06 14:50:17.177,2025-12-10 00:20:57.523,482.85446,w4dMr03254,com.sec.android.app.shealth,7f8b2499-9510-422a-b474-1bafe44b5f6d,2025-12-10 00:00:00.000,
,,a65eeced-20d9-4df9-8e6b-1b1ba7a22c66.extra_data.json,,0.0,63060070,0.0,1184990,1661.3727,63070030,2026-01-07 07:48:41.467,2025-12-11 02:06:14.480,77.82021,w4dMr03254,com.sec.android.app.shealth,a65eeced-20d9-4df9-8e6b-1b1ba7a22c66,2025-12-11 00:00:00.000,
,,f53f7099-47ec-48a5-9df2-50d188795914.extra_data.json,,554.0,63060070,0.0,7608859,1536.1315,63070030,2026-01-08 08:33:54.189,2025-12-11 21:56:38.169,804.53174,w4dMr03254,com.sec.android.app.shealth,f53f7099-47ec-48a5-9df2-50d188795914,2025-12-12 00:00:00.000,
,,085688d9-25d1-4e53-b010-e83bffc8e296.extra_data.json,,661.0,63060070,0.0,8534087,1518.0929,63070030,2026-01-08 22:30:37.151,2025-12-12 22:29:30.984,838.8164,w4dMr03254,com.sec.android.app.shealth,085688d9-25d1-4e53-b010-e83bffc8e296,2025-12-13 00:00:00.000,
,,af5c7088-61d2-47ce-944b-6e21f5bcad3f.extra_data.json,,262.0,63070030,0.0,5335295,1580.4573,63070030,2026-01-10 13:26:46.138,2025-12-13 18:30:03.099,467.823,w4dMr03254,com.sec.android.app.shealth,af5c7088-61d2-47ce-944b-6e21f5bcad3f,2025-12-14 00:00:00.000,
,,f8214746-705c-4c12-8ba8-fe6c7074223c.extra_data.json,,586.0,63070030,0.0,8464180,1519.4559,63070030,2026-01-11 14:31:54.365,2025-12-15 00:22:21.672,842.4779,w4dMr03254,com.sec.android.app.shealth,f8214746-705c-4c12-8ba8-fe6c7074223c,2025-12-15 00:00:00.000,
,,ea649012-7f31-4e97-a6ea-f233b0e6d4c8.extra_data.json,,640.0,63070030,0.0,7367482,1540.8374,63070030,2026-01-11 14:31:54.378,2025-12-15 18:30:43.418,817.76074,w4dMr03254,com.sec.android.app.shealth,ea649012-7f31-4e97-a6ea-f233b0e6d4c8,2025-12-16 00:00:00.000,
,,c896a2e2-8cea-4080-8fdc-17bea9509614.extra_data.json,,592.0,63070030,0.0,7915909,1530.145,63070030,2026-01-13 16:30:24.893,2025-12-17 01:12:28.609,809.57806,w4dMr03254,com.sec.android.app.shealth,c896a2e2-8cea-4080-8fdc-17bea9509614,2025-12-17 00:00:00.000,
,,bffae982-5ced-4f1b-86cd-1534bde601b1.extra_data.json,,183.0,63070030,0.0,4915210,1588.6475,63070030,2026-01-14 04:46:07.254,2025-12-17 23:37:12.228,401.989,w4dMr03254,com.sec.android.app.shealth,bffae982-5ced-4f1b-86cd-1534bde601b1,2025-12-18 00:00:00.000,
,,0322a043-6846-4ff8-b04d-03ef2a83a96d.extra_data.json,,0.0,63070030,0.0,4254442,1601.5299,63070030,2026-01-15 12:43:30.843,2025-12-19 00:19:32.265,285.8003,w4dMr03254,com.sec.android.app.shealth,0322a043-6846-4ff8-b04d-03ef2a83a96d,2025-12-19 00:00:00.000,
,,9e828010-ee78-4e4f-b546-8bd6a8c98a6d.extra_data.json,,0.0,63070030,0.0,2907864,1627.7831,63070030,2026-01-16 17:11:07.268,2025-12-19 19:33:36.464,193.76662,w4dMr03254,com.sec.android.app.shealth,9e828010-ee78-4e4f-b546-8bd6a8c98a6d,2025-12-20 00:00:00.000,
,,7548f51a-e266-492d-ab6b-b723badebf75.extra_data.json,,259.0,63070030,0.0,7277283,1542.596,63070030,2026-01-16 17:11:07.283,2025-12-21 00:17:23.328,610.9933,w4dMr03254,com.sec.android.app.shealth,7548f51a-e266-492d-ab6b-b723badebf75,2025-12-21 00:00:00.000,
,,0fe89ae4-da07-43a4-b785-0376fc475429.extra_data.json,,530.0,63070030,0.0,10444987,1480.8376,63070030,2026-01-18 17:02:41.733,2025-12-22 01:03:12.173,980.2084,w4dMr03254,com.sec.android.app.shealth,0fe89ae4-da07-43a4-b785-0376fc475429,2025-12-22 00:00:00.000,
,,af817a3e-9f21-4ec9-a4b1-9779f1c9ac3e.extra_data.json,,632.0,63070030,0.0,10565824,1478.4817,63070030,2026-01-19 15:01:41.735,2025-12-23 00:30:59.033,1004.9624,w4dMr03254,com.sec.android.app.shealth,af817a3e-9f21-4ec9-a4b1-9779f1c9ac3e,2025-12-23 00:00:00.000,
,,9d85fd6d-17d1-4783-9377-3868a64a3c61.extra_data.json,,51.0,63070030,0.0,4504273,1596.6592,63070030,2026-01-20 15:18:53.658,2025-12-23 18:31:21.882,320.5379,w4dMr03254,com.sec.android.app.shealth,9d85fd6d-17d1-4783-9377-3868a64a3c61,2025-12-24 00:00:00.000,
,,b8dddc22-df85-4544-83b0-8759c8846735.extra_data.json,,448.0,63070030,0.0,10645989,1476.9187,63070030,2026-01-21 14:02:51.026,2025-12-24 18:55:30.632,905.90674,w4dMr03254,com.sec.android.app.shealth,b8dddc22-df85-4544-83b0-8759c8846735,2025-12-25 00:00:00.000,
,,d610d77b-b413-4a25-a5b8-dd06479fada0.extra_data.json,,0.0,63070030,0.0,3990266,1606.6804,63070030,2026-01-22 08:49:33.412,2025-12-26 00:04:31.084,267.0271,w4dMr03254,com.sec.android.app.shealth,d610d77b-b413-4a25-a5b8-dd06479fada0,2025-12-26 00:00:00.000,
,,213b1f78-ff0d-4c3d-8202-26d2d4aa0032.extra_data.json,,735.0,63070030,0.0,10610389,1477.6128,63070030,2026-01-23 16:07:31.005,2025-12-26 18:30:42.375,1093.6035,w4dMr03254,com.sec.android.app.shealth,213b1f78-ff0d-4c3d-8202-26d2d4aa0032,2025-12-27 00:00:00.000,
,,7c32feec-f981-4205-9b73-8b55ea95d30f.extra_data.json,,97.0,63070030,0.0,8085852,1526.8318,63070030,2026-01-24 10:24:42.325,2025-12-27 18:31:02.709,556.6053,w4dMr03254,com.sec.android.app.shealth,7c32feec-f981-4205-9b73-8b55ea95d30f,2025-12-28 00:00:00.000,
,,636ab5ab-53c3-483d-a394-e42fd4b91c19.extra_data.json,,24.0,63070030,0.0,4184261,1602.8981,63070030,2026-01-25 13:59:44.812,2025-12-28 23:12:00.748,274.01788,w4dMr03254,com.sec.android.app.shealth,636ab5ab-53c3-483d-a394-e42fd4b91c19,2025-12-29 00:00:00.000,
,,6adf1489-d2ae-480b-916f-5181f45ae9f1.extra_data.json,,691.0,63070030,0.0,10405590,1481.6056,63070030,2026-01-26 01:38:06.349,2025-12-29 20:25:47.240,1038.988,w4dMr03254,com.sec.android.app.shealth,6adf1489-d2ae-480b-916f-5181f45ae9f1,2025-12-30 00:00:00.000,
,,a55841c3-a835-4da0-84a4-71d9441e0eeb.extra_data.json,,87.0,63070030,0.0,4479385,1597.1444,63070030,2026-01-27 06:15:20.868,2025-12-30 18:30:09.375,316.3462,w4dMr03254,com.sec.android.app.shealth,a55841c3-a835-4da0-84a4-71d9441e0eeb,2025-12-31 00:00:00.000,
,,3d61b3b9-25f7-4248-9630-ce54ec2c43bc.extra_data.json,,65.0,63070030,0.0,7079729,1546.4475,63070030,2026-01-27 22:55:07.660,2025-12-31 18:30:00.610,462.99466,w4dMr03254,com.sec.android.app.shealth,3d61b3b9-25f7-4248-9630-ce54ec2c43bc,2026-01-01 00:00:00.000,
,,4e3ac4b9-6dda-4045-89e6-984440a876f3.extra_data.json,,640.0,63070030,0.0,10538067,1479.0228,63070030,2026-01-29 10:49:01.583,2026-01-01 18:30:09.454,996.7901,w4dMr03254,com.sec.android.app.shealth,4e3ac4b9-6dda-4045-89e6-984440a876f3,2026-01-02 00:00:00.000,
,,41c89f99-03c5-44fc-94a5-2ee94ee68ea3.extra_data.json,,514.0,63070030,0.0,9819581,1493.0305,63070030,2026-01-30 05:42:46.625,2026-01-02 18:30:09.441,883.72766,w4dMr03254,com.sec.android.app.shealth,41c89f99-03c5-44fc-94a5-2ee94ee68ea3,2026-01-03 00:00:00.000,
,,f3b8bbc3-fdbb-4087-8855-49b6a327ac3c.extra_data.json,,172.0,63070030,0.0,7608439,1536.1395,63070030,2026-01-31 17:42:47.395,2026-01-03 18:30:02.129,565.7982,w4dMr03254,com.sec.android.app.shealth,f3b8bbc3-fdbb-4087-8855-49b6a327ac3c,2026-01-04 00:00:00.000,
,,e7bfaac3-05fc-4aff-81bc-54058fdaace3.extra_data.json,,154.0,63070030,0.0,6717660,1553.5063,63070030,2026-02-01 10:45:12.149,2026-01-04 18:30:09.862,490.6144,w4dMr03254,com.sec.android.app.shealth,e7bfaac3-05fc-4aff-81bc-54058fdaace3,2026-01-05 00:00:00.000,
,,f9d298b2-5be1-4042-917f-dfeb8fcbc233.extra_data.json,,73.0,63070030,0.0,6420969,1559.2908,63070030,2026-02-02 12:33:42.997,2026-01-05 18:30:10.696,456.45578,w4dMr03254,com.sec.android.app.shealth,f9d298b2-5be1-4042-917f-dfeb8fcbc233,2026-01-06 00:00:00.000,
,,52c08076-8a74-4f5d-9b6c-1c76dd5cfc0c.extra_data.json,,79.0,63070030,0.0,6486503,1558.0131,63070030,2026-02-03 16:55:34.324,2026-01-06 18:30:10.587,447.0095,w4dMr03254,com.sec.android.app.shealth,52c08076-8a74-4f5d-9b6c-1c76dd5cfc0c,2026-01-07 00:00:00.000,
,,dd71dd31-95d3-4b85-826d-c5ea6cabc340.extra_data.json,,360.0,63070030,0.0,8253443,1523.5645,63070030,2026-02-04 10:28:00.401,2026-01-07 18:35:33.585,681.5223,w4dMr03254,com.sec.android.app.shealth,dd71dd31-95d3-4b85-826d-c5ea6cabc340,2026-01-08 00:00:00.000,
,,ca2d6e1e-08d3-4552-a01b-5fa5ca7ee501.extra_data.json,,285.0,63070030,0.0,7416496,1539.8817,63070030,2026-02-05 16:29:16.662,2026-01-08 22:30:22.336,613.78906,w4dMr03254,com.sec.android.app.shealth,ca2d6e1e-08d3-4552-a01b-5fa5ca7ee501,2026-01-09 00:00:00.000,
,,6e9e575b-b1a5-4786-a6dd-200ddd3b0c9d.extra_data.json,,163.0,63070030,0.0,7916449,1530.1345,63070030,2026-02-06 13:33:15.695,2026-01-09 18:30:01.131,566.05005,w4dMr03254,com.sec.android.app.shealth,6e9e575b-b1a5-4786-a6dd-200ddd3b0c9d,2026-01-10 00:00:00.000,
,,ebbe20a3-bcd1-47cf-a7c2-ca0b44363602.extra_data.json,,349.0,63070030,0.0,8000553,1528.4949,63070030,2026-02-07 17:28:23.296,2026-01-10 23:28:37.877,657.0016,w4dMr03254,com.sec.android.app.shealth,ebbe20a3-bcd1-47cf-a7c2-ca0b44363602,2026-01-11 00:00:00.000,
,,661655d5-14de-499d-98b0-d3cd1a08c5f4.extra_data.json,,523.0,63070030,0.0,9332509,1502.5266,63070030,2026-02-08 13:22:31.513,2026-01-11 18:30:00.965,897.3711,w4dMr03254,com.sec.android.app.shealth,661655d5-14de-499d-98b0-d3cd1a08c5f4,2026-01-12 00:00:00.000,
,,ac112cb8-e662-4fcc-b5fe-9e638b9f2d15.extra_data.json,,538.0,63070030,0.0,10430351,1481.1229,63070030,2026-02-08 13:22:31.525,2026-01-12 18:30:37.051,931.65283,w4dMr03254,com.sec.android.app.shealth,ac112cb8-e662-4fcc-b5fe-9e638b9f2d15,2026-01-13 00:00:00.000,
,,cf102161-49ba-4d74-b0e6-c50eff3ff63b.extra_data.json,,635.0,63070030,0.0,10467332,1480.402,63070030,2026-02-10 16:12:16.953,2026-01-13 18:30:53.708,979.72125,w4dMr03254,com.sec.android.app.shealth,cf102161-49ba-4d74-b0e6-c50eff3ff63b,2026-01-14 00:00:00.000,
,,fcfeb625-d58c-45f4-b17d-dcc71ce5e9d3.extra_data.json,,53.0,63070030,0.0,7151109,1545.0558,63070030,2026-02-11 12:18:46.318,2026-01-14 18:31:29.000,495.5771,w4dMr03254,com.sec.android.app.shealth,fcfeb625-d58c-45f4-b17d-dcc71ce5e9d3,2026-01-15 00:00:00.000,
,,5b6f480c-c952-48a5-85ea-bd3c18da8cc1.extra_data.json,,526.0,63070030,0.0,10010576,1489.3069,63070030,2026-02-11 12:18:46.329,2026-01-15 18:32:01.329,881.525,w4dMr03254,com.sec.android.app.shealth,5b6f480c-c952-48a5-85ea-bd3c18da8cc1,2026-01-16 00:00:00.000,
,,9b70d2d5-9b09-45a3-b297-5a140e407478.extra_data.json,,734.0,63070030,0.0,11578657,1458.7352,63070030,2026-02-13 07:48:52.560,2026-01-16 18:44:13.158,1111.336,w4dMr03254,com.sec.android.app.shealth,9b70d2d5-9b09-45a3-b297-5a140e407478,2026-01-17 00:00:00.000,
,,a452c6b3-84bd-4b0b-8b9d-94c601a0192a.extra_data.json,,111.0,63070030,0.0,7961537,1529.2555,63070030,2026-02-14 02:21:20.456,2026-01-17 20:25:54.244,566.45154,w4dMr03254,com.sec.android.app.shealth,a452c6b3-84bd-4b0b-8b9d-94c601a0192a,2026-01-18 00:00:00.000,
,,8c8c716e-0bc1-47fd-86ca-70c74020a84f.extra_data.json,,649.0,63070030,0.0,10197217,1485.6681,63070030,2026-02-15 10:05:05.106,2026-01-18 18:38:05.556,1021.2085,w4dMr03254,com.sec.android.app.shealth,8c8c716e-0bc1-47fd-86ca-70c74020a84f,2026-01-19 00:00:00.000,
,,26d14eb3-7108-4c76-a554-9729979d8d3a.extra_data.json,,577.0,63070030,0.0,10725908,1475.3607,63070030,2026-02-16 16:21:34.006,2026-01-19 18:31:48.373,952.8973,w4dMr03254,com.sec.android.app.shealth,26d14eb3-7108-4c76-a554-9729979d8d3a,2026-01-20 00:00:00.000,
,,afcbe530-10c4-4782-ae47-d2449e67bc22.extra_data.json,,794.0,63070030,0.0,10573799,1478.3262,63070030,2026-02-17 08:13:57.655,2026-01-20 18:30:48.684,1076.6428,w4dMr03254,com.sec.android.app.shealth,afcbe530-10c4-4782-ae47-d2449e67bc22,2026-01-21 00:00:00.000,
,,a6eb6074-b042-4784-bf82-54007737c83c.extra_data.json,,198.0,63070030,0.0,7349709,1541.1837,63070030,2026-02-17 08:13:57.667,2026-01-21 19:05:47.345,539.8396,w4dMr03254,com.sec.android.app.shealth,a6eb6074-b042-4784-bf82-54007737c83c,2026-01-22 00:00:00.000,
,,72b5898c-5df2-4c6c-8639-b48a4c79edc4.extra_data.json,,533.0,63070030,0.0,8097037,1526.6136,63070030,2026-02-19 16:37:33.381,2026-01-22 20:21:30.212,804.5509,w4dMr03254,com.sec.android.app.shealth,72b5898c-5df2-4c6c-8639-b48a4c79edc4,2026-01-23 00:00:00.000,
,,d2c59c58-34c2-4110-b540-eb2c92308cc9.extra_data.json,,694.0,63070030,0.0,11150722,1467.0784,63070030,2026-02-20 15:28:43.608,2026-01-23 20:10:29.668,1043.0768,w4dMr03254,com.sec.android.app.shealth,d2c59c58-34c2-4110-b540-eb2c92308cc9,2026-01-24 00:00:00.000,
,,4c686e6f-6068-4b18-80f5-02405ff4f87b.extra_data.json,,130.0,63070030,0.0,8475370,1519.2377,63070030,2026-02-21 17:34:23.756,2026-01-24 18:44:15.155,571.68134,w4dMr03254,com.sec.android.app.shealth,4c686e6f-6068-4b18-80f5-02405ff4f87b,2026-01-25 00:00:00.000,
,,d2f03d46-744c-429c-9299-36dd13f5590e.extra_data.json,,743.0,63070030,0.0,11713245,1456.1112,63070030,2026-02-22 16:40:10.001,2026-01-25 18:30:00.884,1079.1621,w4dMr03254,com.sec.android.app.shealth,d2f03d46-744c-429c-9299-36dd13f5590e,2026-01-26 00:00:00.000,
,,28256d9c-9ffd-4491-a5d7-267e70b32806.extra_data.json,,726.0,63070030,0.0,10469757,1480.3546,63070030,2026-02-23 17:35:02.805,2026-01-26 20:19:02.832,1035.7535,w4dMr03254,com.sec.android.app.shealth,28256d9c-9ffd-4491-a5d7-267e70b32806,2026-01-27 00:00:00.000,
,,428e5969-894d-4325-b883-1ee21c87ad8d.extra_data.json,,0.0,63070030,0.0,6766668,1552.5509,63070030,2026-02-24 15:25:02.660,2026-01-27 22:54:41.535,448.64453,w4dMr03254,com.sec.android.app.shealth,428e5969-894d-4325-b883-1ee21c87ad8d,2026-01-28 00:00:00.000,
,,ed587995-1c3a-4908-8636-7bdaf706d02e.extra_data.json,,670.0,63070030,0.0,12227781,1446.0797,63070030,2026-02-25 07:59:15.193,2026-01-28 18:31:22.095,1100.3755,w4dMr03254,com.sec.android.app.shealth,ed587995-1c3a-4908-8636-7bdaf706d02e,2026-01-29 00:00:00.000,
,,9706afcf-1470-4ecc-be37-b4f367ccabbc.extra_data.json,,623.0,63070030,0.0,11163345,1466.8323,63070030,2026-02-26 04:33:02.061,2026-01-29 18:33:07.944,1011.0204,w4dMr03254,com.sec.android.app.shealth,9706afcf-1470-4ecc-be37-b4f367ccabbc,2026-01-30 00:00:00.000,
,,90a40e97-0fe1-4929-af7f-31d6f81aa969.extra_data.json,,218.0,63070030,0.0,6988706,1548.222,63070030,2026-02-27 13:21:28.903,2026-01-30 19:15:02.015,520.96014,w4dMr03254,com.sec.android.app.shealth,90a40e97-0fe1-4929-af7f-31d6f81aa969,2026-01-31 00:00:00.000,
,,67103102-76fa-4b0c-9f47-7740fd3f7da9.extra_data.json,,211.0,63070030,0.0,10718787,1475.4995,63070030,2026-02-28 00:02:19.047,2026-01-31 18:31:40.048,745.01086,w4dMr03254,com.sec.android.app.shealth,67103102-76fa-4b0c-9f47-7740fd3f7da9,2026-02-01 00:00:00.000,
,,b0fdb715-0283-4a84-8c45-c3edbaeca879.extra_data.json,,0.0,63070030,0.0,7541275,1537.4491,63070030,2026-02-28 00:02:19.065,2026-02-01 20:26:53.995,485.4772,w4dMr03254,com.sec.android.app.shealth,b0fdb715-0283-4a84-8c45-c3edbaeca879,2026-02-02 00:00:00.000,
,,f73bd9b8-93ae-4451-bf9f-459bfac067ed.extra_data.json,,65.0,63070030,0.0,6954536,1548.8882,63070030,2026-02-28 00:02:19.077,2026-02-02 20:18:42.199,470.78256,w4dMr03254,com.sec.android.app.shealth,f73bd9b8-93ae-4451-bf9f-459bfac067ed,2026-02-03 00:00:00.000,
,,2125caea-4927-4cc8-adde-43f5f5d2de8d.extra_data.json,,64.0,63070030,0.0,6689248,1554.0603,63070030,2026-02-28 00:02:19.108,2026-02-03 20:06:18.247,473.42084,w4dMr03254,com.sec.android.app.shealth,2125caea-4927-4cc8-adde-43f5f5d2de8d,2026-02-04 00:00:00.000,
,,61917691-c0e4-40df-9647-557568c657c8.extra_data.json,,0.0,63070030,0.0,2077004,1643.9817,63070030,2026-02-28 00:02:19.121,2026-02-04 18:30:12.154,133.58629,w4dMr03254,com.sec.android.app.shealth,61917691-c0e4-40df-9647-557568c657c8,2026-02-05 00:00:00.000,
,,a0f3dcf8-8fcd-47d6-9414-97a88907a4f3.extra_data.json,,180.0,63070030,0.0,4853209,1589.8562,63070030,2026-02-28 00:02:19.130,2026-02-05 18:31:37.399,361.86707,w4dMr03254,com.sec.android.app.shealth,a0f3dcf8-8fcd-47d6-9414-97a88907a4f3,2026-02-06 00:00:00.000,
,,c72b5ed7-6f49-4685-8dbd-f606716cafb1.extra_data.json,,77.0,63070030,0.0,5442783,1578.3617,63070030,2026-02-28 00:02:19.141,2026-02-06 23:19:46.646,374.22076,w4dMr03254,com.sec.android.app.shealth,c72b5ed7-6f49-4685-8dbd-f606716cafb1,2026-02-07 00:00:00.000,
,,641afb99-5e2c-46bc-b285-5fc49392564a.extra_data.json,,128.0,63070030,0.0,5086960,1585.299,63070030,2026-02-28 00:02:19.148,2026-02-07 18:30:21.045,395.59103,w4dMr03254,com.sec.android.app.shealth,641afb99-5e2c-46bc-b285-5fc49392564a,2026-02-08 00:00:00.000,
,,0332de4d-dae2-4495-bf75-f7e354251d21.extra_data.json,,512.0,63070030,0.0,7326425,1541.6378,63070030,2026-02-28 00:02:19.151,2026-02-08 20:29:57.157,759.51,w4dMr03254,com.sec.android.app.shealth,0332de4d-dae2-4495-bf75-f7e354251d21,2026-02-09 00:00:00.000,
,,9a8ee65b-43eb-4097-9587-2a9d275a17d7.extra_data.json,,493.0,63070030,0.0,7138245,1545.3065,63070030,2026-02-28 00:02:19.154,2026-02-10 01:33:23.449,708.7339,w4dMr03254,com.sec.android.app.shealth,9a8ee65b-43eb-4097-9587-2a9d275a17d7,2026-02-10 00:00:00.000,
,,b567dc06-1fe3-4c90-bcac-5256d5307bcf.extra_data.json,,628.0,63070030,0.0,8253135,1523.5704,63070030,2026-02-28 00:02:19.157,2026-02-10 18:30:13.770,870.2818,w4dMr03254,com.sec.android.app.shealth,b567dc06-1fe3-4c90-bcac-5256d5307bcf,2026-02-11 00:00:00.000,
,,f5f2f975-e8e9-436a-aad0-601c56bf0236.extra_data.json,,57.0,63070030,0.0,2548696,1634.7855,63070030,2026-02-28 00:02:19.160,2026-02-11 18:30:13.632,177.11435,w4dMr03254,com.sec.android.app.shealth,f5f2f975-e8e9-436a-aad0-601c56bf0236,2026-02-12 00:00:00.000,
,,b0da7fab-1573-4962-8d3e-18973e37ae90.extra_data.json,,973.0,63070030,0.0,11315316,1463.8695,63070030,2026-02-28 00:02:19.165,2026-02-12 20:57:10.087,1171.6301,w4dMr03254,com.sec.android.app.shealth,b0da7fab-1573-4962-8d3e-18973e37ae90,2026-02-13 00:00:00.000,
,,bbfac636-8b03-456e-913f-68c9324c55a3.extra_data.json,,576.0,63070030,0.0,7582782,1536.6398,63070030,2026-02-28 00:02:19.174,2026-02-13 22:32:59.999,803.3859,w4dMr03254,com.sec.android.app.shealth,bbfac636-8b03-456e-913f-68c9324c55a3,2026-02-14 00:00:00.000,
,,85e2ecc7-31d7-4fc3-a304-f64c88f65bc0.extra_data.json,,81.0,63070030,0.0,2964066,1626.6875,63070030,2026-02-28 00:02:19.195,2026-02-14 18:30:01.009,234.17717,w4dMr03254,com.sec.android.app.shealth,85e2ecc7-31d7-4fc3-a304-f64c88f65bc0,2026-02-15 00:00:00.000,
,,fe412e55-5146-4cdc-931a-20ccda67bfab.extra_data.json,,31.0,63070030,0.0,3275864,1620.6085,63070030,2026-02-28 00:02:19.199,2026-02-16 00:21:05.681,222.10294,w4dMr03254,com.sec.android.app.shealth,fe412e55-5146-4cdc-931a-20ccda67bfab,2026-02-16 00:00:00.000,
,,5304888b-1b6a-4350-a263-11791e3f7347.extra_data.json,,679.0,63070030,0.0,7636428,1535.5939,63070030,2026-02-28 00:02:19.201,2026-02-16 18:30:12.467,858.2811,w4dMr03254,com.sec.android.app.shealth,5304888b-1b6a-4350-a263-11791e3f7347,2026-02-17 00:00:00.000,
,,7a2c06e4-cff9-4d67-9c02-355e9f165785.extra_data.json,,592.0,63070030,0.0,7609564,1536.1176,63070030,2026-02-28 00:02:19.204,2026-02-17 18:30:37.532,819.7678,w4dMr03254,com.sec.android.app.shealth,7a2c06e4-cff9-4d67-9c02-355e9f165785,2026-02-18 00:00:00.000,
,,c47a09a9-efff-492f-97e3-91187d23b31b.extra_data.json,,95.0,63070030,0.0,4247409,1601.6671,63070030,2026-02-28 00:02:19.208,2026-02-18 18:31:41.259,326.5678,w4dMr03254,com.sec.android.app.shealth,c47a09a9-efff-492f-97e3-91187d23b31b,2026-02-19 00:00:00.000,
,,cedd4f9b-57c7-42f5-ad3d-36b425fa7a17.extra_data.json,,508.0,63070030,0.0,6463160,1558.4683,63070030,2026-02-28 00:02:19.211,2026-02-19 18:55:40.388,676.3406,w4dMr03254,com.sec.android.app.shealth,cedd4f9b-57c7-42f5-ad3d-36b425fa7a17,2026-02-20 00:00:00.000,
,,e3fe4e26-239c-42b6-90ba-61619d312a67.extra_data.json,,567.0,63070030,0.0,7581897,1536.6571,63070030,2026-02-28 00:02:19.213,2026-02-21 01:26:58.901,756.87415,w4dMr03254,com.sec.android.app.shealth,e3fe4e26-239c-42b6-90ba-61619d312a67,2026-02-21 00:00:00.000,
,,a32f65f1-7655-44eb-b3f2-43328a183345.extra_data.json,,131.0,63070030,0.0,3425741,1617.6864,63070030,2026-02-28 00:02:19.216,2026-02-21 18:30:25.104,285.34454,w4dMr03254,com.sec.android.app.shealth,a32f65f1-7655-44eb-b3f2-43328a183345,2026-02-22 00:00:00.000,
,,964b535b-e346-45f4-937d-8033a87fff9b.extra_data.json,,648.0,63070030,0.0,10764380,1474.6105,63070030,2026-02-28 00:02:19.218,2026-02-22 18:30:34.396,1078.0668,w4dMr03254,com.sec.android.app.shealth,964b535b-e346-45f4-937d-8033a87fff9b,2026-02-23 00:00:00.000,
,,327af084-b420-49af-ad6d-b947274c433f.extra_data.json,,59.0,63070030,0.0,3641968,1613.4708,63070030,2026-02-28 00:02:19.221,2026-02-23 18:30:02.767,255.8295,w4dMr03254,com.sec.android.app.shealth,327af084-b420-49af-ad6d-b947274c433f,2026-02-24 00:00:00.000,
,,82498ad1-c8f9-4b17-a789-542c30738513.extra_data.json,,587.0,63070030,0.0,9230858,1504.5085,63070030,2026-02-28 00:02:19.223,2026-02-24 20:03:26.437,920.0698,w4dMr03254,com.sec.android.app.shealth,82498ad1-c8f9-4b17-a789-542c30738513,2026-02-25 00:00:00.000,
,,bdc23757-e20d-4f97-8953-fbc0375c90b3.extra_data.json,,580.0,63070030,0.0,7095052,1546.1486,63070030,2026-02-28 00:02:19.225,2026-02-25 19:16:22.985,756.3181,w4dMr03254,com.sec.android.app.shealth,bdc23757-e20d-4f97-8953-fbc0375c90b3,2026-02-26 00:00:00.000,
,,e8360859-cbc2-4ff2-924b-54b0b11cb7a5.extra_data.json,,437.0,63070030,0.0,5810597,1571.1907,63070030,2026-02-28 00:02:19.230,2026-02-26 22:51:35.585,591.0211,w4dMr03254,com.sec.android.app.shealth,e8360859-cbc2-4ff2-924b-54b0b11cb7a5,2026-02-27 00:00:00.000,
,,6e155320-5081-4b48-8a3f-288413295d01.extra_data.json,,556.0,63070030,0.0,7098341,1546.0845,63110130,2026-03-01 00:14:41.715,2026-02-27 18:42:47.448,1252.8628,w4dMr03254,com.sec.android.app.shealth,6e155320-5081-4b48-8a3f-288413295d01,2026-02-28 00:00:00.000,
,,14b2c8e0-2fd8-4208-b259-4da9353ad3fa.extra_data.json,,108.0,63110130,0.0,3365252,1618.8658,63110130,2026-03-01 18:30:48.855,2026-02-28 18:31:08.162,716.8742,w4dMr03254,com.sec.android.app.shealth,14b2c8e0-2fd8-4208-b259-4da9353ad3fa,2026-03-01 00:00:00.000,
,,3f6baf9e-0d14-4e5c-9e99-51f97cab7732.extra_data.json,,698.0,63110130,0.0,8798998,1512.9281,63110130,2026-03-02 23:11:28.423,2026-03-01 18:30:48.397,1674.7279,w4dMr03254,com.sec.android.app.shealth,3f6baf9e-0d14-4e5c-9e99-51f97cab7732,2026-03-02 00:00:00.000,
,,cd666f40-8aaf-455f-bb63-cc8081279c00.extra_data.json,,107.0,63110130,0.0,5707776,1573.1953,63110130,2026-03-03 21:06:25.414,2026-03-02 23:11:16.836,2874.1892,w4dMr03254,com.sec.android.app.shealth,cd666f40-8aaf-455f-bb63-cc8081279c00,2026-03-03 00:00:00.000,
,,4a77ac35-24a4-4ea1-b7e6-9fc20257f611.extra_data.json,,604.0,63110130,0.0,6820709,1551.4973,63110130,2026-03-04 22:43:00.221,2026-03-03 19:58:45.634,1275.6454,w4dMr03254,com.sec.android.app.shealth,4a77ac35-24a4-4ea1-b7e6-9fc20257f611,2026-03-04 00:00:00.000,
,,80b589e9-66c0-429d-bab7-937632b54fe8.extra_data.json,,24.0,63110130,0.0,3430179,1617.6,63110130,2026-03-05 23:13:28.063,2026-03-04 18:30:07.766,1317.9637,w4dMr03254,com.sec.android.app.shealth,80b589e9-66c0-429d-bab7-937632b54fe8,2026-03-05 00:00:00.000,
,,14e9ec0a-ef4e-42a5-89af-b2f76ce9e3f0.extra_data.json,,48.0,63110130,0.0,5259646,1581.9321,63110130,2026-03-06 22:51:06.034,2026-03-05 22:57:54.849,3132.3691,w4dMr03254,com.sec.android.app.shealth,14e9ec0a-ef4e-42a5-89af-b2f76ce9e3f0,2026-03-06 00:00:00.000,
,,82d191b9-e2be-406f-ab7f-13d462c76942.extra_data.json,,303.0,63110130,0.0,5980709,1567.8741,63110130,2026-03-07 23:43:01.285,2026-03-06 22:50:52.833,660.65393,w4dMr03254,com.sec.android.app.shealth,82d191b9-e2be-406f-ab7f-13d462c76942,2026-03-07 00:00:00.000,
,,97acf345-83b4-454e-9010-26f7c55e29ca.extra_data.json,,426.0,63110130,0.0,5026136,1586.4847,63110130,2026-03-09 02:32:19.298,2026-03-07 23:41:48.047,1726.6852,w4dMr03254,com.sec.android.app.shealth,97acf345-83b4-454e-9010-26f7c55e29ca,2026-03-08 00:00:00.000,
,,deaab2db-6e46-4cb3-a9a4-175ce2d98807.extra_data.json,,123.0,63110130,0.0,4368574,1599.3047,63110130,2026-03-10 01:05:47.780,2026-03-08 18:31:44.071,650.16907,w4dMr03254,com.sec.android.app.shealth,deaab2db-6e46-4cb3-a9a4-175ce2d98807,2026-03-09 00:00:00.000,
,,c46cddbb-2667-4182-a818-755f0c67eae6.extra_data.json,,463.0,63110130,0.0,7227850,1543.5597,63110130,2026-03-10 22:12:27.526,2026-03-09 18:30:34.702,1226.7751,w4dMr03254,com.sec.android.app.shealth,c46cddbb-2667-4182-a818-755f0c67eae6,2026-03-10 00:00:00.000,
,,27fe6841-77e4-42be-a8b1-a87257fd18a4.extra_data.json,,593.0,63110130,0.0,7607421,1536.1593,63110130,2026-03-11 23:00:39.692,2026-03-10 21:49:17.928,2000.8607,w4dMr03254,com.sec.android.app.shealth,27fe6841-77e4-42be-a8b1-a87257fd18a4,2026-03-11 00:00:00.000,
,,dd4e7952-3abd-40ac-ba94-8adb350a15bd.extra_data.json,,126.0,63110130,0.0,2773193,1630.4087,63110130,2026-03-13 00:08:20.296,2026-03-11 23:00:25.862,920.7217,w4dMr03254,com.sec.android.app.shealth,dd4e7952-3abd-40ac-ba94-8adb350a15bd,2026-03-12 00:00:00.000,
,,266eb7be-e72c-49a6-8e39-de71937fb1bc.extra_data.json,,445.0,63110130,0.0,7829816,1531.8236,63110130,2026-03-14 00:33:17.798,2026-03-12 18:32:17.162,1881.7407,w4dMr03254,com.sec.android.app.shealth,266eb7be-e72c-49a6-8e39-de71937fb1bc,2026-03-13 00:00:00.000,
,,88eafbc3-7734-48f1-ac0c-f7bb56910298.extra_data.json,,589.0,63110130,0.0,6841167,1551.0985,63110130,2026-03-15 00:36:42.658,2026-03-13 18:47:00.727,1082.1553,w4dMr03254,com.sec.android.app.shealth,88eafbc3-7734-48f1-ac0c-f7bb56910298,2026-03-14 00:00:00.000,
,,17fe5728-21ac-43bd-a396-ca6891559dd0.extra_data.json,,266.0,63110130,0.0,4359356,1599.4844,63110130,2026-03-16 01:01:20.751,2026-03-14 18:45:43.325,1815.5392,w4dMr03254,com.sec.android.app.shealth,17fe5728-21ac-43bd-a396-ca6891559dd0,2026-03-15 00:00:00.000,
,,83caf087-be3f-4c46-a161-1aa25f712c1e.extra_data.json,,107.0,63110130,0.0,3258504,1620.947,63110130,2026-03-16 23:40:35.888,2026-03-15 18:30:57.914,1498.9094,w4dMr03254,com.sec.android.app.shealth,83caf087-be3f-4c46-a161-1aa25f712c1e,2026-03-16 00:00:00.000,
,,7d583b06-5486-465d-b947-6f7dc198ef22.extra_data.json,,0.0,63110130,0.0,4427154,1598.1627,63110130,2026-03-17 22:26:12.086,2026-03-16 23:40:27.590,2863.449,w4dMr03254,com.sec.android.app.shealth,7d583b06-5486-465d-b947-6f7dc198ef22,2026-03-17 00:00:00.000,
,,840c936a-9b6b-4feb-a236-088a8a29c5b7.extra_data.json,,0.0,63110130,0.0,3227240,1621.5565,63110130,2026-03-18 23:56:36.699,2026-03-17 22:25:57.900,272.57855,w4dMr03254,com.sec.android.app.shealth,840c936a-9b6b-4feb-a236-088a8a29c5b7,2026-03-18 00:00:00.000,
,,d9cfc1af-46fd-495b-b5d0-110d481d0c46.extra_data.json,,108.0,63110130,0.0,3416192,1617.8727,63110130,2026-03-20 01:36:18.439,2026-03-18 18:30:02.622,1023.5338,w4dMr03254,com.sec.android.app.shealth,d9cfc1af-46fd-495b-b5d0-110d481d0c46,2026-03-19 00:00:00.000,
,,f5d301cb-fe59-4042-a4af-4e40905a5263.extra_data.json,,0.0,63110130,0.0,3380350,1618.5714,63110130,2026-03-21 00:52:44.743,2026-03-19 18:41:08.989,853.44977,w4dMr03254,com.sec.android.app.shealth,f5d301cb-fe59-4042-a4af-4e40905a5263,2026-03-20 00:00:00.000,
,,fb65d4be-6bf1-421b-9acf-d39940f40487.extra_data.json,,42.0,63110130,0.0,3840140,1609.6072,63110130,2026-03-22 00:15:06.147,2026-03-20 18:45:28.821,1662.3949,w4dMr03254,com.sec.android.app.shealth,fb65d4be-6bf1-421b-9acf-d39940f40487,2026-03-21 00:00:00.000,
,,a8efe88f-8aec-4983-9aa9-b537c2c26c6a.extra_data.json,,164.0,63110130,0.0,5290479,1581.331,63110130,2026-03-23 00:01:55.018,2026-03-21 18:41:32.462,886.6057,w4dMr03254,com.sec.android.app.shealth,a8efe88f-8aec-4983-9aa9-b537c2c26c6a,2026-03-22 00:00:00.000,
,,92660b4d-32f3-4af4-a48f-691f4e20130d.extra_data.json,,0.0,63110130,0.0,4061168,1605.2981,63110130,2026-03-24 00:31:44.860,2026-03-22 21:08:06.406,863.81274,w4dMr03254,com.sec.android.app.shealth,92660b4d-32f3-4af4-a48f-691f4e20130d,2026-03-23 00:00:00.000,
,,c5cc1195-8f11-4cba-bc15-b2646fbe6b39.extra_data.json,,0.0,63110130,0.0,6990372,1548.1896,63110130,2026-03-24 22:04:33.751,2026-03-24 00:31:37.535,1227.3846,w4dMr03254,com.sec.android.app.shealth,c5cc1195-8f11-4cba-bc15-b2646fbe6b39,2026-03-24 00:00:00.000,
,,ea7dc748-8089-4485-8fdf-992a89529d93.extra_data.json,,141.0,63110130,0.0,5725420,1572.8513,63110130,2026-03-25 18:37:37.315,2026-03-24 18:40:26.746,688.03564,w4dMr03254,com.sec.android.app.shealth,ea7dc748-8089-4485-8fdf-992a89529d93,2026-03-25 00:00:00.000,
,,d3202152-c66a-4bd7-a2a8-866416e7b541.extra_data.json,,0.0,63110130,0.0,4914781,1588.6558,63110130,2026-03-27 00:39:02.741,2026-03-25 18:37:36.704,602.47095,w4dMr03254,com.sec.android.app.shealth,d3202152-c66a-4bd7-a2a8-866416e7b541,2026-03-26 00:00:00.000,
,,979d51c9-b999-4fe3-b7b1-3362118e0d0f.extra_data.json,,0.0,63110130,0.0,4302935,1600.5845,63110130,2026-03-28 01:11:20.402,2026-03-26 18:30:00.966,354.17532,w4dMr03254,com.sec.android.app.shealth,979d51c9-b999-4fe3-b7b1-3362118e0d0f,2026-03-27 00:00:00.000,
,,704c725b-ba4c-4484-ab22-5fc7166f834a.extra_data.json,,0.0,63110130,0.0,4857063,1589.781,63130130,2026-03-29 00:35:05.867,2026-03-27 18:30:12.457,1374.1075,w4dMr03254,com.sec.android.app.shealth,704c725b-ba4c-4484-ab22-5fc7166f834a,2026-03-28 00:00:00.000,
,,85f9724f-71f0-424d-b71b-a63dfb441e94.extra_data.json,,0.0,63110130,0.0,2337424,1638.9045,63130130,2026-03-29 20:29:27.148,2026-03-28 18:30:01.119,648.5229,w4dMr03254,com.sec.android.app.shealth,85f9724f-71f0-424d-b71b-a63dfb441e94,2026-03-29 00:00:00.000,
,,21afc747-aae2-490f-98cc-2946aa36c584.extra_data.json,,0.0,63130130,0.0,2165038,1642.2654,63130130,2026-03-30 18:39:41.267,2026-03-29 20:29:26.512,694.9606,w4dMr03254,com.sec.android.app.shealth,21afc747-aae2-490f-98cc-2946aa36c584,2026-03-30 00:00:00.000,
,,1e67a98a-dd7b-4bb7-9a61-7642b033c222.extra_data.json,,528.0,63130130,0.0,6471819,1558.2994,63130130,2026-04-01 01:15:41.640,2026-03-30 18:39:41.023,833.5136,w4dMr03254,com.sec.android.app.shealth,1e67a98a-dd7b-4bb7-9a61-7642b033c222,2026-03-31 00:00:00.000,
,,4f2fee15-cab2-41ac-8259-2ae5f5c4a2a4.extra_data.json,,468.0,63130130,0.0,8239564,1523.835,63130130,2026-04-01 22:42:39.241,2026-03-31 18:30:00.628,893.4418,w4dMr03254,com.sec.android.app.shealth,4f2fee15-cab2-41ac-8259-2ae5f5c4a2a4,2026-04-01 00:00:00.000,
,,f40da8df-0637-4d36-bfd1-bbecf9bdc3ef.extra_data.json,,547.0,63130130,0.0,7608515,1536.1382,63130130,2026-04-03 00:08:39.884,2026-04-01 19:51:39.739,878.7755,w4dMr03254,com.sec.android.app.shealth,f40da8df-0637-4d36-bfd1-bbecf9bdc3ef,2026-04-02 00:00:00.000,
,,c94798d2-bc7a-4c58-b0f6-0e4032f602a3.extra_data.json,,638.0,63130130,0.0,9892203,1491.6149,63130130,2026-04-03 23:10:39.808,2026-04-03 00:08:28.380,1107.0298,w4dMr03254,com.sec.android.app.shealth,c94798d2-bc7a-4c58-b0f6-0e4032f602a3,2026-04-03 00:00:00.000,
,,f46b2bf6-2718-4fa7-811c-efa174942cf1.extra_data.json,,388.0,63130130,0.0,7139201,1545.288,63130130,2026-04-05 00:27:40.117,2026-04-03 18:30:01.954,978.47473,w4dMr03254,com.sec.android.app.shealth,f46b2bf6-2718-4fa7-811c-efa174942cf1,2026-04-04 00:00:00.000,
,,b440e569-258e-420d-a603-fa93aada1497.extra_data.json,,401.0,63130130,0.0,6649306,1554.8391,63130130,2026-04-06 01:02:33.567,2026-04-04 18:30:01.282,804.0697,w4dMr03254,com.sec.android.app.shealth,b440e569-258e-420d-a603-fa93aada1497,2026-04-05 00:00:00.000,
,,9e1168fb-8cc3-4e77-8e99-31b96f801b3d.extra_data.json,,541.0,63130130,0.0,7393501,1540.33,63130130,2026-04-07 00:22:04.165,2026-04-05 20:11:07.009,2374.8555,w4dMr03254,com.sec.android.app.shealth,9e1168fb-8cc3-4e77-8e99-31b96f801b3d,2026-04-06 00:00:00.000,
,,8d5cc05c-1706-4ec6-8887-610dc65e6bc9.extra_data.json,,622.0,63130130,0.0,9551707,1498.2532,63130130,2026-04-08 00:27:46.741,2026-04-07 00:21:45.100,1896.9535,w4dMr03254,com.sec.android.app.shealth,8d5cc05c-1706-4ec6-8887-610dc65e6bc9,2026-04-07 00:00:00.000,
,,135a2514-7d17-4517-a00b-b5e4d0368098.extra_data.json,,524.0,63130130,0.0,8257456,1523.4862,63130130,2026-04-08 23:45:41.775,2026-04-07 20:17:53.235,1062.3088,w4dMr03254,com.sec.android.app.shealth,135a2514-7d17-4517-a00b-b5e4d0368098,2026-04-08 00:00:00.000,
,,32d4c39d-414f-4fcd-b090-fa073a2d8960.extra_data.json,,493.0,63130130,0.0,9031258,1508.4,63130130,2026-04-10 00:22:02.759,2026-04-08 18:30:18.511,893.4916,w4dMr03254,com.sec.android.app.shealth,32d4c39d-414f-4fcd-b090-fa073a2d8960,2026-04-09 00:00:00.000,
,,0fabc92a-f4e2-4110-a48a-689c5befafa1.extra_data.json,,49.0,63130130,0.0,3610996,1614.0748,63130130,2026-04-11 01:50:28.752,2026-04-10 00:21:48.325,1106.7633,w4dMr03254,com.sec.android.app.shealth,0fabc92a-f4e2-4110-a48a-689c5befafa1,2026-04-10 00:00:00.000,
,,dd6a4100-718e-4381-af32-e2470b363066.extra_data.json,,670.0,63130130,0.0,6567581,1556.4324,63130130,2026-04-12 01:13:43.749,2026-04-10 18:58:35.040,1221.3668,w4dMr03254,com.sec.android.app.shealth,dd6a4100-718e-4381-af32-e2470b363066,2026-04-11 00:00:00.000,
,,fa6a0404-c948-4e60-8f6f-12608d14b97c.extra_data.json,,91.0,63130130,0.0,6667024,1554.4937,63130130,2026-04-12 18:30:03.569,2026-04-11 18:39:20.305,929.26025,w4dMr03254,com.sec.android.app.shealth,fa6a0404-c948-4e60-8f6f-12608d14b97c,2026-04-12 00:00:00.000,
,,50e28bed-d0e9-4251-beca-2875158137ec.extra_data.json,,512.0,63130130,0.0,8191669,1524.7687,63130130,2026-04-13 22:16:06.405,2026-04-12 18:30:02.126,1384.7568,w4dMr03254,com.sec.android.app.shealth,50e28bed-d0e9-4251-beca-2875158137ec,2026-04-13 00:00:00.000,
,,601354cb-991f-4f4b-99d4-005e81d0d750.extra_data.json,,560.0,63130130,0.0,7596088,1536.3804,63130130,2026-04-15 01:38:47.461,2026-04-13 22:15:49.987,920.3827,w4dMr03254,com.sec.android.app.shealth,601354cb-991f-4f4b-99d4-005e81d0d750,2026-04-14 00:00:00.000,
,,8206c312-efd2-43c2-bbc5-ec69853bdbd9.extra_data.json,,743.0,63130130,0.0,7502025,1538.2142,63130130,2026-04-15 23:42:24.231,2026-04-14 18:30:01.449,990.3358,w4dMr03254,com.sec.android.app.shealth,8206c312-efd2-43c2-bbc5-ec69853bdbd9,2026-04-15 00:00:00.000,
,,a925358e-cb2c-449a-90c0-f486e9e79bb9.extra_data.json,,430.0,63130130,0.0,7778925,1532.8157,63130130,2026-04-17 00:53:17.795,2026-04-15 18:30:01.236,770.16284,w4dMr03254,com.sec.android.app.shealth,a925358e-cb2c-449a-90c0-f486e9e79bb9,2026-04-16 00:00:00.000,
,,dc7986bf-0000-46b4-b579-be1dbce6277b.extra_data.json,,0.0,63130130,0.0,3244272,1621.2245,63130130,2026-04-17 23:26:20.629,2026-04-16 19:29:21.947,250.82895,w4dMr03254,com.sec.android.app.shealth,dc7986bf-0000-46b4-b579-be1dbce6277b,2026-04-17 00:00:00.000,
,,6f68e076-61e5-4d6a-b85e-16dc110f39af.extra_data.json,,519.0,63130130,0.0,7651670,1535.2966,63130130,2026-04-19 00:26:24.753,2026-04-17 18:30:01.157,785.97424,w4dMr03254,com.sec.android.app.shealth,6f68e076-61e5-4d6a-b85e-16dc110f39af,2026-04-18 00:00:00.000,
,,2ce36aaa-7f69-4750-82a7-dddcbbbb592a.extra_data.json,,197.0,63130130,0.0,5835380,1570.7076,63200010,2026-04-19 23:38:28.240,2026-04-18 18:30:01.510,1614.782,w4dMr03254,com.sec.android.app.shealth,2ce36aaa-7f69-4750-82a7-dddcbbbb592a,2026-04-19 00:00:00.000,
,,2d492399-d8b5-44ad-a56e-b28af118ceba.extra_data.json,,587.0,63200010,0.0,10290788,1483.8439,63200010,2026-04-21 01:26:19.946,2026-04-19 23:38:07.746,932.7764,w4dMr03254,com.sec.android.app.shealth,2d492399-d8b5-44ad-a56e-b28af118ceba,2026-04-20 00:00:00.000,
,,973845a4-a3b9-48ba-81c3-8f2ee652d9d5.extra_data.json,,569.0,63200010,0.0,9210924,1504.8971,63200010,2026-04-21 23:46:30.661,2026-04-20 22:05:29.196,1039.3036,w4dMr03254,com.sec.android.app.shealth,973845a4-a3b9-48ba-81c3-8f2ee652d9d5,2026-04-21 00:00:00.000,
,,571d4df3-ca9b-42e4-b21a-425251b9ba03.extra_data.json,,658.0,63200010,0.0,9921727,1491.0391,63200010,2026-04-23 01:18:22.557,2026-04-21 23:46:17.288,1053.0679,w4dMr03254,com.sec.android.app.shealth,571d4df3-ca9b-42e4-b21a-425251b9ba03,2026-04-22 00:00:00.000,
,,06cdec7e-a0ff-45ee-bd8f-9e04a0843a39.extra_data.json,,446.0,63200010,0.0,6692033,1554.0061,63200010,2026-04-24 01:15:09.754,2026-04-22 19:22:41.336,657.41187,w4dMr03254,com.sec.android.app.shealth,06cdec7e-a0ff-45ee-bd8f-9e04a0843a39,2026-04-23 00:00:00.000,
,,b0d3cc7f-796c-48e3-9943-9de268aff8ed.extra_data.json,,488.0,63200010,0.0,8166861,1525.2524,63200010,2026-04-25 00:08:31.071,2026-04-23 19:53:40.685,929.40735,w4dMr03254,com.sec.android.app.shealth,b0d3cc7f-796c-48e3-9943-9de268aff8ed,2026-04-24 00:00:00.000,
,,26fb0764-32d0-43fc-b0e4-47aa8b5b178d.extra_data.json,,544.0,63200010,0.0,9326282,1502.6481,63200010,2026-04-25 18:30:01.592,2026-04-25 00:08:09.387,1626.8557,w4dMr03254,com.sec.android.app.shealth,26fb0764-32d0-43fc-b0e4-47aa8b5b178d,2026-04-25 00:00:00.000,
,,c8949784-e778-4454-a3c9-fdf303e4c6ea.extra_data.json,,159.0,63200010,0.0,7336864,1541.4342,63200010,2026-04-26 18:30:02.701,2026-04-25 18:30:01.119,618.37115,w4dMr03254,com.sec.android.app.shealth,c8949784-e778-4454-a3c9-fdf303e4c6ea,2026-04-26 00:00:00.000,
,,f2d1e9cf-e5c8-44fb-a52a-45d3b428fcc0.extra_data.json,,686.0,63200010,0.0,10696619,1475.9318,63200010,2026-04-28 00:32:53.722,2026-04-26 18:30:01.544,1240.6982,w4dMr03254,com.sec.android.app.shealth,f2d1e9cf-e5c8-44fb-a52a-45d3b428fcc0,2026-04-27 00:00:00.000,
,,9c520a9f-6145-42f7-978b-528255f6e34c.extra_data.json,,657.0,63200010,0.0,6702829,1553.7955,63200010,2026-04-28 23:37:20.736,2026-04-28 00:15:52.602,1492.5127,w4dMr03254,com.sec.android.app.shealth,9c520a9f-6145-42f7-978b-528255f6e34c,2026-04-28 00:00:00.000,
,,1af7b4f6-a3c8-407c-aefd-23b2a55ca002.extra_data.json,,569.0,63200010,0.0,11158803,1466.9209,63200010,2026-04-30 01:18:04.202,2026-04-28 20:24:09.611,1004.1421,w4dMr03254,com.sec.android.app.shealth,1af7b4f6-a3c8-407c-aefd-23b2a55ca002,2026-04-29 00:00:00.000,
,,141adec1-50a1-4d42-824a-d25152f7df46.extra_data.json,,417.0,63200010,0.0,10456518,1480.6127,63200010,2026-05-01 01:25:37.030,2026-04-29 18:30:01.025,1000.7976,w4dMr03254,com.sec.android.app.shealth,141adec1-50a1-4d42-824a-d25152f7df46,2026-04-30 00:00:00.000,
,,641c15c5-56ae-4d2c-b412-8be01d69179a.extra_data.json,,0.0,63200010,0.0,4316101,1600.3278,63200010,2026-05-02 00:52:51.922,2026-04-30 18:30:01.026,474.82928,w4dMr03254,com.sec.android.app.shealth,641c15c5-56ae-4d2c-b412-8be01d69179a,2026-05-01 00:00:00.000,
,,b9d1031e-36e0-41f3-9859-53924794c8a9.extra_data.json,,565.0,63200010,0.0,8492675,1518.9004,63200010,2026-05-02 18:31:42.669,2026-05-01 18:59:23.179,828.4551,w4dMr03254,com.sec.android.app.shealth,b9d1031e-36e0-41f3-9859-53924794c8a9,2026-05-02 00:00:00.000,
,,c1ec05b1-7179-4d74-8f6e-284ae337d6cb.extra_data.json,,41.0,63200010,0.0,6627880,1555.2568,63200010,2026-05-04 00:32:20.844,2026-05-02 18:31:42.297,459.57333,w4dMr03254,com.sec.android.app.shealth,c1ec05b1-7179-4d74-8f6e-284ae337d6cb,2026-05-03 00:00:00.000,
,,fd27f061-caf9-4ab7-a546-53819b5adba7.extra_data.json,,130.0,63200010,0.0,3848548,1609.4434,63200010,2026-05-04 20:12:40.794,2026-05-04 00:32:11.036,320.86072,w4dMr03254,com.sec.android.app.shealth,fd27f061-caf9-4ab7-a546-53819b5adba7,2026-05-04 00:00:00.000,
,,11f4c138-edf5-4fa0-9978-892480301b46.extra_data.json,,719.0,63200010,0.0,9235417,1504.4197,63200010,2026-05-06 00:27:19.565,2026-05-04 20:12:23.199,985.90314,w4dMr03254,com.sec.android.app.shealth,11f4c138-edf5-4fa0-9978-892480301b46,2026-05-05 00:00:00.000,
,,bda69730-48df-4781-9f19-8cb0bb628b93.extra_data.json,,655.0,63200010,0.0,7532540,1537.6193,63200010,2026-05-06 23:33:37.835,2026-05-05 18:30:01.272,871.75146,w4dMr03254,com.sec.android.app.shealth,bda69730-48df-4781-9f19-8cb0bb628b93,2026-05-06 00:00:00.000,
,,94caf09b-bb5b-4e46-a3f7-309bbaf61ce6.extra_data.json,,496.0,63200010,0.0,7976976,1528.9545,63200010,2026-05-08 01:01:23.040,2026-05-06 18:45:07.430,788.3021,w4dMr03254,com.sec.android.app.shealth,94caf09b-bb5b-4e46-a3f7-309bbaf61ce6,2026-05-07 00:00:00.000,
,,d2328f65-5ed8-4d40-b7ba-0c6a9bc32d58.extra_data.json,,576.0,63200010,0.0,8411556,1520.4819,63200010,2026-05-09 01:09:50.342,2026-05-07 19:55:38.652,879.77686,w4dMr03254,com.sec.android.app.shealth,d2328f65-5ed8-4d40-b7ba-0c6a9bc32d58,2026-05-08 00:00:00.000,
,,d9978a6d-63e8-4809-bc8e-d2833fae3278.extra_data.json,,852.0,63200010,0.0,10852758,1472.8875,63200010,2026-05-10 00:20:22.320,2026-05-09 01:09:36.752,1722.1968,w4dMr03254,com.sec.android.app.shealth,d9978a6d-63e8-4809-bc8e-d2833fae3278,2026-05-09 00:00:00.000,
,,56b751a3-031c-478d-8a99-e8f553d00bb8.extra_data.json,,158.0,63200010,0.0,6114050,1565.2745,63200010,2026-05-11 01:02:25.139,2026-05-09 18:30:01.556,464.24423,w4dMr03254,com.sec.android.app.shealth,56b751a3-031c-478d-8a99-e8f553d00bb8,2026-05-10 00:00:00.000,
,,f9022931-6208-4fdb-a4a0-e508402e2d1a.extra_data.json,,612.0,63200010,0.0,7835842,1531.706,63200010,2026-05-12 01:10:51.886,2026-05-10 18:49:14.349,841.6098,w4dMr03254,com.sec.android.app.shealth,f9022931-6208-4fdb-a4a0-e508402e2d1a,2026-05-11 00:00:00.000,
,,7ebd320c-6e5b-498c-9ae7-b0d24f29e6c0.extra_data.json,,574.0,63200010,0.0,8176925,1525.0562,63200010,2026-05-12 22:27:54.202,2026-05-11 18:50:22.691,996.77747,w4dMr03254,com.sec.android.app.shealth,7ebd320c-6e5b-498c-9ae7-b0d24f29e6c0,2026-05-12 00:00:00.000,
,,598dcda1-8b7c-4071-88b7-edc129cbbfa7.extra_data.json,,158.0,63200010,0.0,6039614,1566.7257,63200010,2026-05-13 22:59:05.652,2026-05-12 18:30:00.966,762.3294,w4dMr03254,com.sec.android.app.shealth,598dcda1-8b7c-4071-88b7-edc129cbbfa7,2026-05-13 00:00:00.000,
,,2a6ecc12-cd05-4d48-a6d7-ccbe6997e6b1.extra_data.json,,97.0,63200010,0.0,3532417,1615.6067,63200010,2026-05-15 01:24:00.263,2026-05-13 18:30:00.932,286.6239,w4dMr03254,com.sec.android.app.shealth,2a6ecc12-cd05-4d48-a6d7-ccbe6997e6b1,2026-05-14 00:00:00.000,
,,18633bdd-d2de-46b8-97c2-71e033e0aaeb.extra_data.json,,56.0,63200010,0.0,4658521,1593.6519,63200010,2026-05-16 00:52:40.498,2026-05-14 18:38:36.765,507.00742,w4dMr03254,com.sec.android.app.shealth,18633bdd-d2de-46b8-97c2-71e033e0aaeb,2026-05-15 00:00:00.000,
,,32e30631-32ef-47cb-9d98-df92b0fe321f.extra_data.json,,113.0,63200010,0.0,5021476,1586.5757,63200010,2026-05-17 01:49:11.403,2026-05-15 18:30:01.236,647.7351,w4dMr03254,com.sec.android.app.shealth,32e30631-32ef-47cb-9d98-df92b0fe321f,2026-05-16 00:00:00.000,
,,d1e92bc8-0776-46c2-8ec4-6bcca406aaa4.extra_data.json,,234.0,63200010,0.0,6769409,1552.4976,63200010,2026-05-18 01:01:33.672,2026-05-16 19:20:26.108,706.8697,w4dMr03254,com.sec.android.app.shealth,d1e92bc8-0776-46c2-8ec4-6bcca406aaa4,2026-05-17 00:00:00.000,
,,323132a4-b9ad-4e88-acc9-cc25543646d6.extra_data.json,,567.0,63200010,0.0,8438875,1519.9492,63200010,2026-05-18 22:51:00.834,2026-05-18 01:01:15.031,1069.5743,w4dMr03254,com.sec.android.app.shealth,323132a4-b9ad-4e88-acc9-cc25543646d6,2026-05-18 00:00:00.000,
,,24589a1a-7c2f-4b63-99f5-8132a2a8a039.extra_data.json,,39.0,63200010,0.0,4036221,1605.7843,63200010,2026-05-19 20:33:30.268,2026-05-18 22:50:43.840,277.1157,w4dMr03254,com.sec.android.app.shealth,24589a1a-7c2f-4b63-99f5-8132a2a8a039,2026-05-19 00:00:00.000,
,,30fac319-42d9-4a60-a7d3-e3323f4d18a5.extra_data.json,,0.0,63200010,0.0,5464577,1577.9369,63200010,2026-05-21 01:21:01.949,2026-05-19 20:33:18.064,749.74274,w4dMr03254,com.sec.android.app.shealth,30fac319-42d9-4a60-a7d3-e3323f4d18a5,2026-05-20 00:00:00.000,
,,eecc82e6-cff5-40ac-803e-b22ec52f2b0a.extra_data.json,,0.0,63200010,0.0,3292293,1620.2882,63200010,2026-05-21 22:58:29.224,2026-05-20 18:30:00.951,311.36752,w4dMr03254,com.sec.android.app.shealth,eecc82e6-cff5-40ac-803e-b22ec52f2b0a,2026-05-21 00:00:00.000,
,,d946b7a3-ffa0-4767-89bb-bd1e6ca003cf.extra_data.json,,153.0,63200010,0.0,5866832,1570.0944,63200010,2026-05-23 00:49:00.523,2026-05-21 22:58:10.557,662.50586,w4dMr03254,com.sec.android.app.shealth,d946b7a3-ffa0-4767-89bb-bd1e6ca003cf,2026-05-22 00:00:00.000,
,,29d4ad2d-4905-4830-9874-aa2645460972.extra_data.json,,87.0,63200010,0.0,4538101,1595.9996,63200010,2026-05-24 02:06:03.469,2026-05-23 00:48:45.637,338.656,w4dMr03254,com.sec.android.app.shealth,29d4ad2d-4905-4830-9874-aa2645460972,2026-05-23 00:00:00.000,
,,30895782-ede7-4781-aa2f-c8a5964c9f04.extra_data.json,,0.0,63200010,0.0,3942963,1607.6027,63200010,2026-05-25 02:12:30.038,2026-05-23 18:33:54.763,996.18463,w4dMr03254,com.sec.android.app.shealth,30895782-ede7-4781-aa2f-c8a5964c9f04,2026-05-24 00:00:00.000,
,,b248e55e-3524-4fab-94db-136a35ef6774.extra_data.json,,615.0,63200010,0.0,8473277,1519.2784,63200010,2026-05-26 00:01:47.387,2026-05-25 02:12:07.084,948.22205,w4dMr03254,com.sec.android.app.shealth,b248e55e-3524-4fab-94db-136a35ef6774,2026-05-25 00:00:00.000,
,,58b35100-322e-4c5f-96d7-a703f54707cf.extra_data.json,,735.0,63200010,0.0,11543536,1459.4199,63200010,2026-05-27 00:29:53.167,2026-05-25 20:21:48.342,1753.4194,w4dMr03254,com.sec.android.app.shealth,58b35100-322e-4c5f-96d7-a703f54707cf,2026-05-26 00:00:00.000,
,,6de7301a-dcf6-4f8e-9989-69aa054fabb2.extra_data.json,,436.0,63200010,0.0,7757594,1533.2317,63200010,2026-05-28 00:27:31.306,2026-05-27 00:29:42.817,901.2214,w4dMr03254,com.sec.android.app.shealth,6de7301a-dcf6-4f8e-9989-69aa054fabb2,2026-05-27 00:00:00.000,
,,bf8be12d-75c7-440f-bb2b-04753fe8fb86.extra_data.json,,657.0,63200010,0.0,9188930,1505.3259,63200010,2026-05-29 00:16:37.246,2026-05-27 18:37:31.867,1157.3804,w4dMr03254,com.sec.android.app.shealth,bf8be12d-75c7-440f-bb2b-04753fe8fb86,2026-05-28 00:00:00.000,
,,1cd805ce-90ee-4c60-b88e-b99948052073.extra_data.json,,732.0,63200010,0.0,9959886,1490.2952,63200010,2026-05-30 00:26:38.110,2026-05-29 00:16:21.843,1069.7727,w4dMr03254,com.sec.android.app.shealth,1cd805ce-90ee-4c60-b88e-b99948052073,2026-05-29 00:00:00.000,
,,babb3ed2-bd15-45f2-a696-1e2b6500078f.extra_data.json,,120.0,63200010,0.0,3406398,1618.0636,63200010,2026-05-31 01:54:18.910,2026-05-30 00:26:25.795,326.71747,w4dMr03254,com.sec.android.app.shealth,babb3ed2-bd15-45f2-a696-1e2b6500078f,2026-05-30 00:00:00.000,
,,7bec3839-cf5d-40f4-bfe0-647c3878c8a5.extra_data.json,,219.0,63200010,0.0,6267563,1562.2816,63200010,2026-06-01 02:28:45.775,2026-05-30 18:30:00.978,1146.1443,w4dMr03254,com.sec.android.app.shealth,7bec3839-cf5d-40f4-bfe0-647c3878c8a5,2026-05-31 00:00:00.000,
,,d9782bb4-ec20-41bb-8261-e69c85f05647.extra_data.json,,0.0,63200010,0.0,3273179,1620.6609,63200010,2026-06-02 00:05:14.273,2026-06-01 02:28:02.732,224.78394,w4dMr03254,com.sec.android.app.shealth,d9782bb4-ec20-41bb-8261-e69c85f05647,2026-06-01 00:00:00.000,
,,4397e781-85cb-4248-a95e-582bb4480a97.extra_data.json,,0.0,63200010,0.0,2930773,1627.3364,63200010,2026-06-03 00:57:24.519,2026-06-01 18:30:03.126,557.7501,w4dMr03254,com.sec.android.app.shealth,4397e781-85cb-4248-a95e-582bb4480a97,2026-06-02 00:00:00.000,
,,2d5774e4-eacc-4825-9261-76564e9e622a.extra_data.json,,598.0,63200010,0.0,7426124,1539.694,63200010,2026-06-04 00:46:04.200,2026-06-02 19:29:11.288,828.8751,w4dMr03254,com.sec.android.app.shealth,2d5774e4-eacc-4825-9261-76564e9e622a,2026-06-03 00:00:00.000,
,,f320b0f4-9a58-4f64-9c50-73be749621b4.extra_data.json,,742.0,63200010,0.0,8539104,1517.9951,63200010,2026-06-04 22:14:53.095,2026-06-04 00:45:51.006,1098.1787,w4dMr03254,com.sec.android.app.shealth,f320b0f4-9a58-4f64-9c50-73be749621b4,2026-06-04 00:00:00.000,
,,54e131c2-8523-46d0-bfb5-b1d1e236f037.extra_data.json,,544.0,63200010,0.0,6723498,1553.3926,63200010,2026-06-06 00:08:22.781,2026-06-04 22:14:43.559,729.72754,w4dMr03254,com.sec.android.app.shealth,54e131c2-8523-46d0-bfb5-b1d1e236f037,2026-06-05 00:00:00.000,
,,539fa576-2427-4e43-a1ba-4042b383b31d.extra_data.json,,716.0,63200010,0.0,7270029,1542.7372,63200010,2026-06-07 01:07:12.781,2026-06-05 19:56:53.850,916.97644,w4dMr03254,com.sec.android.app.shealth,539fa576-2427-4e43-a1ba-4042b383b31d,2026-06-06 00:00:00.000,
,,4b34b1f6-2d28-4e22-b199-dbe727215bcf.extra_data.json,,0.0,63200010,0.0,3218208,1621.7325,63200010,2026-06-07 23:53:06.880,2026-06-07 01:06:47.462,686.46533,w4dMr03254,com.sec.android.app.shealth,4b34b1f6-2d28-4e22-b199-dbe727215bcf,2026-06-07 00:00:00.000,
,,a4c7916c-28f1-494a-913f-3fdaf2f5d56d.extra_data.json,,510.0,63200010,0.0,7607899,1536.1501,63200010,2026-06-09 01:35:39.497,2026-06-07 23:52:54.576,758.75134,w4dMr03254,com.sec.android.app.shealth,a4c7916c-28f1-494a-913f-3fdaf2f5d56d,2026-06-08 00:00:00.000,
,,a623b232-7427-4415-b0f0-78ffb7aa0ad0.extra_data.json,,823.0,63200010,0.0,7967875,1529.132,63200010,2026-06-09 23:55:07.426,2026-06-09 01:34:49.486,2128.414,w4dMr03254,com.sec.android.app.shealth,a623b232-7427-4415-b0f0-78ffb7aa0ad0,2026-06-09 00:00:00.000,
,,9a937b88-11b2-4c1e-b777-9db9fa882a9c.extra_data.json,,654.0,63200010,0.0,8504768,1518.6646,63200010,2026-06-11 01:27:14.941,2026-06-09 18:30:01.077,897.7478,w4dMr03254,com.sec.android.app.shealth,9a937b88-11b2-4c1e-b777-9db9fa882a9c,2026-06-10 00:00:00.000,
,,a9d2638e-ab8d-4ac2-8f0b-c98f60357bdf.extra_data.json,,633.0,63200010,0.0,8712956,1514.6056,63200010,2026-06-11 23:31:48.657,2026-06-10 18:30:10.038,981.07654,w4dMr03254,com.sec.android.app.shealth,a9d2638e-ab8d-4ac2-8f0b-c98f60357bdf,2026-06-11 00:00:00.000,
,,1c256e85-52db-4073-aa41-7aa85eaeea9c.extra_data.json,,567.0,63200010,0.0,7972978,1529.0325,63200010,2026-06-12 23:56:26.164,2026-06-11 19:58:33.556,1137.8044,w4dMr03254,com.sec.android.app.shealth,1c256e85-52db-4073-aa41-7aa85eaeea9c,2026-06-12 00:00:00.000,
,,d4c44aeb-0ed7-4070-b25a-88ec085b6898.extra_data.json,,105.0,63200010,0.0,3760101,1611.1676,63200010,2026-06-14 00:32:23.924,2026-06-12 19:50:20.253,366.9955,w4dMr03254,com.sec.android.app.shealth,d4c44aeb-0ed7-4070-b25a-88ec085b6898,2026-06-13 00:00:00.000,
,,a47cd32a-58a5-4b0a-b993-0719e2fcf77c.extra_data.json,,247.0,63200010,0.0,5971418,1568.0554,63200010,2026-06-14 23:47:10.519,2026-06-13 18:30:20.952,517.0851,w4dMr03254,com.sec.android.app.shealth,a47cd32a-58a5-4b0a-b993-0719e2fcf77c,2026-06-14 00:00:00.000,
,,31c67f78-5a54-4335-98a2-f14e7bd18cf0.extra_data.json,,664.0,63200010,0.0,8623398,1516.3517,63200010,2026-06-15 20:14:24.278,2026-06-14 18:30:02.282,942.60675,w4dMr03254,com.sec.android.app.shealth,31c67f78-5a54-4335-98a2-f14e7bd18cf0,2026-06-15 00:00:00.000,
,,b2ac8f48-3565-4637-b2ce-cd08a7dc3c17.extra_data.json,,326.0,63200010,0.0,5786931,1571.6522,63200010,2026-06-17 02:03:11.773,2026-06-15 20:14:23.739,586.5903,w4dMr03254,com.sec.android.app.shealth,b2ac8f48-3565-4637-b2ce-cd08a7dc3c17,2026-06-16 00:00:00.000,
,,c657bb45-247f-4772-a1e8-4579d90867cd.extra_data.json,,694.0,63200010,0.0,9609359,1497.1292,63200010,2026-06-17 23:42:13.600,2026-06-16 18:30:01.321,996.64,w4dMr03254,com.sec.android.app.shealth,c657bb45-247f-4772-a1e8-4579d90867cd,2026-06-17 00:00:00.000,
,,14f5303c-9658-442a-836d-c767c1bf4189.extra_data.json,,61.0,63200010,0.0,3312393,1619.8964,63200010,2026-06-18 22:43:11.086,2026-06-17 23:41:46.247,251.89471,w4dMr03254,com.sec.android.app.shealth,14f5303c-9658-442a-836d-c767c1bf4189,2026-06-18 00:00:00.000,
,,bcbca2c0-2b56-44f1-8dfe-3d5a3ecf7d9d.extra_data.json,,348.0,63200010,0.0,6818432,1551.5417,63200010,2026-06-19 23:08:29.934,2026-06-18 22:42:53.497,626.69,w4dMr03254,com.sec.android.app.shealth,bcbca2c0-2b56-44f1-8dfe-3d5a3ecf7d9d,2026-06-19 00:00:00.000,
,,de8874fd-8e21-4bf7-b90e-662139738be3.extra_data.json,,162.0,63200010,0.0,6281808,1562.0039,63200010,2026-06-21 01:43:38.916,2026-06-19 23:08:18.854,1033.0475,w4dMr03254,com.sec.android.app.shealth,de8874fd-8e21-4bf7-b90e-662139738be3,2026-06-20 00:00:00.000,
,,63835ee1-4115-4600-9367-1bf3d7d8251e.extra_data.json,,0.0,63200010,0.0,2332216,1639.0061,63200010,2026-06-22 00:09:33.286,2026-06-20 20:16:11.870,152.2005,w4dMr03254,com.sec.android.app.shealth,63835ee1-4115-4600-9367-1bf3d7d8251e,2026-06-21 00:00:00.000,
,,f3712417-9bf5-47a0-9a3b-e6103b8ae5a0.extra_data.json,,718.0,63200010,0.0,10683826,1476.1812,63200010,2026-06-23 01:51:18.067,2026-06-21 18:30:01.970,1910.7413,w4dMr03254,com.sec.android.app.shealth,f3712417-9bf5-47a0-9a3b-e6103b8ae5a0,2026-06-22 00:00:00.000,
,,1ab4524c-64d7-4357-b04b-d4c66ae3ead4.extra_data.json,,62.0,63200010,0.0,4084420,1604.8447,63200010,2026-06-23 22:10:49.550,2026-06-22 18:30:01.248,301.71335,w4dMr03254,com.sec.android.app.shealth,1ab4524c-64d7-4357-b04b-d4c66ae3ead4,2026-06-23 00:00:00.000,
,,a477ea25-18a6-418b-98b0-6aeeda8b12a3.extra_data.json,,517.0,63200010,0.0,9054401,1507.9487,63200010,2026-06-24 18:46:23.754,2026-06-23 19:30:11.252,900.609,w4dMr03254,com.sec.android.app.shealth,a477ea25-18a6-418b-98b0-6aeeda8b12a3,2026-06-24 00:00:00.000,
,,2cf457b2-feda-411b-a83c-3cdc513db78e.extra_data.json,,0.0,63200010,0.0,2607160,1633.6458,63200010,2026-06-25 23:27:53.306,2026-06-24 18:30:28.254,162.04889,w4dMr03254,com.sec.android.app.shealth,2cf457b2-feda-411b-a83c-3cdc513db78e,2026-06-25 00:00:00.000,
,,3779d62e-88ba-44d6-bd27-349f366a189f.extra_data.json,,704.0,63200010,0.0,7758056,1533.2227,63200010,2026-06-27 02:01:22.268,2026-06-25 19:30:33.008,952.1877,w4dMr03254,com.sec.android.app.shealth,3779d62e-88ba-44d6-bd27-349f366a189f,2026-06-26 00:00:00.000,
,,2769a21a-9580-4b1e-bb90-f62c2eecff56.extra_data.json,,0.0,63200010,0.0,2590604,1633.9684,63200010,2026-06-28 00:32:16.537,2026-06-27 01:59:29.974,306.0539,w4dMr03254,com.sec.android.app.shealth,2769a21a-9580-4b1e-bb90-f62c2eecff56,2026-06-27 00:00:00.000,
,,a776e832-2e85-415d-92d1-1499c8811b27.extra_data.json,,229.0,63200010,0.0,4107960,1604.3857,63200010,2026-06-28 23:51:20.966,2026-06-27 18:43:22.988,1827.2233,w4dMr03254,com.sec.android.app.shealth,a776e832-2e85-415d-92d1-1499c8811b27,2026-06-28 00:00:00.000,
,,5dbc6970-67f0-42c8-9b2f-c7d60c9edf65.extra_data.json,,588.0,63200010,0.0,6625483,1555.3036,63200010,2026-06-30 01:11:43.404,2026-06-28 19:48:45.869,790.1863,w4dMr03254,com.sec.android.app.shealth,5dbc6970-67f0-42c8-9b2f-c7d60c9edf65,2026-06-29 00:00:00.000,
,,82181d42-87a4-4b7b-a4d5-016049fefefc.extra_data.json,,763.0,63200010,0.0,8908234,1510.7985,63200010,2026-06-30 18:30:02.109,2026-06-30 01:11:30.876,1141.332,w4dMr03254,com.sec.android.app.shealth,82181d42-87a4-4b7b-a4d5-016049fefefc,2026-06-30 00:00:00.000,
,,5bb32711-c7e7-4f18-8062-399ecd24b64e.extra_data.json,,0.0,63200010,0.0,2694773,1631.9375,63200010,2026-07-02 00:12:07.084,2026-06-30 18:30:01.582,244.09402,w4dMr03254,com.sec.android.app.shealth,5bb32711-c7e7-4f18-8062-399ecd24b64e,2026-07-01 00:00:00.000,
,,f761b27a-3558-4e36-ae7a-1129a1eff2dc.extra_data.json,,0.0,63200010,0.0,3529359,1615.6663,70001070,2026-07-02 18:30:02.473,2026-07-01 19:50:36.009,850.70355,w4dMr03254,com.sec.android.app.shealth,f761b27a-3558-4e36-ae7a-1129a1eff2dc,2026-07-02 00:00:00.000,
,,d8d35640-220e-4c4f-ae15-6923df2a6318.extra_data.json,,79.0,70001070,0.0,3792697,1610.5322,70001070,2026-07-03 22:51:07.859,2026-07-02 18:30:01.565,328.96448,w4dMr03254,com.sec.android.app.shealth,d8d35640-220e-4c4f-ae15-6923df2a6318,2026-07-03 00:00:00.000,
,,5a19a6d8-6815-406d-9ee9-2a785caeae84.extra_data.json,,0.0,70001070,0.0,2714734,1631.5485,70001070,2026-07-04 23:26:42.640,2026-07-03 18:30:01.084,245.7532,w4dMr03254,com.sec.android.app.shealth,5a19a6d8-6815-406d-9ee9-2a785caeae84,2026-07-04 00:00:00.000,
,,48e778e1-b49a-42c9-ac72-43b425ec27d2.extra_data.json,,114.0,70001070,0.0,5095052,1585.1411,70001070,2026-07-06 01:10:33.396,2026-07-04 23:26:16.009,446.31708,w4dMr03254,com.sec.android.app.shealth,48e778e1-b49a-42c9-ac72-43b425ec27d2,2026-07-05 00:00:00.000,
,,ac4890d4-ae36-46b2-8e91-5e837dd1f6fc.extra_data.json,,738.0,70001070,0.0,8240884,1523.8093,70001070,2026-07-07 00:46:29.695,2026-07-05 18:30:00.946,913.52594,w4dMr03254,com.sec.android.app.shealth,ac4890d4-ae36-46b2-8e91-5e837dd1f6fc,2026-07-06 00:00:00.000,
,,d267af63-3e50-49ba-888f-2f5d82e4c4a0.extra_data.json,,588.0,70001070,0.0,8783089,1513.2383,70001070,2026-07-08 00:58:18.792,2026-07-07 00:45:45.151,922.97034,w4dMr03254,com.sec.android.app.shealth,d267af63-3e50-49ba-888f-2f5d82e4c4a0,2026-07-07 00:00:00.000,
,,3d474255-09c6-46f1-aa33-8f96492b921d.extra_data.json,,195.0,70001070,0.0,5191081,1583.269,70001070,2026-07-08 22:37:21.950,2026-07-07 19:28:09.974,427.68744,w4dMr03254,com.sec.android.app.shealth,3d474255-09c6-46f1-aa33-8f96492b921d,2026-07-08 00:00:00.000,
,,320386d7-5c9a-4388-85d8-a166454eb9ab.extra_data.json,,686.0,70001070,0.0,6994851,1548.1023,70001070,2026-07-10 01:05:31.370,2026-07-08 22:37:14.994,1081.0989,w4dMr03254,com.sec.android.app.shealth,320386d7-5c9a-4388-85d8-a166454eb9ab,2026-07-09 00:00:00.000,
,,5f3192c3-1250-4762-87c7-5ae6350ed1e9.extra_data.json,,631.0,70001070,0.0,8346595,1521.7484,70001070,2026-07-11 01:18:01.479,2026-07-09 18:30:31.228,961.14856,w4dMr03254,com.sec.android.app.shealth,5f3192c3-1250-4762-87c7-5ae6350ed1e9,2026-07-10 00:00:00.000,
,,3758a37a-9b16-4bdf-a7c4-9a3753d7c0cf.extra_data.json,,465.0,70001070,0.0,6696814,1553.9128,70001070,2026-07-12 02:12:58.003,2026-07-11 01:17:45.690,1141.263,w4dMr03254,com.sec.android.app.shealth,3758a37a-9b16-4bdf-a7c4-9a3753d7c0cf,2026-07-11 00:00:00.000,
,,f919565e-c588-45f7-8ce2-35d605cd9138.extra_data.json,,71.0,70001070,0.0,3352773,1619.109,70001070,2026-07-12 18:40:16.316,2026-07-12 02:12:02.856,324.7875,w4dMr03254,com.sec.android.app.shealth,f919565e-c588-45f7-8ce2-35d605cd9138,2026-07-12 00:00:00.000,
,,4ec13ac9-1712-498c-9296-a18e29f69f33.extra_data.json,,615.0,70001070,0.0,8566888,1517.4534,70001070,2026-07-15 00:48:28.384,2026-07-12 18:40:15.248,896.4696,w4dMr03254,com.sec.android.app.shealth,4ec13ac9-1712-498c-9296-a18e29f69f33,2026-07-13 00:00:00.000,
,,596aa605-c1ed-4a54-9131-bc2ed68e1389.extra_data.json,,567.0,70001070,0.0,8023343,1528.0505,70001070,2026-07-15 00:48:28.199,2026-07-14 00:53:08.633,1206.1967,w4dMr03254,com.sec.android.app.shealth,596aa605-c1ed-4a54-9131-bc2ed68e1389,2026-07-14 00:00:00.000,
,,04545284-44e1-4c71-9545-a31a5fb20327.extra_data.json,,582.0,70001070,0.0,6907703,1549.8013,70001070,2026-07-16 00:00:38.750,2026-07-14 19:46:25.428,777.199,w4dMr03254,com.sec.android.app.shealth,04545284-44e1-4c71-9545-a31a5fb20327,2026-07-15 00:00:00.000,
,,d5e8a5e9-df13-4d6c-a08d-0cb8af49dfde.extra_data.json,,0.0,70001070,0.0,2019837,1645.0963,70050090,2026-07-17 02:00:24.183,2026-07-15 18:30:00.785,130.21187,w4dMr03254,com.sec.android.app.shealth,d5e8a5e9-df13-4d6c-a08d-0cb8af49dfde,2026-07-16 00:00:00.000,
,,410b9c65-fe89-4074-a1b6-adab0770143d.extra_data.json,,0.0,70050090,0.0,4327646,1600.1027,70050090,2026-07-17 19:26:54.904,2026-07-16 18:30:01.003,293.8554,w4dMr03254,com.sec.android.app.shealth,410b9c65-fe89-4074-a1b6-adab0770143d,2026-07-17 00:00:00.000,
,,6a02304d-164d-4ca6-af58-df453cad3e4d.extra_data.json,,534.0,70050090,0.0,6884140,1550.2606,70050090,2026-07-19 01:16:24.147,2026-07-17 19:26:54.194,742.62524,w4dMr03254,com.sec.android.app.shealth,6a02304d-164d-4ca6-af58-df453cad3e4d,2026-07-18 00:00:00.000,
,,2624281d-dba7-4b6b-aba7-0dc15baa218a.extra_data.json,,128.0,70050090,0.0,4151789,1603.5312,70050090,2026-07-19 18:30:02.134,2026-07-18 19:53:39.777,1020.02576,w4dMr03254,com.sec.android.app.shealth,2624281d-dba7-4b6b-aba7-0dc15baa218a,2026-07-19 00:00:00.000,
,,6b0c2e81-5e06-4376-9395-0e6fcbac0da5.extra_data.json,,480.0,70050090,0.0,7045584,1547.1132,70050090,2026-07-21 01:45:22.619,2026-07-19 18:30:01.191,796.383,w4dMr03254,com.sec.android.app.shealth,6b0c2e81-5e06-4376-9395-0e6fcbac0da5,2026-07-20 00:00:00.000,
,,94051691-49e8-45eb-ab9a-d4a5d887b43f.extra_data.json,,168.0,70050090,0.0,5960631,1568.2656,70050090,2026-07-22 00:17:49.882,2026-07-20 20:14:07.556,463.0592,w4dMr03254,com.sec.android.app.shealth,94051691-49e8-45eb-ab9a-d4a5d887b43f,2026-07-21 00:00:00.000,
,,7e4ad8bd-d7ea-49c8-b2fb-fe77eb735556.extra_data.json,,560.0,70050090,0.0,8305779,1522.5441,70050090,2026-07-23 01:14:52.774,2026-07-21 20:21:36.483,873.39954,w4dMr03254,com.sec.android.app.shealth,7e4ad8bd-d7ea-49c8-b2fb-fe77eb735556,2026-07-22 00:00:00.000,
,,877f5d1e-b2bc-46e9-8bd6-d5e8aa2c8062.extra_data.json,,646.0,70050090,0.0,8636366,1516.0989,70050090,2026-07-24 01:38:43.366,2026-07-22 18:30:01.218,933.17035,w4dMr03254,com.sec.android.app.shealth,877f5d1e-b2bc-46e9-8bd6-d5e8aa2c8062,2026-07-23 00:00:00.000,
,,a1d58aeb-6e4d-47d9-8d58-b37bf576d43b.extra_data.json,,550.0,70050090,0.0,6445134,1558.8196,70050090,2026-07-25 01:38:29.577,2026-07-23 19:52:16.632,775.69476,w4dMr03254,com.sec.android.app.shealth,a1d58aeb-6e4d-47d9-8d58-b37bf576d43b,2026-07-24 00:00:00.000,
,,74ee6a60-4924-48fc-8e50-b7597a9d1525.extra_data.json,,530.0,70050090,0.0,6024905,1567.0126,70050090,2026-07-25 19:56:55.620,2026-07-24 20:01:03.642,2045.4543,w4dMr03254,com.sec.android.app.shealth,74ee6a60-4924-48fc-8e50-b7597a9d1525,2026-07-25 00:00:00.000,
,,63eedfac-6d0c-487e-89b6-ecb8c1c720aa.extra_data.json,,452.0,70050090,0.0,8399906,1520.709,70050090,2026-07-27 01:41:46.820,2026-07-25 19:56:55.246,924.6205,w4dMr03254,com.sec.android.app.shealth,63eedfac-6d0c-487e-89b6-ecb8c1c720aa,2026-07-26 00:00:00.000,
,,bfac9400-007f-4287-bdda-5d92a025c0f0.extra_data.json,,106.0,70050090,0.0,3303890,1620.0621,70050090,2026-07-28 01:26:01.627,2026-07-27 01:41:35.990,659.0429,w4dMr03254,com.sec.android.app.shealth,bfac9400-007f-4287-bdda-5d92a025c0f0,2026-07-27 00:00:00.000,
,,cac06f9e-67a4-405e-9571-634a456e71d7.extra_data.json,,107.0,70050090,0.0,5390998,1579.3713,70050090,2026-07-29 00:43:51.342,2026-07-28 01:25:29.071,420.0901,w4dMr03254,com.sec.android.app.shealth,cac06f9e-67a4-405e-9571-634a456e71d7,2026-07-28 00:00:00.000,
,,0e22714e-f8b7-4132-8904-ff4be90abbf3.extra_data.json,,615.0,70050090,0.0,6962928,1548.7246,70060030,2026-07-29 20:07:09.022,2026-07-29 00:42:13.365,1967.3474,w4dMr03254,com.sec.android.app.shealth,0e22714e-f8b7-4132-8904-ff4be90abbf3,2026-07-29 00:00:00.000,
,,a50e6e1c-6fdc-4913-be04-5abae7dad443.extra_data.json,,559.0,70060030,0.0,6566080,1556.4617,70060030,2026-07-31 01:30:19.779,2026-07-29 19:56:07.243,677.6914,w4dMr03254,com.sec.android.app.shealth,a50e6e1c-6fdc-4913-be04-5abae7dad443,2026-07-30 00:00:00.000,
,,3192d392-cb36-4048-8f10-34c2e92b0e1a.extra_data.json,,502.0,70060030,0.0,6703812,1553.7765,70060030,2026-08-01 01:35:57.752,2026-07-30 19:11:06.439,698.6029,w4dMr03254,com.sec.android.app.shealth,3192d392-cb36-4048-8f10-34c2e92b0e1a,2026-07-31 00:00:00.000,
,,aac8a83c-f618-418f-a678-1a72d7c2f364.extra_data.json,,514.0,70060030,0.0,7116946,1545.7219,70060030,2026-08-02 02:22:52.922,2026-07-31 19:59:21.492,1361.1587,w4dMr03254,com.sec.android.app.shealth,aac8a83c-f618-418f-a678-1a72d7c2f364,2026-08-01 00:00:00.000,
,,c9c3379d-596d-40c7-8446-82aa472cc13f.extra_data.json,,65.0,70060030,0.0,3471647,1616.7915,70060030,2026-08-03 01:07:08.678,2026-08-02 02:22:01.861,1044.3416,w4dMr03254,com.sec.android.app.shealth,c9c3379d-596d-40c7-8446-82aa472cc13f,2026-08-02 00:00:00.000,
,,c153c93c-f402-4954-bded-1df05fb1fdc4.extra_data.json,,666.0,70060030,0.0,6522887,1093.7721,70060030,2026-08-03 11:53:44.567,2026-08-02 20:11:43.968,788.8659,w4dMr03254,com.sec.android.app.shealth,c153c93c-f402-4954-bded-1df05fb1fdc4,2026-08-03 00:00:00.000,
