com.samsung.health.skin_temperature,7006003,4
create_sh_ver,stat_m1,stat_m2,baseline,start_time,binning_data,stat_n,tag_id,modify_sh_ver,lower_bound,update_time,create_time,client_data_id,upper_bound,max,min,client_data_ver,temperature,time_offset,deviceuuid,comment,pkg_name,end_time,datauuid
,34.249947,1173.4236,,2024-11-26 16:29:00.000,f3c9eac9-cf00-4e0d-a317-18395a909750.binning_data.json,467,31301,,,2024-11-27 00:57:26.518,2024-11-27 00:57:26.518,,,35.611805,32.765457,,34.249947,UTC+0530,Y4t2FxnDL4,,com.sec.android.app.shealth,2024-11-27 00:30:00.000,f3c9eac9-cf00-4e0d-a317-18395a909750,
,34.16911,1168.0774,,2024-11-27 17:05:00.000,57452010-94a9-458e-8be7-e5f071297403.binning_data.json,507,31301,,,2024-11-28 01:57:17.852,2024-11-28 01:57:17.852,,,35.452164,32.17326,,34.16911,UTC+0530,Y4t2FxnDL4,,com.sec.android.app.shealth,2024-11-28 01:48:00.000,57452010-94a9-458e-8be7-e5f071297403,
,34.164417,1167.7709,,2024-11-28 17:46:00.000,4e2b5e93-80c6-4be8-8543-6e5cf106eebd.binning_data.json,394,31301,,,2024-11-29 01:04:13.449,2024-11-29 01:04:13.449,,,35.723576,32.19176,,34.164417,UTC+0530,Y4t2FxnDL4,,com.sec.android.app.shealth,2024-11-29 00:35:00.000,4e2b5e93-80c6-4be8-8543-6e5cf106eebd,
,33.970226,1154.0913,34.195354,2024-11-29 16:22:00.000,495b6001-100b-4504-8577-1af652f6965b.binning_data.json,427,31301,,32.19176,2024-11-29 23:56:03.164,2024-11-29 23:56:03.164,,35.611805,34.915287,33.070076,,33.970226,UTC+0530,Y4t2FxnDL4,,com.sec.android.app.shealth,2024-11-29 23:46:00.000,495b6001-100b-4504-8577-1af652f6965b,
,33.938377,1153.1198,34.1418,2024-11-30 19:44:00.000,43239565-ead3-4277-bdf2-32895e6f7adf.binning_data.json,360,31301,,32.478607,2024-12-01 02:00:07.417,2024-12-01 02:00:07.417,,35.531982,35.537148,31.163454,,33.938377,UTC+0530,Y4t2FxnDL4,,com.sec.android.app.shealth,2024-12-01 02:00:00.000,43239565-ead3-4277-bdf2-32895e6f7adf,
,34.22075,1171.4982,34.10782,2024-12-01 16:52:00.000,f6610ba2-0217-454a-b1e5-150747d6cadc.binning_data.json,479,31301,,32.376827,2024-12-02 01:05:50.267,2024-12-02 01:05:50.267,,35.533707,35.568928,32.42166,,34.22075,UTC+0530,Y4t2FxnDL4,,com.sec.android.app.shealth,2024-12-02 01:05:00.000,f6610ba2-0217-454a-b1e5-150747d6cadc,
,34.70032,1204.5295,34.128353,2024-12-02 17:29:00.000,49f99f58-3a31-461b-94ef-f0a2a2a5f5fb.binning_data.json,483,31301,,32.388035,2024-12-03 01:53:36.698,2024-12-03 01:53:36.698,,35.54251,36.006214,33.059963,,34.70032,UTC+0530,Y4t2FxnDL4,,com.sec.android.app.shealth,2024-12-03 01:49:00.000,49f99f58-3a31-461b-94ef-f0a2a2a5f5fb,
,34.253403,1174.0532,34.216984,2024-12-03 17:19:00.000,b0e871fc-db5b-4884-8986-f148317cca98.binning_data.json,475,31301,,32.522423,2024-12-04 01:37:38.627,2024-12-04 01:37:38.627,,35.578724,35.954536,32.645603,,34.253403,UTC+0530,Y4t2FxnDL4,,com.sec.android.app.shealth,2024-12-04 01:29:00.000,b0e871fc-db5b-4884-8986-f148317cca98,
,34.235607,1172.4419,34.2218,2024-12-04 17:02:00.000,c48ed6dd-acf8-4859-ae77-e3c1fa5f404a.binning_data.json,474,31301,,32.54295,2024-12-05 01:18:10.645,2024-12-05 01:18:10.645,,35.641357,35.287796,32.64423,,34.235607,UTC+0530,Y4t2FxnDL4,,com.sec.android.app.shealth,2024-12-05 01:18:00.000,c48ed6dd-acf8-4859-ae77-e3c1fa5f404a,
,34.03198,1158.5773,34.22341,2024-12-05 16:23:00.000,4f0080b2-ad4e-40a9-873d-a50d3f4296ec.binning_data.json,565,31301,,32.55742,2024-12-06 02:20:40.736,2024-12-06 02:20:40.736,,35.59085,35.513027,33.05253,,34.03198,UTC+0530,Y4t2FxnDL4,,com.sec.android.app.shealth,2024-12-06 02:04:00.000,4f0080b2-ad4e-40a9-873d-a50d3f4296ec,
,33.848774,1146.0483,34.200054,2024-12-06 20:17:00.000,4b95da2a-42e8-45f4-9f77-cfb06808db24.binning_data.json,421,31301,,32.61931,2024-12-07 03:35:50.513,2024-12-07 03:35:50.513,,35.58112,34.778652,32.81259,,33.848774,UTC+0530,Y4t2FxnDL4,,com.sec.android.app.shealth,2024-12-07 03:35:00.000,4b95da2a-42e8-45f4-9f77-cfb06808db24,
,34.490192,1189.8014,34.17078,2024-12-07 09:31:00.000,352360f7-f51c-4344-8c1a-fcc9af1f0bd5.binning_data.json,110,31301,,32.647686,2024-12-07 11:42:34.593,2024-12-07 11:42:34.593,,35.527775,35.15138,33.29855,,34.490192,UTC+0530,Y4t2FxnDL4,,com.sec.android.app.shealth,2024-12-07 11:42:00.000,352360f7-f51c-4344-8c1a-fcc9af1f0bd5,
,33.99712,1156.0481,34.17759,2024-12-07 17:52:00.000,5b940c7f-7407-48c2-966a-2d5f71a57a98.binning_data.json,388,31301,,32.699223,2024-12-08 01:09:40.471,2024-12-08 01:09:40.471,,35.48073,35.295097,32.82911,,33.99712,UTC+0530,Y4t2FxnDL4,,com.sec.android.app.shealth,2024-12-08 00:39:00.000,5b940c7f-7407-48c2-966a-2d5f71a57a98,
,34.61668,1198.8679,34.16497,2024-12-08 18:34:00.000,f6830377-b8ea-4f84-bb82-1dc7c329e142.binning_data.json,422,31301,,32.713654,2024-12-09 01:54:52.181,2024-12-09 01:54:52.181,,35.4601,35.663513,33.08642,,34.61668,UTC+0530,Y4t2FxnDL4,,com.sec.android.app.shealth,2024-12-09 01:53:00.000,f6830377-b8ea-4f84-bb82-1dc7c329e142,
,34.188416,1169.5997,34.19689,2024-12-09 17:56:00.000,52dd8f0d-90e2-459e-8a55-1122985fe3ec.binning_data.json,499,31301,,32.749294,2024-12-10 02:33:25.014,2024-12-10 02:33:25.014,,35.480442,35.713825,31.930038,,34.188416,UTC+0530,Y4t2FxnDL4,,com.sec.android.app.shealth,2024-12-10 02:33:00.000,52dd8f0d-90e2-459e-8a55-1122985fe3ec,
,34.031315,1159.0955,34.196236,2024-12-10 17:08:00.000,07591154-5d09-439a-b716-28b5b22faa93.binning_data.json,485,31301,,32.69693,2024-12-11 02:01:26.919,2024-12-11 02:01:26.919,,35.50166,36.054382,31.584705,,34.031315,UTC+0530,Y4t2FxnDL4,,com.sec.android.app.shealth,2024-12-11 01:31:00.000,07591154-5d09-439a-b716-28b5b22faa93,
,34.725143,1205.8704,34.18474,2024-12-11 09:14:00.000,e237ce29-319c-4115-b779-9c22615723e3.binning_data.json,115,31301,,32.633022,2024-12-11 11:34:50.478,2024-12-11 11:34:50.478,,35.5394,35.036324,34.223442,,34.725143,UTC+0530,Y4t2FxnDL4,,com.sec.android.app.shealth,2024-12-11 11:29:00.000,e237ce29-319c-4115-b779-9c22615723e3,
,34.21802,1171.5352,34.193527,2024-12-11 16:26:00.000,0b4e6ae5-130c-478e-9944-f4cdae09b1eb.binning_data.json,469,31301,,32.6679,2024-12-12 00:52:28.957,2024-12-12 00:52:28.957,,35.500706,35.562057,31.755621,,34.21802,UTC+0530,Y4t2FxnDL4,,com.sec.android.app.shealth,2024-12-12 00:36:00.000,0b4e6ae5-130c-478e-9944-f4cdae09b1eb,
,34.363106,1181.3661,34.19505,2024-12-12 17:13:00.000,7c3d187e-274e-426c-af90-181383cf64ab.binning_data.json,483,31301,,32.602734,2024-12-13 01:32:46.259,2024-12-13 01:32:46.259,,35.50509,35.834103,32.27888,,34.363106,UTC+0530,Y4t2FxnDL4,,com.sec.android.app.shealth,2024-12-13 01:32:00.000,7c3d187e-274e-426c-af90-181383cf64ab,
,34.413815,1184.5801,34.205166,2024-12-13 17:57:00.000,148ad587-262d-4cb2-9fc2-bdb0fc90ae50.binning_data.json,523,31301,,32.581146,2024-12-14 03:01:37.113,2024-12-14 03:01:37.113,,35.527023,35.56333,33.12975,,34.413815,UTC+0530,Y4t2FxnDL4,,com.sec.android.app.shealth,2024-12-14 02:56:00.000,148ad587-262d-4cb2-9fc2-bdb0fc90ae50,
,34.074677,1161.6222,34.217937,2024-12-14 18:02:00.000,f91b647b-73dc-474d-8b04-b2f058fe6ed8.binning_data.json,405,31301,,32.615433,2024-12-15 01:35:02.608,2024-12-15 01:35:02.608,,35.52929,35.081642,31.82028,,34.074677,UTC+0530,Y4t2FxnDL4,,com.sec.android.app.shealth,2024-12-15 01:04:00.000,f91b647b-73dc-474d-8b04-b2f058fe6ed8,
,34.066917,1160.8612,34.211456,2024-12-15 17:33:00.000,76f8d2ba-596d-4273-a155-b6956a7002dd.binning_data.json,388,31301,,32.585457,2024-12-16 00:19:22.606,2024-12-16 00:19:22.606,,35.50396,35.297142,32.4963,,34.066917,UTC+0530,Y4t2FxnDL4,,com.sec.android.app.shealth,2024-12-16 00:18:00.000,76f8d2ba-596d-4273-a155-b6956a7002dd,
,33.79366,1142.7825,34.20545,2024-12-16 16:23:00.000,0a8409d9-7fac-4afc-a788-cb375f1bbe36.binning_data.json,547,31301,,32.579884,2024-12-17 01:51:48.272,2024-12-17 01:51:48.272,,35.49104,35.250015,32.10342,,33.79366,UTC+0530,Y4t2FxnDL4,,com.sec.android.app.shealth,2024-12-17 01:51:00.000,0a8409d9-7fac-4afc-a788-cb375f1bbe36,
,33.893208,1149.5599,34.182663,2024-12-17 17:40:00.000,acc95547-1352-4490-ad42-a67b2e419bd4.binning_data.json,409,31301,,32.551857,2024-12-18 00:48:16.987,2024-12-18 00:48:16.987,,35.476852,35.288452,31.882006,,33.893208,UTC+0530,Y4t2FxnDL4,,com.sec.android.app.shealth,2024-12-18 00:48:00.000,acc95547-1352-4490-ad42-a67b2e419bd4,
,33.938972,1152.2986,34.171165,2024-12-18 17:41:00.000,6a0d1dc9-c098-4c22-b0e7-618223ed4793.binning_data.json,416,31301,,32.51464,2024-12-19 01:03:09.403,2024-12-19 01:03:09.403,,35.46639,34.890244,31.849651,,33.938972,UTC+0530,Y4t2FxnDL4,,com.sec.android.app.shealth,2024-12-19 01:00:00.000,6a0d1dc9-c098-4c22-b0e7-618223ed4793,
,33.598804,1129.4335,34.162148,2024-12-19 17:29:00.000,26a00cc5-c266-46f3-8f74-d7c24b22cfe5.binning_data.json,481,31301,,32.47964,2024-12-20 01:51:32.706,2024-12-20 01:51:32.706,,35.443756,35.488483,32.13556,,33.598804,UTC+0530,Y4t2FxnDL4,,com.sec.android.app.shealth,2024-12-20 01:51:00.000,26a00cc5-c266-46f3-8f74-d7c24b22cfe5,
,33.949524,1152.9745,34.137936,2024-12-20 20:25:00.000,1c46c856-c65b-4c95-9eca-06a28c093d58.binning_data.json,446,31301,,32.46244,2024-12-21 04:21:53.189,2024-12-21 04:21:53.189,,35.44599,34.956726,32.11741,,33.949524,UTC+0530,Y4t2FxnDL4,,com.sec.android.app.shealth,2024-12-21 04:09:00.000,1c46c856-c65b-4c95-9eca-06a28c093d58,
,33.476475,1120.7205,34.130714,2024-12-21 10:04:00.000,87d307fd-d47b-4035-a6f1-d9f5732289f3.binning_data.json,61,31301,,32.446007,2024-12-21 11:48:06.331,2024-12-21 11:48:06.331,,35.42269,33.86714,33.19758,,33.476475,UTC+0530,Y4t2FxnDL4,,com.sec.android.app.shealth,2024-12-21 11:18:00.000,87d307fd-d47b-4035-a6f1-d9f5732289f3,
,33.588566,1129.3496,34.127304,2024-12-21 18:21:00.000,096c7fef-7ae9-4b9b-aae2-7529e5ba0e63.binning_data.json,401,31301,,32.477085,2024-12-22 01:20:29.136,2024-12-22 01:20:29.136,,35.399628,35.210056,31.378805,,33.588566,UTC+0530,Y4t2FxnDL4,,com.sec.android.app.shealth,2024-12-22 01:20:00.000,096c7fef-7ae9-4b9b-aae2-7529e5ba0e63,
,34.075974,1161.2644,34.10945,2024-12-22 10:31:00.000,41fa5881-d6ae-4f0c-a205-14bc64fe3387.binning_data.json,129,31301,,32.445717,2024-12-22 13:20:00.856,2024-12-22 13:20:00.856,,35.391388,34.65632,33.424976,,34.075974,UTC+0530,Y4t2FxnDL4,,com.sec.android.app.shealth,2024-12-22 13:00:00.000,41fa5881-d6ae-4f0c-a205-14bc64fe3387,
,34.931152,1220.4742,34.109097,2024-12-22 17:46:00.000,fbbe33ce-a0d7-4a51-8f6f-b4f9cd95e492.binning_data.json,445,31301,,32.477047,2024-12-23 01:45:30.073,2024-12-23 01:45:30.073,,35.37051,36.04236,33.46151,,34.931152,UTC+0530,Y4t2FxnDL4,,com.sec.android.app.shealth,2024-12-23 01:26:00.000,fbbe33ce-a0d7-4a51-8f6f-b4f9cd95e492,
,31.611498,999.3725,34.137962,2024-12-23 05:55:00.000,34359a6f-5fff-42a2-9f66-271bddede99a.binning_data.json,54,31301,,32.50841,2024-12-23 07:22:52.481,2024-12-23 07:22:52.481,,35.391388,32.200497,31.243761,,31.611498,UTC+0530,Y4t2FxnDL4,,com.sec.android.app.shealth,2024-12-23 07:03:00.000,34359a6f-5fff-42a2-9f66-271bddede99a,
,34.229588,1171.8037,34.127243,2024-12-23 17:35:00.000,5d0ec7b4-1582-42aa-83f2-d6c2ba89d07a.binning_data.json,450,31301,,32.477047,2024-12-24 01:25:04.829,2024-12-24 01:25:04.829,,35.37051,35.162193,33.134304,,34.229588,UTC+0530,Y4t2FxnDL4,,com.sec.android.app.shealth,2024-12-24 01:22:00.000,5d0ec7b4-1582-42aa-83f2-d6c2ba89d07a,
,34.481377,1189.6171,34.130737,2024-12-24 09:46:00.000,54997dee-3e18-499a-9120-40103b9b4a39.binning_data.json,127,31301,,32.503334,2024-12-24 12:35:09.354,2024-12-24 12:35:09.354,,35.36217,35.086624,32.074444,,34.481377,UTC+0530,Y4t2FxnDL4,,com.sec.android.app.shealth,2024-12-24 12:10:00.000,54997dee-3e18-499a-9120-40103b9b4a39,
,33.702824,1136.4772,34.134083,2024-12-24 17:35:00.000,64db26d8-bfe2-4ccd-9cb4-aa8f253e2699.binning_data.json,476,31301,,32.48684,2024-12-25 02:22:18.782,2024-12-25 02:22:18.782,,35.351574,35.293945,31.697054,,33.702824,UTC+0530,Y4t2FxnDL4,,com.sec.android.app.shealth,2024-12-25 01:52:00.000,64db26d8-bfe2-4ccd-9cb4-aa8f253e2699,
,33.590645,1128.7819,34.1146,2024-12-25 18:46:00.000,a4b85e65-b225-430d-8d07-f23d3358e094.binning_data.json,373,31301,,32.445747,2024-12-26 01:29:38.096,2024-12-26 01:29:38.096,,35.339348,34.714996,32.08829,,33.590645,UTC+0530,Y4t2FxnDL4,,com.sec.android.app.shealth,2024-12-26 01:16:00.000,a4b85e65-b225-430d-8d07-f23d3358e094,
,34.491844,1190.2903,34.097675,2024-12-26 19:16:00.000,93695760-b9bb-47ec-a2db-56772c839c82.binning_data.json,445,31301,,32.442482,2024-12-27 03:02:45.153,2024-12-27 03:02:45.153,,35.313442,35.87643,33.06081,,34.491844,UTC+0530,Y4t2FxnDL4,,com.sec.android.app.shealth,2024-12-27 03:02:00.000,93695760-b9bb-47ec-a2db-56772c839c82,
,32.988823,1089.093,34.11055,2024-12-27 09:48:00.000,efa2d50d-5ab2-4c75-b00e-865c6df29305.binning_data.json,47,31301,,32.46538,2024-12-27 11:14:27.475,2024-12-27 11:14:27.475,,35.334293,34.514618,31.921486,,32.988823,UTC+0530,Y4t2FxnDL4,,com.sec.android.app.shealth,2024-12-27 10:48:00.000,efa2d50d-5ab2-4c75-b00e-865c6df29305,
,34.11849,1164.2517,34.10498,2024-12-27 19:31:00.000,03cb9df3-d8ea-4478-9806-0dbfa0610b13.binning_data.json,398,31301,,32.45537,2024-12-28 02:32:36.667,2024-12-28 02:32:36.667,,35.29694,34.94738,33.070694,,34.11849,UTC+0530,Y4t2FxnDL4,,com.sec.android.app.shealth,2024-12-28 02:24:00.000,03cb9df3-d8ea-4478-9806-0dbfa0610b13,
,33.462868,1120.9924,34.105373,2024-12-28 10:32:00.000,f210725f-72c2-4765-a3d9-d4aaa2e337ef.binning_data.json,176,31301,,32.47735,2024-12-28 13:43:45.753,2024-12-28 13:43:45.753,,35.28445,34.695656,31.346085,,33.462868,UTC+0530,Y4t2FxnDL4,,com.sec.android.app.shealth,2024-12-28 13:43:00.000,f210725f-72c2-4765-a3d9-d4aaa2e337ef,
,33.204758,1103.3529,34.10125,2024-12-28 17:21:00.000,6b68a814-60d0-4857-b113-743a42aec984.binning_data.json,431,31301,,32.424297,2024-12-29 01:05:20.498,2024-12-29 01:05:20.498,,35.276608,35.03212,31.062702,,33.204758,UTC+0530,Y4t2FxnDL4,,com.sec.android.app.shealth,2024-12-29 00:48:00.000,6b68a814-60d0-4857-b113-743a42aec984,
,33.79613,1143.3749,34.076965,2024-12-29 19:23:00.000,0b315fca-403a-445f-9400-e51c485d9885.binning_data.json,382,31301,,32.424297,2024-12-30 02:20:37.628,2024-12-30 02:20:37.628,,35.25857,35.55292,30.229712,,33.79613,UTC+0530,Y4t2FxnDL4,,com.sec.android.app.shealth,2024-12-30 01:59:00.000,0b315fca-403a-445f-9400-e51c485d9885,
,33.78393,1142.1028,34.063816,2024-12-30 18:00:00.000,b0ba55ae-d65b-482f-84f8-f90d8ed6d973.binning_data.json,514,31301,,32.387054,2024-12-31 03:05:47.583,2024-12-31 03:05:47.583,,35.258,35.07506,31.519625,,33.78393,UTC+0530,Y4t2FxnDL4,,com.sec.android.app.shealth,2024-12-31 02:52:00.000,b0ba55ae-d65b-482f-84f8-f90d8ed6d973,
,33.860584,1147.4603,34.030216,2024-12-31 18:49:00.000,d53f8cb6-a91b-4a6f-8b61-964715e47079.binning_data.json,430,31301,,32.33204,2025-01-01 02:15:46.023,2025-01-01 02:15:46.023,,35.22938,35.545986,31.439497,,33.860584,UTC+0530,Y4t2FxnDL4,,com.sec.android.app.shealth,2025-01-01 02:15:00.000,d53f8cb6-a91b-4a6f-8b61-964715e47079,
,33.817192,1144.0898,34.016846,2025-01-01 17:54:00.000,d816853f-91cf-49f0-9f6e-1fe3bd3a03f1.binning_data.json,141,31301,,32.288963,2025-01-01 20:57:35.514,2025-01-01 20:57:35.514,,35.21909,34.81787,32.060585,,33.817192,UTC+0530,Y4t2FxnDL4,,com.sec.android.app.shealth,2025-01-01 20:32:00.000,d816853f-91cf-49f0-9f6e-1fe3bd3a03f1,
,34.816326,1212.2068,34.014763,2025-01-01 21:05:00.000,38928887-a42f-4f8f-aa5a-f317a67a906e.binning_data.json,72,31301,,32.281086,2025-01-01 22:36:17.982,2025-01-01 22:36:17.982,,35.205254,35.079063,34.416748,,34.816326,UTC+0530,Y4t2FxnDL4,,com.sec.android.app.shealth,2025-01-01 22:36:00.000,38928887-a42f-4f8f-aa5a-f317a67a906e,
,33.25665,1106.5592,34.01901,2025-01-01 23:02:00.000,acb67f87-334d-4cec-808f-9f5c323d3bd0.binning_data.json,160,31301,,32.315,2025-01-02 02:04:15.006,2025-01-02 02:04:15.006,,35.20105,34.512817,31.744375,,33.25665,UTC+0530,Y4t2FxnDL4,,com.sec.android.app.shealth,2025-01-02 02:01:00.000,acb67f87-334d-4cec-808f-9f5c323d3bd0,
,33.918243,1151.0435,34.002098,2025-01-02 17:00:00.000,ef907dea-615f-4d35-a271-37f1c3748282.binning_data.json,467,31301,,32.285007,2025-01-03 01:04:13.624,2025-01-03 01:04:13.624,,35.18,35.246624,32.30374,,33.918243,UTC+0530,Y4t2FxnDL4,,com.sec.android.app.shealth,2025-01-03 01:02:00.000,ef907dea-615f-4d35-a271-37f1c3748282,
,33.779194,1142.1213,33.997845,2025-01-03 17:36:00.000,7de2b73c-7db7-48f0-9452-59f8008f9749.binning_data.json,444,31301,,32.260048,2025-01-04 01:43:49.226,2025-01-04 01:43:49.226,,35.171124,35.431976,31.273735,,33.779194,UTC+0530,Y4t2FxnDL4,,com.sec.android.app.shealth,2025-01-04 01:18:00.000,7de2b73c-7db7-48f0-9452-59f8008f9749,
,34.655514,1201.2145,33.990723,2025-01-04 09:49:00.000,9ca1cef8-1857-4d6c-9271-22db5a908e3b.binning_data.json,96,31301,,32.230564,2025-01-04 12:06:30.008,2025-01-04 12:06:30.008,,35.17954,35.32286,33.7212,,34.655514,UTC+0530,Y4t2FxnDL4,,com.sec.android.app.shealth,2025-01-04 11:41:00.000,9ca1cef8-1857-4d6c-9271-22db5a908e3b,
,34.572536,1195.5609,33.995926,2025-01-04 18:41:00.000,b29dc6f9-95b0-4a09-88a5-e1804c26c071.binning_data.json,379,31301,,32.215378,2025-01-05 01:41:38.520,2025-01-05 01:41:38.520,,35.198616,35.405216,33.06677,,34.572536,UTC+0530,Y4t2FxnDL4,,com.sec.android.app.shealth,2025-01-05 01:15:00.000,b29dc6f9-95b0-4a09-88a5-e1804c26c071,
,34.47233,1188.4918,34.012024,2025-01-05 09:17:00.000,432020a6-170a-4b89-a3ab-5a500bc8a127.binning_data.json,166,31301,,32.242844,2025-01-05 12:24:12.839,2025-01-05 12:24:12.839,,35.205284,35.111694,33.49838,,34.47233,UTC+0530,Y4t2FxnDL4,,com.sec.android.app.shealth,2025-01-05 12:19:00.000,432020a6-170a-4b89-a3ab-5a500bc8a127,
,33.98276,1155.7617,34.01818,2025-01-05 16:52:00.000,34857347-f476-43d2-9996-c15c68472b15.binning_data.json,517,31301,,32.26324,2025-01-06 01:45:58.690,2025-01-06 01:45:58.690,,35.199368,36.031467,30.983225,,33.98276,UTC+0530,Y4t2FxnDL4,,com.sec.android.app.shealth,2025-01-06 01:45:00.000,34857347-f476-43d2-9996-c15c68472b15,
,33.933716,1152.3589,33.998035,2025-01-06 17:09:00.000,63c09794-ed0f-4e4d-be16-c08b90a6b783.binning_data.json,518,31301,,32.20477,2025-01-07 02:06:47.481,2025-01-07 02:06:47.481,,35.20487,35.795914,31.438026,,33.933716,UTC+0530,Y4t2FxnDL4,,com.sec.android.app.shealth,2025-01-07 02:05:00.000,63c09794-ed0f-4e4d-be16-c08b90a6b783,
,34.268597,1174.919,33.988506,2025-01-07 17:06:00.000,c90a9a1d-a05b-4ded-a7c1-3eb371548f00.binning_data.json,511,31301,,32.188896,2025-01-08 02:02:16.310,2025-01-08 02:02:16.310,,35.207516,36.001137,32.008827,,34.268597,UTC+0530,Y4t2FxnDL4,,com.sec.android.app.shealth,2025-01-08 01:56:00.000,c90a9a1d-a05b-4ded-a7c1-3eb371548f00,
,33.515263,1124.9447,33.99132,2025-01-08 17:46:00.000,132f9d1f-5ece-42e4-9668-e7557d27574c.binning_data.json,301,31301,,32.160614,2025-01-08 23:30:03.245,2025-01-08 23:30:03.245,,35.21322,34.990726,30.706913,,33.515263,UTC+0530,Y4t2FxnDL4,,com.sec.android.app.shealth,2025-01-08 23:04:00.000,132f9d1f-5ece-42e4-9668-e7557d27574c,
,33.384335,1114.9379,33.980846,2025-01-08 23:33:00.000,079cb83f-b010-4858-8a70-7adef8f49595.binning_data.json,124,31301,,32.131042,2025-01-09 01:57:06.238,2025-01-09 01:57:06.238,,35.206043,34.66302,32.14145,,33.384335,UTC+0530,Y4t2FxnDL4,,com.sec.android.app.shealth,2025-01-09 01:57:00.000,079cb83f-b010-4858-8a70-7adef8f49595,
,33.35933,1113.688,33.966957,2025-01-09 18:30:00.000,4bad1317-75b5-4a7e-9da9-a890a80ff765.binning_data.json,311,31301,,32.143486,2025-01-10 00:21:02.223,2025-01-10 00:21:02.223,,35.177044,35.080894,31.872732,,33.35933,UTC+0530,Y4t2FxnDL4,,com.sec.android.app.shealth,2025-01-09 23:55:00.000,4bad1317-75b5-4a7e-9da9-a890a80ff765,
,33.67678,1134.531,33.93806,2025-01-10 16:35:00.000,5dbdc1e5-42e1-4936-ac0d-46ede7406a50.binning_data.json,516,31301,,32.130386,2025-01-11 01:40:01.345,2025-01-11 01:40:01.345,,35.152744,35.1935,32.14785,,33.67678,UTC+0530,Y4t2FxnDL4,,com.sec.android.app.shealth,2025-01-11 01:28:00.000,5dbdc1e5-42e1-4936-ac0d-46ede7406a50,
,33.484585,1122.222,33.9282,2025-01-11 09:27:00.000,d65910e8-ebd9-4e8e-a5da-f2076c21aa90.binning_data.json,174,31301,,32.130928,2025-01-11 12:36:48.458,2025-01-11 12:36:48.458,,35.154022,35.335865,31.865934,,33.484585,UTC+0530,Y4t2FxnDL4,,com.sec.android.app.shealth,2025-01-11 12:36:00.000,d65910e8-ebd9-4e8e-a5da-f2076c21aa90,
,34.813107,1212.3226,33.903355,2025-01-11 20:08:00.000,f0337008-5aa7-4d99-8fbe-d5fc65696e68.binning_data.json,353,31301,,32.091434,2025-01-12 02:46:13.695,2025-01-12 02:46:13.695,,35.14691,36.28778,33.255547,,34.813107,UTC+0530,Y4t2FxnDL4,,com.sec.android.app.shealth,2025-01-12 02:16:00.000,f0337008-5aa7-4d99-8fbe-d5fc65696e68,
,34.07809,1162.1277,33.922318,2025-01-12 17:53:00.000,c4e92074-2992-4caf-8505-31071583333d.binning_data.json,465,31301,,32.136288,2025-01-13 01:58:38.992,2025-01-13 01:58:38.992,,35.17175,35.431053,32.193447,,34.07809,UTC+0530,Y4t2FxnDL4,,com.sec.android.app.shealth,2025-01-13 01:57:00.000,c4e92074-2992-4caf-8505-31071583333d,
,34.01655,1157.3645,33.923542,2025-01-13 16:15:00.000,e8b1b93e-fd5b-4ae8-9dbc-a9f1f716d6c8.binning_data.json,476,31301,,32.126823,2025-01-14 00:24:20.871,2025-01-14 00:24:20.871,,35.175934,35.190434,32.765972,,34.01655,UTC+0530,Y4t2FxnDL4,,com.sec.android.app.shealth,2025-01-14 00:24:00.000,e8b1b93e-fd5b-4ae8-9dbc-a9f1f716d6c8,
,34.044315,1159.483,33.932224,2025-01-14 17:27:00.000,e1887d4a-5306-4017-aa90-b400ef3c3592.binning_data.json,443,31301,,32.14753,2025-01-15 01:35:05.477,2025-01-15 01:35:05.477,,35.174072,36.01247,31.928814,,34.044315,UTC+0530,Y4t2FxnDL4,,com.sec.android.app.shealth,2025-01-15 01:10:00.000,e1887d4a-5306-4017-aa90-b400ef3c3592,
,33.924458,1151.2396,33.93715,2025-01-15 18:57:00.000,daabb663-cd86-454a-a383-49dbff3518ad.binning_data.json,431,31301,,32.14899,2025-01-16 02:31:56.966,2025-01-16 02:31:56.966,,35.196342,35.118603,32.427094,,33.924458,UTC+0530,Y4t2FxnDL4,,com.sec.android.app.shealth,2025-01-16 02:23:00.000,daabb663-cd86-454a-a383-49dbff3518ad,
,32.126026,1032.1409,33.936752,2025-01-16 06:35:00.000,ee0255a5-54ab-4b23-adf6-bf038e75beae.binning_data.json,44,31301,,32.146004,2025-01-16 08:04:00.201,2025-01-16 08:04:00.201,,35.185295,32.89708,31.819992,,32.126026,UTC+0530,Y4t2FxnDL4,,com.sec.android.app.shealth,2025-01-16 07:38:00.000,ee0255a5-54ab-4b23-adf6-bf038e75beae,
,34.463047,1187.8151,33.930977,2025-01-16 10:25:00.000,6de0bb11-6012-43a9-a296-67280487f458.binning_data.json,46,31301,,32.13582,2025-01-16 11:35:16.966,2025-01-16 11:35:16.966,,35.168766,35.006958,33.86547,,34.463047,UTC+0530,Y4t2FxnDL4,,com.sec.android.app.shealth,2025-01-16 11:30:00.000,6de0bb11-6012-43a9-a296-67280487f458,
,33.92866,1151.722,33.932552,2025-01-16 18:35:00.000,b5bb7f1c-dd59-496d-a022-e9948296c1e0.binning_data.json,413,31301,,32.185043,2025-01-17 02:05:21.193,2025-01-17 02:05:21.193,,35.172413,35.641933,32.535713,,33.92866,UTC+0530,Y4t2FxnDL4,,com.sec.android.app.shealth,2025-01-17 01:50:00.000,b5bb7f1c-dd59-496d-a022-e9948296c1e0,
,34.189,1169.5195,33.944454,2025-01-17 18:08:00.000,98bbbf44-1445-40c7-b690-3c710bdbb306.binning_data.json,375,31301,,32.19755,2025-01-18 01:01:35.056,2025-01-18 01:01:35.056,,35.177208,35.47349,32.46712,,34.189,UTC+0530,Y4t2FxnDL4,,com.sec.android.app.shealth,2025-01-18 00:37:00.000,98bbbf44-1445-40c7-b690-3c710bdbb306,
,34.72449,1206.1455,33.951134,2025-01-18 10:11:00.000,4f9f4c0d-5842-471f-9ac2-7ea996eac329.binning_data.json,155,31301,,32.20572,2025-01-18 13:03:06.598,2025-01-18 13:03:06.598,,35.186188,35.603474,33.494083,,34.72449,UTC+0530,Y4t2FxnDL4,,com.sec.android.app.shealth,2025-01-18 13:01:00.000,4f9f4c0d-5842-471f-9ac2-7ea996eac329,
,34.10026,1163.268,33.962315,2025-01-18 19:27:00.000,67e011c2-1984-4a3b-84a0-a545a45d5b74.binning_data.json,357,31301,,32.21673,2025-01-19 02:07:06.913,2025-01-19 02:07:06.913,,35.222954,34.995502,31.931076,,34.10026,UTC+0530,Y4t2FxnDL4,,com.sec.android.app.shealth,2025-01-19 01:42:00.000,67e011c2-1984-4a3b-84a0-a545a45d5b74,
,33.17615,1101.4166,33.976284,2025-01-19 16:55:00.000,8b92c002-5b82-4b57-8526-8254bcc6464c.binning_data.json,388,31301,,32.195564,2025-01-20 00:15:00.489,2025-01-20 00:15:00.489,,35.234097,35.264362,30.90063,,33.17615,UTC+0530,Y4t2FxnDL4,,com.sec.android.app.shealth,2025-01-19 23:41:00.000,8b92c002-5b82-4b57-8526-8254bcc6464c,
,34.911427,1218.8442,33.95344,2025-01-20 00:12:00.000,df7745cc-40ba-4f26-b3fa-8d04484edef3.binning_data.json,73,31301,,32.16582,2025-01-20 01:46:36.451,2025-01-20 01:46:36.451,,35.23504,35.286144,34.56207,,34.911427,UTC+0530,Y4t2FxnDL4,,com.sec.android.app.shealth,2025-01-20 01:46:00.000,df7745cc-40ba-4f26-b3fa-8d04484edef3,
,33.875725,1148.0328,33.93531,2025-01-20 17:28:00.000,740c895d-594f-4c29-bff9-89e69580ad48.binning_data.json,474,31301,,32.196617,2025-01-21 01:40:08.524,2025-01-21 01:40:08.524,,35.2334,35.055695,31.772882,,33.875725,UTC+0530,Y4t2FxnDL4,,com.sec.android.app.shealth,2025-01-21 01:40:00.000,740c895d-594f-4c29-bff9-89e69580ad48,
,34.187244,1169.7804,33.9177,2025-01-21 17:39:00.000,257c06ad-8789-47e0-9c9b-d5a2cb396660.binning_data.json,507,31301,,32.163136,2025-01-22 02:26:55.942,2025-01-22 02:26:55.942,,35.237946,35.464222,31.081696,,34.187244,UTC+0530,Y4t2FxnDL4,,com.sec.android.app.shealth,2025-01-22 02:26:00.000,257c06ad-8789-47e0-9c9b-d5a2cb396660,
,33.676502,1135.1512,33.93595,2025-01-22 17:09:00.000,8c3a00ca-8748-483a-b040-43b32fee82a6.binning_data.json,421,31301,,32.143906,2025-01-23 00:55:57.215,2025-01-23 00:55:57.215,,35.243267,35.430767,31.569637,,33.676502,UTC+0530,Y4t2FxnDL4,,com.sec.android.app.shealth,2025-01-23 00:27:00.000,8c3a00ca-8748-483a-b040-43b32fee82a6,
,33.83729,1145.7009,33.93744,2025-01-23 16:57:00.000,a9096b00-c7c9-4ea2-b72b-039aaff00c28.binning_data.json,507,31301,,32.1277,2025-01-24 01:42:26.282,2025-01-24 01:42:26.282,,35.265636,35.094116,31.68421,,33.83729,UTC+0530,Y4t2FxnDL4,,com.sec.android.app.shealth,2025-01-24 01:42:00.000,a9096b00-c7c9-4ea2-b72b-039aaff00c28,
,34.124695,1165.2032,33.918217,2025-01-24 18:06:00.000,be174b4e-0500-4aed-947a-56f6238e4f21.binning_data.json,412,31301,,32.089947,2025-01-25 01:19:26.707,2025-01-25 01:19:26.707,,35.258785,35.79098,31.716969,,34.124695,UTC+0530,Y4t2FxnDL4,,com.sec.android.app.shealth,2025-01-25 01:19:00.000,be174b4e-0500-4aed-947a-56f6238e4f21,
,34.88106,1216.9686,33.924488,2025-01-25 10:11:00.000,2a1c4143-75fe-4f3a-8cd9-1d4f74509345.binning_data.json,91,31301,,32.078293,2025-01-25 12:09:50.449,2025-01-25 12:09:50.449,,35.275417,35.70055,34.144344,,34.88106,UTC+0530,Y4t2FxnDL4,,com.sec.android.app.shealth,2025-01-25 11:56:00.000,2a1c4143-75fe-4f3a-8cd9-1d4f74509345,
,33.99708,1156.3711,33.931446,2025-01-25 17:45:00.000,9a23ec58-bb79-4376-b26a-d07272360c77.binning_data.json,421,31301,,32.122894,2025-01-26 01:03:52.853,2025-01-26 01:03:52.853,,35.314472,35.253105,31.492697,,33.99708,UTC+0530,Y4t2FxnDL4,,com.sec.android.app.shealth,2025-01-26 01:03:00.000,9a23ec58-bb79-4376-b26a-d07272360c77,
,34.29219,1176.2051,33.933495,2025-01-26 09:18:00.000,99c2a49d-bc9c-443f-94cb-dc7a282a2141.binning_data.json,134,31301,,32.103203,2025-01-26 11:55:40.859,2025-01-26 11:55:40.859,,35.312553,34.958866,33.345856,,34.29219,UTC+0530,Y4t2FxnDL4,,com.sec.android.app.shealth,2025-01-26 11:45:00.000,99c2a49d-bc9c-443f-94cb-dc7a282a2141,
,34.011055,1157.6897,33.96091,2025-01-26 17:42:00.000,4f515611-1abc-4275-a689-ac25f45caeea.binning_data.json,375,31301,,32.17455,2025-01-27 00:15:40.976,2025-01-27 00:15:40.976,,35.310265,35.74648,31.597885,,34.011055,UTC+0530,Y4t2FxnDL4,,com.sec.android.app.shealth,2025-01-27 00:15:00.000,4f515611-1abc-4275-a689-ac25f45caeea,
,34.37698,1182.1157,33.962296,2025-01-27 00:44:00.000,6e3a06eb-4f0d-448a-9ad6-0288c3787380.binning_data.json,89,31301,,32.14131,2025-01-27 02:30:08.115,2025-01-27 02:30:08.115,,35.32001,35.382797,33.3014,,34.37698,UTC+0530,Y4t2FxnDL4,,com.sec.android.app.shealth,2025-01-27 02:30:00.000,6e3a06eb-4f0d-448a-9ad6-0288c3787380,
,34.720528,1205.9203,33.96985,2025-01-27 17:53:00.000,c4ec9ca0-62f3-4f5a-9d20-3fbcfb1d3c66.binning_data.json,436,31301,,32.206715,2025-01-28 01:51:52.562,2025-01-28 01:51:52.562,,35.314526,35.83818,32.792435,,34.720528,UTC+0530,Y4t2FxnDL4,,com.sec.android.app.shealth,2025-01-28 01:25:00.000,c4ec9ca0-62f3-4f5a-9d20-3fbcfb1d3c66,
,33.328762,1112.773,34.00185,2025-01-28 16:36:00.000,d4199fec-9f9c-456d-bff4-f2ca9085235b.binning_data.json,323,31301,,32.247772,2025-01-28 22:39:24.896,2025-01-28 22:39:24.896,,35.337772,35.988617,31.264362,,33.328762,UTC+0530,Y4t2FxnDL4,,com.sec.android.app.shealth,2025-01-28 22:14:00.000,d4199fec-9f9c-456d-bff4-f2ca9085235b,
,35.77089,1279.7493,33.98579,2025-01-28 22:39:00.000,7a6565cc-718c-44ea-acbc-d15c1426dae2.binning_data.json,75,31301,,32.217335,2025-01-29 00:07:49.817,2025-01-29 00:07:49.817,,35.35341,36.609974,34.98121,,35.77089,UTC+0530,Y4t2FxnDL4,,com.sec.android.app.shealth,2025-01-29 00:07:00.000,7a6565cc-718c-44ea-acbc-d15c1426dae2,
,33.846313,1146.2338,34.00003,2025-01-29 17:15:00.000,a840a526-9029-41e2-a30a-029906d815f1.binning_data.json,434,31301,,32.288635,2025-01-30 00:46:39.205,2025-01-30 00:46:39.205,,35.367245,35.283875,31.893625,,33.846313,UTC+0530,Y4t2FxnDL4,,com.sec.android.app.shealth,2025-01-30 00:46:00.000,a840a526-9029-41e2-a30a-029906d815f1,
,33.51984,1124.292,34.001484,2025-01-30 16:59:00.000,38db86d6-2b40-4724-bcba-605f92b9c5be.binning_data.json,461,31301,,32.268417,2025-01-31 01:10:07.126,2025-01-31 01:10:07.126,,35.40522,35.273907,30.951033,,33.51984,UTC+0530,Y4t2FxnDL4,,com.sec.android.app.shealth,2025-01-31 00:56:00.000,38db86d6-2b40-4724-bcba-605f92b9c5be,
,34.478333,1189.016,33.98528,2025-01-31 10:00:00.000,99a1d1c4-e4c3-47e4-9dc9-4fb4a10543e9.binning_data.json,83,31301,,32.221554,2025-01-31 11:45:07.212,2025-01-31 11:45:07.212,,35.394978,35.34122,33.67055,,34.478333,UTC+0530,Y4t2FxnDL4,,com.sec.android.app.shealth,2025-01-31 11:44:00.000,99a1d1c4-e4c3-47e4-9dc9-4fb4a10543e9,
,33.836205,1145.3629,33.990704,2025-01-31 19:37:00.000,0e5758aa-d9c2-4812-af7d-caaaf5602a5d.binning_data.json,385,31301,,32.26564,2025-02-01 02:23:35.751,2025-02-01 02:23:35.751,,35.39803,35.29869,32.125717,,33.836205,UTC+0530,Y4t2FxnDL4,,com.sec.android.app.shealth,2025-02-01 02:23:00.000,0e5758aa-d9c2-4812-af7d-caaaf5602a5d,
,33.646767,1133.4019,33.98847,2025-02-01 18:11:00.000,897071af-b3e0-45df-a9ef-84a9c87fa853.binning_data.json,453,31301,,32.25527,2025-02-02 02:08:28.034,2025-02-02 02:08:28.034,,35.40248,35.429024,30.942759,,33.646767,UTC+0530,Y4t2FxnDL4,,com.sec.android.app.shealth,2025-02-02 02:06:00.000,897071af-b3e0-45df-a9ef-84a9c87fa853,
,34.244747,1173.4149,33.9771,2025-02-02 09:52:00.000,a444d862-d981-4170-8d60-033e904d0aaf.binning_data.json,94,31301,,32.209614,2025-02-02 11:56:05.632,2025-02-02 11:56:05.632,,35.397152,35.46689,33.01352,,34.244747,UTC+0530,Y4t2FxnDL4,,com.sec.android.app.shealth,2025-02-02 11:47:00.000,a444d862-d981-4170-8d60-033e904d0aaf,
,34.30623,1177.4591,33.955627,2025-02-02 17:29:00.000,ad9fedc1-3973-4e8d-9526-57736d11dad8.binning_data.json,459,31301,,32.17501,2025-02-03 01:45:18.952,2025-02-03 01:45:18.952,,35.41432,36.198154,32.193092,,34.30623,UTC+0530,Y4t2FxnDL4,,com.sec.android.app.shealth,2025-02-03 01:26:00.000,ad9fedc1-3973-4e8d-9526-57736d11dad8,
,31.471888,990.70184,33.96744,2025-02-03 02:17:00.000,3dc682b8-0b21-462c-aed6-a0090128bf1e.binning_data.json,68,31301,,32.165794,2025-02-03 03:46:16.479,2025-02-03 03:46:16.479,,35.427834,32.264103,30.702559,,31.471888,UTC+0530,Y4t2FxnDL4,,com.sec.android.app.shealth,2025-02-03 03:42:00.000,3dc682b8-0b21-462c-aed6-a0090128bf1e,
,33.37937,1115.498,33.95396,2025-02-03 17:27:00.000,cd0cd8a1-f663-45ad-a7a6-0ed62047d78b.binning_data.json,278,31301,,32.165794,2025-02-03 22:44:52.179,2025-02-03 22:44:52.179,,35.395393,35.219685,30.877094,,33.37937,UTC+0530,Y4t2FxnDL4,,com.sec.android.app.shealth,2025-02-03 22:19:00.000,cd0cd8a1-f663-45ad-a7a6-0ed62047d78b,
,34.34865,1180.4767,33.942085,2025-02-03 23:40:00.000,73e4d498-056e-4ca7-821f-208b4f8237a5.binning_data.json,159,31301,,32.127834,2025-02-04 02:35:04.573,2025-02-04 02:35:04.573,,35.389904,35.79824,32.96065,,34.34865,UTC+0530,Y4t2FxnDL4,,com.sec.android.app.shealth,2025-02-04 02:35:00.000,73e4d498-056e-4ca7-821f-208b4f8237a5,
,33.485886,1122.5165,33.947353,2025-02-04 17:22:00.000,f57dbd3c-e784-4c60-a3c0-48e3a04b00e9.binning_data.json,460,31301,,32.175415,2025-02-05 01:40:32.652,2025-02-05 01:40:32.652,,35.389977,35.193966,30.210583,,33.485886,UTC+0530,Y4t2FxnDL4,,com.sec.android.app.shealth,2025-02-05 01:14:00.000,f57dbd3c-e784-4c60-a3c0-48e3a04b00e9,
,33.711685,1138.1494,33.918495,2025-02-05 16:57:00.000,a7458d5a-6df1-4922-854e-03f9843f9503.binning_data.json,529,31301,,32.1421,2025-02-06 02:15:26.798,2025-02-06 02:15:26.798,,35.365143,35.97131,30.290995,,33.711685,UTC+0530,Y4t2FxnDL4,,com.sec.android.app.shealth,2025-02-06 02:04:00.000,a7458d5a-6df1-4922-854e-03f9843f9503,
,33.763695,1140.9934,33.924442,2025-02-06 18:26:00.000,70589439-b580-4f45-a6ac-414e916ea756.binning_data.json,415,31301,,32.142124,2025-02-07 01:41:29.461,2025-02-07 01:41:29.461,,35.408176,35.714108,31.83695,,33.763695,UTC+0530,Y4t2FxnDL4,,com.sec.android.app.shealth,2025-02-07 01:38:00.000,70589439-b580-4f45-a6ac-414e916ea756,
,33.598145,1129.533,33.93267,2025-02-07 17:21:00.000,41a9840e-985a-471e-96a7-bbf906f23e10.binning_data.json,401,31301,,32.140965,2025-02-08 00:17:57.643,2025-02-08 00:17:57.643,,35.4286,35.16567,31.720758,,33.598145,UTC+0530,Y4t2FxnDL4,,com.sec.android.app.shealth,2025-02-08 00:17:00.000,41a9840e-985a-471e-96a7-bbf906f23e10,
,33.904507,1150.0469,33.938526,2025-02-08 18:44:00.000,e62517b1-6116-435c-bb5b-bd906168c76c.binning_data.json,429,31301,,32.14526,2025-02-09 02:19:44.779,2025-02-09 02:19:44.779,,35.434956,35.20051,32.332943,,33.904507,UTC+0530,Y4t2FxnDL4,,com.sec.android.app.shealth,2025-02-09 02:10:00.000,e62517b1-6116-435c-bb5b-bd906168c76c,
,33.371475,1114.9255,33.913727,2025-02-09 17:10:00.000,00aacf43-e190-4757-8eba-26c861eae7c6.binning_data.json,410,31301,,32.116425,2025-02-10 00:18:14.514,2025-02-10 00:18:14.514,,35.410324,35.48162,30.564629,,33.371475,UTC+0530,Y4t2FxnDL4,,com.sec.android.app.shealth,2025-02-10 00:18:00.000,00aacf43-e190-4757-8eba-26c861eae7c6,
,34.017776,1157.9517,33.89072,2025-02-10 17:09:00.000,0e534851-1b12-4c7e-be6c-2549dbad3feb.binning_data.json,473,31301,,32.07529,2025-02-11 01:43:37.603,2025-02-11 01:43:37.603,,35.411903,35.601067,31.04643,,34.017776,UTC+0530,Y4t2FxnDL4,,com.sec.android.app.shealth,2025-02-11 01:17:00.000,0e534851-1b12-4c7e-be6c-2549dbad3feb,
,33.505978,1123.8374,33.890736,2025-02-11 17:39:00.000,435f93df-184a-468f-bdf7-ac9e113aaa2e.binning_data.json,481,31301,,32.021553,2025-02-12 02:09:02.073,2025-02-12 02:09:02.073,,35.424736,35.213604,30.24891,,33.505978,UTC+0530,Y4t2FxnDL4,,com.sec.android.app.shealth,2025-02-12 01:55:00.000,435f93df-184a-468f-bdf7-ac9e113aaa2e,
,34.361515,1181.0358,33.871292,2025-02-12 17:52:00.000,cdbff347-09d4-4da5-9416-9f4b8a8cfc7e.binning_data.json,490,31301,,31.983232,2025-02-13 02:20:27.051,2025-02-13 02:20:27.051,,35.401062,35.50472,33.038967,,34.361515,UTC+0530,Y4t2FxnDL4,,com.sec.android.app.shealth,2025-02-13 02:20:00.000,cdbff347-09d4-4da5-9416-9f4b8a8cfc7e,
,33.57981,1128.0125,33.89184,2025-02-13 18:09:00.000,e5ad74f3-788b-40f9-8047-8839bb6c59b1.binning_data.json,427,31301,,31.952822,2025-02-14 01:33:30.549,2025-02-14 01:33:30.549,,35.43858,35.591038,32.240196,,33.57981,UTC+0530,Y4t2FxnDL4,,com.sec.android.app.shealth,2025-02-14 01:33:00.000,e5ad74f3-788b-40f9-8047-8839bb6c59b1,
,34.009663,1157.1791,33.880424,2025-02-14 18:22:00.000,531bc170-ee9a-4529-8f71-b7071c215a38.binning_data.json,348,31301,,31.94297,2025-02-15 00:55:27.295,2025-02-15 00:55:27.295,,35.436882,35.450783,32.507046,,34.009663,UTC+0530,Y4t2FxnDL4,,com.sec.android.app.shealth,2025-02-15 00:30:00.000,531bc170-ee9a-4529-8f71-b7071c215a38,
,34.26215,1174.2821,33.883793,2025-02-15 09:30:00.000,cd357330-9901-4fde-b0b9-5404fff3cd98.binning_data.json,171,31301,,31.961168,2025-02-15 12:52:35.156,2025-02-15 12:52:35.156,,35.437332,35.01521,31.837765,,34.26215,UTC+0530,Y4t2FxnDL4,,com.sec.android.app.shealth,2025-02-15 12:36:00.000,cd357330-9901-4fde-b0b9-5404fff3cd98,
,34.197483,1170.4202,33.86993,2025-02-15 19:04:00.000,e1814d96-9da5-4736-b95d-08fa61bbe55e.binning_data.json,360,31301,,31.889091,2025-02-16 01:21:30.361,2025-02-16 01:21:30.361,,35.417866,36.14305,31.431747,,34.197483,UTC+0530,Y4t2FxnDL4,,com.sec.android.app.shealth,2025-02-16 01:19:00.000,e1814d96-9da5-4736-b95d-08fa61bbe55e,
,33.970154,1154.103,33.878765,2025-02-16 08:41:00.000,561c209f-3159-4110-8350-b915ff061ad6.binning_data.json,66,31301,,31.874338,2025-02-16 10:22:59.655,2025-02-16 10:22:59.655,,35.43572,34.628765,33.34959,,33.970154,UTC+0530,Y4t2FxnDL4,,com.sec.android.app.shealth,2025-02-16 09:59:00.000,561c209f-3159-4110-8350-b915ff061ad6,
,33.585873,1129.0815,33.873173,2025-02-16 17:38:00.000,17db77f9-d246-4efa-98ab-7967e9df6883.binning_data.json,427,31301,,31.9201,2025-02-17 01:28:38.087,2025-02-17 01:28:38.087,,35.43572,35.023827,30.833855,,33.585873,UTC+0530,Y4t2FxnDL4,,com.sec.android.app.shealth,2025-02-17 01:02:00.000,17db77f9-d246-4efa-98ab-7967e9df6883,
,33.95983,1154.4427,33.878696,2025-02-17 17:42:00.000,dc2e8311-f90b-4474-85b1-8fa786142fed.binning_data.json,470,31301,,31.870222,2025-02-18 02:15:00.697,2025-02-18 02:15:00.697,,35.43269,35.514122,31.155207,,33.95983,UTC+0530,Y4t2FxnDL4,,com.sec.android.app.shealth,2025-02-18 01:48:00.000,dc2e8311-f90b-4474-85b1-8fa786142fed,
,34.7927,1210.6932,33.881523,2025-02-18 10:25:00.000,d8de641b-480c-434d-b1a1-c6fc38b9ae97.binning_data.json,70,31301,,31.847157,2025-02-18 11:54:40.579,2025-02-18 11:54:40.579,,35.435314,35.738712,34.108994,,34.7927,UTC+0530,Y4t2FxnDL4,,com.sec.android.app.shealth,2025-02-18 11:49:00.000,d8de641b-480c-434d-b1a1-c6fc38b9ae97,
,33.53128,1125.1519,33.886604,2025-02-18 17:18:00.000,96abe3c8-8d5d-487f-b3d9-303ae02066ac.binning_data.json,459,31301,,31.89802,2025-02-19 01:30:56.731,2025-02-19 01:30:56.731,,35.457348,35.107872,30.553465,,33.53128,UTC+0530,Y4t2FxnDL4,,com.sec.android.app.shealth,2025-02-19 01:13:00.000,96abe3c8-8d5d-487f-b3d9-303ae02066ac,
,32.80646,1076.4598,33.87457,2025-02-19 09:13:00.000,5aeda1aa-899a-4add-87e4-27ff6216d4b7.binning_data.json,68,31301,,31.85635,2025-02-19 11:09:07.321,2025-02-19 11:09:07.321,,35.446426,33.529984,32.143234,,32.80646,UTC+0530,Y4t2FxnDL4,,com.sec.android.app.shealth,2025-02-19 10:41:00.000,5aeda1aa-899a-4add-87e4-27ff6216d4b7,
,34.316673,1178.5177,33.856937,2025-02-19 17:31:00.000,44a03db7-dad4-49c0-9e82-b9837967fc0a.binning_data.json,470,31301,,31.889526,2025-02-20 01:36:33.538,2025-02-20 01:36:33.538,,35.432396,35.932938,31.893414,,34.316673,UTC+0530,Y4t2FxnDL4,,com.sec.android.app.shealth,2025-02-20 01:36:00.000,44a03db7-dad4-49c0-9e82-b9837967fc0a,
,34.389484,1183.0892,33.879128,2025-02-20 16:31:00.000,d8f94fd3-8aaa-4ea6-b7be-5c057e47771d.binning_data.json,482,31301,,31.899643,2025-02-21 01:18:31.301,2025-02-21 01:18:31.301,,35.44809,35.620255,32.791035,,34.389484,UTC+0530,Y4t2FxnDL4,,com.sec.android.app.shealth,2025-02-21 00:48:00.000,d8f94fd3-8aaa-4ea6-b7be-5c057e47771d,
,34.541805,1193.6755,33.89947,2025-02-21 17:19:00.000,84610cbf-3af4-4d2c-813f-ca7c213ac355.binning_data.json,432,31301,,31.93423,2025-02-22 00:52:55.012,2025-02-22 00:52:55.012,,35.46453,35.559185,32.18687,,34.541805,UTC+0530,Y4t2FxnDL4,,com.sec.android.app.shealth,2025-02-22 00:46:00.000,84610cbf-3af4-4d2c-813f-ca7c213ac355,
,33.983784,1155.5791,33.90677,2025-02-22 17:46:00.000,130d115d-645f-4255-871b-bcbfeccbf042.binning_data.json,453,31301,,31.90373,2025-02-23 02:00:20.096,2025-02-23 02:00:20.096,,35.44944,35.51636,31.951431,,33.983784,UTC+0530,Y4t2FxnDL4,,com.sec.android.app.shealth,2025-02-23 01:35:00.000,130d115d-645f-4255-871b-bcbfeccbf042,
,32.850025,1079.4163,33.90935,2025-02-23 09:23:00.000,338ec20b-8c84-4a77-a6b5-4614181c6110.binning_data.json,96,31301,,31.90522,2025-02-23 11:35:05.141,2025-02-23 11:35:05.141,,35.45153,34.049408,31.922108,,32.850025,UTC+0530,Y4t2FxnDL4,,com.sec.android.app.shealth,2025-02-23 11:15:00.000,338ec20b-8c84-4a77-a6b5-4614181c6110,
,33.579556,1128.002,33.894806,2025-02-23 17:28:00.000,d3c49483-6cda-40b7-8381-d5d810f016fa.binning_data.json,423,31301,,31.872602,2025-02-24 01:18:53.608,2025-02-24 01:18:53.608,,35.457928,34.92326,31.77625,,33.579556,UTC+0530,Y4t2FxnDL4,,com.sec.android.app.shealth,2025-02-24 00:48:00.000,d3c49483-6cda-40b7-8381-d5d810f016fa,
,33.797173,1142.7239,33.87792,2025-02-24 17:18:00.000,9d8f9ef0-3171-4e54-bda7-1d9449160434.binning_data.json,420,31301,,31.830921,2025-02-25 01:05:04.141,2025-02-25 01:05:04.141,,35.43299,35.450256,32.234425,,33.797173,UTC+0530,Y4t2FxnDL4,,com.sec.android.app.shealth,2025-02-25 00:34:00.000,9d8f9ef0-3171-4e54-bda7-1d9449160434,
,34.226555,1171.8877,33.847054,2025-02-25 17:27:00.000,a50580ab-7202-4b2b-a7e4-d5d87a7c407c.binning_data.json,525,31301,,31.81232,2025-02-26 02:32:08.241,2025-02-26 02:32:08.241,,35.420063,35.46907,32.540142,,34.226555,UTC+0530,Y4t2FxnDL4,,com.sec.android.app.shealth,2025-02-26 02:30:00.000,a50580ab-7202-4b2b-a7e4-d5d87a7c407c,
,33.660374,1133.9482,33.86399,2025-02-26 17:43:00.000,f184aa68-2e94-4b6b-b92f-2964733328dc.binning_data.json,465,31301,,31.814014,2025-02-27 02:12:50.137,2025-02-27 02:12:50.137,,35.38506,35.255077,31.645395,,33.660374,UTC+0530,Y4t2FxnDL4,,com.sec.android.app.shealth,2025-02-27 01:44:00.000,f184aa68-2e94-4b6b-b92f-2964733328dc,
,33.868935,1148.5773,33.85738,2025-02-27 17:35:00.000,365ef6f4-8485-4636-88de-206c72c2c98e.binning_data.json,365,31301,,31.805458,2025-02-28 00:22:30.776,2025-02-28 00:22:30.776,,35.384068,35.898674,31.368958,,33.868935,UTC+0530,Y4t2FxnDL4,,com.sec.android.app.shealth,2025-02-27 23:54:00.000,365ef6f4-8485-4636-88de-206c72c2c98e,
,34.214733,1171.008,33.86572,2025-02-28 17:33:00.000,37fbefe2-baf6-4e05-bf3d-15f417f80318.binning_data.json,412,31301,,31.777239,2025-03-01 00:48:13.648,2025-03-01 00:48:13.648,,35.40791,35.477505,33.03263,,34.214733,UTC+0530,Y4t2FxnDL4,,com.sec.android.app.shealth,2025-03-01 00:41:00.000,37fbefe2-baf6-4e05-bf3d-15f417f80318,
,34.742046,1207.9075,33.876457,2025-03-01 10:06:00.000,d8ae7a07-e08f-4bad-b8ce-913f633f66b5.binning_data.json,158,31301,,31.81987,2025-03-01 13:12:48.169,2025-03-01 13:12:48.169,,35.41031,36.30421,32.41314,,34.742046,UTC+0530,Y4t2FxnDL4,,com.sec.android.app.shealth,2025-03-01 12:58:00.000,d8ae7a07-e08f-4bad-b8ce-913f633f66b5,
,34.03698,1159.3832,33.88802,2025-03-01 17:56:00.000,eb2f7e9a-418d-4d7c-9893-91faa43a70cf.binning_data.json,389,31301,,31.829779,2025-03-02 00:55:00.057,2025-03-02 00:55:00.057,,35.43218,35.389606,31.227354,,34.03698,UTC+0530,Y4t2FxnDL4,,com.sec.android.app.shealth,2025-03-02 00:42:00.000,eb2f7e9a-418d-4d7c-9893-91faa43a70cf,
,33.95208,1153.7617,33.8983,2025-03-02 17:39:00.000,ddc720eb-c53a-4ad5-9d37-40bc82388c08.binning_data.json,418,31301,,31.797667,2025-03-03 01:21:38.849,2025-03-03 01:21:38.849,,35.42953,35.38162,31.346521,,33.95208,UTC+0530,Y4t2FxnDL4,,com.sec.android.app.shealth,2025-03-03 00:52:00.000,ddc720eb-c53a-4ad5-9d37-40bc82388c08,
,34.422115,1185.2188,33.89832,2025-03-03 18:04:00.000,a69143bf-c37d-426c-aef8-5fdee07e4711.binning_data.json,476,31301,,31.806871,2025-03-04 02:31:21.667,2025-03-04 02:31:21.667,,35.427864,35.71565,32.67804,,34.422115,UTC+0530,Y4t2FxnDL4,,com.sec.android.app.shealth,2025-03-04 02:18:00.000,a69143bf-c37d-426c-aef8-5fdee07e4711,
,33.882393,1148.674,33.923206,2025-03-04 17:30:00.000,66e2a8aa-39c0-400d-ad52-f96fc17ed32e.binning_data.json,422,31301,,31.831764,2025-03-05 01:38:23.367,2025-03-05 01:38:23.367,,35.432693,35.62961,31.496254,,33.882393,UTC+0530,Y4t2FxnDL4,,com.sec.android.app.shealth,2025-03-05 01:13:00.000,66e2a8aa-39c0-400d-ad52-f96fc17ed32e,
,34.582386,1196.476,33.937466,2025-03-05 18:30:00.000,ea45a061-c4f3-4173-8057-b2c74d04ea40.binning_data.json,450,31301,,31.867596,2025-03-06 02:46:40.980,2025-03-06 02:46:40.980,,35.449455,35.66475,32.638485,,34.582386,UTC+0530,Y4t2FxnDL4,,com.sec.android.app.shealth,2025-03-06 02:16:00.000,ea45a061-c4f3-4173-8057-b2c74d04ea40,
,33.42803,1118.3119,33.969418,2025-03-06 18:16:00.000,273d5bb5-3e0f-4a70-8203-518f5604245b.binning_data.json,324,31301,,31.937004,2025-03-07 00:19:41.252,2025-03-07 00:19:41.252,,35.440456,35.58967,31.154085,,33.42803,UTC+0530,Y4t2FxnDL4,,com.sec.android.app.shealth,2025-03-06 23:52:00.000,273d5bb5-3e0f-4a70-8203-518f5604245b,
,34.62373,1199.8127,33.962345,2025-03-07 18:50:00.000,f9b790ac-c14b-4a39-bfc1-db37cc630a88.binning_data.json,390,31301,,31.91074,2025-03-08 02:05:01.193,2025-03-08 02:05:01.193,,35.435665,36.425823,32.066254,,34.62373,UTC+0530,Y4t2FxnDL4,,com.sec.android.app.shealth,2025-03-08 01:37:00.000,f9b790ac-c14b-4a39-bfc1-db37cc630a88,
,34.055023,1160.6342,33.994106,2025-03-08 18:14:00.000,136b989b-365d-4060-96f0-446dfb3797ec.binning_data.json,395,31301,,31.924028,2025-03-09 01:34:05.537,2025-03-09 01:34:05.537,,35.46386,36.001614,32.01293,,34.055023,UTC+0530,Y4t2FxnDL4,,com.sec.android.app.shealth,2025-03-09 01:09:00.000,136b989b-365d-4060-96f0-446dfb3797ec,
,34.30044,1176.9911,33.99903,2025-03-09 18:12:00.000,25ef0f33-ca12-4a2f-b4f3-639182b0f028.binning_data.json,476,31301,,31.91172,2025-03-10 02:32:32.498,2025-03-10 02:32:32.498,,35.49203,35.577736,32.59369,,34.30044,UTC+0530,Y4t2FxnDL4,,com.sec.android.app.shealth,2025-03-10 02:26:00.000,25ef0f33-ca12-4a2f-b4f3-639182b0f028,
,34.391426,1183.5323,34.030464,2025-03-10 18:46:00.000,883237b9-9c00-41c6-b2c7-c93400d47638.binning_data.json,319,31301,,31.97123,2025-03-11 00:42:21.268,2025-03-11 00:42:21.268,,35.495728,35.5526,31.765,,34.391426,UTC+0530,Y4t2FxnDL4,,com.sec.android.app.shealth,2025-03-11 00:20:00.000,883237b9-9c00-41c6-b2c7-c93400d47638,
,34.34956,1181.0035,34.04008,2025-03-11 17:03:00.000,741db6d0-ba12-4cbb-a97c-13d557cd9a08.binning_data.json,426,31301,,31.994724,2025-03-12 00:24:40.160,2025-03-12 00:24:40.160,,35.493862,36.010807,31.128325,,34.34956,UTC+0530,Y4t2FxnDL4,,com.sec.android.app.shealth,2025-03-12 00:24:00.000,741db6d0-ba12-4cbb-a97c-13d557cd9a08,
,33.53116,1125.2832,34.071075,2025-03-12 17:10:00.000,b8e78443-a705-4fe8-b66b-607e075f427a.binning_data.json,369,31301,,31.994724,2025-03-13 00:05:00.520,2025-03-13 00:05:00.520,,35.52417,34.725163,30.622059,,33.53116,UTC+0530,Y4t2FxnDL4,,com.sec.android.app.shealth,2025-03-12 23:36:00.000,b8e78443-a705-4fe8-b66b-607e075f427a,
,33.77051,1140.8793,34.055645,2025-03-13 10:20:00.000,5dc318fb-55cd-4a2b-84b3-4e0eaa4eaa8b.binning_data.json,93,31301,,31.96359,2025-03-13 12:12:35.161,2025-03-13 12:12:35.161,,35.50191,34.760708,32.85847,,33.77051,UTC+0530,Y4t2FxnDL4,,com.sec.android.app.shealth,2025-03-13 12:12:00.000,5dc318fb-55cd-4a2b-84b3-4e0eaa4eaa8b,
,33.932594,1152.3608,34.04155,2025-03-13 18:17:00.000,29cffdfe-9ba8-4359-9da9-2d76709a8b24.binning_data.json,490,31301,,31.96359,2025-03-14 02:56:59.371,2025-03-14 02:56:59.371,,35.47436,35.782406,32.01029,,33.932594,UTC+0530,Y4t2FxnDL4,,com.sec.android.app.shealth,2025-03-14 02:43:00.000,29cffdfe-9ba8-4359-9da9-2d76709a8b24,
,34.12627,1165.6384,34.052982,2025-03-14 17:22:00.000,bf77c56a-5ee3-4451-b8d3-0eac070b66a0.binning_data.json,486,31301,,31.955078,2025-03-15 02:10:23.788,2025-03-15 02:10:23.788,,35.48145,35.62959,31.751768,,34.12627,UTC+0530,Y4t2FxnDL4,,com.sec.android.app.shealth,2025-03-15 01:44:00.000,bf77c56a-5ee3-4451-b8d3-0eac070b66a0,
,34.03195,1158.7275,34.05417,2025-03-15 18:16:00.000,167961d1-ddd9-40b8-b6ec-e2d9bc510f6d.binning_data.json,396,31301,,31.930542,2025-03-16 01:32:40.477,2025-03-16 01:32:40.477,,35.506252,35.51306,32.380096,,34.03195,UTC+0530,Y4t2FxnDL4,,com.sec.android.app.shealth,2025-03-16 01:07:00.000,167961d1-ddd9-40b8-b6ec-e2d9bc510f6d,
,35.965378,1294.1792,34.04979,2025-03-16 17:09:00.000,752f7b24-b0f4-480f-8997-8a2e14df7aef.binning_data.json,314,31301,,31.934057,2025-03-16 23:03:12.301,2025-03-16 23:03:12.301,,35.516537,37.698765,34.242477,,35.965378,UTC+0530,Y4t2FxnDL4,,com.sec.android.app.shealth,2025-03-16 22:38:00.000,752f7b24-b0f4-480f-8997-8a2e14df7aef,
,35.48843,1259.8132,34.096676,2025-03-16 23:06:00.000,610e2989-302e-4fd3-8499-3e66fe540f56.binning_data.json,129,31301,,31.967018,2025-03-17 01:33:57.014,2025-03-17 01:33:57.014,,35.53519,36.692245,34.58453,,35.48843,UTC+0530,Y4t2FxnDL4,,com.sec.android.app.shealth,2025-03-17 01:31:00.000,610e2989-302e-4fd3-8499-3e66fe540f56,
,33.777084,1141.4286,34.128414,2025-03-17 17:23:00.000,13fa9f7c-49f5-4518-9d73-65f24200289b.binning_data.json,429,31301,,32.03257,2025-03-18 00:50:57.363,2025-03-18 00:50:57.363,,35.573147,35.919662,31.451645,,33.777084,UTC+0530,Y4t2FxnDL4,,com.sec.android.app.shealth,2025-03-18 00:50:00.000,13fa9f7c-49f5-4518-9d73-65f24200289b,
,34.356537,1180.802,34.11891,2025-03-18 17:44:00.000,722ff7f7-7f0b-43c3-a781-e7e60aacfb81.binning_data.json,446,31301,,32.01139,2025-03-19 02:03:06.777,2025-03-19 02:03:06.777,,35.582752,35.658577,32.686512,,34.356537,UTC+0530,Y4t2FxnDL4,,com.sec.android.app.shealth,2025-03-19 01:32:00.000,722ff7f7-7f0b-43c3-a781-e7e60aacfb81,
,33.856205,1146.7214,34.156597,2025-03-19 17:30:00.000,20ce86a8-b53d-4824-a934-f19198ef8e68.binning_data.json,529,31301,,32.066696,2025-03-20 02:35:01.703,2025-03-20 02:35:01.703,,35.633175,34.96678,31.944748,,33.856205,UTC+0530,Y4t2FxnDL4,,com.sec.android.app.shealth,2025-03-20 02:34:00.000,20ce86a8-b53d-4824-a934-f19198ef8e68,
,33.927143,1152.4976,34.13771,2025-03-20 17:28:00.000,b71684af-af21-45f3-a56a-47ac35c5ec05.binning_data.json,368,31301,,32.068832,2025-03-21 00:14:12.901,2025-03-21 00:14:12.901,,35.592922,35.62821,30.012346,,33.927143,UTC+0530,Y4t2FxnDL4,,com.sec.android.app.shealth,2025-03-20 23:51:00.000,b71684af-af21-45f3-a56a-47ac35c5ec05,
,34.442623,1189.7184,34.131638,2025-03-21 12:05:00.000,b2cf219f-b211-43f7-8b1b-278567f6a73f.binning_data.json,80,31301,,32.035175,2025-03-21 13:40:07.596,2025-03-21 13:40:07.596,,35.59433,36.517525,31.815659,,34.442623,UTC+0530,Y4t2FxnDL4,,com.sec.android.app.shealth,2025-03-21 13:40:00.000,b2cf219f-b211-43f7-8b1b-278567f6a73f,
,34.325413,1178.9656,34.1236,2025-03-21 18:38:00.000,bd9c22b1-9a20-4ff8-967a-f186849b2ff7.binning_data.json,109,31301,,31.996162,2025-03-21 21:05:12.790,2025-03-21 21:05:12.790,,35.62169,35.332245,32.505135,,34.325413,UTC+0530,Y4t2FxnDL4,,com.sec.android.app.shealth,2025-03-21 20:40:00.000,bd9c22b1-9a20-4ff8-967a-f186849b2ff7,
,34.872948,1216.5242,34.125362,2025-03-21 20:57:00.000,4630a8b1-3767-49cc-95c4-264ece549243.binning_data.json,260,31301,,32.01574,2025-03-22 01:24:40.535,2025-03-22 01:24:40.535,,35.610558,35.970257,33.428593,,34.872948,UTC+0530,Y4t2FxnDL4,,com.sec.android.app.shealth,2025-03-22 01:24:00.000,4630a8b1-3767-49cc-95c4-264ece549243,
,34.094864,1162.7158,34.126537,2025-03-22 20:25:00.000,2de55b02-a697-4845-a001-9443ec19c5a3.binning_data.json,362,31301,,32.04157,2025-03-23 02:50:00.154,2025-03-23 02:50:00.154,,35.62637,35.089058,32.68382,,34.094864,UTC+0530,Y4t2FxnDL4,,com.sec.android.app.shealth,2025-03-23 02:46:00.000,2de55b02-a697-4845-a001-9443ec19c5a3,
,34.69637,1204.23,34.14105,2025-03-23 19:19:00.000,8112405d-8401-49b1-aac7-df4ed86dc183.binning_data.json,388,31301,,32.07564,2025-03-24 02:03:02.331,2025-03-24 02:03:02.331,,35.63566,36.25058,33.455044,,34.69637,UTC+0530,Y4t2FxnDL4,,com.sec.android.app.shealth,2025-03-24 02:02:00.000,8112405d-8401-49b1-aac7-df4ed86dc183,
,33.853424,1146.3444,34.17855,2025-03-24 17:48:00.000,e3253872-646c-4615-aa87-22fd50351400.binning_data.json,313,31301,,32.1259,2025-03-24 23:42:12.524,2025-03-24 23:42:12.524,,35.682117,34.75693,32.530777,,33.853424,UTC+0530,Y4t2FxnDL4,,com.sec.android.app.shealth,2025-03-24 23:18:00.000,e3253872-646c-4615-aa87-22fd50351400,
,32.711178,1072.1465,34.170338,2025-03-25 10:34:00.000,b15196d4-d282-47eb-a4ff-b7a9aa4ccf41.binning_data.json,99,31301,,32.14147,2025-03-25 12:35:37.443,2025-03-25 12:35:37.443,,35.659306,34.479713,30.07242,,32.711178,UTC+0530,Y4t2FxnDL4,,com.sec.android.app.shealth,2025-03-25 12:31:00.000,b15196d4-d282-47eb-a4ff-b7a9aa4ccf41,
,32.88982,1083.9982,34.171356,2025-03-25 17:47:00.000,a8e5aca9-3652-4df3-ae1a-139fd8483e61.binning_data.json,385,31301,,32.09992,2025-03-26 00:54:17.105,2025-03-26 00:54:17.105,,35.640713,35.586502,29.554096,,32.88982,UTC+0530,Y4t2FxnDL4,,com.sec.android.app.shealth,2025-03-26 00:28:00.000,a8e5aca9-3652-4df3-ae1a-139fd8483e61,
,33.896255,1150.1886,34.12757,2025-03-26 18:11:00.000,ffcd5829-d9be-4966-a702-87ba94d160ab.binning_data.json,513,31301,,32.045616,2025-03-27 03:02:02.795,2025-03-27 03:02:02.795,,35.64523,35.476994,31.236372,,33.896255,UTC+0530,Y4t2FxnDL4,,com.sec.android.app.shealth,2025-03-27 03:01:00.000,ffcd5829-d9be-4966-a702-87ba94d160ab,
,35.177963,1237.9185,34.1358,2025-03-27 17:56:00.000,23237492-249d-44e0-86eb-8546a0c0c2e2.binning_data.json,315,31301,,32.029884,2025-03-27 23:51:06.720,2025-03-27 23:51:06.720,,35.653767,36.36678,33.80395,,35.177963,UTC+0530,Y4t2FxnDL4,,com.sec.android.app.shealth,2025-03-27 23:25:00.000,23237492-249d-44e0-86eb-8546a0c0c2e2,
,32.949265,1085.654,34.162506,2025-03-28 01:07:00.000,7dd3fa14-b48e-46ab-9423-11462a9235eb.binning_data.json,4,31301,,32.081688,2025-03-28 01:29:59.284,2025-03-28 01:29:59.284,,35.680172,32.95699,32.94248,,32.949265,UTC+0530,Y4t2FxnDL4,,com.sec.android.app.shealth,2025-03-28 01:24:00.000,7dd3fa14-b48e-46ab-9423-11462a9235eb,
,34.586964,1197.0817,34.171078,2025-03-28 17:22:00.000,8ceb1b4c-7f4f-46ae-974a-fef162b454d5.binning_data.json,471,31301,,32.13997,2025-03-29 01:57:38.791,2025-03-29 01:57:38.791,,35.638027,36.25378,31.868132,,34.586964,UTC+0530,Y4t2FxnDL4,,com.sec.android.app.shealth,2025-03-29 01:32:00.000,8ceb1b4c-7f4f-46ae-974a-fef162b454d5,
,35.491104,1259.6627,34.18687,2025-03-29 09:56:00.000,1d1ca487-d990-4537-86d0-aa85562259cc.binning_data.json,142,31301,,32.130257,2025-03-29 13:08:51.486,2025-03-29 13:08:51.486,,35.66002,35.764626,34.89674,,35.491104,UTC+0530,Y4t2FxnDL4,,com.sec.android.app.shealth,2025-03-29 12:38:00.000,1d1ca487-d990-4537-86d0-aa85562259cc,
,33.997543,1157.1208,34.194054,2025-03-29 17:23:00.000,33d749c1-6b64-4446-a25c-a1af91edd419.binning_data.json,412,31301,,32.135426,2025-03-30 01:05:02.300,2025-03-30 01:05:02.300,,35.646793,35.68747,30.608881,,33.997543,UTC+0530,Y4t2FxnDL4,,com.sec.android.app.shealth,2025-03-30 00:36:00.000,33d749c1-6b64-4446-a25c-a1af91edd419,
,33.491207,1123.1664,34.192398,2025-03-30 17:32:00.000,12181dc5-2f41-41a2-b112-368501b514b5.binning_data.json,377,31301,,32.113007,2025-03-31 00:09:04.762,2025-03-31 00:09:04.762,,35.657825,34.904865,30.373348,,33.491207,UTC+0530,Y4t2FxnDL4,,com.sec.android.app.shealth,2025-03-31 00:09:00.000,12181dc5-2f41-41a2-b112-368501b514b5,
,34.690487,1203.5577,34.171036,2025-03-31 00:19:00.000,48c5d2b7-0c20-46db-8576-2b29d54b640f.binning_data.json,127,31301,,32.059288,2025-03-31 02:34:27.688,2025-03-31 02:34:27.688,,35.630936,35.379566,33.980984,,34.690487,UTC+0530,Y4t2FxnDL4,,com.sec.android.app.shealth,2025-03-31 02:29:00.000,48c5d2b7-0c20-46db-8576-2b29d54b640f,
,34.276337,1175.6947,34.18407,2025-03-31 17:09:00.000,88a2f8a6-5600-49f8-a068-669125917e8e.binning_data.json,418,31301,,32.147057,2025-04-01 00:25:12.322,2025-04-01 00:25:12.322,,35.630863,35.834957,32.417664,,34.276337,UTC+0530,Y4t2FxnDL4,,com.sec.android.app.shealth,2025-04-01 00:25:00.000,88a2f8a6-5600-49f8-a068-669125917e8e,
,38.934666,1516.0071,34.187153,2025-04-01 09:49:00.000,b4e6b9ac-1c61-4c6b-bb01-b86801f9d540.binning_data.json,85,31301,,32.156387,2025-04-01 11:29:40.417,2025-04-01 11:29:40.417,,35.6379,39.651917,38.40872,,38.934666,UTC+0530,Y4t2FxnDL4,,com.sec.android.app.shealth,2025-04-01 11:29:00.000,b4e6b9ac-1c61-4c6b-bb01-b86801f9d540,
,33.66847,1134.296,34.21124,2025-04-01 17:12:00.000,8e1a6c57-fe87-41c0-b77b-3e1e65a57d6b.binning_data.json,424,31301,,32.201317,2025-04-02 00:33:49.006,2025-04-02 00:33:49.006,,35.662388,35.652805,30.992964,,33.66847,UTC+0530,Y4t2FxnDL4,,com.sec.android.app.shealth,2025-04-02 00:33:00.000,8e1a6c57-fe87-41c0-b77b-3e1e65a57d6b,
,33.750458,1139.6238,34.203697,2025-04-02 17:37:00.000,86802ec6-c710-4384-95fc-c4ca035d0d12.binning_data.json,419,31301,,32.18396,2025-04-03 00:55:54.427,2025-04-03 00:55:54.427,,35.663185,35.150375,31.581654,,33.750458,UTC+0530,Y4t2FxnDL4,,com.sec.android.app.shealth,2025-04-03 00:55:00.000,86802ec6-c710-4384-95fc-c4ca035d0d12,
,34.135967,1165.3116,34.188545,2025-04-03 02:11:00.000,c6ad6ab9-6898-4649-9c23-4e32cde04e68.binning_data.json,62,31301,,32.163883,2025-04-03 03:30:56.770,2025-04-03 03:30:56.770,,35.646095,34.606323,33.76399,,34.135967,UTC+0530,Y4t2FxnDL4,,com.sec.android.app.shealth,2025-04-03 03:30:00.000,c6ad6ab9-6898-4649-9c23-4e32cde04e68,
,34.10449,1163.5367,34.173683,2025-04-03 18:19:00.000,30c986be-e288-4b09-b67a-bc0f8b3fd49b.binning_data.json,384,31301,,32.201397,2025-04-04 01:04:50.343,2025-04-04 01:04:50.343,,35.615837,35.49962,32.315067,,34.10449,UTC+0530,Y4t2FxnDL4,,com.sec.android.app.shealth,2025-04-04 01:02:00.000,30c986be-e288-4b09-b67a-bc0f8b3fd49b,
,33.980415,1155.971,34.1913,2025-04-04 18:10:00.000,eee61059-7d33-4077-9246-6f1e2a5ecee7.binning_data.json,429,31301,,32.240097,2025-04-05 01:40:13.036,2025-04-05 01:40:13.036,,35.612835,36.166874,31.335632,,33.980415,UTC+0530,Y4t2FxnDL4,,com.sec.android.app.shealth,2025-04-05 01:40:00.000,eee61059-7d33-4077-9246-6f1e2a5ecee7,
,33.947224,1153.1025,34.170135,2025-04-05 18:07:00.000,4a5d0455-212a-46a9-a7f7-ae360e5d4e1c.binning_data.json,407,31301,,32.215744,2025-04-06 01:40:42.614,2025-04-06 01:40:42.614,,35.604202,35.61135,31.887402,,33.947224,UTC+0530,Y4t2FxnDL4,,com.sec.android.app.shealth,2025-04-06 01:10:00.000,4a5d0455-212a-46a9-a7f7-ae360e5d4e1c,
,33.899075,1150.6783,34.162964,2025-04-06 10:12:00.000,e41180d7-d6a0-45c7-8a7c-94a10d361718.binning_data.json,136,31301,,32.20515,2025-04-06 13:09:34.257,2025-04-06 13:09:34.257,,35.604435,35.644653,31.431051,,33.899075,UTC+0530,Y4t2FxnDL4,,com.sec.android.app.shealth,2025-04-06 12:43:00.000,e41180d7-d6a0-45c7-8a7c-94a10d361718,
,33.846233,1146.364,34.16351,2025-04-06 18:50:00.000,fbdcdc54-8bde-46cd-84cd-b518fac48858.binning_data.json,398,31301,,32.18638,2025-04-07 02:06:48.078,2025-04-07 02:06:48.078,,35.59292,35.341995,31.33813,,33.846233,UTC+0530,Y4t2FxnDL4,,com.sec.android.app.shealth,2025-04-07 01:42:00.000,fbdcdc54-8bde-46cd-84cd-b518fac48858,
,34.30174,1176.9668,34.14796,2025-04-07 17:30:00.000,05167433-beba-4c2b-afa5-b2702a61584d.binning_data.json,369,31301,,32.14588,2025-04-08 00:03:39.201,2025-04-08 00:03:39.201,,35.585316,35.438427,32.911205,,34.30174,UTC+0530,Y4t2FxnDL4,,com.sec.android.app.shealth,2025-04-07 23:54:00.000,05167433-beba-4c2b-afa5-b2702a61584d,
,34.095146,1163.4352,34.146267,2025-04-08 17:04:00.000,5451479d-f610-493d-833c-d0555c5f3085.binning_data.json,497,31301,,32.182854,2025-04-09 01:39:03.928,2025-04-09 01:39:03.928,,35.58163,35.73696,31.210213,,34.095146,UTC+0530,Y4t2FxnDL4,,com.sec.android.app.shealth,2025-04-09 01:35:00.000,5451479d-f610-493d-833c-d0555c5f3085,
,34.279354,1175.7814,34.13726,2025-04-09 17:08:00.000,b5650ef6-33fd-4e24-b47a-030e79babbd8.binning_data.json,434,31301,,32.185493,2025-04-10 00:38:39.363,2025-04-10 00:38:39.363,,35.572796,35.6927,31.82397,,34.279354,UTC+0530,Y4t2FxnDL4,,com.sec.android.app.shealth,2025-04-10 00:38:00.000,b5650ef6-33fd-4e24-b47a-030e79babbd8,
,33.853615,1147.2257,34.163006,2025-04-10 16:58:00.000,1e2adcfd-b6ff-4c32-8a84-9834304c28d8.binning_data.json,462,31301,,32.203125,2025-04-11 01:14:07.732,2025-04-11 01:14:07.732,,35.631058,36.714966,31.529156,,33.853615,UTC+0530,Y4t2FxnDL4,,com.sec.android.app.shealth,2025-04-11 00:43:00.000,1e2adcfd-b6ff-4c32-8a84-9834304c28d8,
,34.483555,1189.8472,34.16058,2025-04-11 18:21:00.000,0336356f-fafe-4b70-9c00-2f0d9831c54f.binning_data.json,485,31301,,32.187088,2025-04-12 02:45:28.319,2025-04-12 02:45:28.319,,35.655567,35.7419,31.786371,,34.483555,UTC+0530,Y4t2FxnDL4,,com.sec.android.app.shealth,2025-04-12 02:45:00.000,0336356f-fafe-4b70-9c00-2f0d9831c54f,
,34.642277,1200.7443,34.174583,2025-04-12 18:20:00.000,365b7d80-429a-4465-9c1e-2c134bccb3dd.binning_data.json,349,31301,,32.18824,2025-04-13 00:51:59.026,2025-04-13 00:51:59.026,,35.659306,36.299335,33.256287,,34.642277,UTC+0530,Y4t2FxnDL4,,com.sec.android.app.shealth,2025-04-13 00:25:00.000,365b7d80-429a-4465-9c1e-2c134bccb3dd,
,34.141823,1166.4333,34.1924,2025-04-13 17:18:00.000,248a2df6-5d05-413c-a883-ddeefd989722.binning_data.json,494,31301,,32.21745,2025-04-14 02:16:29.146,2025-04-14 02:16:29.146,,35.685513,35.592453,31.763247,,34.141823,UTC+0530,Y4t2FxnDL4,,com.sec.android.app.shealth,2025-04-14 01:48:00.000,248a2df6-5d05-413c-a883-ddeefd989722,
,35.732555,1277.0079,34.131916,2025-04-14 18:29:00.000,8caf9845-f590-43dd-a7bf-81e7ee2bc18a.binning_data.json,361,31301,,32.08627,2025-04-15 01:30:27.833,2025-04-15 01:30:27.833,,35.630123,36.907913,34.53149,,35.732555,UTC+0530,Y4t2FxnDL4,,com.sec.android.app.shealth,2025-04-15 00:55:00.000,8caf9845-f590-43dd-a7bf-81e7ee2bc18a,
,34.14809,1167.3041,34.191208,2025-04-15 16:50:00.000,774a9feb-5348-4e3f-8198-8f98a15e190b.binning_data.json,503,31301,,32.16738,2025-04-16 01:30:49.564,2025-04-16 01:30:49.564,,35.645542,35.851303,31.51542,,34.14809,UTC+0530,Y4t2FxnDL4,,com.sec.android.app.shealth,2025-04-16 01:30:00.000,774a9feb-5348-4e3f-8198-8f98a15e190b,
,34.201096,1170.2418,34.18349,2025-04-16 17:46:00.000,647c0acf-44cd-44d0-bb99-b80acc6007dd.binning_data.json,363,31301,,32.127,2025-04-17 00:03:03.871,2025-04-17 00:03:03.871,,35.652187,35.51312,32.139053,,34.201096,UTC+0530,Y4t2FxnDL4,,com.sec.android.app.shealth,2025-04-17 00:03:00.000,647c0acf-44cd-44d0-bb99-b80acc6007dd,
,33.99468,1156.0679,34.198204,2025-04-17 17:24:00.000,21436895-b0f6-4c81-ab9e-7381e302a746.binning_data.json,421,31301,,32.1337,2025-04-18 01:09:06.568,2025-04-18 01:09:06.568,,35.67103,35.384518,32.519867,,33.99468,UTC+0530,Y4t2FxnDL4,,com.sec.android.app.shealth,2025-04-18 00:41:00.000,21436895-b0f6-4c81-ab9e-7381e302a746,
,33.539104,1126.2386,34.19775,2025-04-18 17:16:00.000,462a0f21-4734-4edb-9602-49980eb55d14.binning_data.json,496,31301,,32.21331,2025-04-19 02:14:54.314,2025-04-19 02:14:54.314,,35.637478,36.08061,30.471,,33.539104,UTC+0530,Y4t2FxnDL4,,com.sec.android.app.shealth,2025-04-19 01:47:00.000,462a0f21-4734-4edb-9602-49980eb55d14,
,34.301437,1176.9984,34.171974,2025-04-19 10:10:00.000,317d88f9-58c7-4101-accb-f5d0bf3817c9.binning_data.json,107,31301,,32.157986,2025-04-19 12:43:56.765,2025-04-19 12:43:56.765,,35.65276,35.027122,33.30278,,34.301437,UTC+0530,Y4t2FxnDL4,,com.sec.android.app.shealth,2025-04-19 12:17:00.000,317d88f9-58c7-4101-accb-f5d0bf3817c9,
,33.924423,1151.579,34.15706,2025-04-19 17:48:00.000,535254fc-35a9-4b2f-9b7c-979fa2226beb.binning_data.json,447,31301,,32.141094,2025-04-20 01:32:23.798,2025-04-20 01:32:23.798,,35.63052,36.09122,32.06822,,33.924423,UTC+0530,Y4t2FxnDL4,,com.sec.android.app.shealth,2025-04-20 01:29:00.000,535254fc-35a9-4b2f-9b7c-979fa2226beb,
,33.504166,1123.4948,34.150536,2025-04-20 16:56:00.000,b5ce9287-76fc-421f-8f78-4d52f8f39ed9.binning_data.json,434,31301,,32.119102,2025-04-21 00:29:19.688,2025-04-21 00:29:19.688,,35.666313,34.852818,30.257597,,33.504166,UTC+0530,Y4t2FxnDL4,,com.sec.android.app.shealth,2025-04-21 00:29:00.000,b5ce9287-76fc-421f-8f78-4d52f8f39ed9,
,34.180805,1168.745,34.111286,2025-04-21 17:11:00.000,a5cdfd91-7566-4244-8e6c-90acfe0dbbd3.binning_data.json,443,31301,,32.012535,2025-04-22 01:07:02.729,2025-04-22 01:07:02.729,,35.616394,34.931137,32.16814,,34.180805,UTC+0530,Y4t2FxnDL4,,com.sec.android.app.shealth,2025-04-22 00:53:00.000,a5cdfd91-7566-4244-8e6c-90acfe0dbbd3,
,34.509644,1191.098,34.113655,2025-04-22 09:24:00.000,621f10fd-ecc1-410c-8c76-190fc2cdb835.binning_data.json,149,31301,,32.0179,2025-04-22 12:14:29.537,2025-04-22 12:14:29.537,,35.592762,35.117016,33.31302,,34.509644,UTC+0530,Y4t2FxnDL4,,com.sec.android.app.shealth,2025-04-22 12:07:00.000,621f10fd-ecc1-410c-8c76-190fc2cdb835,
,33.822834,1145.3566,34.13561,2025-04-22 16:57:00.000,098ebad6-3676-41de-9a85-2f777e6efe9e.binning_data.json,498,31301,,32.101086,2025-04-23 01:34:02.133,2025-04-23 01:34:02.133,,35.626766,35.822105,30.694216,,33.822834,UTC+0530,Y4t2FxnDL4,,com.sec.android.app.shealth,2025-04-23 01:32:00.000,098ebad6-3676-41de-9a85-2f777e6efe9e,
,34.487476,1190.0964,34.160843,2025-04-23 16:59:00.000,f76fbfd1-0f6b-46ea-8985-b20264aff3c3.binning_data.json,480,31301,,32.104134,2025-04-24 01:20:44.599,2025-04-24 01:20:44.599,,35.635178,36.330647,32.379967,,34.487476,UTC+0530,Y4t2FxnDL4,,com.sec.android.app.shealth,2025-04-24 01:18:00.000,f76fbfd1-0f6b-46ea-8985-b20264aff3c3,
,34.189926,1169.7867,34.183693,2025-04-24 17:01:00.000,9d526d1e-3da5-4a79-9a30-b4061db220a9.binning_data.json,486,31301,,32.144974,2025-04-25 01:46:54.342,2025-04-25 01:46:54.342,,35.66567,35.690952,31.189627,,34.189926,UTC+0530,Y4t2FxnDL4,,com.sec.android.app.shealth,2025-04-25 01:28:00.000,9d526d1e-3da5-4a79-9a30-b4061db220a9,
,34.064667,1161.2291,34.160156,2025-04-25 17:37:00.000,56849cae-f2c5-48f8-8779-cbd512afc836.binning_data.json,490,31301,,32.018612,2025-04-26 02:06:00.911,2025-04-26 02:06:00.911,,35.669178,36.120655,31.425663,,34.064667,UTC+0530,Y4t2FxnDL4,,com.sec.android.app.shealth,2025-04-26 02:02:00.000,56849cae-f2c5-48f8-8779-cbd512afc836,
,34.75834,1208.306,34.126156,2025-04-27 09:46:00.000,f0c58f56-38cf-4b0d-8e6d-ef22331b6aeb.binning_data.json,110,31301,,31.95422,2025-04-27 12:15:14.800,2025-04-27 12:15:14.800,,35.66278,35.224964,34.002052,,34.75834,UTC+0530,Y4t2FxnDL4,,com.sec.android.app.shealth,2025-04-27 11:52:00.000,f0c58f56-38cf-4b0d-8e6d-ef22331b6aeb,
,34.12625,1165.0823,34.126156,2025-04-26 18:41:00.000,b8b6e9d9-b2a9-4540-9abe-707d8d0eb093.binning_data.json,378,31301,,31.934462,2025-04-27 01:38:01.359,2025-04-27 01:38:01.359,,35.660385,35.72501,32.46793,,34.12625,UTC+0530,Y4t2FxnDL4,,com.sec.android.app.shealth,2025-04-27 01:14:00.000,b8b6e9d9-b2a9-4540-9abe-707d8d0eb093,
,34.180508,1168.8778,34.13564,2025-04-27 17:01:00.000,92f88290-4169-4ddc-ae91-9b65becd5714.binning_data.json,413,31301,,32.067913,2025-04-28 00:37:41.918,2025-04-28 00:37:41.918,,35.645653,35.713345,32.05361,,34.180508,UTC+0530,Y4t2FxnDL4,,com.sec.android.app.shealth,2025-04-28 00:12:00.000,92f88290-4169-4ddc-ae91-9b65becd5714,
,33.94587,1152.9017,34.150528,2025-04-28 16:58:00.000,22415fc2-6734-4001-ad2f-c1fa9cef1173.binning_data.json,471,31301,,32.043476,2025-04-29 01:05:26.498,2025-04-29 01:05:26.498,,35.682278,35.19564,32.074898,,33.94587,UTC+0530,Y4t2FxnDL4,,com.sec.android.app.shealth,2025-04-29 01:05:00.000,22415fc2-6734-4001-ad2f-c1fa9cef1173,
,34.144653,1165.9464,34.14328,2025-04-29 09:07:00.000,698edcc7-9bb4-455b-85aa-ccb6f22cda35.binning_data.json,65,31301,,32.044643,2025-04-29 10:39:49.278,2025-04-29 10:39:49.278,,35.664253,34.849625,33.47863,,34.144653,UTC+0530,Y4t2FxnDL4,,com.sec.android.app.shealth,2025-04-29 10:26:00.000,698edcc7-9bb4-455b-85aa-ccb6f22cda35,
,34.207176,1171.638,34.107304,2025-04-29 18:21:00.000,574b4958-ba81-4b94-b80a-1a848b145fdd.binning_data.json,473,31301,,32.030293,2025-04-30 02:39:03.939,2025-04-30 02:39:03.939,,35.608757,36.17456,30.961908,,34.207176,UTC+0530,Y4t2FxnDL4,,com.sec.android.app.shealth,2025-04-30 02:35:00.000,574b4958-ba81-4b94-b80a-1a848b145fdd,
,33.99375,1156.0009,34.12537,2025-04-30 17:18:00.000,80ccacb8-371b-49fd-b699-ff5957f63e78.binning_data.json,351,31301,,32.030293,2025-04-30 23:49:03.994,2025-04-30 23:49:03.994,,35.628822,35.22937,32.118134,,33.99375,UTC+0530,Y4t2FxnDL4,,com.sec.android.app.shealth,2025-04-30 23:23:00.000,80ccacb8-371b-49fd-b699-ff5957f63e78,
,34.568253,1195.2858,34.121887,2025-05-01 00:08:00.000,7b6f70ad-3c95-4b7a-a89e-6f73565ffe6d.binning_data.json,95,31301,,32.033546,2025-05-01 02:02:03.554,2025-05-01 02:02:03.554,,35.61403,35.27322,33.58229,,34.568253,UTC+0530,Y4t2FxnDL4,,com.sec.android.app.shealth,2025-05-01 02:00:00.000,7b6f70ad-3c95-4b7a-a89e-6f73565ffe6d,
,33.947495,1153.1663,34.1372,2025-05-01 17:15:00.000,79176b0b-d882-4c43-ac3a-4f131c68806b.binning_data.json,471,31301,,32.050926,2025-05-02 01:54:14.363,2025-05-02 01:54:14.363,,35.64133,35.433006,30.820177,,33.947495,UTC+0530,Y4t2FxnDL4,,com.sec.android.app.shealth,2025-05-02 01:24:00.000,79176b0b-d882-4c43-ac3a-4f131c68806b,
,33.261192,1107.4717,34.131275,2025-05-02 17:11:00.000,bd52fef4-8c34-47b8-a1fc-571110889bf5.binning_data.json,450,31301,,31.998882,2025-05-03 01:01:40.366,2025-05-03 01:01:40.366,,35.638767,35.1705,30.849228,,33.261192,UTC+0530,Y4t2FxnDL4,,com.sec.android.app.shealth,2025-05-03 00:58:00.000,bd52fef4-8c34-47b8-a1fc-571110889bf5,
,34.049885,1160.6389,34.10611,2025-05-03 17:09:00.000,70304396-604a-49f8-acc9-ab7389de67ed.binning_data.json,449,31301,,31.980173,2025-05-04 01:27:01.913,2025-05-04 01:27:01.913,,35.600445,35.652615,30.995375,,34.049885,UTC+0530,Y4t2FxnDL4,,com.sec.android.app.shealth,2025-05-04 00:59:00.000,70304396-604a-49f8-acc9-ab7389de67ed,
,33.153965,1100.8878,34.11135,2025-05-04 17:03:00.000,23d537e2-9d38-4424-bcba-98b97250b0a4.binning_data.json,537,31301,,31.96646,2025-05-05 02:15:00.610,2025-05-05 02:15:00.610,,35.600327,35.10938,30.167936,,33.153965,UTC+0530,Y4t2FxnDL4,,com.sec.android.app.shealth,2025-05-05 02:14:00.000,23d537e2-9d38-4424-bcba-98b97250b0a4,
,33.528328,1125.1067,34.079994,2025-05-05 17:17:00.000,0863a6de-03c5-4c47-a0b9-c133ded211eb.binning_data.json,480,31301,,31.945742,2025-05-06 01:55:06.056,2025-05-06 01:55:06.056,,35.59102,35.633068,30.70952,,33.528328,UTC+0530,Y4t2FxnDL4,,com.sec.android.app.shealth,2025-05-06 01:33:00.000,0863a6de-03c5-4c47-a0b9-c133ded211eb,
,33.72796,1138.1105,34.05362,2025-05-06 17:13:00.000,ce0a7279-2c9f-4f97-ad07-6b1d87661cfe.binning_data.json,445,31301,,31.857666,2025-05-07 01:17:39.841,2025-05-07 01:17:39.841,,35.598804,34.970104,31.513327,,33.72796,UTC+0530,Y4t2FxnDL4,,com.sec.android.app.shealth,2025-05-07 00:53:00.000,ce0a7279-2c9f-4f97-ad07-6b1d87661cfe,
,33.977837,1155.1168,34.04097,2025-05-07 17:38:00.000,d5dad032-c37d-4d18-8423-e8b404559eca.binning_data.json,425,31301,,31.869795,2025-05-08 01:19:51.170,2025-05-08 01:19:51.170,,35.570415,35.863743,31.486786,,33.977837,UTC+0530,Y4t2FxnDL4,,com.sec.android.app.shealth,2025-05-08 00:57:00.000,d5dad032-c37d-4d18-8423-e8b404559eca,
,33.865158,1147.215,34.03101,2025-05-08 18:16:00.000,f8b72b8f-fb5a-42d5-84e9-b17c327adc1a.binning_data.json,389,31301,,31.856304,2025-05-09 01:23:08.298,2025-05-09 01:23:08.298,,35.57726,35.15076,32.587563,,33.865158,UTC+0530,Y4t2FxnDL4,,com.sec.android.app.shealth,2025-05-09 00:58:00.000,f8b72b8f-fb5a-42d5-84e9-b17c327adc1a,
,36.018326,1297.5264,34.026222,2025-05-09 09:26:00.000,16c0f872-c903-46e4-bb02-a32e192672e9.binning_data.json,51,31301,,31.884432,2025-05-09 10:58:27.011,2025-05-09 10:58:27.011,,35.560856,36.577477,35.089054,,36.018326,UTC+0530,Y4t2FxnDL4,,com.sec.android.app.shealth,2025-05-09 10:33:00.000,16c0f872-c903-46e4-bb02-a32e192672e9,
,35.89335,1288.7668,34.040108,2025-05-09 16:01:00.000,73c29e57-7c21-4411-9dd1-99d9716d1030.binning_data.json,442,31301,,31.959415,2025-05-09 23:42:58.367,2025-05-09 23:42:58.367,,35.560856,36.983875,34.23484,,35.89335,UTC+0530,Y4t2FxnDL4,,com.sec.android.app.shealth,2025-05-09 23:37:00.000,73c29e57-7c21-4411-9dd1-99d9716d1030,
,34.751816,1208.1058,34.10078,2025-05-10 00:23:00.000,12e14b14-a348-4150-b4dc-9d5cda97a201.binning_data.json,88,31301,,32.019524,2025-05-10 02:19:13.652,2025-05-10 02:19:13.652,,35.588203,35.905716,33.840714,,34.751816,UTC+0530,Y4t2FxnDL4,,com.sec.android.app.shealth,2025-05-10 02:08:00.000,12e14b14-a348-4150-b4dc-9d5cda97a201,
,35.023273,1227.1294,34.090984,2025-05-10 17:39:00.000,938925de-f502-4d72-93a1-27628ccc4360.binning_data.json,341,31301,,32.095608,2025-05-10 23:57:26.927,2025-05-10 23:57:26.927,,35.594273,36.295876,33.250965,,35.023273,UTC+0530,Y4t2FxnDL4,,com.sec.android.app.shealth,2025-05-10 23:34:00.000,938925de-f502-4d72-93a1-27628ccc4360,
,34.966934,1223.0774,34.114628,2025-05-11 00:00:00.000,2b76b4bc-86cf-4b2b-a703-1b55a7633105.binning_data.json,102,31301,,32.13687,2025-05-11 01:58:53.825,2025-05-11 01:58:53.825,,35.61933,36.285503,33.995346,,34.966934,UTC+0530,Y4t2FxnDL4,,com.sec.android.app.shealth,2025-05-11 01:58:00.000,2b76b4bc-86cf-4b2b-a703-1b55a7633105,
,34.283237,1176.0428,34.107265,2025-05-11 17:57:00.000,16ccad23-48e6-4bd7-8c8d-0559b25e7a24.binning_data.json,345,31301,,32.163265,2025-05-12 00:02:20.402,2025-05-12 00:02:20.402,,35.61884,35.58116,32.356647,,34.283237,UTC+0530,Y4t2FxnDL4,,com.sec.android.app.shealth,2025-05-11 23:56:00.000,16ccad23-48e6-4bd7-8c8d-0559b25e7a24,
,35.28519,1245.5153,34.110607,2025-05-12 16:42:00.000,0b4c2c72-c1e8-4203-9cf7-0db1950b06fc.binning_data.json,480,31301,,32.184456,2025-05-13 01:13:54.756,2025-05-13 01:13:54.756,,35.618435,36.378864,32.462524,,35.28519,UTC+0530,Y4t2FxnDL4,,com.sec.android.app.shealth,2025-05-13 00:58:00.000,0b4c2c72-c1e8-4203-9cf7-0db1950b06fc,
,34.292442,1176.5492,34.10896,2025-05-13 17:03:00.000,ccd8055a-391b-437a-bc7b-5dc76d952848.binning_data.json,374,31301,,32.12971,2025-05-13 23:56:29.831,2025-05-13 23:56:29.831,,35.618435,35.87682,31.909445,,34.292442,UTC+0530,Y4t2FxnDL4,,com.sec.android.app.shealth,2025-05-13 23:33:00.000,ccd8055a-391b-437a-bc7b-5dc76d952848,
,34.38064,1182.1113,34.114025,2025-05-14 00:13:00.000,191c2525-9148-48f4-b99f-ae2d87fee68c.binning_data.json,85,31301,,32.122116,2025-05-14 02:08:47.921,2025-05-14 02:08:47.921,,35.627346,34.71637,33.664597,,34.38064,UTC+0530,Y4t2FxnDL4,,com.sec.android.app.shealth,2025-05-14 01:57:00.000,191c2525-9148-48f4-b99f-ae2d87fee68c,
,34.030716,1158.5631,34.11445,2025-05-14 17:32:00.000,1580cf25-508d-46b5-97e3-27158fd64c3d.binning_data.json,294,31301,,32.196228,2025-05-14 23:13:17.631,2025-05-14 23:13:17.631,,35.59696,35.410484,32.38606,,34.030716,UTC+0530,Y4t2FxnDL4,,com.sec.android.app.shealth,2025-05-14 22:47:00.000,1580cf25-508d-46b5-97e3-27158fd64c3d,
,34.73743,1207.4016,34.112614,2025-05-14 23:24:00.000,1f2432d1-f2c1-4eea-b75e-50d27df88e81.binning_data.json,155,31301,,32.202553,2025-05-15 02:23:16.727,2025-05-15 02:23:16.727,,35.590744,36.11507,33.003452,,34.73743,UTC+0530,Y4t2FxnDL4,,com.sec.android.app.shealth,2025-05-15 02:15:00.000,1f2432d1-f2c1-4eea-b75e-50d27df88e81,
,34.143997,1166.5143,34.11751,2025-05-15 17:12:00.000,678cb44e-d715-49d1-8f03-a0de80679611.binning_data.json,384,31301,,32.231373,2025-05-16 00:13:17.885,2025-05-16 00:13:17.885,,35.610806,35.78867,32.31508,,34.143997,UTC+0530,Y4t2FxnDL4,,com.sec.android.app.shealth,2025-05-15 23:50:00.000,678cb44e-d715-49d1-8f03-a0de80679611,
,34.06382,1161.2186,34.12221,2025-05-16 18:15:00.000,63d5a38a-c780-46b8-966e-4f8581d1fda4.binning_data.json,444,31301,,32.22454,2025-05-17 02:19:14.680,2025-05-17 02:19:14.680,,35.62428,35.409782,31.20453,,34.06382,UTC+0530,Y4t2FxnDL4,,com.sec.android.app.shealth,2025-05-17 01:56:00.000,63d5a38a-c780-46b8-966e-4f8581d1fda4,
,33.617188,1131.0608,34.14097,2025-05-17 17:40:00.000,199c2faa-83f8-48f3-bceb-d8d1f38f3379.binning_data.json,399,31301,,32.204433,2025-05-18 01:03:40.007,2025-05-18 01:03:40.007,,35.62174,35.25189,30.796654,,33.617188,UTC+0530,Y4t2FxnDL4,,com.sec.android.app.shealth,2025-05-18 00:39:00.000,199c2faa-83f8-48f3-bceb-d8d1f38f3379,
,35.042416,1228.1132,34.125385,2025-05-18 09:57:00.000,509d687b-6a47-4442-8b22-da453cbce60e.binning_data.json,81,31301,,32.157505,2025-05-18 12:00:12.204,2025-05-18 12:00:12.204,,35.60941,35.348602,33.80589,,35.042416,UTC+0530,Y4t2FxnDL4,,com.sec.android.app.shealth,2025-05-18 11:34:00.000,509d687b-6a47-4442-8b22-da453cbce60e,
,33.943382,1152.6682,34.137966,2025-05-18 20:15:00.000,d9d0b980-4e60-473d-bbea-a2cf4b971c5d.binning_data.json,345,31301,,32.215427,2025-05-19 02:38:30.176,2025-05-19 02:38:30.176,,35.584656,35.07149,31.709358,,33.943382,UTC+0530,Y4t2FxnDL4,,com.sec.android.app.shealth,2025-05-19 02:13:00.000,d9d0b980-4e60-473d-bbea-a2cf4b971c5d,
,34.321705,1179.3578,34.132954,2025-05-19 09:56:00.000,a45d9b51-46e8-4721-b859-9f35d418c452.binning_data.json,59,31301,,32.199104,2025-05-19 11:33:18.597,2025-05-19 11:33:18.597,,35.568104,35.478043,31.86361,,34.321705,UTC+0530,Y4t2FxnDL4,,com.sec.android.app.shealth,2025-05-19 11:09:00.000,a45d9b51-46e8-4721-b859-9f35d418c452,
,33.41386,1117.0061,34.154774,2025-05-19 17:15:00.000,6c5fde6f-8f36-4382-bcab-5f322b47d47b.binning_data.json,400,31301,,32.233524,2025-05-20 00:34:41.533,2025-05-20 00:34:41.533,,35.584484,34.661682,31.412613,,33.41386,UTC+0530,Y4t2FxnDL4,,com.sec.android.app.shealth,2025-05-20 00:09:00.000,6c5fde6f-8f36-4382-bcab-5f322b47d47b,
,33.794205,1143.7133,34.12664,2025-05-20 16:47:00.000,227a7fda-fe70-4b5d-9ce2-dfab1e5a3f73.binning_data.json,479,31301,,32.172356,2025-05-21 01:24:03.466,2025-05-21 01:24:03.466,,35.60007,35.99124,30.51071,,33.794205,UTC+0530,Y4t2FxnDL4,,com.sec.android.app.shealth,2025-05-21 01:01:00.000,227a7fda-fe70-4b5d-9ce2-dfab1e5a3f73,
,33.72843,1138.238,34.126022,2025-05-21 17:28:00.000,7ac56145-b7e2-4138-8646-3195ea111e54.binning_data.json,360,31301,,32.172356,2025-05-22 00:09:29.433,2025-05-22 00:09:29.433,,35.60571,35.16278,31.668434,,33.72843,UTC+0530,Y4t2FxnDL4,,com.sec.android.app.shealth,2025-05-21 23:44:00.000,7ac56145-b7e2-4138-8646-3195ea111e54,
,33.492,1122.6691,34.11515,2025-05-22 00:05:00.000,8abb0aa0-79ff-4aa3-941c-83994013ab77.binning_data.json,103,31301,,32.156097,2025-05-22 01:56:49.035,2025-05-22 01:56:49.035,,35.59142,34.78597,32.0845,,33.492,UTC+0530,Y4t2FxnDL4,,com.sec.android.app.shealth,2025-05-22 01:56:00.000,8abb0aa0-79ff-4aa3-941c-83994013ab77,
,33.549572,1126.234,34.096157,2025-05-22 17:48:00.000,5a2e6490-851e-4a15-91a0-ec1b3ca0f657.binning_data.json,416,31301,,32.14657,2025-05-23 01:23:02.808,2025-05-23 01:23:02.808,,35.548653,35.507313,32.33769,,33.549572,UTC+0530,Y4t2FxnDL4,,com.sec.android.app.shealth,2025-05-23 00:59:00.000,5a2e6490-851e-4a15-91a0-ec1b3ca0f657,
,34.06328,1161.3817,34.06753,2025-05-27 16:47:00.000,df09afcd-1ba8-43ea-982e-254a4fed6d70.binning_data.json,453,31301,,32.09401,2025-05-28 01:04:16.576,2025-05-28 01:04:16.576,,35.554993,36.59015,31.137846,,34.06328,UTC+0530,KDw1iKzeM0,,com.sec.android.app.shealth,2025-05-28 00:35:00.000,df09afcd-1ba8-43ea-982e-254a4fed6d70,
,34.20507,1170.8184,34.061222,2025-05-28 16:54:00.000,241e41d4-6f92-4c7b-91a3-109862699a35.binning_data.json,507,31301,,32.101048,2025-05-29 01:40:40.910,2025-05-29 01:40:40.910,,35.559845,35.704594,31.89181,,34.20507,UTC+0530,KDw1iKzeM0,,com.sec.android.app.shealth,2025-05-29 01:40:00.000,241e41d4-6f92-4c7b-91a3-109862699a35,
,34.246723,1173.4915,34.065693,2025-05-29 17:17:00.000,dc67003d-d49a-49d6-9bdc-7c1d3aff36c8.binning_data.json,415,31301,,32.0299,2025-05-30 00:26:55.428,2025-05-30 00:26:55.428,,35.59159,35.887165,31.870773,,34.246723,UTC+0530,KDw1iKzeM0,,com.sec.android.app.shealth,2025-05-30 00:26:00.000,dc67003d-d49a-49d6-9bdc-7c1d3aff36c8,
,33.83734,1145.4542,34.077827,2025-05-30 17:40:00.000,fbca37ef-ffab-451b-bfbe-32fb447cac06.binning_data.json,410,31301,,32.073673,2025-05-31 00:50:49.740,2025-05-31 00:50:49.740,,35.610516,35.46137,31.949799,,33.83734,UTC+0530,KDw1iKzeM0,,com.sec.android.app.shealth,2025-05-31 00:45:00.000,fbca37ef-ffab-451b-bfbe-32fb447cac06,
,34.135105,1165.791,34.10287,2025-05-31 18:23:00.000,7628c50b-90ac-4a26-91df-2c23dbb951a3.binning_data.json,393,31301,,32.119534,2025-06-01 01:19:49.453,2025-06-01 01:19:49.453,,35.62264,35.368088,31.877588,,34.135105,UTC+0530,KDw1iKzeM0,,com.sec.android.app.shealth,2025-06-01 01:10:00.000,7628c50b-90ac-4a26-91df-2c23dbb951a3,
,33.980194,1155.0697,34.106285,2025-06-01 16:53:00.000,6703263e-9c2b-4d72-9bcc-a5be04e3cec8.binning_data.json,447,31301,,32.156292,2025-06-02 01:00:29.146,2025-06-02 01:00:29.146,,35.610775,35.105778,31.76475,,33.980194,UTC+0530,KDw1iKzeM0,,com.sec.android.app.shealth,2025-06-02 00:36:00.000,6703263e-9c2b-4d72-9bcc-a5be04e3cec8,
,34.044296,1159.4971,34.14925,2025-06-02 17:17:00.000,a88a7d10-2da3-48d1-9276-43a7022e33c2.binning_data.json,494,31301,,32.182415,2025-06-03 02:11:57.385,2025-06-03 02:11:57.385,,35.61063,35.910767,32.408314,,34.044296,UTC+0530,KDw1iKzeM0,,com.sec.android.app.shealth,2025-06-03 01:49:00.000,a88a7d10-2da3-48d1-9276-43a7022e33c2,
,34.10351,1163.4705,34.172466,2025-06-03 17:56:00.000,adf246a0-4520-408e-8b5a-0b32f413f64c.binning_data.json,397,31301,,32.23257,2025-06-04 01:04:39.548,2025-06-04 01:04:39.548,,35.6222,35.237938,32.258156,,34.10351,UTC+0530,KDw1iKzeM0,,com.sec.android.app.shealth,2025-06-04 00:47:00.000,adf246a0-4520-408e-8b5a-0b32f413f64c,
,33.693638,1135.6647,34.18861,2025-06-04 17:07:00.000,222588ee-e62b-4814-ab2f-7a800d1dca33.binning_data.json,417,31301,,32.263603,2025-06-05 00:18:20.414,2025-06-05 00:18:20.414,,35.62913,35.203175,32.033886,,33.693638,UTC+0530,KDw1iKzeM0,,com.sec.android.app.shealth,2025-06-05 00:18:00.000,222588ee-e62b-4814-ab2f-7a800d1dca33,
,34.20919,1170.4379,34.177536,2025-06-05 17:10:00.000,6db4566b-b5e0-438e-a1f0-3c5c6a1881f8.binning_data.json,371,31301,,32.2864,2025-06-06 00:04:03.957,2025-06-06 00:04:03.957,,35.601612,35.003,33.488205,,34.20919,UTC+0530,KDw1iKzeM0,,com.sec.android.app.shealth,2025-06-05 23:35:00.000,6db4566b-b5e0-438e-a1f0-3c5c6a1881f8,
,34.320602,1178.569,34.181293,2025-06-06 16:51:00.000,a65996fc-0461-4478-822f-c8b60f6875f6.binning_data.json,504,31301,,32.25949,2025-06-07 01:30:36.121,2025-06-07 01:30:36.121,,35.56798,35.650932,32.328934,,34.320602,UTC+0530,KDw1iKzeM0,,com.sec.android.app.shealth,2025-06-07 01:30:00.000,a65996fc-0461-4478-822f-c8b60f6875f6,
,34.01445,1157.4755,34.11082,2025-06-07 17:58:00.000,28674b73-ae02-46f8-9163-e42055a14804.binning_data.json,416,31301,,32.15988,2025-06-08 01:31:56.718,2025-06-08 01:31:56.718,,35.53382,35.54722,31.989275,,34.01445,UTC+0530,KDw1iKzeM0,,com.sec.android.app.shealth,2025-06-08 01:09:00.000,28674b73-ae02-46f8-9163-e42055a14804,
,33.899887,1149.5477,34.06876,2025-06-08 17:22:00.000,504deb01-bb0c-43d4-a756-41c679a2d709.binning_data.json,441,31301,,32.04727,2025-06-09 00:57:31.062,2025-06-09 00:57:31.062,,35.47645,35.37615,32.703087,,33.899887,UTC+0530,KDw1iKzeM0,,com.sec.android.app.shealth,2025-06-09 00:57:00.000,504deb01-bb0c-43d4-a756-41c679a2d709,
,33.81278,1143.6852,34.05465,2025-06-09 17:09:00.000,a62f5309-351d-49b7-8265-c886f532b5c5.binning_data.json,432,31301,,32.062332,2025-06-10 00:38:02.947,2025-06-10 00:38:02.947,,35.46754,34.963596,32.219112,,33.81278,UTC+0530,KDw1iKzeM0,,com.sec.android.app.shealth,2025-06-10 00:37:00.000,a62f5309-351d-49b7-8265-c886f532b5c5,
,34.460716,1188.122,33.98829,2025-06-10 17:22:00.000,d2a1fd76-1e99-4b0c-86ac-fd74ffb06191.binning_data.json,411,31301,,32.05175,2025-06-11 00:30:46.849,2025-06-11 00:30:46.849,,35.422855,35.960037,32.829308,,34.460716,UTC+0530,KDw1iKzeM0,,com.sec.android.app.shealth,2025-06-11 00:30:00.000,d2a1fd76-1e99-4b0c-86ac-fd74ffb06191,
,33.938496,1152.6309,33.9928,2025-06-11 17:36:00.000,05cb21a4-8788-40b1-a688-b93253e3ff98.binning_data.json,458,31301,,32.0503,2025-06-12 01:28:57.994,2025-06-12 01:28:57.994,,35.447514,35.982395,31.216112,,33.938496,UTC+0530,KDw1iKzeM0,,com.sec.android.app.shealth,2025-06-12 01:28:00.000,05cb21a4-8788-40b1-a688-b93253e3ff98,
,34.06823,1161.2522,33.97829,2025-06-12 17:14:00.000,69a2e2b9-dd40-45b2-88cd-e0856813b3ec.binning_data.json,351,31301,,31.957497,2025-06-12 23:20:09.295,2025-06-12 23:20:09.295,,35.449276,35.40644,32.025387,,34.06823,UTC+0530,KDw1iKzeM0,,com.sec.android.app.shealth,2025-06-12 23:20:00.000,69a2e2b9-dd40-45b2-88cd-e0856813b3ec,
,34.819077,1213.0331,33.97521,2025-06-13 17:22:00.000,af581c29-392f-4816-b857-70389cc62731.binning_data.json,427,31301,,31.943703,2025-06-14 00:43:54.398,2025-06-14 00:43:54.398,,35.431072,36.75507,33.07141,,34.819077,UTC+0530,KDw1iKzeM0,,com.sec.android.app.shealth,2025-06-14 00:43:00.000,af581c29-392f-4816-b857-70389cc62731,
,33.481426,1121.8177,34.006115,2025-06-14 18:04:00.000,646de7aa-9851-4e32-9772-786d3575f221.binning_data.json,416,31301,,32.021072,2025-06-15 01:18:56.367,2025-06-15 01:18:56.367,,35.458344,35.140366,31.159195,,33.481426,UTC+0530,KDw1iKzeM0,,com.sec.android.app.shealth,2025-06-15 01:18:00.000,646de7aa-9851-4e32-9772-786d3575f221,
,34.16099,1167.7546,33.99187,2025-06-15 17:19:00.000,2d6e6144-d894-4fdd-9525-3c33c8b7ca67.binning_data.json,448,31301,,31.980661,2025-06-16 01:02:06.418,2025-06-16 01:02:06.418,,35.45825,36.06118,32.237167,,34.16099,UTC+0530,KDw1iKzeM0,,com.sec.android.app.shealth,2025-06-16 01:02:00.000,2d6e6144-d894-4fdd-9525-3c33c8b7ca67,
,33.881516,1149.034,33.998917,2025-06-16 17:08:00.000,ff91e7a4-517e-4fd7-ba39-82124ce4544f.binning_data.json,455,31301,,32.0146,2025-06-17 01:01:17.180,2025-06-17 01:01:17.180,,35.505615,36.251614,31.711258,,33.881516,UTC+0530,KDw1iKzeM0,,com.sec.android.app.shealth,2025-06-17 01:01:00.000,ff91e7a4-517e-4fd7-ba39-82124ce4544f,
,33.888905,1149.6531,34.016247,2025-06-17 17:21:00.000,5f9742d0-719f-45b8-9f65-9ceda9a4e4f2.binning_data.json,467,31301,,32.03032,2025-06-18 01:28:10.552,2025-06-18 01:28:10.552,,35.56131,36.075233,31.69103,,33.888905,UTC+0530,KDw1iKzeM0,,com.sec.android.app.shealth,2025-06-18 01:27:00.000,5f9742d0-719f-45b8-9f65-9ceda9a4e4f2,
,33.979767,1155.1747,34.020752,2025-06-18 17:37:00.000,bed05b1f-5211-49f7-bc74-d719120556aa.binning_data.json,370,31301,,32.055313,2025-06-19 00:01:33.825,2025-06-19 00:01:33.825,,35.56573,35.582,31.460445,,33.979767,UTC+0530,KDw1iKzeM0,,com.sec.android.app.shealth,2025-06-19 00:01:00.000,bed05b1f-5211-49f7-bc74-d719120556aa,
,33.809612,1143.6656,34.03476,2025-06-19 16:51:00.000,966b9096-08b2-47fd-92da-8e413c1b2907.binning_data.json,457,31301,,32.042133,2025-06-20 00:56:37.174,2025-06-20 00:56:37.174,,35.61458,35.54729,32.359436,,33.809612,UTC+0530,KDw1iKzeM0,,com.sec.android.app.shealth,2025-06-20 00:43:00.000,966b9096-08b2-47fd-92da-8e413c1b2907,
,33.432163,1117.9827,34.044315,2025-06-20 17:46:00.000,5aa1ad1c-8be4-41d0-aa78-ab27f67172d1.binning_data.json,383,31301,,32.043346,2025-06-21 00:48:58.908,2025-06-21 00:48:58.908,,35.6168,34.37758,32.24942,,33.432163,UTC+0530,KDw1iKzeM0,,com.sec.android.app.shealth,2025-06-21 00:24:00.000,5aa1ad1c-8be4-41d0-aa78-ab27f67172d1,
,34.75551,1208.2056,34.022484,2025-06-21 09:58:00.000,022d6e67-a9fc-4dd1-9bba-0474672400a6.binning_data.json,79,31301,,32.054188,2025-06-21 11:29:35.390,2025-06-21 11:29:35.390,,35.5899,35.46424,33.769627,,34.75551,UTC+0530,KDw1iKzeM0,,com.sec.android.app.shealth,2025-06-21 11:29:00.000,022d6e67-a9fc-4dd1-9bba-0474672400a6,
,33.640026,1132.0719,34.027836,2025-06-21 19:18:00.000,5a44069e-5d4f-4cf4-b462-c287d16194e4.binning_data.json,293,31301,,32.092945,2025-06-22 00:22:12.391,2025-06-22 00:22:12.391,,35.58362,34.833397,32.233288,,33.640026,UTC+0530,KDw1iKzeM0,,com.sec.android.app.shealth,2025-06-22 00:22:00.000,5a44069e-5d4f-4cf4-b462-c287d16194e4,
,33.762356,1140.494,34.017612,2025-06-22 17:20:00.000,ffc611c7-349e-4847-aeb8-db217223ab45.binning_data.json,413,31301,,32.09963,2025-06-23 00:29:45.638,2025-06-23 00:29:45.638,,35.55597,35.20413,32.234234,,33.762356,UTC+0530,KDw1iKzeM0,,com.sec.android.app.shealth,2025-06-23 00:29:00.000,ffc611c7-349e-4847-aeb8-db217223ab45,
,34.520145,1191.8269,34.008465,2025-06-23 00:38:00.000,3a48eab6-6505-4137-9f4c-13bf0d3658c6.binning_data.json,61,31301,,32.105747,2025-06-23 01:42:43.160,2025-06-23 01:42:43.160,,35.539974,35.05439,33.656876,,34.520145,UTC+0530,KDw1iKzeM0,,com.sec.android.app.shealth,2025-06-23 01:42:00.000,3a48eab6-6505-4137-9f4c-13bf0d3658c6,
,33.80456,1143.3875,34.011158,2025-06-23 17:23:00.000,d43b4111-e0a7-4a85-800e-670c226967cd.binning_data.json,412,31301,,32.14773,2025-06-24 00:40:07.153,2025-06-24 00:40:07.153,,35.518864,35.195034,31.956762,,33.80456,UTC+0530,KDw1iKzeM0,,com.sec.android.app.shealth,2025-06-24 00:29:00.000,d43b4111-e0a7-4a85-800e-670c226967cd,
,33.588696,1129.2983,34.004063,2025-06-24 17:12:00.000,2f0b2781-547b-4547-9de4-85ba1213917d.binning_data.json,472,31301,,32.139774,2025-06-25 01:19:58.547,2025-06-25 01:19:58.547,,35.50537,35.720818,31.436634,,33.588696,UTC+0530,KDw1iKzeM0,,com.sec.android.app.shealth,2025-06-25 01:19:00.000,2f0b2781-547b-4547-9de4-85ba1213917d,
,34.165436,1167.636,33.985516,2025-06-25 17:51:00.000,8b3e40dd-0f38-492c-b292-e64ab66ce6ee.binning_data.json,312,31301,,32.139774,2025-06-25 23:31:14.689,2025-06-25 23:31:14.689,,35.490604,35.379906,32.710594,,34.165436,UTC+0530,KDw1iKzeM0,,com.sec.android.app.shealth,2025-06-25 23:18:00.000,8b3e40dd-0f38-492c-b292-e64ab66ce6ee,
,34.564056,1194.7274,33.99007,2025-06-26 00:01:00.000,cf4a9b7c-988a-4303-b528-c7c364b6e403.binning_data.json,68,31301,,32.15362,2025-06-26 01:23:15.871,2025-06-26 01:23:15.871,,35.482185,34.95926,34.18362,,34.564056,UTC+0530,KDw1iKzeM0,,com.sec.android.app.shealth,2025-06-26 01:23:00.000,cf4a9b7c-988a-4303-b528-c7c364b6e403,
,33.377815,1115.1797,33.984184,2025-06-26 17:01:00.000,2297490d-f67b-422c-9c11-663b75f183e7.binning_data.json,499,31301,,32.204906,2025-06-27 01:46:45.267,2025-06-27 01:46:45.267,,35.45168,35.546406,31.064653,,33.377815,UTC+0530,KDw1iKzeM0,,com.sec.android.app.shealth,2025-06-27 01:34:00.000,2297490d-f67b-422c-9c11-663b75f183e7,
,33.521828,1124.507,33.949818,2025-06-27 17:21:00.000,2eaba8d6-0b22-4b2a-8910-9ce7f0e26712.binning_data.json,431,31301,,32.187065,2025-06-28 00:46:56.641,2025-06-28 00:46:56.641,,35.436867,35.39427,31.076426,,33.521828,UTC+0530,KDw1iKzeM0,,com.sec.android.app.shealth,2025-06-28 00:46:00.000,2eaba8d6-0b22-4b2a-8910-9ce7f0e26712,
,33.517574,1124.1168,33.938282,2025-06-28 18:12:00.000,742841b1-4a5c-49cf-b78b-7421e44e3c9d.binning_data.json,357,31301,,32.164757,2025-06-29 00:25:30.651,2025-06-29 00:25:30.651,,35.43395,35.349743,31.565557,,33.517574,UTC+0530,KDw1iKzeM0,,com.sec.android.app.shealth,2025-06-29 00:24:00.000,742841b1-4a5c-49cf-b78b-7421e44e3c9d,
,33.734764,1139.0424,33.919254,2025-06-29 17:21:00.000,1e83e6fb-3ca5-4165-a7c6-e7b4a4ed2c07.binning_data.json,409,31301,,32.151188,2025-06-30 00:25:06.154,2025-06-30 00:25:06.154,,35.433147,35.132996,30.964525,,33.734764,UTC+0530,KDw1iKzeM0,,com.sec.android.app.shealth,2025-06-30 00:25:00.000,1e83e6fb-3ca5-4165-a7c6-e7b4a4ed2c07,
,33.477993,1121.3727,33.91064,2025-06-30 17:16:00.000,f851345c-8cbc-457d-a5a5-cd9548c882ea.binning_data.json,387,31301,,32.127335,2025-06-30 23:58:16.679,2025-06-30 23:58:16.679,,35.43433,34.49218,31.12779,,33.477993,UTC+0530,KDw1iKzeM0,,com.sec.android.app.shealth,2025-06-30 23:58:00.000,f851345c-8cbc-457d-a5a5-cd9548c882ea,
,34.18533,1168.67,33.897038,2025-07-01 00:28:00.000,e18811e9-0a8d-49af-accd-c7b17d2c2e29.binning_data.json,63,31301,,32.086994,2025-07-01 01:51:49.902,2025-07-01 01:51:49.902,,35.41472,34.537964,33.91245,,34.18533,UTC+0530,KDw1iKzeM0,,com.sec.android.app.shealth,2025-07-01 01:51:00.000,e18811e9-0a8d-49af-accd-c7b17d2c2e29,
,33.251747,1106.548,33.89244,2025-07-01 17:13:00.000,25ad767b-c993-4285-bf29-2e63dc97f330.binning_data.json,446,31301,,32.131992,2025-07-02 00:53:25.577,2025-07-02 00:53:25.577,,35.375076,34.5528,30.845213,,33.251747,UTC+0530,KDw1iKzeM0,,com.sec.android.app.shealth,2025-07-02 00:53:00.000,25ad767b-c993-4285-bf29-2e63dc97f330,
,34.02396,1158.3542,33.861454,2025-07-02 18:27:00.000,61c4abee-c4dd-49ad-8a0f-4ee4625b0eff.binning_data.json,379,31301,,32.084892,2025-07-03 01:01:52.103,2025-07-03 01:01:52.103,,35.358215,35.82106,32.148106,,34.02396,UTC+0530,KDw1iKzeM0,,com.sec.android.app.shealth,2025-07-03 01:01:00.000,61c4abee-c4dd-49ad-8a0f-4ee4625b0eff,
,33.4404,1119.1992,33.87252,2025-07-03 17:15:00.000,0b0dcb9e-9073-4c2f-88af-81e1c3c645cf.binning_data.json,419,31301,,32.089653,2025-07-04 00:28:52.342,2025-07-04 00:28:52.342,,35.38396,34.556747,30.660547,,33.4404,UTC+0530,KDw1iKzeM0,,com.sec.android.app.shealth,2025-07-04 00:28:00.000,0b0dcb9e-9073-4c2f-88af-81e1c3c645cf,
,33.08271,1095.0632,33.84689,2025-07-04 17:57:00.000,f8d4123c-d762-41c5-95c1-3cd8eba58ed5.binning_data.json,369,31301,,31.98916,2025-07-05 00:47:25.093,2025-07-05 00:47:25.093,,35.365368,35.01877,31.37673,,33.08271,UTC+0530,KDw1iKzeM0,,com.sec.android.app.shealth,2025-07-05 00:22:00.000,f8d4123c-d762-41c5-95c1-3cd8eba58ed5,
,35.283474,1245.1996,33.82397,2025-07-05 00:57:00.000,9a0787ca-e27f-4025-abbe-264e0fa5c9f8.binning_data.json,75,31301,,31.964663,2025-07-05 02:32:42.288,2025-07-05 02:32:42.288,,35.351505,35.949284,33.757492,,35.283474,UTC+0530,KDw1iKzeM0,,com.sec.android.app.shealth,2025-07-05 02:32:00.000,9a0787ca-e27f-4025-abbe-264e0fa5c9f8,
,33.783073,1142.0072,33.812115,2025-07-05 18:08:00.000,51f3be15-70f3-4643-97d2-2ae576ff584c.binning_data.json,412,31301,,32.01778,2025-07-06 01:41:34.411,2025-07-06 01:41:34.411,,35.363438,35.553722,32.004993,,33.783073,UTC+0530,KDw1iKzeM0,,com.sec.android.app.shealth,2025-07-06 01:15:00.000,51f3be15-70f3-4643-97d2-2ae576ff584c,
,33.42512,1118.7327,33.800316,2025-07-06 17:19:00.000,2fb049ee-3a11-4160-b368-c695c4f8fa5d.binning_data.json,469,31301,,31.989883,2025-07-07 01:26:26.811,2025-07-07 01:26:26.811,,35.36318,35.595062,30.593777,,33.42512,UTC+0530,KDw1iKzeM0,,com.sec.android.app.shealth,2025-07-07 01:23:00.000,2fb049ee-3a11-4160-b368-c695c4f8fa5d,
,34.2674,1174.8687,33.784504,2025-07-07 17:27:00.000,24f8fa93-9770-45ff-a689-060a218e7a8b.binning_data.json,404,31301,,31.941782,2025-07-08 00:27:43.237,2025-07-08 00:27:43.237,,35.389492,35.965244,32.821983,,34.2674,UTC+0530,KDw1iKzeM0,,com.sec.android.app.shealth,2025-07-08 00:27:00.000,24f8fa93-9770-45ff-a689-060a218e7a8b,
,33.48231,1121.6038,33.777275,2025-07-08 17:45:00.000,d72c8c02-4f91-4209-8469-d7709a2b4747.binning_data.json,400,31301,,31.941477,2025-07-09 00:40:52.234,2025-07-09 00:40:52.234,,35.38971,34.753468,31.124954,,33.48231,UTC+0530,KDw1iKzeM0,,com.sec.android.app.shealth,2025-07-09 00:40:00.000,d72c8c02-4f91-4209-8469-d7709a2b4747,
,35.254177,1242.8607,33.76733,2025-07-09 00:58:00.000,ff891c85-c74e-4845-b208-e5744ba3ac08.binning_data.json,9,31301,,31.90882,2025-07-09 01:27:32.071,2025-07-09 01:27:32.071,,35.364258,35.33588,35.172337,,35.254177,UTC+0530,KDw1iKzeM0,,com.sec.android.app.shealth,2025-07-09 01:27:00.000,ff891c85-c74e-4845-b208-e5744ba3ac08,
,34.534428,1193.4219,33.76163,2025-07-09 18:12:00.000,fde533fb-849e-4adb-bbdc-09f4fb0b1432.binning_data.json,433,31301,,32.01047,2025-07-10 01:41:39.840,2025-07-10 01:41:39.840,,35.338398,36.727962,32.183872,,34.534428,UTC+0530,KDw1iKzeM0,,com.sec.android.app.shealth,2025-07-10 01:40:00.000,fde533fb-849e-4adb-bbdc-09f4fb0b1432,
,33.620087,1130.9769,33.78138,2025-07-10 17:35:00.000,3c321bfb-767d-4a3a-ba4f-3d3fbb7a6674.binning_data.json,313,31301,,32.016808,2025-07-10 23:28:34.883,2025-07-10 23:28:34.883,,35.364586,34.745346,31.31087,,33.620087,UTC+0530,KDw1iKzeM0,,com.sec.android.app.shealth,2025-07-10 23:04:00.000,3c321bfb-767d-4a3a-ba4f-3d3fbb7a6674,
,35.641838,1270.5107,33.777107,2025-07-10 23:30:00.000,8cce3020-0014-4ff7-a085-5f38648c5cf0.binning_data.json,93,31301,,31.989658,2025-07-11 01:22:30.758,2025-07-11 01:22:30.758,,35.340767,36.119083,34.70508,,35.641838,UTC+0530,KDw1iKzeM0,,com.sec.android.app.shealth,2025-07-11 01:22:00.000,8cce3020-0014-4ff7-a085-5f38648c5cf0,
,33.711796,1137.204,33.75344,2025-07-11 18:05:00.000,0c74fef5-07b2-4375-9334-8cf0d9c4d2e8.binning_data.json,394,31301,,32.016514,2025-07-12 01:19:38.417,2025-07-12 01:19:38.417,,35.340767,35.45308,31.270935,,33.711796,UTC+0530,KDw1iKzeM0,,com.sec.android.app.shealth,2025-07-12 00:53:00.000,0c74fef5-07b2-4375-9334-8cf0d9c4d2e8,
,34.209213,1171.3618,33.76189,2025-07-12 21:26:00.000,94544aa3-2491-4169-b940-43f4402c4a0c.binning_data.json,319,31301,,32.020817,2025-07-13 03:06:15.285,2025-07-13 03:06:15.285,,35.3528,35.566494,31.512821,,34.209213,UTC+0530,KDw1iKzeM0,,com.sec.android.app.shealth,2025-07-13 03:00:00.000,94544aa3-2491-4169-b940-43f4402c4a0c,
,34.14136,1166.2239,33.774014,2025-07-13 10:45:00.000,87675c27-7e0e-4dd7-9f0b-8ea409979299.binning_data.json,110,31301,,32.002,2025-07-13 12:56:25.580,2025-07-13 12:56:25.580,,35.36071,35.153446,32.608284,,34.14136,UTC+0530,KDw1iKzeM0,,com.sec.android.app.shealth,2025-07-13 12:56:00.000,87675c27-7e0e-4dd7-9f0b-8ea409979299,
,34.091915,1162.8369,33.762383,2025-07-13 18:14:00.000,d46341c1-a529-4323-a90a-8dad25589294.binning_data.json,375,31301,,32.015743,2025-07-14 00:47:40.059,2025-07-14 00:47:40.059,,35.32709,35.6536,32.288963,,34.091915,UTC+0530,KDw1iKzeM0,,com.sec.android.app.shealth,2025-07-14 00:44:00.000,d46341c1-a529-4323-a90a-8dad25589294,
,34.19468,1169.9667,33.768494,2025-07-14 17:00:00.000,c5e1df9c-3075-4c04-adb2-c54a04438b95.binning_data.json,449,31301,,32.03714,2025-07-15 00:50:39.710,2025-07-15 00:50:39.710,,35.315548,35.545887,31.4401,,34.19468,UTC+0530,KDw1iKzeM0,,com.sec.android.app.shealth,2025-07-15 00:50:00.000,c5e1df9c-3075-4c04-adb2-c54a04438b95,
,33.957184,1154.2765,33.78042,2025-07-15 17:22:00.000,ed5018db-dac2-454d-b27d-a84aeb5f2fba.binning_data.json,486,31301,,32.027843,2025-07-16 01:44:17.478,2025-07-16 01:44:17.478,,35.300606,36.02837,30.741777,,33.957184,UTC+0530,KDw1iKzeM0,,com.sec.android.app.shealth,2025-07-16 01:43:00.000,ed5018db-dac2-454d-b27d-a84aeb5f2fba,
,34.587856,1197.0416,33.78148,2025-07-16 19:10:00.000,97b188e3-e50a-4813-b33a-e2546e53c458.binning_data.json,391,31301,,32.00948,2025-07-17 01:55:30.854,2025-07-17 01:55:30.854,,35.31421,36.361595,32.43678,,34.587856,UTC+0530,KDw1iKzeM0,,com.sec.android.app.shealth,2025-07-17 01:55:00.000,97b188e3-e50a-4813-b33a-e2546e53c458,
,33.62854,1131.4556,33.808044,2025-07-17 17:22:00.000,eaf5d7c8-c76b-4f55-934c-fb10442ab29d.binning_data.json,376,31301,,32.012344,2025-07-17 23:52:25.955,2025-07-17 23:52:25.955,,35.329693,35.04098,31.003727,,33.62854,UTC+0530,KDw1iKzeM0,,com.sec.android.app.shealth,2025-07-17 23:52:00.000,eaf5d7c8-c76b-4f55-934c-fb10442ab29d,
,34.18847,1169.4348,,2025-07-20 18:10:00.000,343ea2d0-0258-4e95-978c-9f47af4ca442.binning_data.json,452,31301,,,2025-07-21 01:56:19.259,2025-07-21 01:56:19.259,,,35.825085,32.38161,,34.18847,UTC+0530,Q+CzYexHJ2,,com.sec.android.app.shealth,2025-07-21 01:56:00.000,343ea2d0-0258-4e95-978c-9f47af4ca442,
,33.975746,1155.2903,34.18847,2025-07-21 17:35:00.000,b3cf422d-b90e-459f-9d3d-d753a20fd19c.binning_data.json,465,31301,,,2025-07-22 01:47:06.096,2025-07-22 01:47:06.096,,,35.9137,31.8353,,33.975746,UTC+0530,Q+CzYexHJ2,,com.sec.android.app.shealth,2025-07-22 01:34:00.000,b3cf422d-b90e-459f-9d3d-d753a20fd19c,
,33.645294,1133.3606,34.0806,2025-07-22 17:34:00.000,f66308cd-afee-49f6-91fb-fb03537eb09f.binning_data.json,364,31301,,,2025-07-23 00:14:52.403,2025-07-23 00:14:52.403,,,35.247425,31.084307,,33.645294,UTC+0530,Q+CzYexHJ2,,com.sec.android.app.shealth,2025-07-22 23:51:00.000,f66308cd-afee-49f6-91fb-fb03537eb09f,
,33.65723,1133.3915,33.956905,2025-07-23 17:49:00.000,e2227ef8-8597-4c9e-86c1-1b395577498c.binning_data.json,420,31301,,31.8353,2025-07-24 01:06:04.785,2025-07-24 01:06:04.785,,35.825085,35.084354,31.709585,,33.65723,UTC+0530,Q+CzYexHJ2,,com.sec.android.app.shealth,2025-07-24 01:06:00.000,e2227ef8-8597-4c9e-86c1-1b395577498c,
,33.953346,1153.5553,33.88291,2025-07-24 18:16:00.000,dd1f3c81-bb09-46e6-9bfe-0dca8b775d4a.binning_data.json,422,31301,,31.772442,2025-07-25 01:57:33.861,2025-07-25 01:57:33.861,,35.536255,35.425735,30.906279,,33.953346,UTC+0530,Q+CzYexHJ2,,com.sec.android.app.shealth,2025-07-25 01:32:00.000,dd1f3c81-bb09-46e6-9bfe-0dca8b775d4a,
,33.663605,1134.6044,33.89691,2025-07-25 17:49:00.000,d65294da-f741-4f93-92ed-7a160388ec67.binning_data.json,415,31301,,31.543066,2025-07-26 00:58:40.887,2025-07-26 00:58:40.887,,35.499416,35.703686,31.011896,,33.663605,UTC+0530,Q+CzYexHJ2,,com.sec.android.app.shealth,2025-07-26 00:58:00.000,d65294da-f741-4f93-92ed-7a160388ec67,
,33.52023,1124.2374,33.858765,2025-07-26 18:42:00.000,b6b6b2c1-d098-49e2-8a80-2e868ed54a11.binning_data.json,375,31301,,31.41027,2025-07-27 01:34:04.745,2025-07-27 01:34:04.745,,35.550484,34.687267,31.094017,,33.52023,UTC+0530,Q+CzYexHJ2,,com.sec.android.app.shealth,2025-07-27 01:12:00.000,b6b6b2c1-d098-49e2-8a80-2e868ed54a11,
,34.48355,1189.7177,33.81518,2025-07-27 17:44:00.000,8c04764d-ad8d-4ef8-b35f-d9e81223c566.binning_data.json,394,31301,,31.347021,2025-07-28 00:34:30.772,2025-07-28 00:34:30.772,,35.457256,35.247135,31.460348,,34.48355,UTC+0530,Q+CzYexHJ2,,com.sec.android.app.shealth,2025-07-28 00:34:00.000,8c04764d-ad8d-4ef8-b35f-d9e81223c566,
,33.923172,1151.6007,33.894814,2025-07-28 17:44:00.000,ad3a25b4-4f35-4277-a2a0-22b4acec30ea.binning_data.json,443,31301,,31.365908,2025-07-29 01:22:24.716,2025-07-29 01:22:24.716,,35.422237,35.869778,31.19267,,33.923172,UTC+0530,Q+CzYexHJ2,,com.sec.android.app.shealth,2025-07-29 01:22:00.000,ad3a25b4-4f35-4277-a2a0-22b4acec30ea,
,33.565605,1127.2538,33.898163,2025-07-29 17:07:00.000,d26d7efd-aaaa-4f14-a20d-b7a8d1e6bb64.binning_data.json,454,31301,,31.341158,2025-07-30 01:02:32.012,2025-07-30 01:02:32.012,,35.48617,34.884083,31.076271,,33.565605,UTC+0530,Q+CzYexHJ2,,com.sec.android.app.shealth,2025-07-30 01:02:00.000,d26d7efd-aaaa-4f14-a20d-b7a8d1e6bb64,
,34.192577,1169.9313,33.86225,2025-07-30 18:56:00.000,df7abc0a-dc1b-4d37-b8d6-0ed5363024e5.binning_data.json,409,31301,,31.308046,2025-07-31 02:06:33.920,2025-07-31 02:06:33.920,,35.41091,35.42352,32.01557,,34.192577,UTC+0530,Q+CzYexHJ2,,com.sec.android.app.shealth,2025-07-31 02:06:00.000,df7abc0a-dc1b-4d37-b8d6-0ed5363024e5,
,33.913868,1150.588,33.891537,2025-07-31 16:45:00.000,081bb8f2-e7ab-4db4-94cc-81fb0ade2cc0.binning_data.json,337,31301,,31.350355,2025-07-31 22:52:12.953,2025-07-31 22:52:12.953,,35.42242,35.632736,32.706947,,33.913868,UTC+0530,Q+CzYexHJ2,,com.sec.android.app.shealth,2025-07-31 22:38:00.000,081bb8f2-e7ab-4db4-94cc-81fb0ade2cc0,
,34.79319,1210.6461,33.89306,2025-07-31 23:25:00.000,60e2da72-084d-4bfa-9c39-763d9c352810.binning_data.json,53,31301,,31.433506,2025-08-01 00:34:21.043,2025-08-01 00:34:21.043,,35.44871,35.34613,34.454987,,34.79319,UTC+0530,Q+CzYexHJ2,,com.sec.android.app.shealth,2025-08-01 00:34:00.000,60e2da72-084d-4bfa-9c39-763d9c352810,
,33.834435,1145.5398,33.90259,2025-08-01 18:25:00.000,1d18c5f1-7bf8-44eb-bb31-d983a66d43a8.binning_data.json,486,31301,,31.538853,2025-08-02 02:44:59.294,2025-08-02 02:44:59.294,,35.43731,35.516468,31.680595,,33.834435,UTC+0530,Q+CzYexHJ2,,com.sec.android.app.shealth,2025-08-02 02:44:00.000,1d18c5f1-7bf8-44eb-bb31-d983a66d43a8,
,32.52012,1058.2206,33.896557,2025-08-02 10:26:00.000,e943f310-ab25-493f-adc6-a1ddea2de839.binning_data.json,95,31301,,31.553028,2025-08-02 12:36:50.983,2025-08-02 12:36:50.983,,35.44523,33.515778,30.69008,,32.52012,UTC+0530,Q+CzYexHJ2,,com.sec.android.app.shealth,2025-08-02 12:14:00.000,e943f310-ab25-493f-adc6-a1ddea2de839,
,33.116844,1098.1854,33.873142,2025-08-02 18:51:00.000,0bc25cc4-23ec-4bd8-9b00-0a4cf2fcc88d.binning_data.json,392,31301,,31.503834,2025-08-03 01:43:28.035,2025-08-03 01:43:28.035,,35.394215,34.84312,29.974705,,33.116844,UTC+0530,Q+CzYexHJ2,,com.sec.android.app.shealth,2025-08-03 01:37:00.000,0bc25cc4-23ec-4bd8-9b00-0a4cf2fcc88d,
,33.95786,1153.6284,33.823532,2025-08-03 18:58:00.000,ae4744c8-bf34-4bf9-aafc-36cd03ad8d4b.binning_data.json,357,31301,,31.454039,2025-08-04 01:34:23.651,2025-08-04 01:34:23.651,,35.348286,35.27097,32.22716,,33.95786,UTC+0530,Q+CzYexHJ2,,com.sec.android.app.shealth,2025-08-04 01:09:00.000,ae4744c8-bf34-4bf9-aafc-36cd03ad8d4b,
,33.51463,1124.0448,33.831104,2025-08-04 18:17:00.000,d37be26e-7874-493d-a46d-ee9892760064.binning_data.json,374,31301,,31.51351,2025-08-05 00:53:05.295,2025-08-05 00:53:05.295,,35.342342,35.354202,30.9157,,33.51463,UTC+0530,Q+CzYexHJ2,,com.sec.android.app.shealth,2025-08-05 00:52:00.000,d37be26e-7874-493d-a46d-ee9892760064,
,32.766636,1075.2101,33.813457,2025-08-05 17:03:00.000,6be2014e-6a8c-4394-92f2-f8b961d97914.binning_data.json,454,31301,,31.47081,2025-08-06 00:51:26.042,2025-08-06 00:51:26.042,,35.34319,34.795082,30.06455,,32.766636,UTC+0530,Q+CzYexHJ2,,com.sec.android.app.shealth,2025-08-06 00:51:00.000,6be2014e-6a8c-4394-92f2-f8b961d97914,
,34.882565,1216.838,33.74709,2025-08-06 00:55:00.000,2f78b3d5-fa69-4c06-a1e3-2342ea3a638c.binning_data.json,17,31301,,31.41876,2025-08-06 01:20:12.002,2025-08-06 01:20:12.002,,35.306644,35.119026,34.489655,,34.882565,UTC+0530,Q+CzYexHJ2,,com.sec.android.app.shealth,2025-08-06 01:20:00.000,2f78b3d5-fa69-4c06-a1e3-2342ea3a638c,
,34.342175,1179.8064,33.74978,2025-08-06 19:00:00.000,5c4b3e8b-4a9c-424a-9061-85f32f8f171f.binning_data.json,314,31301,,31.499271,2025-08-07 00:36:44.607,2025-08-07 00:36:44.607,,35.29492,35.669388,32.36724,,34.342175,UTC+0530,Q+CzYexHJ2,,com.sec.android.app.shealth,2025-08-07 00:34:00.000,5c4b3e8b-4a9c-424a-9061-85f32f8f171f,
,33.900692,1149.6997,33.774605,2025-08-07 17:53:00.000,38be2eaf-733b-44ea-8a3d-1fa3c2ace00b.binning_data.json,469,31301,,31.530573,2025-08-08 01:57:56.178,2025-08-08 01:57:56.178,,35.317863,35.57418,32.391388,,33.900692,UTC+0530,Q+CzYexHJ2,,com.sec.android.app.shealth,2025-08-08 01:57:00.000,38be2eaf-733b-44ea-8a3d-1fa3c2ace00b,
,33.57373,1128.1505,33.782036,2025-08-08 18:13:00.000,d38b498b-3d8f-429c-aedc-2a55ec7b347a.binning_data.json,440,31301,,31.584373,2025-08-09 01:52:11.527,2025-08-09 01:52:11.527,,35.33388,35.590313,31.832182,,33.57373,UTC+0530,Q+CzYexHJ2,,com.sec.android.app.shealth,2025-08-09 01:52:00.000,d38b498b-3d8f-429c-aedc-2a55ec7b347a,
,34.027946,1158.3767,33.771126,2025-08-09 18:20:00.000,2b50a4a9-aa4b-4c2a-af5e-9093ef24c610.binning_data.json,396,31301,,31.59895,2025-08-10 01:11:22.165,2025-08-10 01:11:22.165,,35.34897,35.227283,32.454784,,34.027946,UTC+0530,Q+CzYexHJ2,,com.sec.android.app.shealth,2025-08-10 01:11:00.000,2b50a4a9-aa4b-4c2a-af5e-9093ef24c610,
,32.274746,1043.5374,33.782684,2025-08-10 17:45:00.000,44a88557-fca6-47f5-b886-506b079782c2.binning_data.json,469,31301,,31.646494,2025-08-11 02:12:31.661,2025-08-11 02:12:31.661,,35.34221,34.130108,29.023317,,32.274746,UTC+0530,Q+CzYexHJ2,,com.sec.android.app.shealth,2025-08-11 01:48:00.000,44a88557-fca6-47f5-b886-506b079782c2,
,33.856663,1147.5675,33.70636,2025-08-11 18:07:00.000,cd2336dd-b6d9-470f-94be-70a88a237609.binning_data.json,391,31301,,31.596155,2025-08-12 00:54:06.762,2025-08-12 00:54:06.762,,35.313408,35.780422,30.642199,,33.856663,UTC+0530,Q+CzYexHJ2,,com.sec.android.app.shealth,2025-08-12 00:54:00.000,cd2336dd-b6d9-470f-94be-70a88a237609,
,33.672977,1134.1965,33.712444,2025-08-12 01:05:00.000,1c13c11f-e803-4e4f-84aa-2cfe5e3a8c50.binning_data.json,12,31301,,31.548458,2025-08-12 01:53:11.623,2025-08-12 01:53:11.623,,35.336758,34.6895,33.13699,,33.672977,UTC+0530,Q+CzYexHJ2,,com.sec.android.app.shealth,2025-08-12 01:30:00.000,1c13c11f-e803-4e4f-84aa-2cfe5e3a8c50,
,33.506317,1124.2001,33.7124,2025-08-12 17:43:00.000,10d41166-3aba-417b-a987-03d13e03a6f1.binning_data.json,444,31301,,31.603626,2025-08-13 01:25:53.791,2025-08-13 01:25:53.791,,35.30594,35.43971,30.368198,,33.506317,UTC+0530,Q+CzYexHJ2,,com.sec.android.app.shealth,2025-08-13 01:22:00.000,10d41166-3aba-417b-a987-03d13e03a6f1,
,33.507217,1123.4828,33.70335,2025-08-13 17:54:00.000,c52bf84e-579d-4bb8-b05c-006a3f490091.binning_data.json,285,31301,,31.547468,2025-08-13 23:23:50.871,2025-08-13 23:23:50.871,,35.31202,34.574944,30.839844,,33.507217,UTC+0530,Q+CzYexHJ2,,com.sec.android.app.shealth,2025-08-13 22:59:00.000,c52bf84e-579d-4bb8-b05c-006a3f490091,
,34.787395,1210.2909,33.697975,2025-08-13 23:19:00.000,b5b66bb7-56c2-47ee-a603-c196109ffdbe.binning_data.json,113,31301,,31.516708,2025-08-14 01:29:22.153,2025-08-14 01:29:22.153,,35.284855,35.335632,34.071873,,34.787395,UTC+0530,Q+CzYexHJ2,,com.sec.android.app.shealth,2025-08-14 01:29:00.000,b5b66bb7-56c2-47ee-a603-c196109ffdbe,
,34.036453,1159.3657,33.709686,2025-08-14 17:32:00.000,bf688b50-35cb-4fc3-abdb-28a0d5d8aa06.binning_data.json,341,31301,,31.584219,2025-08-14 23:54:58.807,2025-08-14 23:54:58.807,,35.286972,35.51977,32.211884,,34.036453,UTC+0530,Q+CzYexHJ2,,com.sec.android.app.shealth,2025-08-14 23:27:00.000,bf688b50-35cb-4fc3-abdb-28a0d5d8aa06,
,33.706844,1137.1163,33.719955,2025-08-15 17:46:00.000,3793ac35-5ea8-4dfc-9de7-3399a9fa85f9.binning_data.json,499,31301,,31.596865,2025-08-16 02:46:29.583,2025-08-16 02:46:29.583,,35.301716,35.785976,31.743187,,33.706844,UTC+0530,Q+CzYexHJ2,,com.sec.android.app.shealth,2025-08-16 02:19:00.000,3793ac35-5ea8-4dfc-9de7-3399a9fa85f9,
,34.013912,1157.3412,33.719376,2025-08-16 18:17:00.000,f27bc69f-d325-468e-bb1d-eb9c10c35372.binning_data.json,388,31301,,31.60296,2025-08-17 01:04:11.218,2025-08-17 01:04:11.218,,35.32166,35.47838,32.50224,,34.013912,UTC+0530,Q+CzYexHJ2,,com.sec.android.app.shealth,2025-08-17 01:03:00.000,f27bc69f-d325-468e-bb1d-eb9c10c35372,
,34.344666,1179.9841,33.72911,2025-08-17 10:02:00.000,def9a0ae-5ce7-4884-b201-e2e0fdeef502.binning_data.json,130,31301,,31.638933,2025-08-17 12:34:36.243,2025-08-17 12:34:36.243,,35.32793,35.157997,32.928093,,34.344666,UTC+0530,Q+CzYexHJ2,,com.sec.android.app.shealth,2025-08-17 12:29:00.000,def9a0ae-5ce7-4884-b201-e2e0fdeef502,
,34.41014,1184.5688,33.717934,2025-08-17 18:45:00.000,e6a79329-6ca3-4c49-8953-3ae5e6f7a522.binning_data.json,412,31301,,31.660793,2025-08-18 01:57:44.741,2025-08-18 01:57:44.741,,35.303032,35.998444,32.78202,,34.41014,UTC+0530,Q+CzYexHJ2,,com.sec.android.app.shealth,2025-08-18 01:57:00.000,e6a79329-6ca3-4c49-8953-3ae5e6f7a522,
,34.863758,1215.9103,33.732483,2025-08-18 17:32:00.000,afa4f644-dd1e-4ebd-80f6-4a41d3274df6.binning_data.json,271,31301,,31.698662,2025-08-18 22:41:39.042,2025-08-18 22:41:39.042,,35.303032,35.989002,32.92985,,34.863758,UTC+0530,Q+CzYexHJ2,,com.sec.android.app.shealth,2025-08-18 22:20:00.000,afa4f644-dd1e-4ebd-80f6-4a41d3274df6,
,34.701084,1204.3711,33.75883,2025-08-18 22:40:00.000,8d178b31-b865-4b0c-8a54-c97009fea8c1.binning_data.json,151,31301,,31.746016,2025-08-19 01:30:48.346,2025-08-19 01:30:48.346,,35.321392,35.561646,33.81754,,34.701084,UTC+0530,Q+CzYexHJ2,,com.sec.android.app.shealth,2025-08-19 01:30:00.000,8d178b31-b865-4b0c-8a54-c97009fea8c1,
,33.907745,1150.3623,33.774906,2025-08-19 17:41:00.000,f9497e5d-610f-495a-90c9-765892f72649.binning_data.json,467,31301,,31.824968,2025-08-20 01:46:12.562,2025-08-20 01:46:12.562,,35.333477,35.36769,31.99013,,33.907745,UTC+0530,Q+CzYexHJ2,,com.sec.android.app.shealth,2025-08-20 01:46:00.000,f9497e5d-610f-495a-90c9-765892f72649,
,34.106113,1163.7426,33.784626,2025-08-20 18:58:00.000,605f482a-ae2a-474b-9c64-e4d2c3fb7766.binning_data.json,322,31301,,31.835756,2025-08-21 00:36:32.795,2025-08-21 00:36:32.795,,35.344376,35.258392,32.47398,,34.106113,UTC+0530,Q+CzYexHJ2,,com.sec.android.app.shealth,2025-08-21 00:36:00.000,605f482a-ae2a-474b-9c64-e4d2c3fb7766,
,34.312317,1177.3843,33.793404,2025-08-21 01:10:00.000,00ba598f-91de-4bb3-b871-7c37faa462be.binning_data.json,64,31301,,31.859396,2025-08-21 02:36:03.790,2025-08-21 02:36:03.790,,35.34119,34.72136,33.801502,,34.312317,UTC+0530,Q+CzYexHJ2,,com.sec.android.app.shealth,2025-08-21 02:36:00.000,00ba598f-91de-4bb3-b871-7c37faa462be,
,34.29025,1176.3824,33.790405,2025-08-21 17:11:00.000,df9b5551-4a1c-4a50-9e7b-43aaab409517.binning_data.json,491,31301,,31.966627,2025-08-22 01:38:52.154,2025-08-22 01:38:52.154,,35.3151,35.63681,32.598885,,34.29025,UTC+0530,Q+CzYexHJ2,,com.sec.android.app.shealth,2025-08-22 01:38:00.000,df9b5551-4a1c-4a50-9e7b-43aaab409517,
,34.190094,1169.2306,33.816303,2025-08-22 18:32:00.000,088fba0d-a207-4ee6-9261-43507e273e1b.binning_data.json,396,31301,,32.025402,2025-08-23 01:24:23.987,2025-08-23 01:24:23.987,,35.312626,35.038254,32.068798,,34.190094,UTC+0530,Q+CzYexHJ2,,com.sec.android.app.shealth,2025-08-23 01:24:00.000,088fba0d-a207-4ee6-9261-43507e273e1b,
,34.565147,1195.4381,33.838768,2025-08-23 17:47:00.000,092a41a8-c9b5-4b57-b82b-4818645e443a.binning_data.json,342,31301,,32.061504,2025-08-24 00:09:41.366,2025-08-24 00:09:41.366,,35.325542,36.64928,33.715786,,34.565147,UTC+0530,Q+CzYexHJ2,,com.sec.android.app.shealth,2025-08-23 23:44:00.000,092a41a8-c9b5-4b57-b82b-4818645e443a,
,34.94707,1221.4585,33.859695,2025-08-24 00:29:00.000,996227ce-fa31-48b8-9d02-ba2f43c699a5.binning_data.json,62,31301,,32.120586,2025-08-24 01:46:27.919,2025-08-24 01:46:27.919,,35.341984,35.629936,34.381615,,34.94707,UTC+0530,Q+CzYexHJ2,,com.sec.android.app.shealth,2025-08-24 01:46:00.000,996227ce-fa31-48b8-9d02-ba2f43c699a5,
,34.232357,1172.5914,33.84424,2025-08-24 17:45:00.000,3960ebd7-b598-46f2-9ab0-7002ddcaa081.binning_data.json,304,31301,,32.204773,2025-08-24 23:30:35.635,2025-08-24 23:30:35.635,,35.355656,36.03665,32.355183,,34.232357,UTC+0530,Q+CzYexHJ2,,com.sec.android.app.shealth,2025-08-24 23:07:00.000,3960ebd7-b598-46f2-9ab0-7002ddcaa081,
,35.00759,1226.3052,33.8542,2025-08-24 23:24:00.000,10dad5bc-afb9-4535-a8d6-1dc626dd7bcd.binning_data.json,131,31301,,32.209957,2025-08-25 01:50:06.799,2025-08-25 01:50:06.799,,35.373383,36.551193,33.760506,,35.00759,UTC+0530,Q+CzYexHJ2,,com.sec.android.app.shealth,2025-08-25 01:50:00.000,10dad5bc-afb9-4535-a8d6-1dc626dd7bcd,
,33.59099,1128.6377,33.86465,2025-08-25 17:27:00.000,b02993d8-22b9-4124-b8fd-dfaf3880ecff.binning_data.json,411,31301,,32.298508,2025-08-26 00:35:07.875,2025-08-26 00:35:07.875,,35.377495,34.27079,31.802677,,33.59099,UTC+0530,Q+CzYexHJ2,,com.sec.android.app.shealth,2025-08-26 00:35:00.000,b02993d8-22b9-4124-b8fd-dfaf3880ecff,
,34.239147,1172.991,33.86668,2025-08-26 17:03:00.000,adab69d6-1d2f-40e4-8b5f-7fd9881040de.binning_data.json,503,31301,,32.323555,2025-08-27 01:42:06.035,2025-08-27 01:42:06.035,,35.370785,35.76838,31.875505,,34.239147,UTC+0530,Q+CzYexHJ2,,com.sec.android.app.shealth,2025-08-27 01:41:00.000,adab69d6-1d2f-40e4-8b5f-7fd9881040de,
,34.24335,1173.4838,33.871346,2025-08-27 18:03:00.000,e6e15fb4-65c9-4a44-8097-712c08227ebf.binning_data.json,334,31301,,32.31872,2025-08-28 00:17:31.986,2025-08-28 00:17:31.986,,35.38268,35.76064,31.709356,,34.24335,UTC+0530,Q+CzYexHJ2,,com.sec.android.app.shealth,2025-08-27 23:52:00.000,e6e15fb4-65c9-4a44-8097-712c08227ebf,
,35.381462,1251.9955,33.88177,2025-08-28 00:17:00.000,639b5c42-d628-4f2b-8f88-3e32a69dbf63.binning_data.json,83,31301,,32.298412,2025-08-28 01:55:32.045,2025-08-28 01:55:32.045,,35.39528,35.78425,34.289677,,35.381462,UTC+0530,Q+CzYexHJ2,,com.sec.android.app.shealth,2025-08-28 01:55:00.000,639b5c42-d628-4f2b-8f88-3e32a69dbf63,
,34.95078,1223.5922,33.892143,2025-08-28 10:10:00.000,d583a0d4-d3b6-4380-b6ed-2c1672c304fe.binning_data.json,85,31301,,32.35562,2025-08-28 12:14:33.003,2025-08-28 12:14:33.003,,35.40783,36.005302,30.871056,,34.95078,UTC+0530,Q+CzYexHJ2,,com.sec.android.app.shealth,2025-08-28 11:49:00.000,d583a0d4-d3b6-4380-b6ed-2c1672c304fe,
,33.38751,1114.9789,33.89513,2025-08-28 17:16:00.000,80d83dec-0b19-4eff-842e-17f3ce6a3be5.binning_data.json,343,31301,,32.237217,2025-08-28 23:19:03.053,2025-08-28 23:19:03.053,,35.42207,34.216286,31.903719,,33.38751,UTC+0530,Q+CzYexHJ2,,com.sec.android.app.shealth,2025-08-28 23:15:00.000,80d83dec-0b19-4eff-842e-17f3ce6a3be5,
,34.866512,1215.7906,33.880665,2025-08-28 23:45:00.000,aa827278-2042-4bc3-ad04-da02aa789b99.binning_data.json,103,31301,,32.226456,2025-08-29 01:42:05.078,2025-08-29 01:42:05.078,,35.394745,35.447464,34.341236,,34.866512,UTC+0530,Q+CzYexHJ2,,com.sec.android.app.shealth,2025-08-29 01:42:00.000,aa827278-2042-4bc3-ad04-da02aa789b99,
,33.65173,1132.9794,33.891308,2025-08-29 19:54:00.000,7cd60c35-bec1-44bf-8ec7-4813effb4ef4.binning_data.json,325,31301,,32.303593,2025-08-30 01:43:35.082,2025-08-30 01:43:35.082,,35.392513,35.29615,32.036617,,33.65173,UTC+0530,Q+CzYexHJ2,,com.sec.android.app.shealth,2025-08-30 01:43:00.000,7cd60c35-bec1-44bf-8ec7-4813effb4ef4,
,34.2758,1175.0701,33.92228,2025-08-30 18:22:00.000,60299426-4b4c-41c0-b66e-e5dfbc41281f.binning_data.json,363,31301,,32.40386,2025-08-31 00:44:21.884,2025-08-31 00:44:21.884,,35.43487,35.237877,33.035034,,34.2758,UTC+0530,Q+CzYexHJ2,,com.sec.android.app.shealth,2025-08-31 00:44:00.000,60299426-4b4c-41c0-b66e-e5dfbc41281f,
,33.62728,1131.5697,33.932335,2025-08-31 17:49:00.000,8e4341be-7437-4870-9e19-ed0a30d49f79.binning_data.json,420,31301,,32.43079,2025-09-01 01:19:55.712,2025-09-01 01:19:55.712,,35.433765,35.2911,31.009714,,33.62728,UTC+0530,Q+CzYexHJ2,,com.sec.android.app.shealth,2025-09-01 01:11:00.000,8e4341be-7437-4870-9e19-ed0a30d49f79,
,34.032955,1159.0404,33.93477,2025-09-01 18:11:00.000,56c35cbb-563e-4687-a581-0269024988c7.binning_data.json,431,31301,,32.43392,2025-09-02 01:39:41.884,2025-09-02 01:39:41.884,,35.431664,35.251415,31.043972,,34.032955,UTC+0530,Q+CzYexHJ2,,com.sec.android.app.shealth,2025-09-02 01:39:00.000,56c35cbb-563e-4687-a581-0269024988c7,
,35.10929,1232.6843,33.938305,2025-09-02 09:58:00.000,3364ca86-9dba-40fa-a491-8d7d2cfcd0f2.binning_data.json,70,31301,,32.389084,2025-09-02 11:47:11.745,2025-09-02 11:47:11.745,,35.42585,35.312187,34.63112,,35.10929,UTC+0530,Q+CzYexHJ2,,com.sec.android.app.shealth,2025-09-02 11:25:00.000,3364ca86-9dba-40fa-a491-8d7d2cfcd0f2,
,33.944122,1152.9983,33.991264,2025-09-02 17:46:00.000,dceae255-253f-4d8d-91be-a9ad2085322f.binning_data.json,339,31301,,32.50037,2025-09-02 23:43:29.720,2025-09-02 23:43:29.720,,35.442528,35.61357,30.85458,,33.944122,UTC+0530,Q+CzYexHJ2,,com.sec.android.app.shealth,2025-09-02 23:43:00.000,dceae255-253f-4d8d-91be-a9ad2085322f,
,34.615284,1198.2617,33.98992,2025-09-03 00:20:00.000,3d79b65a-d286-48a3-bace-31aaa3541dd5.binning_data.json,33,31301,,32.44894,2025-09-03 01:08:55.368,2025-09-03 01:08:55.368,,35.44788,34.965553,34.317234,,34.615284,UTC+0530,Q+CzYexHJ2,,com.sec.android.app.shealth,2025-09-03 01:08:00.000,3d79b65a-d286-48a3-bace-31aaa3541dd5,
,34.79112,1210.4274,33.99165,2025-09-03 01:13:00.000,93f59067-24bb-4385-a7db-14c7208b8482.binning_data.json,42,31301,,32.50037,2025-09-03 02:03:44.288,2025-09-03 02:03:44.288,,35.439022,34.896355,34.661083,,34.79112,UTC+0530,Q+CzYexHJ2,,com.sec.android.app.shealth,2025-09-03 02:03:00.000,93f59067-24bb-4385-a7db-14c7208b8482,
,33.800068,1143.3136,33.9838,2025-09-03 18:53:00.000,b61d45ff-2f69-4e3b-9f37-95b482481b9b.binning_data.json,326,31301,,32.509876,2025-09-04 01:05:42.768,2025-09-04 01:05:42.768,,35.418926,35.42176,31.181213,,33.800068,UTC+0530,Q+CzYexHJ2,,com.sec.android.app.shealth,2025-09-04 00:37:00.000,b61d45ff-2f69-4e3b-9f37-95b482481b9b,
,34.232155,1172.451,33.981987,2025-09-04 18:04:00.000,de0d6522-e6e1-48b4-b6da-ac53d0c73c06.binning_data.json,298,31301,,32.472057,2025-09-04 23:42:49.620,2025-09-04 23:42:49.620,,35.41416,35.358505,31.890202,,34.232155,UTC+0530,Q+CzYexHJ2,,com.sec.android.app.shealth,2025-09-04 23:17:00.000,de0d6522-e6e1-48b4-b6da-ac53d0c73c06,
,34.483887,1189.3121,33.98829,2025-09-05 00:00:00.000,be9dbac6-2435-48e5-aa82-198ce0c41bbe.binning_data.json,81,31301,,32.445946,2025-09-05 01:41:17.950,2025-09-05 01:41:17.950,,35.416893,35.240166,33.68293,,34.483887,UTC+0530,Q+CzYexHJ2,,com.sec.android.app.shealth,2025-09-05 01:41:00.000,be9dbac6-2435-48e5-aa82-198ce0c41bbe,
,34.15342,1167.0792,34.007687,2025-09-05 19:43:00.000,d334d267-8ccf-407c-a62f-353a387d77ab.binning_data.json,414,31301,,32.505646,2025-09-06 02:53:26.798,2025-09-06 02:53:26.798,,35.4056,35.581104,31.528101,,34.15342,UTC+0530,Q+CzYexHJ2,,com.sec.android.app.shealth,2025-09-06 02:53:00.000,d334d267-8ccf-407c-a62f-353a387d77ab,
,33.92467,1151.2228,34.01224,2025-09-06 17:48:00.000,6121d52c-bd88-473a-a659-2e8211c5b0a0.binning_data.json,437,31301,,32.47575,2025-09-07 01:29:15.031,2025-09-07 01:29:15.031,,35.417015,35.315746,32.32169,,33.92467,UTC+0530,Q+CzYexHJ2,,com.sec.android.app.shealth,2025-09-07 01:29:00.000,6121d52c-bd88-473a-a659-2e8211c5b0a0,
,34.2669,1174.9025,34.08003,2025-09-07 17:21:00.000,7b60acef-71ea-40a8-bd1c-b052b3f82fa7.binning_data.json,393,31301,,32.522545,2025-09-08 00:10:53.034,2025-09-08 00:10:53.034,,35.436188,35.77728,32.293613,,34.2669,UTC+0530,Q+CzYexHJ2,,com.sec.android.app.shealth,2025-09-08 00:10:00.000,7b60acef-71ea-40a8-bd1c-b052b3f82fa7,
,33.715755,1137.4697,34.09406,2025-09-08 17:11:00.000,7fec27ff-6055-410d-acc7-154d3765784b.binning_data.json,375,31301,,32.56396,2025-09-08 23:48:04.412,2025-09-08 23:48:04.412,,35.43609,35.410625,31.823078,,33.715755,UTC+0530,Q+CzYexHJ2,,com.sec.android.app.shealth,2025-09-08 23:48:00.000,7fec27ff-6055-410d-acc7-154d3765784b,
,34.61194,1198.4235,34.08207,2025-09-08 23:52:00.000,2c1a9109-93f5-41b5-bc2e-dcdb6e12ee10.binning_data.json,55,31301,,32.54081,2025-09-09 00:57:57.051,2025-09-09 00:57:57.051,,35.435295,35.581787,33.705692,,34.61194,UTC+0530,Q+CzYexHJ2,,com.sec.android.app.shealth,2025-09-09 00:57:00.000,2c1a9109-93f5-41b5-bc2e-dcdb6e12ee10,
,34.664696,1201.8429,34.107407,2025-09-09 18:06:00.000,ef77c7f1-c217-4fcd-b717-ca78d3107cd9.binning_data.json,396,31301,,32.60744,2025-09-10 01:04:31.702,2025-09-10 01:04:31.702,,35.457264,35.8696,33.6866,,34.664696,UTC+0530,Q+CzYexHJ2,,com.sec.android.app.shealth,2025-09-10 01:04:00.000,ef77c7f1-c217-4fcd-b717-ca78d3107cd9,
,33.981773,1155.6017,34.134956,2025-09-10 17:40:00.000,1bc644a5-ca17-4394-88b2-17c710e0db28.binning_data.json,408,31301,,32.64883,2025-09-11 00:43:41.109,2025-09-11 00:43:41.109,,35.490856,35.72463,31.887577,,33.981773,UTC+0530,Q+CzYexHJ2,,com.sec.android.app.shealth,2025-09-11 00:43:00.000,1bc644a5-ca17-4394-88b2-17c710e0db28,
,34.223873,1171.5609,34.132442,2025-09-11 17:22:00.000,149480d8-ffa7-48e1-8ddf-2a007c0293b0.binning_data.json,286,31301,,32.638695,2025-09-11 22:25:56.405,2025-09-11 22:25:56.405,,35.497257,35.326637,33.20335,,34.223873,UTC+0530,Q+CzYexHJ2,,com.sec.android.app.shealth,2025-09-11 22:25:00.000,149480d8-ffa7-48e1-8ddf-2a007c0293b0,
,34.20103,1169.9287,34.13466,2025-09-11 22:28:00.000,bd88b234-128e-4599-b9d1-fca61e5c4636.binning_data.json,107,31301,,32.649776,2025-09-12 00:38:25.278,2025-09-12 00:38:25.278,,35.49274,35.186348,33.42678,,34.20103,UTC+0530,Q+CzYexHJ2,,com.sec.android.app.shealth,2025-09-12 00:38:00.000,bd88b234-128e-4599-b9d1-fca61e5c4636,
,33.854233,1146.828,34.154022,2025-09-12 17:26:00.000,dbcbc2df-0664-493d-a477-6c0e9df38d19.binning_data.json,350,31301,,32.704086,2025-09-12 23:35:09.063,2025-09-12 23:35:09.063,,35.4734,35.727097,32.3119,,33.854233,UTC+0530,Q+CzYexHJ2,,com.sec.android.app.shealth,2025-09-12 23:35:00.000,dbcbc2df-0664-493d-a477-6c0e9df38d19,
,34.16898,1167.7935,34.14509,2025-09-12 23:38:00.000,d657cbe2-9103-4c0a-a690-580bd44bddb3.binning_data.json,71,31301,,32.691833,2025-09-13 01:01:40.983,2025-09-13 01:01:40.983,,35.481327,35.02344,33.257923,,34.16898,UTC+0530,Q+CzYexHJ2,,com.sec.android.app.shealth,2025-09-13 01:01:00.000,d657cbe2-9103-4c0a-a690-580bd44bddb3,
,33.79259,1142.5082,34.14969,2025-09-13 18:17:00.000,6ccb4fed-cef6-4a71-acb3-6140a5c2865c.binning_data.json,314,31301,,32.715446,2025-09-13 23:52:40.291,2025-09-13 23:52:40.291,,35.46711,35.34224,32.059624,,33.79259,UTC+0530,Q+CzYexHJ2,,com.sec.android.app.shealth,2025-09-13 23:45:00.000,6ccb4fed-cef6-4a71-acb3-6140a5c2865c,
,34.418243,1185.2246,34.140137,2025-09-13 23:51:00.000,8ad4a1a8-cc02-414a-997e-b5acaae0a299.binning_data.json,84,31301,,32.69557,2025-09-14 01:24:36.404,2025-09-14 01:24:36.404,,35.463326,35.523846,32.874886,,34.418243,UTC+0530,Q+CzYexHJ2,,com.sec.android.app.shealth,2025-09-14 01:24:00.000,8ad4a1a8-cc02-414a-997e-b5acaae0a299,
,34.086407,1161.9247,34.142113,2025-09-14 01:24:00.000,9d23cf41-b1b3-42d9-bed1-fb13d354d125.binning_data.json,6,31301,,32.700844,2025-09-14 02:13:14.648,2025-09-14 02:13:14.648,,35.46511,34.36343,33.823017,,34.086407,UTC+0530,Q+CzYexHJ2,,com.sec.android.app.shealth,2025-09-14 01:50:00.000,9d23cf41-b1b3-42d9-bed1-fb13d354d125,
,33.960907,1153.8306,34.129967,2025-09-14 18:01:00.000,133a7dcb-eed2-4725-b8a8-ea752421ac5b.binning_data.json,353,31301,,32.725506,2025-09-15 00:08:16.274,2025-09-15 00:08:16.274,,35.443405,35.377396,32.055645,,33.960907,UTC+0530,Q+CzYexHJ2,,com.sec.android.app.shealth,2025-09-15 00:08:00.000,133a7dcb-eed2-4725-b8a8-ea752421ac5b,
,34.461376,1187.94,34.099236,2025-09-15 17:41:00.000,849bd725-470a-4b6a-8951-227eca2d4c21.binning_data.json,423,31301,,32.66406,2025-09-16 01:28:40.642,2025-09-16 01:28:40.642,,35.424324,35.580513,33.29871,,34.461376,UTC+0530,Q+CzYexHJ2,,com.sec.android.app.shealth,2025-09-16 00:59:00.000,849bd725-470a-4b6a-8951-227eca2d4c21,
,33.666523,1134.2283,34.120945,2025-09-16 17:03:00.000,5d6d70f9-7d07-4952-a6ec-21d9552ac7ad.binning_data.json,346,31301,,32.704952,2025-09-16 23:11:41.011,2025-09-16 23:11:41.011,,35.430977,35.151337,31.563313,,33.666523,UTC+0530,Q+CzYexHJ2,,com.sec.android.app.shealth,2025-09-16 23:03:00.000,5d6d70f9-7d07-4952-a6ec-21d9552ac7ad,
,34.01111,1157.2926,34.107296,2025-09-16 23:41:00.000,7b1a7be0-a65d-4757-b6d2-fb26ce72f943.binning_data.json,78,31301,,32.670357,2025-09-17 01:14:30.777,2025-09-17 01:14:30.777,,35.422497,35.01003,32.401493,,34.01111,UTC+0530,Q+CzYexHJ2,,com.sec.android.app.shealth,2025-09-17 01:14:00.000,7b1a7be0-a65d-4757-b6d2-fb26ce72f943,
,34.17033,1168.7567,34.106667,2025-09-17 18:36:00.000,b955a955-1e42-4973-b705-29f5e2511335.binning_data.json,299,31301,,32.66816,2025-09-18 00:15:48.791,2025-09-18 00:15:48.791,,35.414974,36.158104,31.617594,,34.17033,UTC+0530,Q+CzYexHJ2,,com.sec.android.app.shealth,2025-09-17 23:50:00.000,b955a955-1e42-4973-b705-29f5e2511335,
,33.978195,1154.7207,34.10831,2025-09-18 00:13:00.000,6d1caa4a-36a3-41e1-99cb-94732febd371.binning_data.json,92,31301,,32.637257,2025-09-18 01:59:59.532,2025-09-18 01:59:59.532,,35.428345,35.00746,33.225864,,33.978195,UTC+0530,Q+CzYexHJ2,,com.sec.android.app.shealth,2025-09-18 01:59:00.000,6d1caa4a-36a3-41e1-99cb-94732febd371,
,34.18894,1169.4137,34.09802,2025-09-18 17:10:00.000,600bae26-4372-4ab2-a64c-756286cc0251.binning_data.json,424,31301,,32.62098,2025-09-19 00:35:54.812,2025-09-19 00:35:54.812,,35.423298,35.729473,32.610733,,34.18894,UTC+0530,Q+CzYexHJ2,,com.sec.android.app.shealth,2025-09-19 00:35:00.000,600bae26-4372-4ab2-a64c-756286cc0251,
,34.52041,1192.3204,34.098206,2025-09-19 18:54:00.000,68d30096-ee28-4997-99cb-7c199fe8a89f.binning_data.json,389,31301,,32.6374,2025-09-20 01:43:01.798,2025-09-20 01:43:01.798,,35.44425,36.10056,32.73026,,34.52041,UTC+0530,Q+CzYexHJ2,,com.sec.android.app.shealth,2025-09-20 01:42:00.000,68d30096-ee28-4997-99cb-7c199fe8a89f,
,33.66924,1134.4497,34.098614,2025-09-20 17:39:00.000,7f7af6ac-6840-4b06-b424-8882b242fd2c.binning_data.json,417,31301,,32.60754,2025-09-21 00:51:04.197,2025-09-21 00:51:04.197,,35.44425,34.9881,30.71262,,33.66924,UTC+0530,Q+CzYexHJ2,,com.sec.android.app.shealth,2025-09-21 00:51:00.000,7f7af6ac-6840-4b06-b424-8882b242fd2c,
,34.24191,1172.8801,34.063374,2025-09-21 18:34:00.000,10d10e13-c551-499c-ad6e-965784d46127.binning_data.json,389,31301,,32.478214,2025-09-22 01:18:37.665,2025-09-22 01:18:37.665,,35.39885,35.452957,32.261158,,34.24191,UTC+0530,Q+CzYexHJ2,,com.sec.android.app.shealth,2025-09-22 01:18:00.000,10d10e13-c551-499c-ad6e-965784d46127,
,34.57441,1195.8966,34.087154,2025-09-22 17:54:00.000,689602b7-5963-481b-a04e-8e82f1bd0c01.binning_data.json,431,31301,,32.493004,2025-09-23 01:22:25.868,2025-09-23 01:22:25.868,,35.413845,35.868412,32.12722,,34.57441,UTC+0530,Q+CzYexHJ2,,com.sec.android.app.shealth,2025-09-23 01:22:00.000,689602b7-5963-481b-a04e-8e82f1bd0c01,
,33.43343,1118.2798,34.09928,2025-09-23 17:01:00.000,8b689e31-561f-436e-9a71-e5b227a3b70c.binning_data.json,422,31301,,32.501125,2025-09-24 00:21:21.769,2025-09-24 00:21:21.769,,35.414356,35.002224,31.725353,,33.43343,UTC+0530,Q+CzYexHJ2,,com.sec.android.app.shealth,2025-09-24 00:21:00.000,8b689e31-561f-436e-9a71-e5b227a3b70c,
,33.681213,1134.9913,34.052826,2025-09-24 17:56:00.000,59494147-95c6-49cc-8ea4-69f53d5e9a80.binning_data.json,428,31301,,32.50164,2025-09-25 01:18:11.820,2025-09-25 01:18:11.820,,35.36421,35.477203,31.784359,,33.681213,UTC+0530,Q+CzYexHJ2,,com.sec.android.app.shealth,2025-09-25 01:18:00.000,59494147-95c6-49cc-8ea4-69f53d5e9a80,
,34.241623,1174.2169,34.051483,2025-09-25 18:41:00.000,0cbb48ca-bec4-4ed4-87e4-2828c5407403.binning_data.json,433,31301,,32.453617,2025-09-26 02:15:09.663,2025-09-26 02:15:09.663,,35.377735,36.130013,31.402895,,34.241623,UTC+0530,Q+CzYexHJ2,,com.sec.android.app.shealth,2025-09-26 02:08:00.000,0cbb48ca-bec4-4ed4-87e4-2828c5407403,
,34.48578,1189.7904,34.07074,2025-09-26 19:06:00.000,ea9d7ef6-39c7-4937-9762-b70e456307fe.binning_data.json,321,31301,,32.43249,2025-09-27 00:44:02.379,2025-09-27 00:44:02.379,,35.396812,35.65969,32.306587,,34.48578,UTC+0530,Q+CzYexHJ2,,com.sec.android.app.shealth,2025-09-27 00:44:00.000,ea9d7ef6-39c7-4937-9762-b70e456307fe,
,34.90823,1218.8048,34.08248,2025-09-27 01:06:00.000,c1b32b9e-26a9-4c7f-8cf9-7b5c11dda4f2.binning_data.json,90,31301,,32.428432,2025-09-27 02:51:26.797,2025-09-27 02:51:26.797,,35.40529,35.68295,34.14469,,34.90823,UTC+0530,Q+CzYexHJ2,,com.sec.android.app.shealth,2025-09-27 02:51:00.000,c1b32b9e-26a9-4c7f-8cf9-7b5c11dda4f2,
,33.73645,1138.5336,34.082855,2025-09-27 18:03:00.000,d416e3d7-2281-4a67-9f10-e99428214947.binning_data.json,388,31301,,32.45385,2025-09-28 00:47:14.930,2025-09-28 00:47:14.930,,35.419647,35.10419,32.20254,,33.73645,UTC+0530,Q+CzYexHJ2,,com.sec.android.app.shealth,2025-09-28 00:47:00.000,d416e3d7-2281-4a67-9f10-e99428214947,
,33.3184,1110.5873,34.07113,2025-09-28 11:22:00.000,31b4dab6-3ec4-45bc-9251-55610cdaa6ff.binning_data.json,119,31301,,32.446,2025-09-28 13:55:20.932,2025-09-28 13:55:20.932,,35.40979,34.705013,32.074097,,33.3184,UTC+0530,Q+CzYexHJ2,,com.sec.android.app.shealth,2025-09-28 13:34:00.000,31b4dab6-3ec4-45bc-9251-55610cdaa6ff,
,35.042984,1229.1626,34.079807,2025-09-28 20:17:00.000,43a80e0a-8af0-440b-930e-bb3448119b36.binning_data.json,311,31301,,32.4739,2025-09-29 01:43:26.729,2025-09-29 01:43:26.729,,35.40032,36.46969,32.01863,,35.042984,UTC+0530,Q+CzYexHJ2,,com.sec.android.app.shealth,2025-09-29 01:43:00.000,43a80e0a-8af0-440b-930e-bb3448119b36,
,34.33016,1179.3405,34.102386,2025-09-29 18:03:00.000,6d879846-7276-40d3-91af-db50e47518ad.binning_data.json,348,31301,,32.45024,2025-09-30 00:07:04.737,2025-09-30 00:07:04.737,,35.423103,35.616283,32.036633,,34.33016,UTC+0530,Q+CzYexHJ2,,com.sec.android.app.shealth,2025-09-30 00:07:00.000,6d879846-7276-40d3-91af-db50e47518ad,
,33.60192,1129.7286,34.110374,2025-09-30 18:25:00.000,9d951a76-75e1-48ee-8182-9449b1fe8179.binning_data.json,407,31301,,32.381855,2025-10-01 01:46:55.007,2025-10-01 01:46:55.007,,35.452713,34.743935,31.663877,,33.60192,UTC+0530,Q+CzYexHJ2,,com.sec.android.app.shealth,2025-10-01 01:31:00.000,9d951a76-75e1-48ee-8182-9449b1fe8179,
,33.47731,1121.3005,34.100742,2025-10-01 17:34:00.000,9af10482-80cc-403f-bc65-ecd2be41d643.binning_data.json,403,31301,,32.385323,2025-10-02 00:36:42.999,2025-10-02 00:36:42.999,,35.438244,34.57892,31.792812,,33.47731,UTC+0530,Q+CzYexHJ2,,com.sec.android.app.shealth,2025-10-02 00:36:00.000,9af10482-80cc-403f-bc65-ecd2be41d643,
,33.53898,1125.4618,34.07868,2025-10-02 10:01:00.000,5ee664fc-3d6b-432e-b21e-a374629ff80c.binning_data.json,96,31301,,32.365574,2025-10-02 12:22:28.083,2025-10-02 12:22:28.083,,35.42324,34.349712,31.52301,,33.53898,UTC+0530,Q+CzYexHJ2,,com.sec.android.app.shealth,2025-10-02 11:58:00.000,5ee664fc-3d6b-432e-b21e-a374629ff80c,
,34.548424,1194.0474,34.066936,2025-10-02 19:00:00.000,6a51b469-7d73-4f44-8db4-d85cbfe7ad33.binning_data.json,325,31301,,32.308872,2025-10-03 00:43:50.974,2025-10-03 00:43:50.974,,35.40836,35.68496,32.090355,,34.548424,UTC+0530,Q+CzYexHJ2,,com.sec.android.app.shealth,2025-10-03 00:43:00.000,6a51b469-7d73-4f44-8db4-d85cbfe7ad33,
,34.417393,1184.8138,34.077892,2025-10-03 17:33:00.000,4011370c-157c-4b76-a466-ec99a3e057db.binning_data.json,444,31301,,32.32705,2025-10-04 01:13:36.792,2025-10-04 01:13:36.792,,35.41194,35.270977,33.0293,,34.417393,UTC+0530,Q+CzYexHJ2,,com.sec.android.app.shealth,2025-10-04 01:13:00.000,4011370c-157c-4b76-a466-ec99a3e057db,
,33.458813,1120.3065,34.097645,2025-10-04 17:52:00.000,3daa025a-7117-45c6-a036-91be78dcfd16.binning_data.json,322,31301,,32.351448,2025-10-04 23:32:43.676,2025-10-04 23:32:43.676,,35.410397,34.77379,31.365004,,33.458813,UTC+0530,Q+CzYexHJ2,,com.sec.android.app.shealth,2025-10-04 23:32:00.000,3daa025a-7117-45c6-a036-91be78dcfd16,
,35.374264,1251.585,34.07951,2025-10-04 23:56:00.000,cd10ae25-6602-4ff4-963b-57bff7dd0f2a.binning_data.json,84,31301,,32.325176,2025-10-05 01:41:40.486,2025-10-05 01:41:40.486,,35.389175,36.023724,34.61823,,35.374264,UTC+0530,Q+CzYexHJ2,,com.sec.android.app.shealth,2025-10-05 01:41:00.000,cd10ae25-6602-4ff4-963b-57bff7dd0f2a,
,34.348896,1181.0125,34.08269,2025-10-05 17:52:00.000,23a07db8-3eab-400c-b3c6-c0a53a9a9f9c.binning_data.json,385,31301,,32.37161,2025-10-06 00:31:22.271,2025-10-06 00:31:22.271,,35.39739,36.04754,31.618017,,34.348896,UTC+0530,Q+CzYexHJ2,,com.sec.android.app.shealth,2025-10-06 00:31:00.000,23a07db8-3eab-400c-b3c6-c0a53a9a9f9c,
,34.91666,1220.1674,34.10189,2025-10-06 18:06:00.000,655c936a-86e8-4be0-806a-b1dec9e7a20a.binning_data.json,389,31301,,32.31919,2025-10-07 00:49:19.450,2025-10-07 00:49:19.450,,35.412994,36.514023,32.55947,,34.91666,UTC+0530,Q+CzYexHJ2,,com.sec.android.app.shealth,2025-10-07 00:49:00.000,655c936a-86e8-4be0-806a-b1dec9e7a20a,
,34.632107,1199.8447,34.11046,2025-10-07 17:55:00.000,dc72055b-ec75-47a3-b8dd-8dcdb794b29e.binning_data.json,411,31301,,32.289284,2025-10-08 01:01:26.684,2025-10-08 01:01:26.684,,35.420956,36.135635,33.001385,,34.632107,UTC+0530,Q+CzYexHJ2,,com.sec.android.app.shealth,2025-10-08 01:01:00.000,dc72055b-ec75-47a3-b8dd-8dcdb794b29e,
,33.8052,1143.5187,34.134754,2025-10-08 17:13:00.000,ea2ad2af-d69a-48a8-a0f0-1c5d414a3ba3.binning_data.json,413,31301,,32.327694,2025-10-09 00:25:44.089,2025-10-09 00:25:44.089,,35.43494,35.534843,31.847372,,33.8052,UTC+0530,Q+CzYexHJ2,,com.sec.android.app.shealth,2025-10-09 00:25:00.000,ea2ad2af-d69a-48a8-a0f0-1c5d414a3ba3,
,34.412056,1184.8,34.119427,2025-10-09 17:33:00.000,5ad4b6f7-2f3d-4433-8a05-892fc80db8a3.binning_data.json,318,31301,,32.244587,2025-10-09 23:05:55.832,2025-10-09 23:05:55.832,,35.451256,35.953915,33.34571,,34.412056,UTC+0530,Q+CzYexHJ2,,com.sec.android.app.shealth,2025-10-09 23:05:00.000,5ad4b6f7-2f3d-4433-8a05-892fc80db8a3,
,34.308304,1177.1765,34.127644,2025-10-09 23:32:00.000,797230c8-35fa-4d9b-9ad1-83d6332f90ba.binning_data.json,131,31301,,32.280937,2025-10-10 01:57:00.960,2025-10-10 01:57:00.960,,35.46859,34.83442,33.727913,,34.308304,UTC+0530,Q+CzYexHJ2,,com.sec.android.app.shealth,2025-10-10 01:56:00.000,797230c8-35fa-4d9b-9ad1-83d6332f90ba,
,33.866623,1147.714,34.1382,2025-10-10 17:01:00.000,e13e37c3-5dbd-4398-b0fb-9b76a6207c92.binning_data.json,375,31301,,32.282967,2025-10-10 23:32:20.717,2025-10-10 23:32:20.717,,35.452602,36.047195,32.28456,,33.866623,UTC+0530,Q+CzYexHJ2,,com.sec.android.app.shealth,2025-10-10 23:32:00.000,e13e37c3-5dbd-4398-b0fb-9b76a6207c92,
,31.939487,1021.7905,34.136696,2025-10-11 18:27:00.000,2c8545af-d0f8-4a77-8e1a-18ae3c739378.binning_data.json,357,31301,,32.227974,2025-10-12 00:57:13.528,2025-10-12 00:57:13.528,,35.504234,34.710526,29.569073,,31.939487,UTC+0530,Q+CzYexHJ2,,com.sec.android.app.shealth,2025-10-12 00:39:00.000,2c8545af-d0f8-4a77-8e1a-18ae3c739378,
,34.04315,1159.9147,34.071075,2025-10-12 17:00:00.000,a251c114-5666-495c-92f1-ee860600dc3d.binning_data.json,377,31301,,32.207493,2025-10-12 23:41:03.883,2025-10-12 23:41:03.883,,35.479874,35.655075,31.823095,,34.04315,UTC+0530,Q+CzYexHJ2,,com.sec.android.app.shealth,2025-10-12 23:41:00.000,a251c114-5666-495c-92f1-ee860600dc3d,
,32.877125,1081.0059,34.07015,2025-10-12 23:45:00.000,661f7396-fd23-45d6-9070-78044393d85a.binning_data.json,19,31301,,32.193253,2025-10-13 00:16:04.324,2025-10-13 00:16:04.324,,35.486362,33.432243,32.553265,,32.877125,UTC+0530,Q+CzYexHJ2,,com.sec.android.app.shealth,2025-10-13 00:16:00.000,661f7396-fd23-45d6-9070-78044393d85a,
,34.045895,1159.5901,34.053017,2025-10-13 17:16:00.000,e106d1a4-76ae-4531-a389-c26ee30ea7db.binning_data.json,383,31301,,32.165646,2025-10-13 23:55:34.420,2025-10-13 23:55:34.420,,35.45414,35.741673,32.625263,,34.045895,UTC+0530,Q+CzYexHJ2,,com.sec.android.app.shealth,2025-10-13 23:55:00.000,e106d1a4-76ae-4531-a389-c26ee30ea7db,
,34.730335,1207.2819,34.052776,2025-10-14 00:07:00.000,8ddf488e-6d03-4678-9ef6-8fdb2d540c90.binning_data.json,58,31301,,32.18206,2025-10-14 01:18:39.456,2025-10-14 01:18:39.456,,35.46441,36.137634,33.35666,,34.730335,UTC+0530,Q+CzYexHJ2,,com.sec.android.app.shealth,2025-10-14 01:18:00.000,8ddf488e-6d03-4678-9ef6-8fdb2d540c90,
,35.17347,1237.1742,34.056217,2025-10-14 01:28:00.000,599f3662-a503-4f3c-8d14-648030669388.binning_data.json,2,31301,,32.222183,2025-10-14 01:35:57.512,2025-10-14 01:35:57.512,,35.487556,35.206543,35.1404,,35.17347,UTC+0530,Q+CzYexHJ2,,com.sec.android.app.shealth,2025-10-14 01:35:00.000,599f3662-a503-4f3c-8d14-648030669388,
,34.868874,1216.351,34.068996,2025-10-14 18:10:00.000,748b48c1-ef4f-426b-8560-1f47865460ca.binning_data.json,414,31301,,32.279827,2025-10-15 01:18:42.559,2025-10-15 01:18:42.559,,35.50658,36.068153,33.044327,,34.868874,UTC+0530,Q+CzYexHJ2,,com.sec.android.app.shealth,2025-10-15 01:18:00.000,748b48c1-ef4f-426b-8560-1f47865460ca,
,33.289745,1108.673,34.097046,2025-10-15 17:14:00.000,47000459-e656-4ccd-85cd-53b15cbc469f.binning_data.json,383,31301,,32.29763,2025-10-15 23:52:10.308,2025-10-15 23:52:10.308,,35.522568,34.418545,31.487072,,33.289745,UTC+0530,Q+CzYexHJ2,,com.sec.android.app.shealth,2025-10-15 23:52:00.000,47000459-e656-4ccd-85cd-53b15cbc469f,
,34.99493,1224.6531,34.06994,2025-10-15 23:55:00.000,87ee6372-69ee-4f1b-8044-20211eb2a687.binning_data.json,8,31301,,32.268684,2025-10-16 00:14:56.857,2025-10-16 00:14:56.857,,35.49337,35.098145,34.834167,,34.99493,UTC+0530,Q+CzYexHJ2,,com.sec.android.app.shealth,2025-10-16 00:14:00.000,87ee6372-69ee-4f1b-8044-20211eb2a687,
,35.02553,1226.7983,34.070587,2025-10-16 00:18:00.000,ea725d6d-d370-4f61-bb2c-9a48aa844463.binning_data.json,38,31301,,32.319004,2025-10-16 01:18:21.483,2025-10-16 01:18:21.483,,35.479744,35.109478,34.714565,,35.02553,UTC+0530,Q+CzYexHJ2,,com.sec.android.app.shealth,2025-10-16 01:18:00.000,ea725d6d-d370-4f61-bb2c-9a48aa844463,
,34.51373,1191.6897,34.06933,2025-10-16 18:09:00.000,3862a84b-9054-4af3-bf2c-76e5a77fb0bb.binning_data.json,401,31301,,32.3719,2025-10-17 01:12:01.479,2025-10-17 01:12:01.479,,35.458363,36.76836,33.321674,,34.51373,UTC+0530,Q+CzYexHJ2,,com.sec.android.app.shealth,2025-10-17 01:11:00.000,3862a84b-9054-4af3-bf2c-76e5a77fb0bb,
,34.35794,1181.2964,34.069576,2025-10-17 18:12:00.000,3cf06938-668c-48db-bff3-40683fca87de.binning_data.json,345,31301,,32.39229,2025-10-18 00:13:59.686,2025-10-18 00:13:59.686,,35.459568,35.47392,31.775106,,34.35794,UTC+0530,Q+CzYexHJ2,,com.sec.android.app.shealth,2025-10-18 00:13:00.000,3cf06938-668c-48db-bff3-40683fca87de,
,34.19765,1169.9465,34.09387,2025-10-18 18:48:00.000,d29cd7b5-2cf3-4e06-baff-02d298d6e2a7.binning_data.json,423,31301,,32.402225,2025-10-19 02:07:12.073,2025-10-19 02:07:12.073,,35.476322,35.681942,32.27225,,34.19765,UTC+0530,Q+CzYexHJ2,,com.sec.android.app.shealth,2025-10-19 02:07:00.000,d29cd7b5-2cf3-4e06-baff-02d298d6e2a7,
,34.692772,1203.9319,34.09262,2025-10-19 17:32:00.000,985b7ff6-5bf1-4f90-90fa-d2aa8014a446.binning_data.json,392,31301,,32.402603,2025-10-20 00:19:19.144,2025-10-20 00:19:19.144,,35.48422,35.90119,32.748817,,34.692772,UTC+0530,Q+CzYexHJ2,,com.sec.android.app.shealth,2025-10-20 00:19:00.000,985b7ff6-5bf1-4f90-90fa-d2aa8014a446,
,34.477364,1189.1774,34.095142,2025-10-20 17:15:00.000,59d26c4a-942a-4478-b585-2106548ff534.binning_data.json,316,31301,,32.42404,2025-10-20 22:50:10.572,2025-10-20 22:50:10.572,,35.485348,35.633747,32.86511,,34.477364,UTC+0530,Q+CzYexHJ2,,com.sec.android.app.shealth,2025-10-20 22:47:00.000,59d26c4a-942a-4478-b585-2106548ff534,
,35.26912,1244.1984,34.10585,2025-10-20 22:58:00.000,eddc2f5c-a2c1-4f60-9d45-05bed024700e.binning_data.json,63,31301,,32.438744,2025-10-21 00:19:09.509,2025-10-21 00:19:09.509,,35.490295,35.884335,34.281284,,35.26912,UTC+0530,Q+CzYexHJ2,,com.sec.android.app.shealth,2025-10-21 00:19:00.000,eddc2f5c-a2c1-4f60-9d45-05bed024700e,
,35.59793,1268.068,34.112312,2025-10-21 00:36:00.000,db6921ea-e039-4f72-97c8-bc652df0c2ee.binning_data.json,53,31301,,32.49818,2025-10-21 01:47:07.387,2025-10-21 01:47:07.387,,35.503006,36.477783,33.62373,,35.59793,UTC+0530,Q+CzYexHJ2,,com.sec.android.app.shealth,2025-10-21 01:47:00.000,db6921ea-e039-4f72-97c8-bc652df0c2ee,
,34.085667,1162.2772,34.145596,2025-10-21 17:44:00.000,5726084a-25e2-4531-850d-31c8f7441e4d.binning_data.json,392,31301,,32.559414,2025-10-22 00:38:05.581,2025-10-22 00:38:05.581,,35.53963,35.186462,32.273983,,34.085667,UTC+0530,Q+CzYexHJ2,,com.sec.android.app.shealth,2025-10-22 00:38:00.000,5726084a-25e2-4531-850d-31c8f7441e4d,
,34.80063,1211.7903,34.16162,2025-10-22 17:36:00.000,73ff20a3-5916-4683-ac66-2cdb72519c39.binning_data.json,313,31301,,32.57521,2025-10-22 23:03:43.628,2025-10-22 23:03:43.628,,35.53025,36.45792,32.235764,,34.80063,UTC+0530,Q+CzYexHJ2,,com.sec.android.app.shealth,2025-10-22 23:03:00.000,73ff20a3-5916-4683-ac66-2cdb72519c39,
,34.343803,1180.0103,34.179398,2025-10-22 23:35:00.000,eb2bbc88-ff5c-436c-8686-c9a5f7c8bd27.binning_data.json,98,31301,,32.5646,2025-10-23 01:27:55.687,2025-10-23 01:27:55.687,,35.55924,35.773705,33.156487,,34.343803,UTC+0530,Q+CzYexHJ2,,com.sec.android.app.shealth,2025-10-23 01:27:00.000,eb2bbc88-ff5c-436c-8686-c9a5f7c8bd27,
,34.185112,1169.3105,34.178406,2025-10-23 18:16:00.000,1a48c044-2a19-4317-b85b-95ea32790983.binning_data.json,384,31301,,32.615646,2025-10-24 00:56:22.692,2025-10-24 00:56:22.692,,35.548107,35.664516,31.654057,,34.185112,UTC+0530,Q+CzYexHJ2,,com.sec.android.app.shealth,2025-10-24 00:56:00.000,1a48c044-2a19-4317-b85b-95ea32790983,
,33.93665,1152.0223,34.178635,2025-10-24 01:02:00.000,2fe7fa15-6bfd-4482-b248-9b8c01bc0d9e.binning_data.json,23,31301,,32.563084,2025-10-24 01:34:34.905,2025-10-24 01:34:34.905,,35.54971,34.798782,33.03214,,33.93665,UTC+0530,Q+CzYexHJ2,,com.sec.android.app.shealth,2025-10-24 01:34:00.000,2fe7fa15-6bfd-4482-b248-9b8c01bc0d9e,
,33.68946,1135.8245,34.16307,2025-10-24 18:04:00.000,1d90550c-f123-4911-a1d7-56b82607d8a0.binning_data.json,437,31301,,32.56049,2025-10-25 01:38:14.919,2025-10-25 01:38:14.919,,35.520626,36.21499,32.34702,,33.68946,UTC+0530,Q+CzYexHJ2,,com.sec.android.app.shealth,2025-10-25 01:38:00.000,1d90550c-f123-4911-a1d7-56b82607d8a0,
,34.73115,1206.7223,34.144833,2025-10-25 10:17:00.000,acda3db9-52c7-4cb2-8680-4389616e0859.binning_data.json,81,31301,,32.5285,2025-10-25 11:55:55.019,2025-10-25 11:55:55.019,,35.539104,35.5149,33.11431,,34.73115,UTC+0530,Q+CzYexHJ2,,com.sec.android.app.shealth,2025-10-25 11:55:00.000,acda3db9-52c7-4cb2-8680-4389616e0859,
,34.617104,1198.8613,34.17269,2025-10-25 20:29:00.000,3cd45468-602d-444a-acc8-afea76055dd8.binning_data.json,399,31301,,32.59751,2025-10-26 03:24:02.697,2025-10-26 03:24:02.697,,35.58065,35.656967,32.415627,,34.617104,UTC+0530,Q+CzYexHJ2,,com.sec.android.app.shealth,2025-10-26 03:24:00.000,3cd45468-602d-444a-acc8-afea76055dd8,
,34.00055,1156.6986,34.164215,2025-10-26 17:53:00.000,d2ffd011-da70-49b7-ba19-11e70d4e8c35.binning_data.json,301,31301,,32.60992,2025-10-26 23:13:10.567,2025-10-26 23:13:10.567,,35.555622,35.696922,32.197834,,34.00055,UTC+0530,Q+CzYexHJ2,,com.sec.android.app.shealth,2025-10-26 23:13:00.000,d2ffd011-da70-49b7-ba19-11e70d4e8c35,
,33.327915,1111.2314,34.154453,2025-10-27 18:32:00.000,eeab722b-4c6f-4b40-8939-d1188390c1f0.binning_data.json,396,31301,,32.614956,2025-10-28 01:27:07.346,2025-10-28 01:27:07.346,,35.55814,34.833076,31.445303,,33.327915,UTC+0530,Q+CzYexHJ2,,com.sec.android.app.shealth,2025-10-28 01:27:00.000,eeab722b-4c6f-4b40-8939-d1188390c1f0,
,33.187122,1101.9006,34.1451,2025-10-28 17:45:00.000,3a8413a4-d255-455c-985c-13afe5979227.binning_data.json,398,31301,,32.610554,2025-10-29 00:39:52.771,2025-10-29 00:39:52.771,,35.560925,34.802887,31.562218,,33.187122,UTC+0530,Q+CzYexHJ2,,com.sec.android.app.shealth,2025-10-29 00:39:00.000,3a8413a4-d255-455c-985c-13afe5979227,
,34.06086,1160.5061,34.140125,2025-10-29 17:46:00.000,5378a551-725c-4629-9d86-d3f5bc172099.binning_data.json,428,31301,,32.638195,2025-10-30 01:13:56.631,2025-10-30 01:13:56.631,,35.5893,35.58975,32.56864,,34.06086,UTC+0530,Q+CzYexHJ2,,com.sec.android.app.shealth,2025-10-30 01:13:00.000,5378a551-725c-4629-9d86-d3f5bc172099,
,33.996212,1156.41,34.124916,2025-10-30 18:15:00.000,b3d618a7-670a-4dc4-bba9-85aa3702ff93.binning_data.json,386,31301,,32.65363,2025-10-31 00:56:29.234,2025-10-31 00:56:29.234,,35.586224,35.70879,32.155174,,33.996212,UTC+0530,Q+CzYexHJ2,,com.sec.android.app.shealth,2025-10-31 00:56:00.000,b3d618a7-670a-4dc4-bba9-85aa3702ff93,
,33.922512,1151.3531,34.108437,2025-10-31 18:24:00.000,ebba5f29-3c04-4c46-9917-97cb1138e58a.binning_data.json,400,31301,,32.62543,2025-11-01 01:24:05.008,2025-11-01 01:24:05.008,,35.600353,36.169376,32.487614,,33.922512,UTC+0530,Q+CzYexHJ2,,com.sec.android.app.shealth,2025-11-01 01:24:00.000,ebba5f29-3c04-4c46-9917-97cb1138e58a,
,34.74234,1207.1282,34.101852,2025-11-01 09:53:00.000,2eef0d3e-6037-4c9b-bc11-2f219b553b6b.binning_data.json,83,31301,,32.62112,2025-11-01 11:35:48.879,2025-11-01 11:35:48.879,,35.618137,35.28898,34.295467,,34.74234,UTC+0530,Q+CzYexHJ2,,com.sec.android.app.shealth,2025-11-01 11:35:00.000,2eef0d3e-6037-4c9b-bc11-2f219b553b6b,
,33.979195,1154.9503,34.11583,2025-11-01 18:28:00.000,90335131-cce5-4f38-b74e-f48a91c63176.binning_data.json,364,31301,,32.65528,2025-11-02 00:46:13.714,2025-11-02 00:46:13.714,,35.62086,35.113823,32.183464,,33.979195,UTC+0530,Q+CzYexHJ2,,com.sec.android.app.shealth,2025-11-02 00:46:00.000,90335131-cce5-4f38-b74e-f48a91c63176,
,33.910362,1150.2515,34.103092,2025-11-02 18:17:00.000,57a48250-0d5d-4370-9d5d-3ccc515f00de.binning_data.json,392,31301,,32.67352,2025-11-03 01:04:34.664,2025-11-03 01:04:34.664,,35.59074,34.93911,32.37555,,33.910362,UTC+0530,Q+CzYexHJ2,,com.sec.android.app.shealth,2025-11-03 01:04:00.000,57a48250-0d5d-4370-9d5d-3ccc515f00de,
,34.09301,1163.0563,34.06731,2025-11-03 17:52:00.000,97625acd-545d-41bf-bfcf-77c2698b17e2.binning_data.json,258,31301,,32.667587,2025-11-03 22:40:39.127,2025-11-03 22:40:39.127,,35.549583,35.640144,32.373863,,34.09301,UTC+0530,Q+CzYexHJ2,,com.sec.android.app.shealth,2025-11-03 22:29:00.000,97625acd-545d-41bf-bfcf-77c2698b17e2,
,35.046257,1228.4822,34.0679,2025-11-03 22:52:00.000,807d0703-989b-4078-804a-d0310e430b46.binning_data.json,105,31301,,32.65841,2025-11-04 01:06:48.497,2025-11-04 01:06:48.497,,35.552414,35.769516,33.744072,,35.046257,UTC+0530,Q+CzYexHJ2,,com.sec.android.app.shealth,2025-11-04 01:00:00.000,807d0703-989b-4078-804a-d0310e430b46,
,33.497116,1122.8636,34.056057,2025-11-04 18:31:00.000,00e1f3d7-51fd-4137-b71a-81b765c6bad6.binning_data.json,274,31301,,32.681618,2025-11-04 23:21:26.685,2025-11-04 23:21:26.685,,35.54097,34.84022,31.734913,,33.497116,UTC+0530,Q+CzYexHJ2,,com.sec.android.app.shealth,2025-11-04 23:21:00.000,00e1f3d7-51fd-4137-b71a-81b765c6bad6,
,35.34577,1249.3618,34.042362,2025-11-04 23:59:00.000,2cbcc252-529c-4776-b44b-986a4ee5b16d.binning_data.json,86,31301,,32.63262,2025-11-05 01:42:02.857,2025-11-05 01:42:02.857,,35.5219,35.577087,34.956757,,35.34577,UTC+0530,Q+CzYexHJ2,,com.sec.android.app.shealth,2025-11-05 01:42:00.000,2cbcc252-529c-4776-b44b-986a4ee5b16d,
,33.567444,1127.2839,34.06171,2025-11-05 18:45:00.000,483192e0-58d0-48a3-8cff-7774414e6ba0.binning_data.json,284,31301,,32.711136,2025-11-05 23:44:31.267,2025-11-05 23:44:31.267,,35.523266,34.876747,31.720484,,33.567444,UTC+0530,Q+CzYexHJ2,,com.sec.android.app.shealth,2025-11-05 23:44:00.000,483192e0-58d0-48a3-8cff-7774414e6ba0,
,34.617214,1198.7035,34.04911,2025-11-06 00:02:00.000,712ec496-ae08-426b-8e6e-0250dd3d4cc1.binning_data.json,91,31301,,32.68018,2025-11-06 01:48:13.880,2025-11-06 01:48:13.880,,35.50306,35.249664,33.511295,,34.617214,UTC+0530,Q+CzYexHJ2,,com.sec.android.app.shealth,2025-11-06 01:48:00.000,712ec496-ae08-426b-8e6e-0250dd3d4cc1,
,33.930813,1151.698,34.040047,2025-11-06 17:11:00.000,a3d6b04d-bfa3-42fb-bb21-4c727177fff8.binning_data.json,356,31301,,32.651726,2025-11-06 23:22:16.627,2025-11-06 23:22:16.627,,35.501915,35.071762,32.066074,,33.930813,UTC+0530,Q+CzYexHJ2,,com.sec.android.app.shealth,2025-11-06 23:22:00.000,a3d6b04d-bfa3-42fb-bb21-4c727177fff8,
,33.45721,1120.3912,34.042477,2025-11-07 18:02:00.000,7eecb5b9-1556-4a38-908a-e7dc6180a5a3.binning_data.json,346,31301,,32.644676,2025-11-08 00:09:17.679,2025-11-08 00:09:17.679,,35.47045,35.55562,31.187422,,33.45721,UTC+0530,Q+CzYexHJ2,,com.sec.android.app.shealth,2025-11-08 00:09:00.000,7eecb5b9-1556-4a38-908a-e7dc6180a5a3,
,33.110905,1096.4218,34.024246,2025-11-08 00:13:00.000,c18aa5b5-9303-4b99-8745-2479d39386cf.binning_data.json,35,31301,,32.61372,2025-11-08 00:59:24.381,2025-11-08 00:59:24.381,,35.473106,33.500256,32.71367,,33.110905,UTC+0530,Q+CzYexHJ2,,com.sec.android.app.shealth,2025-11-08 00:59:00.000,c18aa5b5-9303-4b99-8745-2479d39386cf,
,34.898903,1218.0977,34.021378,2025-11-08 01:03:00.000,a345ce00-6409-4195-840c-8de9d3b31541.binning_data.json,71,31301,,32.616745,2025-11-08 02:23:10.926,2025-11-08 02:23:10.926,,35.4528,35.294327,33.882126,,34.898903,UTC+0530,Q+CzYexHJ2,,com.sec.android.app.shealth,2025-11-08 02:23:00.000,a345ce00-6409-4195-840c-8de9d3b31541,
,33.705036,1137.2268,34.09558,2025-11-08 19:07:00.000,7892cc34-8c20-4f6f-8a39-a912e4d2f6bf.binning_data.json,290,31301,,32.684265,2025-11-09 00:17:48.275,2025-11-09 00:17:48.275,,35.467693,35.99884,32.1961,,33.705036,UTC+0530,Q+CzYexHJ2,,com.sec.android.app.shealth,2025-11-09 00:17:00.000,7892cc34-8c20-4f6f-8a39-a912e4d2f6bf,
,34.788696,1210.36,34.08542,2025-11-09 00:37:00.000,3acd64a6-1746-4af7-a6c5-817942d2d03a.binning_data.json,82,31301,,32.669903,2025-11-09 02:14:11.756,2025-11-09 02:14:11.756,,35.48332,35.301357,34.283062,,34.788696,UTC+0530,Q+CzYexHJ2,,com.sec.android.app.shealth,2025-11-09 02:14:00.000,3acd64a6-1746-4af7-a6c5-817942d2d03a,
,34.015186,1158.2682,34.094334,2025-11-09 17:53:00.000,abe4d94f-ae4f-4ec7-8b8d-9918ab606226.binning_data.json,351,31301,,32.747986,2025-11-09 23:57:33.516,2025-11-09 23:57:33.516,,35.4923,35.44061,31.832544,,34.015186,UTC+0530,Q+CzYexHJ2,,com.sec.android.app.shealth,2025-11-09 23:57:00.000,abe4d94f-ae4f-4ec7-8b8d-9918ab606226,
,33.220238,1104.364,34.089836,2025-11-10 17:51:00.000,2b6c6f23-5a47-43bc-bfa7-eb1ec499a700.binning_data.json,384,31301,,32.653263,2025-11-11 00:32:01.484,2025-11-11 00:32:01.484,,35.470985,35.09278,31.49279,,33.220238,UTC+0530,Q+CzYexHJ2,,com.sec.android.app.shealth,2025-11-11 00:31:00.000,2b6c6f23-5a47-43bc-bfa7-eb1ec499a700,
,33.526222,1124.2719,34.028545,2025-11-11 19:16:00.000,0f31267a-83b9-4812-81ce-5da5774726e5.binning_data.json,404,31301,,32.608418,2025-11-12 02:18:13.517,2025-11-12 02:18:13.517,,35.439526,35.17822,32.248158,,33.526222,UTC+0530,Q+CzYexHJ2,,com.sec.android.app.shealth,2025-11-12 02:18:00.000,0f31267a-83b9-4812-81ce-5da5774726e5,
,33.739674,1139.0768,34.031765,2025-11-12 18:47:00.000,1b627bba-69ca-4a3a-9518-3cb957281f1c.binning_data.json,368,31301,,32.54283,2025-11-13 01:12:50.066,2025-11-13 01:12:50.066,,35.476303,35.065235,31.570553,,33.739674,UTC+0530,Q+CzYexHJ2,,com.sec.android.app.shealth,2025-11-13 01:12:00.000,1b627bba-69ca-4a3a-9518-3cb957281f1c,
,33.691166,1135.1099,34.02204,2025-11-13 01:16:00.000,dfc8f64a-7755-42db-8f47-2722dc54898d.binning_data.json,9,31301,,32.512447,2025-11-13 01:39:15.340,2025-11-13 01:39:15.340,,35.463455,33.91072,33.546215,,33.691166,UTC+0530,Q+CzYexHJ2,,com.sec.android.app.shealth,2025-11-13 01:37:00.000,dfc8f64a-7755-42db-8f47-2722dc54898d,
,33.179996,1102.1285,34.003265,2025-11-13 17:38:00.000,6752f4db-7416-499a-8097-2a532f0eaea2.binning_data.json,191,31301,,32.519463,2025-11-13 21:28:46.004,2025-11-13 21:28:46.004,,35.42169,35.27063,31.399256,,33.179996,UTC+0530,Q+CzYexHJ2,,com.sec.android.app.shealth,2025-11-13 21:05:00.000,6752f4db-7416-499a-8097-2a532f0eaea2,
,33.860058,1146.6367,33.988777,2025-11-13 21:22:00.000,b1a481ab-459e-4b80-a9c2-44318ecf9f57.binning_data.json,159,31301,,32.475506,2025-11-14 00:11:29.772,2025-11-14 00:11:29.772,,35.41719,34.82015,33.073093,,33.860058,UTC+0530,Q+CzYexHJ2,,com.sec.android.app.shealth,2025-11-14 00:11:00.000,b1a481ab-459e-4b80-a9c2-44318ecf9f57,
,33.976723,1154.4711,33.986916,2025-11-14 00:14:00.000,0687914f-ce3e-46f1-9ccf-e9878e30c7af.binning_data.json,65,31301,,32.494183,2025-11-14 01:31:15.371,2025-11-14 01:31:15.371,,35.398933,34.282932,33.55275,,33.976723,UTC+0530,Q+CzYexHJ2,,com.sec.android.app.shealth,2025-11-14 01:31:00.000,0687914f-ce3e-46f1-9ccf-e9878e30c7af,
,34.02543,1158.2927,33.974926,2025-11-14 17:36:00.000,29e49b36-7ceb-4e50-b62c-524cdbd5caae.binning_data.json,411,31301,,32.549732,2025-11-15 00:43:53.626,2025-11-15 00:43:53.626,,35.378506,35.66895,31.195366,,34.02543,UTC+0530,Q+CzYexHJ2,,com.sec.android.app.shealth,2025-11-15 00:43:00.000,29e49b36-7ceb-4e50-b62c-524cdbd5caae,
,33.78388,1142.6884,33.968075,2025-11-15 20:48:00.000,842f1f9f-3a7f-454b-90e4-3b0146bcae6e.binning_data.json,266,31301,,32.527546,2025-11-16 01:28:45.809,2025-11-16 01:28:45.809,,35.378098,35.59205,31.073645,,33.78388,UTC+0530,Q+CzYexHJ2,,com.sec.android.app.shealth,2025-11-16 01:28:00.000,842f1f9f-3a7f-454b-90e4-3b0146bcae6e,
,34.168957,1168.1854,33.93663,2025-11-16 17:12:00.000,f4a07a12-2abd-4c58-a62f-21752d102df7.binning_data.json,506,31301,,32.488293,2025-11-17 01:53:37.169,2025-11-17 01:53:37.169,,35.368435,35.67032,31.060102,,34.168957,UTC+0530,Q+CzYexHJ2,,com.sec.android.app.shealth,2025-11-17 01:53:00.000,f4a07a12-2abd-4c58-a62f-21752d102df7,
,34.15092,1166.9287,33.91551,2025-11-17 17:31:00.000,ff7cab6f-7dd3-4fd5-bb33-97c937647817.binning_data.json,327,31301,,32.37441,2025-11-17 23:14:01.214,2025-11-17 23:14:01.214,,35.335785,35.694294,32.09879,,34.15092,UTC+0530,Q+CzYexHJ2,,com.sec.android.app.shealth,2025-11-17 23:13:00.000,ff7cab6f-7dd3-4fd5-bb33-97c937647817,
,35.071495,1230.0787,33.922512,2025-11-17 23:54:00.000,e673f40e-0971-4cf1-8283-5ae4a237a8ec.binning_data.json,71,31301,,32.352795,2025-11-18 01:19:37.722,2025-11-18 01:19:37.722,,35.350418,35.4622,34.600285,,35.071495,UTC+0530,Q+CzYexHJ2,,com.sec.android.app.shealth,2025-11-18 01:19:00.000,e673f40e-0971-4cf1-8283-5ae4a237a8ec,
,34.918312,1219.2955,33.929882,2025-11-18 01:29:00.000,989f50c3-1569-4cf2-84f3-6f880d3df6a6.binning_data.json,9,31301,,32.39627,2025-11-18 01:44:19.369,2025-11-18 01:44:19.369,,35.35391,35.023552,34.789543,,34.918312,UTC+0530,Q+CzYexHJ2,,com.sec.android.app.shealth,2025-11-18 01:44:00.000,989f50c3-1569-4cf2-84f3-6f880d3df6a6,
,33.762722,1140.6674,33.925,2025-11-18 17:15:00.000,46ad0c68-9e79-4c43-b53a-d1a54e164082.binning_data.json,362,31301,,32.446526,2025-11-18 23:30:17.129,2025-11-18 23:30:17.129,,35.34882,35.65845,31.65325,,33.762722,UTC+0530,Q+CzYexHJ2,,com.sec.android.app.shealth,2025-11-18 23:30:00.000,46ad0c68-9e79-4c43-b53a-d1a54e164082,
,34.24926,1173.0558,33.91968,2025-11-19 00:01:00.000,5448dce0-2916-4430-bd47-f542b4f9947d.binning_data.json,38,31301,,32.422485,2025-11-19 00:53:53.156,2025-11-19 00:53:53.156,,35.358204,34.74136,33.961037,,34.24926,UTC+0530,Q+CzYexHJ2,,com.sec.android.app.shealth,2025-11-19 00:53:00.000,5448dce0-2916-4430-bd47-f542b4f9947d,
,34.32126,1177.9562,33.92081,2025-11-19 01:04:00.000,51b67a7c-ef06-43fa-a24c-a5b1eaa7e683.binning_data.json,26,31301,,32.46774,2025-11-19 01:34:50.187,2025-11-19 01:34:50.187,,35.34187,34.418015,34.191525,,34.32126,UTC+0530,Q+CzYexHJ2,,com.sec.android.app.shealth,2025-11-19 01:34:00.000,51b67a7c-ef06-43fa-a24c-a5b1eaa7e683,
,34.265774,1174.5029,33.892166,2025-11-19 17:58:00.000,ae8ab6bb-44d3-4558-85ea-543471c55142.binning_data.json,432,31301,,32.506134,2025-11-20 01:24:15.571,2025-11-20 01:24:15.571,,35.301334,35.377197,32.48149,,34.265774,UTC+0530,Q+CzYexHJ2,,com.sec.android.app.shealth,2025-11-20 01:24:00.000,ae8ab6bb-44d3-4558-85ea-543471c55142,
,33.627396,1131.2969,33.89663,2025-11-20 17:24:00.000,59cebe29-ee65-4a7f-8b17-d3b68834f6d5.binning_data.json,365,31301,,32.515553,2025-11-20 23:45:34.670,2025-11-20 23:45:34.670,,35.30806,35.18604,31.859285,,33.627396,UTC+0530,Q+CzYexHJ2,,com.sec.android.app.shealth,2025-11-20 23:45:00.000,59cebe29-ee65-4a7f-8b17-d3b68834f6d5,
,35.442448,1256.4316,33.887768,2025-11-21 00:16:00.000,90ef69b3-f47a-4149-8919-652900c25941.binning_data.json,53,31301,,32.495667,2025-11-21 01:23:50.392,2025-11-21 01:23:50.392,,35.304363,35.84079,34.22186,,35.442448,UTC+0530,Q+CzYexHJ2,,com.sec.android.app.shealth,2025-11-21 01:23:00.000,90ef69b3-f47a-4149-8919-652900c25941,
,35.025753,1227.0575,33.89725,2025-11-21 18:42:00.000,f3fe9555-c40b-47eb-b32e-5d15a0052cfc.binning_data.json,345,31301,,32.53492,2025-11-22 00:46:07.463,2025-11-22 00:46:07.463,,35.297783,36.180176,33.90372,,35.025753,UTC+0530,Q+CzYexHJ2,,com.sec.android.app.shealth,2025-11-22 00:46:00.000,f3fe9555-c40b-47eb-b32e-5d15a0052cfc,
,34.81695,1212.3335,33.93275,2025-11-22 09:59:00.000,03d21b6e-7aaa-4158-aa19-b8cb3b627c48.binning_data.json,91,31301,,32.576397,2025-11-22 11:52:16.475,2025-11-22 11:52:16.475,,35.310238,35.292652,34.181202,,34.81695,UTC+0530,Q+CzYexHJ2,,com.sec.android.app.shealth,2025-11-22 11:52:00.000,03d21b6e-7aaa-4158-aa19-b8cb3b627c48,
,34.900875,1218.2697,33.914684,2025-11-22 21:23:00.000,b09e12a6-7d21-421a-83b9-28e6a78d529f.binning_data.json,302,31301,,32.6299,2025-11-23 02:40:32.714,2025-11-23 02:40:32.714,,35.2992,35.560204,33.598015,,34.900875,UTC+0530,Q+CzYexHJ2,,com.sec.android.app.shealth,2025-11-23 02:40:00.000,b09e12a6-7d21-421a-83b9-28e6a78d529f,
,34.003716,1157.509,33.940197,2025-11-23 18:41:00.000,c92fbee2-2f45-4d0c-b28e-f0df71128ba4.binning_data.json,400,31301,,32.67233,2025-11-24 01:36:12.708,2025-11-24 01:36:12.708,,35.295055,35.836655,31.463928,,34.003716,UTC+0530,Q+CzYexHJ2,,com.sec.android.app.shealth,2025-11-24 01:36:00.000,c92fbee2-2f45-4d0c-b28e-f0df71128ba4,
,34.44665,1187.0557,,2025-11-25 18:38:00.000,9c9f4a3c-2dd9-4cf4-aaf0-7c645342927b.binning_data.json,292,31301,,,2025-11-25 23:57:48.242,2025-11-25 23:57:48.242,,,35.858418,32.94813,,34.44665,UTC+0530,mP8yc45n7o,,com.sec.android.app.shealth,2025-11-25 23:50:00.000,9c9f4a3c-2dd9-4cf4-aaf0-7c645342927b,
,35.255516,1242.9634,34.44665,2025-11-26 00:28:00.000,82393d46-148b-45c0-8278-1f2eef78ad9f.binning_data.json,10,31301,,,2025-11-26 01:03:44.769,2025-11-26 01:03:44.769,,,35.35097,35.074158,,35.255516,UTC+0530,mP8yc45n7o,,com.sec.android.app.shealth,2025-11-26 01:03:00.000,82393d46-148b-45c0-8278-1f2eef78ad9f,
,34.211536,1171.0555,34.473434,2025-11-26 17:17:00.000,71e28673-0d98-47f6-982c-c6e004f00c14.binning_data.json,416,31301,,,2025-11-27 00:28:01.740,2025-11-27 00:28:01.740,,,35.873966,32.277718,,34.211536,UTC+0530,mP8yc45n7o,,com.sec.android.app.shealth,2025-11-27 00:28:00.000,71e28673-0d98-47f6-982c-c6e004f00c14,
,33.83338,1144.7152,34.321693,2025-11-27 00:28:00.000,19931af4-d461-473f-bd0c-2382a2434c28.binning_data.json,14,31301,,,2025-11-27 01:10:03.862,2025-11-27 01:10:03.862,,,33.958992,33.605988,,33.83338,UTC+0530,mP8yc45n7o,,com.sec.android.app.shealth,2025-11-27 01:07:00.000,19931af4-d461-473f-bd0c-2382a2434c28,
,34.47657,1189.4213,34.312355,2025-11-27 17:56:00.000,d0755de3-986a-4d16-9f94-237e97bea134.binning_data.json,349,31301,,33.27706,2025-11-28 00:00:08.305,2025-11-28 00:00:08.305,,35.604694,36.02387,32.33342,,34.47657,UTC+0530,mP8yc45n7o,,com.sec.android.app.shealth,2025-11-28 00:00:00.000,d0755de3-986a-4d16-9f94-237e97bea134,
,34.178497,1168.9974,34.36537,2025-11-28 16:42:00.000,af1db5b6-a3cb-4605-a8ea-87ee4680136b.binning_data.json,472,31301,,32.962513,2025-11-29 00:49:29.700,2025-11-29 00:49:29.700,,35.694454,35.883595,32.337387,,34.178497,UTC+0530,mP8yc45n7o,,com.sec.android.app.shealth,2025-11-29 00:49:00.000,af1db5b6-a3cb-4605-a8ea-87ee4680136b,
,33.404186,1116.9287,34.308575,2025-11-29 18:28:00.000,0c5835a8-5366-47a3-a5ff-a14e47e8b221.binning_data.json,249,31301,,32.806232,2025-11-29 23:13:28.899,2025-11-29 23:13:28.899,,35.741737,34.82175,30.891485,,33.404186,UTC+0530,mP8yc45n7o,,com.sec.android.app.shealth,2025-11-29 22:50:00.000,0c5835a8-5366-47a3-a5ff-a14e47e8b221,
,35.52788,1262.5514,34.183605,2025-11-29 23:54:00.000,4b25a00a-e567-4b04-b21b-e5dbf605a70c.binning_data.json,115,31301,,32.700527,2025-11-30 02:06:12.913,2025-11-30 02:06:12.913,,35.55774,36.395405,34.427315,,35.52788,UTC+0530,mP8yc45n7o,,com.sec.android.app.shealth,2025-11-30 02:06:00.000,4b25a00a-e567-4b04-b21b-e5dbf605a70c,
,34.02311,1158.0869,34.264248,2025-11-30 17:14:00.000,60b19630-f539-402b-a114-c4d4e5387b46.binning_data.json,301,31301,,32.988327,2025-11-30 22:34:15.273,2025-11-30 22:34:15.273,,35.635426,35.69338,32.28243,,34.02311,UTC+0530,mP8yc45n7o,,com.sec.android.app.shealth,2025-11-30 22:34:00.000,60b19630-f539-402b-a114-c4d4e5387b46,
,34.531734,1193.0839,34.231525,2025-11-30 22:43:00.000,7dbb5415-b4ed-4bd5-b1f8-cd5fdba50cbb.binning_data.json,123,31301,,32.887486,2025-12-01 01:05:26.785,2025-12-01 01:05:26.785,,35.643703,35.944447,33.369553,,34.531734,UTC+0530,mP8yc45n7o,,com.sec.android.app.shealth,2025-12-01 01:05:00.000,7dbb5415-b4ed-4bd5-b1f8-cd5fdba50cbb,
,34.93448,1220.4185,34.2473,2025-12-01 01:08:00.000,de37ad20-bc5b-4577-8a92-ced8c2a31f22.binning_data.json,6,31301,,32.947742,2025-12-01 01:27:49.542,2025-12-01 01:27:49.542,,35.681297,34.96469,34.89658,,34.93448,UTC+0530,mP8yc45n7o,,com.sec.android.app.shealth,2025-12-01 01:27:00.000,de37ad20-bc5b-4577-8a92-ced8c2a31f22,
,34.38553,1183.607,34.249054,2025-12-01 17:37:00.000,00fd6571-605d-44da-965f-65b0835219c7.binning_data.json,448,31301,,33.04346,2025-12-02 01:19:38.935,2025-12-02 01:19:38.935,,35.65278,36.535397,31.850075,,34.38553,UTC+0530,mP8yc45n7o,,com.sec.android.app.shealth,2025-12-02 01:19:00.000,00fd6571-605d-44da-965f-65b0835219c7,
,34.279247,1175.4688,34.27093,2025-12-02 16:44:00.000,f4a06e25-f8c7-4006-b75a-0bf504e3c181.binning_data.json,364,31301,,32.947742,2025-12-02 23:25:39.500,2025-12-02 23:25:39.500,,35.699165,35.40924,32.635094,,34.279247,UTC+0530,mP8yc45n7o,,com.sec.android.app.shealth,2025-12-02 23:11:00.000,f4a06e25-f8c7-4006-b75a-0bf504e3c181,
,33.469288,1120.8383,34.27189,2025-12-03 17:39:00.000,4fcc45a4-f879-4a48-89b5-27f71acb2179.binning_data.json,214,31301,,32.913006,2025-12-03 21:45:34.193,2025-12-03 21:45:34.193,,35.66695,35.126976,32.33473,,33.469288,UTC+0530,mP8yc45n7o,,com.sec.android.app.shealth,2025-12-03 21:28:00.000,4fcc45a4-f879-4a48-89b5-27f71acb2179,
,34.11246,1164.5673,34.220966,2025-12-03 22:10:00.000,e5d230c8-d081-4eca-b82c-133178255c42.binning_data.json,162,31301,,32.855175,2025-12-04 01:12:14.442,2025-12-04 01:12:14.442,,35.612953,35.673645,32.435158,,34.11246,UTC+0530,mP8yc45n7o,,com.sec.android.app.shealth,2025-12-04 01:12:00.000,e5d230c8-d081-4eca-b82c-133178255c42,
,34.42862,1185.736,34.215996,2025-12-04 17:25:00.000,5e946a63-d2ea-489b-be34-6555bc05d076.binning_data.json,475,31301,,32.81699,2025-12-05 01:34:31.324,2025-12-05 01:34:31.324,,35.618473,35.794655,32.84715,,34.42862,UTC+0530,mP8yc45n7o,,com.sec.android.app.shealth,2025-12-05 01:34:00.000,5e946a63-d2ea-489b-be34-6555bc05d076,
,34.178055,1168.8236,34.24118,2025-12-05 17:07:00.000,3f2246aa-7996-4234-b1b6-b0ad56c48437.binning_data.json,447,31301,,32.819508,2025-12-06 00:48:58.680,2025-12-06 00:48:58.680,,35.633156,35.540695,32.444736,,34.178055,UTC+0530,mP8yc45n7o,,com.sec.android.app.shealth,2025-12-06 00:48:00.000,3f2246aa-7996-4234-b1b6-b0ad56c48437,
,34.08366,1162.19,34.23485,2025-12-06 17:32:00.000,27f5d66e-c092-4070-9f29-56a4a5ba0ce4.binning_data.json,265,31301,,32.790676,2025-12-06 22:39:38.251,2025-12-06 22:39:38.251,,35.626045,35.587517,32.62194,,34.08366,UTC+0530,mP8yc45n7o,,com.sec.android.app.shealth,2025-12-06 22:12:00.000,27f5d66e-c092-4070-9f29-56a4a5ba0ce4,
,33.414692,1116.675,34.226364,2025-12-06 23:04:00.000,dc158457-a039-4bdf-8211-81f5a03b6326.binning_data.json,15,31301,,32.77862,2025-12-06 23:41:26.295,2025-12-06 23:41:26.295,,35.623295,33.921707,32.936516,,33.414692,UTC+0530,mP8yc45n7o,,com.sec.android.app.shealth,2025-12-06 23:33:00.000,dc158457-a039-4bdf-8211-81f5a03b6326,
,34.069405,1160.7688,34.223797,2025-12-07 00:22:00.000,37a346de-8667-4666-8e8f-1a842a78198b.binning_data.json,2,31301,,32.78915,2025-12-07 00:39:47.392,2025-12-07 00:39:47.392,,35.56986,34.280407,33.858402,,34.069405,UTC+0530,mP8yc45n7o,,com.sec.android.app.shealth,2025-12-07 00:39:00.000,37a346de-8667-4666-8e8f-1a842a78198b,
,33.651672,1133.0643,34.22373,2025-12-07 10:16:00.000,b7eac766-8fe5-4308-87e8-1274a4166c58.binning_data.json,70,31301,,32.85598,2025-12-07 11:42:49.518,2025-12-07 11:42:49.518,,35.489265,35.02487,32.010643,,33.651672,UTC+0530,mP8yc45n7o,,com.sec.android.app.shealth,2025-12-07 11:42:00.000,b7eac766-8fe5-4308-87e8-1274a4166c58,
,34.23222,1172.3126,34.215405,2025-12-07 17:13:00.000,d69dae95-872a-427a-984e-fe7fe9f908c0.binning_data.json,473,31301,,32.751225,2025-12-08 01:23:11.612,2025-12-08 01:23:11.612,,35.503254,35.286053,32.00723,,34.23222,UTC+0530,mP8yc45n7o,,com.sec.android.app.shealth,2025-12-08 01:23:00.000,d69dae95-872a-427a-984e-fe7fe9f908c0,
,33.54833,1125.9307,34.216908,2025-12-08 17:39:00.000,42a60356-90d9-4aa5-ab07-3d6f36f2d4aa.binning_data.json,317,31301,,32.704937,2025-12-08 23:24:11.998,2025-12-08 23:24:11.998,,35.48968,35.03444,32.159992,,33.54833,UTC+0530,mP8yc45n7o,,com.sec.android.app.shealth,2025-12-08 23:17:00.000,42a60356-90d9-4aa5-ab07-3d6f36f2d4aa,
,34.35437,1180.2646,34.179054,2025-12-09 00:13:00.000,1a81552d-9f98-48eb-9e62-7b00baed8c80.binning_data.json,79,31301,,32.672882,2025-12-09 01:48:33.282,2025-12-09 01:48:33.282,,35.462906,34.69007,34.018635,,34.35437,UTC+0530,mP8yc45n7o,,com.sec.android.app.shealth,2025-12-09 01:48:00.000,1a81552d-9f98-48eb-9e62-7b00baed8c80,
,34.43623,1187.1724,34.181496,2025-12-09 17:18:00.000,7d3aa1de-a740-4b86-86f7-68b301f5de40.binning_data.json,404,31301,,32.747643,2025-12-10 00:17:05.380,2025-12-10 00:17:05.380,,35.419968,36.029312,32.16228,,34.43623,UTC+0530,mP8yc45n7o,,com.sec.android.app.shealth,2025-12-10 00:17:00.000,7d3aa1de-a740-4b86-86f7-68b301f5de40,
,34.219734,1171.5167,34.198414,2025-12-10 17:50:00.000,41e04f3d-2d52-4bc6-aa20-4b8e2e5db464.binning_data.json,477,31301,,32.71683,2025-12-11 02:06:15.788,2025-12-11 02:06:15.788,,35.45175,35.679985,32.151684,,34.219734,UTC+0530,mP8yc45n7o,,com.sec.android.app.shealth,2025-12-11 02:06:00.000,41e04f3d-2d52-4bc6-aa20-4b8e2e5db464,
,32.99424,1089.2861,34.199966,2025-12-11 15:44:00.000,1435420d-50c4-4b2e-8384-bfe210d9d7d5.binning_data.json,332,31301,,32.688576,2025-12-11 21:56:36.544,2025-12-11 21:56:36.544,,35.46316,34.97602,31.300594,,32.99424,UTC+0530,mP8yc45n7o,,com.sec.android.app.shealth,2025-12-11 21:32:00.000,1435420d-50c4-4b2e-8384-bfe210d9d7d5,
,34.429405,1185.4755,34.141876,2025-12-11 22:09:00.000,1de21bdd-407a-4259-a327-f1812335cf9e.binning_data.json,33,31301,,32.65613,2025-12-11 23:06:03.558,2025-12-11 23:06:03.558,,35.439964,35.120365,34.068474,,34.429405,UTC+0530,mP8yc45n7o,,com.sec.android.app.shealth,2025-12-11 23:05:00.000,1de21bdd-407a-4259-a327-f1812335cf9e,
,34.179237,1168.4164,34.143246,2025-12-11 23:20:00.000,68bd89b5-dfa6-4f04-be7b-c14b46896992.binning_data.json,43,31301,,32.72033,2025-12-12 00:18:21.017,2025-12-12 00:18:21.017,,35.425438,34.689373,33.347267,,34.179237,UTC+0530,mP8yc45n7o,,com.sec.android.app.shealth,2025-12-12 00:18:00.000,68bd89b5-dfa6-4f04-be7b-c14b46896992,
,33.631744,1131.1454,34.143467,2025-12-12 00:22:00.000,4db120c8-e277-469c-a5c2-c2b5a9881903.binning_data.json,19,31301,,32.74759,2025-12-12 00:51:02.221,2025-12-12 00:51:02.221,,35.393436,33.988876,33.298885,,33.631744,UTC+0530,mP8yc45n7o,,com.sec.android.app.shealth,2025-12-12 00:51:00.000,4db120c8-e277-469c-a5c2-c2b5a9881903,
,34.50883,1191.2056,34.142075,2025-12-12 17:41:00.000,627118b8-d037-4957-94f0-8168d046dcc1.binning_data.json,441,31301,,32.77056,2025-12-13 01:18:55.156,2025-12-13 01:18:55.156,,35.347057,35.62437,32.262745,,34.50883,UTC+0530,mP8yc45n7o,,com.sec.android.app.shealth,2025-12-13 01:18:00.000,627118b8-d037-4957-94f0-8168d046dcc1,
,33.83111,1145.0115,34.163853,2025-12-13 17:34:00.000,e19fe56c-e132-4ce7-a191-05d8d4531751.binning_data.json,447,31301,,32.72524,2025-12-14 01:40:24.278,2025-12-14 01:40:24.278,,35.37607,35.274822,32.34418,,33.83111,UTC+0530,mP8yc45n7o,,com.sec.android.app.shealth,2025-12-14 01:17:00.000,e19fe56c-e132-4ce7-a191-05d8d4531751,
,34.767757,1208.9575,34.144962,2025-12-14 09:34:00.000,6f857794-6a79-4fc4-930d-1522e083e884.binning_data.json,83,31301,,32.70936,2025-12-14 11:33:25.394,2025-12-14 11:33:25.394,,35.37185,35.327618,33.977913,,34.767757,UTC+0530,mP8yc45n7o,,com.sec.android.app.shealth,2025-12-14 11:10:00.000,6f857794-6a79-4fc4-930d-1522e083e884,
,33.141983,1099.116,34.15146,2025-12-14 17:13:00.000,4083213d-2c07-4c27-8b5c-07d6aefc9fef.binning_data.json,412,31301,,32.7601,2025-12-15 00:22:23.710,2025-12-15 00:22:23.710,,35.37008,34.79781,31.26827,,33.141983,UTC+0530,mP8yc45n7o,,com.sec.android.app.shealth,2025-12-15 00:22:00.000,4083213d-2c07-4c27-8b5c-07d6aefc9fef,
,34.76323,1208.7056,34.101765,2025-12-15 17:24:00.000,c0d6f3ac-936e-48c8-a9ce-78214bb988ea.binning_data.json,73,31301,,32.731148,2025-12-15 19:16:07.045,2025-12-15 19:16:07.045,,35.34807,35.38332,33.94405,,34.76323,UTC+0530,mP8yc45n7o,,com.sec.android.app.shealth,2025-12-15 18:52:00.000,c0d6f3ac-936e-48c8-a9ce-78214bb988ea,
,34.05312,1160.4982,34.107483,2025-12-15 19:15:00.000,b6688279-6228-42d0-84ab-5091a1a0c2aa.binning_data.json,356,31301,,32.77607,2025-12-16 01:27:59.487,2025-12-16 01:27:59.487,,35.349373,35.616158,31.54839,,34.05312,UTC+0530,mP8yc45n7o,,com.sec.android.app.shealth,2025-12-16 01:27:00.000,b6688279-6228-42d0-84ab-5091a1a0c2aa,
,33.570393,1127.6237,34.105286,2025-12-16 17:27:00.000,c3b2e7f2-0c44-4931-ba0d-3c3039f40923.binning_data.json,450,31301,,32.743,2025-12-17 01:12:28.432,2025-12-17 01:12:28.432,,35.358902,35.076218,31.616234,,33.570393,UTC+0530,mP8yc45n7o,,com.sec.android.app.shealth,2025-12-17 01:12:00.000,c3b2e7f2-0c44-4931-ba0d-3c3039f40923,
,34.044132,1159.3868,34.079258,2025-12-17 17:35:00.000,3afeadf9-def8-46d5-ab86-917cd57aab73.binning_data.json,379,31301,,32.704144,2025-12-18 00:11:47.727,2025-12-18 00:11:47.727,,35.34915,35.083347,32.041435,,34.044132,UTC+0530,mP8yc45n7o,,com.sec.android.app.shealth,2025-12-18 00:11:00.000,3afeadf9-def8-46d5-ab86-917cd57aab73,
,35.29432,1245.777,34.077873,2025-12-18 00:22:00.000,b0594ee7-90b5-4041-ab72-34f93b2b60d9.binning_data.json,78,31301,,32.682056,2025-12-18 01:49:26.518,2025-12-18 01:49:26.518,,35.34029,35.77434,34.702442,,35.29432,UTC+0530,mP8yc45n7o,,com.sec.android.app.shealth,2025-12-18 01:49:00.000,b0594ee7-90b5-4041-ab72-34f93b2b60d9,
,33.149647,1100.474,34.08765,2025-12-18 17:32:00.000,9055998c-469e-4c51-87ad-37a4f879ed16.binning_data.json,355,31301,,32.72678,2025-12-18 23:42:38.280,2025-12-18 23:42:38.280,,35.354294,34.84031,30.098114,,33.149647,UTC+0530,mP8yc45n7o,,com.sec.android.app.shealth,2025-12-18 23:42:00.000,9055998c-469e-4c51-87ad-37a4f879ed16,
,34.878674,1216.615,34.05455,2025-12-18 23:53:00.000,1d77c3cb-8374-4f11-a633-7e8f7855ed11.binning_data.json,64,31301,,32.689953,2025-12-19 01:20:04.308,2025-12-19 01:20:04.308,,35.33823,35.389023,34.266735,,34.878674,UTC+0530,mP8yc45n7o,,com.sec.android.app.shealth,2025-12-19 01:12:00.000,1d77c3cb-8374-4f11-a633-7e8f7855ed11,
,34.25559,1173.4706,34.05976,2025-12-19 01:19:00.000,3c44086a-e3f7-4b9f-98a3-d59653c03c8e.binning_data.json,35,31301,,32.72678,2025-12-19 02:07:51.003,2025-12-19 02:07:51.003,,35.341244,34.5798,34.00768,,34.25559,UTC+0530,mP8yc45n7o,,com.sec.android.app.shealth,2025-12-19 02:07:00.000,3c44086a-e3f7-4b9f-98a3-d59653c03c8e,
,34.74767,1207.7524,34.060436,2025-12-19 20:06:00.000,b2242974-762b-4294-b901-9ec6aed47a88.binning_data.json,389,31301,,32.766808,2025-12-20 02:55:17.121,2025-12-20 02:55:17.121,,35.320877,35.785103,33.08785,,34.74767,UTC+0530,mP8yc45n7o,,com.sec.android.app.shealth,2025-12-20 02:55:00.000,b2242974-762b-4294-b901-9ec6aed47a88,
,33.894436,1149.8591,34.08578,2025-12-20 09:42:00.000,9c52aa6e-22dc-46ce-aa69-d54a957e284f.binning_data.json,114,31301,,32.776535,2025-12-20 11:50:14.441,2025-12-20 11:50:14.441,,35.33494,35.44727,31.7988,,33.894436,UTC+0530,mP8yc45n7o,,com.sec.android.app.shealth,2025-12-20 11:50:00.000,9c52aa6e-22dc-46ce-aa69-d54a957e284f,
,33.48578,1121.9967,34.083733,2025-12-20 17:47:00.000,ed6c6da1-630d-4418-8a65-12ca208f9267.binning_data.json,377,31301,,32.747776,2025-12-21 00:17:22.208,2025-12-21 00:17:22.208,,35.338245,35.172886,31.11832,,33.48578,UTC+0530,mP8yc45n7o,,com.sec.android.app.shealth,2025-12-21 00:17:00.000,ed6c6da1-630d-4418-8a65-12ca208f9267,
,34.42248,1185.6505,34.063313,2025-12-21 17:55:00.000,9f7df183-c44a-4003-831a-a6bef7bdf502.binning_data.json,413,31301,,32.713516,2025-12-22 01:03:11.780,2025-12-22 01:03:11.780,,35.333523,35.998302,32.40953,,34.42248,UTC+0530,mP8yc45n7o,,com.sec.android.app.shealth,2025-12-22 01:03:00.000,9f7df183-c44a-4003-831a-a6bef7bdf502,
,34.193096,1169.6095,34.076263,2025-12-22 17:10:00.000,e12062d7-2b6f-410e-bc36-6553fef63c18.binning_data.json,426,31301,,32.70507,2025-12-23 00:30:58.539,2025-12-23 00:30:58.539,,35.350494,35.325817,31.965317,,34.193096,UTC+0530,mP8yc45n7o,,com.sec.android.app.shealth,2025-12-23 00:30:00.000,e12062d7-2b6f-410e-bc36-6553fef63c18,
,33.743103,1139.4586,34.0702,2025-12-23 17:56:00.000,30805f8a-bd9c-4f52-ae76-685c60e0df03.binning_data.json,231,31301,,32.63804,2025-12-23 22:28:06.169,2025-12-23 22:28:06.169,,35.335266,35.114815,30.806757,,33.743103,UTC+0530,mP8yc45n7o,,com.sec.android.app.shealth,2025-12-23 22:02:00.000,30805f8a-bd9c-4f52-ae76-685c60e0df03,
,34.910446,1218.9037,34.063805,2025-12-23 22:43:00.000,0f55668b-e190-46d7-8e7f-ef9e03cbcac3.binning_data.json,124,31301,,32.600883,2025-12-24 01:08:40.824,2025-12-24 01:08:40.824,,35.329144,35.69232,34.34779,,34.910446,UTC+0530,mP8yc45n7o,,com.sec.android.app.shealth,2025-12-24 01:08:00.000,0f55668b-e190-46d7-8e7f-ef9e03cbcac3,
,34.229244,1171.6412,34.0726,2025-12-24 01:12:00.000,57b5b852-1cc2-4caa-bcd0-0ce36f45eeb8.binning_data.json,6,31301,,32.64055,2025-12-24 01:29:04.250,2025-12-24 01:29:04.250,,35.338955,34.24044,34.215317,,34.229244,UTC+0530,mP8yc45n7o,,com.sec.android.app.shealth,2025-12-24 01:29:00.000,57b5b852-1cc2-4caa-bcd0-0ce36f45eeb8,
,33.68221,1135.6713,34.06795,2025-12-24 18:01:00.000,085bb548-0354-4f4d-a004-139f90a74a65.binning_data.json,352,31301,,32.667557,2025-12-25 00:06:24.355,2025-12-25 00:06:24.355,,35.324093,35.34892,31.280819,,33.68221,UTC+0530,mP8yc45n7o,,com.sec.android.app.shealth,2025-12-25 00:06:00.000,085bb548-0354-4f4d-a004-139f90a74a65,
,34.649,1201.1454,34.043766,2025-12-25 17:36:00.000,76cddd87-dc90-42ad-a29b-6f472356dd84.binning_data.json,444,31301,,32.638317,2025-12-26 01:15:51.734,2025-12-26 01:15:51.734,,35.307552,35.67513,32.401276,,34.649,UTC+0530,mP8yc45n7o,,com.sec.android.app.shealth,2025-12-26 01:15:00.000,76cddd87-dc90-42ad-a29b-6f472356dd84,
,34.04483,1161.1898,34.066246,2025-12-26 09:36:00.000,cc0cfe6e-126b-4d5d-9fbe-6adc5f8fae01.binning_data.json,103,31301,,32.63191,2025-12-26 11:40:20.421,2025-12-26 11:40:20.421,,35.317486,35.923233,32.193626,,34.04483,UTC+0530,mP8yc45n7o,,com.sec.android.app.shealth,2025-12-26 11:40:00.000,cc0cfe6e-126b-4d5d-9fbe-6adc5f8fae01,
,34.35291,1180.5327,34.06148,2025-12-26 17:55:00.000,30ebd74c-3ea1-49ce-824f-806447e84de8.binning_data.json,339,31301,,32.62802,2025-12-26 23:56:37.639,2025-12-26 23:56:37.639,,35.318558,35.244038,31.913342,,34.35291,UTC+0530,mP8yc45n7o,,com.sec.android.app.shealth,2025-12-26 23:56:00.000,30ebd74c-3ea1-49ce-824f-806447e84de8,
,33.85721,1146.9059,34.0696,2025-12-27 17:55:00.000,d395b5de-ee90-4d1d-a263-83f58fd41f90.binning_data.json,368,31301,,32.6015,2025-12-28 00:22:00.099,2025-12-28 00:22:00.099,,35.31349,35.445152,31.633781,,33.85721,UTC+0530,mP8yc45n7o,,com.sec.android.app.shealth,2025-12-28 00:21:00.000,d395b5de-ee90-4d1d-a263-83f58fd41f90,
,34.946312,1221.5347,34.058624,2025-12-28 17:32:00.000,7dd18f38-41b3-4f92-81d1-0dfb1bd4cdaa.binning_data.json,436,31301,,32.51669,2025-12-29 01:05:27.274,2025-12-29 01:05:27.274,,35.30229,35.83512,33.683395,,34.946312,UTC+0530,mP8yc45n7o,,com.sec.android.app.shealth,2025-12-29 01:05:00.000,7dd18f38-41b3-4f92-81d1-0dfb1bd4cdaa,
,35.009834,1225.6885,34.091053,2025-12-29 01:10:00.000,0830b04f-1c84-49eb-b00a-85d8e15b8d7b.binning_data.json,1,31301,,32.550022,2025-12-29 01:19:30.793,2025-12-29 01:19:30.793,,35.31636,35.009834,35.009834,,35.009834,UTC+0530,mP8yc45n7o,,com.sec.android.app.shealth,2025-12-29 01:19:00.000,0830b04f-1c84-49eb-b00a-85d8e15b8d7b,
,34.011955,1157.5597,34.07965,2025-12-29 17:25:00.000,36481590-ac6f-4c09-a5bc-cd792d28b548.binning_data.json,364,31301,,32.613403,2025-12-29 23:47:58.164,2025-12-29 23:47:58.164,,35.29394,35.915394,32.262726,,34.011955,UTC+0530,mP8yc45n7o,,com.sec.android.app.shealth,2025-12-29 23:47:00.000,36481590-ac6f-4c09-a5bc-cd792d28b548,
,33.88132,1149.1699,34.07118,2025-12-30 17:14:00.000,854acad7-bf75-44e0-9bf5-f83136bade20.binning_data.json,466,31301,,32.602764,2025-12-31 01:15:39.539,2025-12-31 01:15:39.539,,35.30495,35.806873,31.64244,,33.88132,UTC+0530,mP8yc45n7o,,com.sec.android.app.shealth,2025-12-31 01:15:00.000,854acad7-bf75-44e0-9bf5-f83136bade20,
,34.272038,1174.61,34.063778,2025-12-31 01:18:00.000,b8b48e76-666f-4b9b-9dd1-42b4ce036b18.binning_data.json,51,31301,,32.57609,2025-12-31 02:21:48.089,2025-12-31 02:21:48.089,,35.318893,34.53152,33.97981,,34.272038,UTC+0530,mP8yc45n7o,,com.sec.android.app.shealth,2025-12-31 02:21:00.000,b8b48e76-666f-4b9b-9dd1-42b4ce036b18,
,33.9573,1153.5978,34.074955,2025-12-31 21:23:00.000,d791b308-51fc-4967-8f91-6770fe8c6669.binning_data.json,311,31301,,32.627117,2026-01-01 02:52:17.938,2026-01-01 02:52:17.938,,35.293125,35.18536,32.021862,,33.9573,UTC+0530,mP8yc45n7o,,com.sec.android.app.shealth,2026-01-01 02:52:00.000,d791b308-51fc-4967-8f91-6770fe8c6669,
,33.688168,1136.1542,34.057106,2026-01-01 17:16:00.000,b1fb4958-d867-41c7-9c8e-fccca617ac3f.binning_data.json,474,31301,,32.603535,2026-01-02 01:23:38.602,2026-01-02 01:23:38.602,,35.275715,35.805534,31.537111,,33.688168,UTC+0530,mP8yc45n7o,,com.sec.android.app.shealth,2026-01-02 01:23:00.000,b1fb4958-d867-41c7-9c8e-fccca617ac3f,
,34.58257,1196.0446,34.042458,2026-01-02 09:55:00.000,fd35055f-87fb-4de1-9a6e-8f8ec88ae4f2.binning_data.json,61,31301,,32.573917,2026-01-02 11:41:04.704,2026-01-02 11:41:04.704,,35.290432,34.892174,33.861126,,34.58257,UTC+0530,mP8yc45n7o,,com.sec.android.app.shealth,2026-01-02 11:11:00.000,fd35055f-87fb-4de1-9a6e-8f8ec88ae4f2,
,34.32488,1178.4717,34.040066,2026-01-02 17:50:00.000,5a0e21b5-bbb7-40ce-a5f7-4fbb8e2e3d58.binning_data.json,296,31301,,32.613262,2026-01-02 23:04:06.684,2026-01-02 23:04:06.684,,35.27242,35.050816,32.313564,,34.32488,UTC+0530,mP8yc45n7o,,com.sec.android.app.shealth,2026-01-02 23:04:00.000,5a0e21b5-bbb7-40ce-a5f7-4fbb8e2e3d58,
,34.106068,1163.3481,34.04718,2026-01-03 10:33:00.000,6979ccf7-b729-4a6c-8a7c-a2b3497555d4.binning_data.json,40,31301,,32.605164,2026-01-03 11:33:48.203,2026-01-03 11:33:48.203,,35.26643,34.780235,33.658066,,34.106068,UTC+0530,mP8yc45n7o,,com.sec.android.app.shealth,2026-01-03 11:33:00.000,6979ccf7-b729-4a6c-8a7c-a2b3497555d4,
,33.60033,1130.1965,34.049763,2026-01-03 19:44:00.000,198c9aaf-794a-4922-b82d-2d754a68db56.binning_data.json,375,31301,,32.60651,2026-01-04 02:14:11.584,2026-01-04 02:14:11.584,,35.286957,35.400963,30.886858,,33.60033,UTC+0530,mP8yc45n7o,,com.sec.android.app.shealth,2026-01-04 02:14:00.000,198c9aaf-794a-4922-b82d-2d754a68db56,
,34.309937,1177.5039,34.027485,2026-01-04 17:39:00.000,5bee10fb-ad27-4ac2-9c62-4049e79b4c64.binning_data.json,331,31301,,32.585148,2026-01-04 23:29:21.570,2026-01-04 23:29:21.570,,35.290333,35.459816,32.559113,,34.309937,UTC+0530,mP8yc45n7o,,com.sec.android.app.shealth,2026-01-04 23:25:00.000,5bee10fb-ad27-4ac2-9c62-4049e79b4c64,
,33.673744,1134.6647,34.04679,2026-01-05 17:19:00.000,f05ad629-1f6f-4387-8ba9-d67b20a725bb.binning_data.json,393,31301,,32.5538,2026-01-06 00:09:44.343,2026-01-06 00:09:44.343,,35.32142,35.395176,31.892864,,33.673744,UTC+0530,mP8yc45n7o,,com.sec.android.app.shealth,2026-01-06 00:09:00.000,f05ad629-1f6f-4387-8ba9-d67b20a725bb,
,34.172764,1167.8862,34.03433,2026-01-06 09:35:00.000,26179fbb-507b-447e-8c5e-1fa325560f21.binning_data.json,53,31301,,32.53436,2026-01-06 10:50:36.165,2026-01-06 10:50:36.165,,35.323586,34.74605,33.684624,,34.172764,UTC+0530,mP8yc45n7o,,com.sec.android.app.shealth,2026-01-06 10:49:00.000,26179fbb-507b-447e-8c5e-1fa325560f21,
,34.43749,1186.292,34.02075,2026-01-06 18:06:00.000,6477f0ba-b852-42ea-866e-cfd92d6da393.binning_data.json,435,31301,,32.579136,2026-01-07 01:41:43.922,2026-01-07 01:41:43.922,,35.29239,35.67937,32.769848,,34.43749,UTC+0530,mP8yc45n7o,,com.sec.android.app.shealth,2026-01-07 01:41:00.000,6477f0ba-b852-42ea-866e-cfd92d6da393,
,34.13091,1165.2065,34.028343,2026-01-07 17:41:00.000,feed2895-7421-44f9-88ec-c04a5caf70c9.binning_data.json,322,31301,,32.597317,2026-01-07 23:20:37.966,2026-01-07 23:20:37.966,,35.292366,35.402973,32.511616,,34.13091,UTC+0530,mP8yc45n7o,,com.sec.android.app.shealth,2026-01-07 23:20:00.000,feed2895-7421-44f9-88ec-c04a5caf70c9,
,34.74512,1207.415,34.031166,2026-01-07 23:37:00.000,1f1c7956-8ffe-46cb-9d2a-5f9d161da097.binning_data.json,125,31301,,32.594868,2026-01-08 01:55:31.462,2026-01-08 01:55:31.462,,35.29553,35.533485,34.073933,,34.74512,UTC+0530,mP8yc45n7o,,com.sec.android.app.shealth,2026-01-08 01:55:00.000,1f1c7956-8ffe-46cb-9d2a-5f9d161da097,
,34.71011,1205.4374,34.06817,2026-01-08 17:59:00.000,a160081a-031b-48f6-b841-063df288f733.binning_data.json,340,31301,,32.58997,2026-01-09 00:10:00.896,2026-01-09 00:10:00.896,,35.351696,36.330784,31.847807,,34.71011,UTC+0530,mP8yc45n7o,,com.sec.android.app.shealth,2026-01-08 23:54:00.000,a160081a-031b-48f6-b841-063df288f733,
,34.473476,1188.4991,34.086773,2026-01-09 00:40:00.000,3aa131b5-b240-4722-b1f2-2a3958418757.binning_data.json,84,31301,,32.56748,2026-01-09 02:19:05.713,2026-01-09 02:19:05.713,,35.36549,34.939365,33.87511,,34.473476,UTC+0530,mP8yc45n7o,,com.sec.android.app.shealth,2026-01-09 02:19:00.000,3aa131b5-b240-4722-b1f2-2a3958418757,
,33.75649,1140.0835,34.073265,2026-01-09 18:47:00.000,be652393-ff17-4a9f-884f-a1a4efd94c17.binning_data.json,341,31301,,32.61634,2026-01-10 00:41:47.791,2026-01-10 00:41:47.791,,35.344734,35.141304,31.865278,,33.75649,UTC+0530,mP8yc45n7o,,com.sec.android.app.shealth,2026-01-10 00:41:00.000,be652393-ff17-4a9f-884f-a1a4efd94c17,
,34.359756,1180.6028,34.064045,2026-01-10 00:44:00.000,d0d38d29-c55a-4a3c-a9ad-0f20c621d9cb.binning_data.json,13,31301,,32.594254,2026-01-10 01:08:56.150,2026-01-10 01:08:56.150,,35.338753,34.550808,34.25649,,34.359756,UTC+0530,mP8yc45n7o,,com.sec.android.app.shealth,2026-01-10 01:08:00.000,d0d38d29-c55a-4a3c-a9ad-0f20c621d9cb,
,34.550922,1194.1299,34.06847,2026-01-10 18:00:00.000,7554ee6a-8e3f-4b0d-ac97-56eeea1b3ec7.binning_data.json,315,31301,,32.60902,2026-01-10 23:31:25.378,2026-01-10 23:31:25.378,,35.3241,35.567566,33.17297,,34.550922,UTC+0530,mP8yc45n7o,,com.sec.android.app.shealth,2026-01-10 23:31:00.000,7554ee6a-8e3f-4b0d-ac97-56eeea1b3ec7,
,34.971733,1223.4232,34.08167,2026-01-11 00:27:00.000,7dd80ea1-31d1-4b07-87b6-36f497fb9728.binning_data.json,67,31301,,32.625607,2026-01-11 01:48:54.194,2026-01-11 01:48:54.194,,35.331264,35.75354,34.008465,,34.971733,UTC+0530,mP8yc45n7o,,com.sec.android.app.shealth,2026-01-11 01:48:00.000,7dd80ea1-31d1-4b07-87b6-36f497fb9728,
,33.61101,1129.9733,34.08682,2026-01-11 10:08:00.000,1eb25c4f-e838-4ceb-b3c0-db5f38429270.binning_data.json,133,31301,,32.665115,2026-01-11 12:38:32.552,2026-01-11 12:38:32.552,,35.343327,34.5597,32.71785,,33.61101,UTC+0530,mP8yc45n7o,,com.sec.android.app.shealth,2026-01-11 12:38:00.000,1eb25c4f-e838-4ceb-b3c0-db5f38429270,
,34.331547,1179.3091,34.115658,2026-01-11 19:11:00.000,b63127b1-4d11-4452-bac6-f12c4b44a406.binning_data.json,105,31301,,32.706177,2026-01-11 21:18:55.793,2026-01-11 21:18:55.793,,35.34185,35.729286,32.992077,,34.331547,UTC+0530,mP8yc45n7o,,com.sec.android.app.shealth,2026-01-11 21:18:00.000,b63127b1-4d11-4452-bac6-f12c4b44a406,
,34.116367,1164.5416,34.117645,2026-01-11 21:22:00.000,756fcc16-e75f-4ae3-90f4-7ee55e08184a.binning_data.json,202,31301,,32.71412,2026-01-12 00:57:05.937,2026-01-12 00:57:05.937,,35.35261,35.61205,32.71714,,34.116367,UTC+0530,mP8yc45n7o,,com.sec.android.app.shealth,2026-01-12 00:57:00.000,756fcc16-e75f-4ae3-90f4-7ee55e08184a,
,33.91504,1150.2732,34.117622,2026-01-12 01:00:00.000,bba50e56-3f82-4dd7-8d67-a8c1da8147a2.binning_data.json,6,31301,,32.714203,2026-01-12 01:25:04.698,2026-01-12 01:25:04.698,,35.359623,34.212627,33.659813,,33.91504,UTC+0530,mP8yc45n7o,,com.sec.android.app.shealth,2026-01-12 01:18:00.000,bba50e56-3f82-4dd7-8d67-a8c1da8147a2,
,34.05805,1160.8741,34.115356,2026-01-12 17:30:00.000,c2cf2f77-115a-41b7-9907-fcf5ef072603.binning_data.json,415,31301,,32.738693,2026-01-13 00:40:13.210,2026-01-13 00:40:13.210,,35.330173,35.131958,31.551981,,34.05805,UTC+0530,mP8yc45n7o,,com.sec.android.app.shealth,2026-01-13 00:40:00.000,c2cf2f77-115a-41b7-9907-fcf5ef072603,
,33.59452,1129.368,34.135212,2026-01-13 17:41:00.000,672f1a75-8eff-4c68-87e8-e5cc3a77a105.binning_data.json,357,31301,,32.736908,2026-01-13 23:54:01.745,2026-01-13 23:54:01.745,,35.331722,35.159,31.734325,,33.59452,UTC+0530,mP8yc45n7o,,com.sec.android.app.shealth,2026-01-13 23:54:00.000,672f1a75-8eff-4c68-87e8-e5cc3a77a105,
,33.279232,1108.2007,34.11269,2026-01-14 17:32:00.000,0716861b-7731-4dcb-b89f-578d3d42b68a.binning_data.json,379,31301,,32.685894,2026-01-15 00:10:06.648,2026-01-15 00:10:06.648,,35.32124,34.66045,31.150557,,33.279232,UTC+0530,mP8yc45n7o,,com.sec.android.app.shealth,2026-01-15 00:10:00.000,0716861b-7731-4dcb-b89f-578d3d42b68a,
,34.25569,1173.7429,34.110138,2026-01-15 17:37:00.000,d1cae87b-70ff-491f-b6a9-c5f0beea35f1.binning_data.json,395,31301,,32.603775,2026-01-16 00:32:33.269,2026-01-16 00:32:33.269,,35.336205,35.07403,32.446854,,34.25569,UTC+0530,mP8yc45n7o,,com.sec.android.app.shealth,2026-01-16 00:32:00.000,d1cae87b-70ff-491f-b6a9-c5f0beea35f1,
,33.720303,1137.5667,34.09487,2026-01-16 17:42:00.000,65ea512c-65d6-4dfc-913c-2eaab1d691b1.binning_data.json,404,31301,,32.608894,2026-01-17 00:43:32.647,2026-01-17 00:43:32.647,,35.310513,35.11917,31.895954,,33.720303,UTC+0530,mP8yc45n7o,,com.sec.android.app.shealth,2026-01-17 00:43:00.000,65ea512c-65d6-4dfc-913c-2eaab1d691b1,
,33.910545,1150.5945,34.10206,2026-01-17 17:22:00.000,adf8ab8f-250a-47c4-abbf-41d5d48a82e5.binning_data.json,281,31301,,32.62011,2026-01-17 22:46:24.377,2026-01-17 22:46:24.377,,35.308834,35.31777,31.742334,,33.910545,UTC+0530,mP8yc45n7o,,com.sec.android.app.shealth,2026-01-17 22:21:00.000,adf8ab8f-250a-47c4-abbf-41d5d48a82e5,
,34.763836,1209.3452,34.097244,2026-01-17 22:40:00.000,921fde5c-5ec8-434d-b7e1-5436852e3721.binning_data.json,172,31301,,32.59351,2026-01-18 01:47:12.627,2026-01-18 01:47:12.627,,35.3091,35.949905,32.350475,,34.763836,UTC+0530,mP8yc45n7o,,com.sec.android.app.shealth,2026-01-18 01:47:00.000,921fde5c-5ec8-434d-b7e1-5436852e3721,
,34.163704,1167.5804,34.095444,2026-01-18 17:41:00.000,7f66684f-6cdc-4032-a975-24c1de1080c9.binning_data.json,385,31301,,32.59172,2026-01-19 00:42:39.416,2026-01-19 00:42:39.416,,35.3091,35.51027,32.382565,,34.163704,UTC+0530,mP8yc45n7o,,com.sec.android.app.shealth,2026-01-19 00:23:00.000,7f66684f-6cdc-4032-a975-24c1de1080c9,
,33.9856,1155.3203,34.09404,2026-01-19 17:36:00.000,cac62ac1-6dcd-4056-a2ad-8a4d4dbf4a29.binning_data.json,383,31301,,32.604366,2026-01-20 00:18:45.273,2026-01-20 00:18:45.273,,35.31469,34.79889,32.479984,,33.9856,UTC+0530,mP8yc45n7o,,com.sec.android.app.shealth,2026-01-20 00:18:00.000,cac62ac1-6dcd-4056-a2ad-8a4d4dbf4a29,
,34.115135,1164.6674,34.088314,2026-01-20 17:32:00.000,ce9db237-736a-4eed-bf5a-f181057f0d1f.binning_data.json,375,31301,,32.54464,2026-01-21 00:02:26.269,2026-01-21 00:02:26.269,,35.313423,35.349377,31.195047,,34.115135,UTC+0530,mP8yc45n7o,,com.sec.android.app.shealth,2026-01-21 00:02:00.000,ce9db237-736a-4eed-bf5a-f181057f0d1f,
,33.734615,1138.4215,34.1023,2026-01-21 18:08:00.000,a91b1fe9-fc10-47c2-bdaa-2482e3c04827.binning_data.json,400,31301,,32.54464,2026-01-22 01:03:16.666,2026-01-22 01:03:16.666,,35.31344,35.063694,32.147263,,33.734615,UTC+0530,mP8yc45n7o,,com.sec.android.app.shealth,2026-01-22 01:03:00.000,a91b1fe9-fc10-47c2-bdaa-2482e3c04827,
,33.593685,1129.739,,2026-01-22 17:19:00.000,6f431e0f-2f12-4f88-8edd-64015feeb0e1.binning_data.json,448,31301,,,2026-01-23 01:07:58.365,2026-01-23 01:07:58.365,,,35.39036,30.576637,,33.593685,UTC+0530,C5JmDaYRZ4,,com.sec.android.app.shealth,2026-01-23 01:07:00.000,6f431e0f-2f12-4f88-8edd-64015feeb0e1,
,33.627342,1131.4539,,2026-01-23 17:15:00.000,1ee7f434-3eb2-48a6-a0da-4c3b8d611de4.binning_data.json,284,31301,,,2026-01-23 22:40:04.314,2026-01-23 22:40:04.314,,,34.770275,31.630205,,33.627342,UTC+0530,zqeK1JMuMn,,com.sec.android.app.shealth,2026-01-23 22:17:00.000,1ee7f434-3eb2-48a6-a0da-4c3b8d611de4,
,34.192764,1169.6077,33.627342,2026-01-23 22:46:00.000,c95cf050-c905-4355-8c65-c3acd11a8d9a.binning_data.json,107,31301,,,2026-01-24 00:47:49.436,2026-01-24 00:47:49.436,,,35.285507,32.38111,,34.192764,UTC+0530,zqeK1JMuMn,,com.sec.android.app.shealth,2026-01-24 00:47:00.000,c95cf050-c905-4355-8c65-c3acd11a8d9a,
,34.12163,1165.2996,33.782074,2026-01-24 17:42:00.000,da0c3fed-ba55-4504-8aa9-f171e2c12fd7.binning_data.json,506,31301,,,2026-01-25 02:24:15.976,2026-01-25 02:24:15.976,,,35.82001,30.994349,,34.12163,UTC+0530,zqeK1JMuMn,,com.sec.android.app.shealth,2026-01-25 02:24:00.000,da0c3fed-ba55-4504-8aa9-f171e2c12fd7,
,34.052177,1160.1642,33.973618,2026-01-25 18:42:00.000,b2a0cb4f-b3c5-4b12-a3a1-1bd2c40561f7.binning_data.json,362,31301,,31.630205,2026-01-26 01:02:55.444,2026-01-26 01:02:55.444,,35.285507,35.157074,32.138634,,34.052177,UTC+0530,zqeK1JMuMn,,com.sec.android.app.shealth,2026-01-26 01:02:00.000,b2a0cb4f-b3c5-4b12-a3a1-1bd2c40561f7,
,34.01988,1158.1562,33.99621,2026-01-26 17:31:00.000,049262be-ba3b-487a-936f-66948e9bf956.binning_data.json,351,31301,,31.884418,2026-01-26 23:41:04.079,2026-01-26 23:41:04.079,,35.22129,35.14897,31.733887,,34.01988,UTC+0530,zqeK1JMuMn,,com.sec.android.app.shealth,2026-01-26 23:41:00.000,049262be-ba3b-487a-936f-66948e9bf956,
,34.331192,1178.854,34.00137,2026-01-27 17:05:00.000,53766774-ec9c-4e9f-8df6-8806cb17ee0a.binning_data.json,334,31301,,31.834242,2026-01-27 23:06:41.909,2026-01-27 23:06:41.909,,35.197186,35.20485,33.25578,,34.331192,UTC+0530,zqeK1JMuMn,,com.sec.android.app.shealth,2026-01-27 22:58:00.000,53766774-ec9c-4e9f-8df6-8806cb17ee0a,
,34.341114,1179.4634,34.058037,2026-01-27 23:25:00.000,9f1f8ffb-600b-4285-ba9c-4bf4975a3cde.binning_data.json,82,31301,,31.970959,2026-01-28 01:04:06.963,2026-01-28 01:04:06.963,,35.1991,34.850204,33.547184,,34.341114,UTC+0530,zqeK1JMuMn,,com.sec.android.app.shealth,2026-01-28 01:04:00.000,9f1f8ffb-600b-4285-ba9c-4bf4975a3cde,
,34.512833,1191.1366,34.069492,2026-01-28 01:25:00.000,e5bd2da2-528e-4c8c-b1df-f85db6932b61.binning_data.json,27,31301,,32.227924,2026-01-28 02:16:34.351,2026-01-28 02:16:34.351,,35.129322,34.55553,34.467678,,34.512833,UTC+0530,zqeK1JMuMn,,com.sec.android.app.shealth,2026-01-28 02:16:00.000,e5bd2da2-528e-4c8c-b1df-f85db6932b61,
,33.531326,1124.7606,34.07532,2026-01-28 17:37:00.000,c90f5ecf-9fd2-4b6d-b193-1ce4ef96332c.binning_data.json,352,31301,,32.4478,2026-01-28 23:44:57.906,2026-01-28 23:44:57.906,,35.06948,34.455837,31.908474,,33.531326,UTC+0530,zqeK1JMuMn,,com.sec.android.app.shealth,2026-01-28 23:44:00.000,c90f5ecf-9fd2-4b6d-b193-1ce4ef96332c,
,33.21323,1103.6526,33.9957,2026-01-29 17:37:00.000,ba9f2664-bd8f-49af-b9c7-3fb18f97f387.binning_data.json,371,31301,,32.370754,2026-01-30 00:03:02.648,2026-01-30 00:03:02.648,,34.99606,35.03628,31.750835,,33.21323,UTC+0530,zqeK1JMuMn,,com.sec.android.app.shealth,2026-01-30 00:03:00.000,ba9f2664-bd8f-49af-b9c7-3fb18f97f387,
,33.893093,1149.2218,33.89113,2026-01-30 18:17:00.000,142813ce-dfb7-455f-bcba-59a3e2b9e68a.binning_data.json,411,31301,,32.293266,2026-01-31 01:22:38.132,2026-01-31 01:22:38.132,,35.001087,35.415504,31.592922,,33.893093,UTC+0530,zqeK1JMuMn,,com.sec.android.app.shealth,2026-01-31 01:22:00.000,142813ce-dfb7-455f-bcba-59a3e2b9e68a,
,33.728657,1138.4386,33.89138,2026-01-31 18:10:00.000,47334874-f69f-4919-aa7e-57f2b9c8e002.binning_data.json,454,31301,,32.114132,2026-02-01 02:01:17.150,2026-02-01 02:01:17.150,,35.06474,35.320812,31.915636,,33.728657,UTC+0530,zqeK1JMuMn,,com.sec.android.app.shealth,2026-02-01 02:01:00.000,47334874-f69f-4919-aa7e-57f2b9c8e002,
,33.739445,1139.4125,33.87109,2026-02-01 17:29:00.000,8acf709d-4f80-4ee6-89ee-f5d618a742bb.binning_data.json,433,31301,,32.089317,2026-02-02 01:01:33.902,2026-02-02 01:01:33.902,,35.09675,35.90318,30.729551,,33.739445,UTC+0530,zqeK1JMuMn,,com.sec.android.app.shealth,2026-02-02 01:01:00.000,8acf709d-4f80-4ee6-89ee-f5d618a742bb,
,33.691982,1135.8967,33.8571,2026-02-02 17:17:00.000,758bef48-f768-47e4-9880-3e64558b0030.binning_data.json,438,31301,,32.034164,2026-02-03 00:50:24.068,2026-02-03 00:50:24.068,,35.132164,35.698944,31.618456,,33.691982,UTC+0530,zqeK1JMuMn,,com.sec.android.app.shealth,2026-02-03 00:50:00.000,758bef48-f768-47e4-9880-3e64558b0030,
,34.112774,1164.2745,33.841072,2026-02-03 17:13:00.000,2b959355-1e88-4e94-80be-7e772ad5df17.binning_data.json,376,31301,,31.992594,2026-02-03 23:45:39.559,2026-02-03 23:45:39.559,,35.188843,35.389217,31.908308,,34.112774,UTC+0530,zqeK1JMuMn,,com.sec.android.app.shealth,2026-02-03 23:45:00.000,2b959355-1e88-4e94-80be-7e772ad5df17,
,34.505478,1190.7676,33.861973,2026-02-04 00:55:00.000,d849b872-56ab-4d70-a83f-5fe6f62b27f7.binning_data.json,30,31301,,31.98493,2026-02-04 01:40:38.140,2026-02-04 01:40:38.140,,35.207058,35.0715,34.008,,34.505478,UTC+0530,zqeK1JMuMn,,com.sec.android.app.shealth,2026-02-04 01:40:00.000,d849b872-56ab-4d70-a83f-5fe6f62b27f7,
,33.911438,1150.6201,33.8659,2026-02-04 19:07:00.000,7074d343-7579-4159-8bf0-25501e7078ed.binning_data.json,378,31301,,32.115116,2026-02-05 01:43:39.356,2026-02-05 01:43:39.356,,35.19576,35.316998,32.355915,,33.911438,UTC+0530,zqeK1JMuMn,,com.sec.android.app.shealth,2026-02-05 01:43:00.000,7074d343-7579-4159-8bf0-25501e7078ed,
,32.876537,1081.3234,33.86915,2026-02-05 17:28:00.000,e6fa160d-47a3-4ff7-bc00-5a4cc5b0b953.binning_data.json,339,31301,,32.13364,2026-02-05 23:39:56.368,2026-02-05 23:39:56.368,,35.205086,34.228664,31.342834,,32.876537,UTC+0530,zqeK1JMuMn,,com.sec.android.app.shealth,2026-02-05 23:22:00.000,e6fa160d-47a3-4ff7-bc00-5a4cc5b0b953,
,34.61771,1199.8276,33.809433,2026-02-06 00:39:00.000,88188daf-0f64-4da0-9169-898b554cb5b2.binning_data.json,92,31301,,32.077156,2026-02-06 02:26:43.637,2026-02-06 02:26:43.637,,35.158688,35.957752,32.530617,,34.61771,UTC+0530,zqeK1JMuMn,,com.sec.android.app.shealth,2026-02-06 02:26:00.000,88188daf-0f64-4da0-9169-898b554cb5b2,
,34.18396,1169.8303,33.82242,2026-02-06 17:37:00.000,443b663f-3b58-4679-bec5-4da21e460d5a.binning_data.json,333,31301,,32.107388,2026-02-06 23:27:19.934,2026-02-06 23:27:19.934,,35.202778,36.1856,31.773422,,34.18396,UTC+0530,zqeK1JMuMn,,com.sec.android.app.shealth,2026-02-06 23:26:00.000,443b663f-3b58-4679-bec5-4da21e460d5a,
,33.850357,1146.3999,33.842285,2026-02-07 19:22:00.000,c865d169-ceba-4b77-b868-fbd67d77d7c6.binning_data.json,414,31301,,32.086514,2026-02-08 02:31:21.567,2026-02-08 02:31:21.567,,35.246555,35.598778,31.933958,,33.850357,UTC+0530,zqeK1JMuMn,,com.sec.android.app.shealth,2026-02-08 02:31:00.000,c865d169-ceba-4b77-b868-fbd67d77d7c6,
,33.67625,1134.7015,33.8428,2026-02-08 18:03:00.000,84b868de-9e3c-4fbd-93d8-9c1843d5c7e3.binning_data.json,431,31301,,32.028545,2026-02-09 01:32:13.068,2026-02-09 01:32:13.068,,35.272327,35.498066,31.849642,,33.67625,UTC+0530,zqeK1JMuMn,,com.sec.android.app.shealth,2026-02-09 01:32:00.000,84b868de-9e3c-4fbd-93d8-9c1843d5c7e3,
,34.468525,1188.8079,33.832405,2026-02-09 18:20:00.000,32934d87-eaa7-4f2f-a807-06101b085df6.binning_data.json,417,31301,,32.017365,2026-02-10 01:31:19.235,2026-02-10 01:31:19.235,,35.286434,35.704124,32.106285,,34.468525,UTC+0530,zqeK1JMuMn,,com.sec.android.app.shealth,2026-02-10 01:31:00.000,32934d87-eaa7-4f2f-a807-06101b085df6,
,33.362152,1114.3572,33.868633,2026-02-10 17:05:00.000,a19203e2-69ed-427c-9abf-708cf64daa85.binning_data.json,511,31301,,32.022594,2026-02-11 01:50:32.488,2026-02-11 01:50:32.488,,35.311005,35.694782,31.028896,,33.362152,UTC+0530,zqeK1JMuMn,,com.sec.android.app.shealth,2026-02-11 01:50:00.000,a19203e2-69ed-427c-9abf-708cf64daa85,
,33.67014,1134.2429,33.83559,2026-02-11 17:35:00.000,62d74499-915f-4a35-bce7-669253f3eefe.binning_data.json,350,31301,,31.984833,2026-02-11 23:44:11.507,2026-02-11 23:44:11.507,,35.332325,35.279472,32.183758,,33.67014,UTC+0530,zqeK1JMuMn,,com.sec.android.app.shealth,2026-02-11 23:41:00.000,62d74499-915f-4a35-bce7-669253f3eefe,
,34.807156,1211.7292,33.828514,2026-02-12 00:02:00.000,efc0a502-e295-4682-9049-9ef59c508658.binning_data.json,120,31301,,31.995304,2026-02-12 02:19:40.283,2026-02-12 02:19:40.283,,35.32954,35.29735,33.44056,,34.807156,UTC+0530,zqeK1JMuMn,,com.sec.android.app.shealth,2026-02-12 02:19:00.000,efc0a502-e295-4682-9049-9ef59c508658,
,33.773754,1141.3794,33.84266,2026-02-12 17:03:00.000,32b11df4-6fc9-43bb-adfa-fab2efa15726.binning_data.json,225,31301,,32.067566,2026-02-12 21:25:50.883,2026-02-12 21:25:50.883,,35.327934,34.93543,31.941578,,33.773754,UTC+0530,zqeK1JMuMn,,com.sec.android.app.shealth,2026-02-12 21:02:00.000,32b11df4-6fc9-43bb-adfa-fab2efa15726,
,34.689487,1203.7501,33.84084,2026-02-12 22:39:00.000,0a30561c-8e6d-47c6-b3ca-711433c493e5.binning_data.json,123,31301,,32.061565,2026-02-13 01:04:56.714,2026-02-13 01:04:56.714,,35.309242,35.727837,33.33769,,34.689487,UTC+0530,zqeK1JMuMn,,com.sec.android.app.shealth,2026-02-13 01:04:00.000,0a30561c-8e6d-47c6-b3ca-711433c493e5,
,33.814484,1143.6737,33.852905,2026-02-13 01:08:00.000,6ffc856e-a184-44b7-9bdf-1a9997814929.binning_data.json,54,31301,,32.11957,2026-02-13 02:14:03.998,2026-02-13 02:14:03.998,,35.32827,34.48237,32.80825,,33.814484,UTC+0530,zqeK1JMuMn,,com.sec.android.app.shealth,2026-02-13 02:14:00.000,6ffc856e-a184-44b7-9bdf-1a9997814929,
,34.53405,1193.0731,33.85267,2026-02-13 17:45:00.000,3d19a357-15eb-4986-919d-7db3550be85c.binning_data.json,300,31301,,32.149513,2026-02-13 23:23:57.444,2026-02-13 23:23:57.444,,35.294674,36.280502,33.191715,,34.53405,UTC+0530,zqeK1JMuMn,,com.sec.android.app.shealth,2026-02-13 22:59:00.000,3d19a357-15eb-4986-919d-7db3550be85c,
,34.862026,1216.5737,33.87537,2026-02-13 23:21:00.000,76d86fd6-de49-4f11-ad8d-b664765be4a8.binning_data.json,139,31301,,32.192936,2026-02-14 01:56:47.156,2026-02-14 01:56:47.156,,35.320026,36.312923,32.526466,,34.862026,UTC+0530,zqeK1JMuMn,,com.sec.android.app.shealth,2026-02-14 01:56:00.000,76d86fd6-de49-4f11-ad8d-b664765be4a8,
,34.00854,1157.3429,33.890366,2026-02-14 18:41:00.000,a30189ad-4871-4cb7-ad38-f709d2307143.binning_data.json,314,31301,,32.19016,2026-02-15 00:23:49.423,2026-02-15 00:23:49.423,,35.353268,35.76408,31.638083,,34.00854,UTC+0530,zqeK1JMuMn,,com.sec.android.app.shealth,2026-02-15 00:10:00.000,a30189ad-4871-4cb7-ad38-f709d2307143,
,34.280056,1175.4725,33.89429,2026-02-15 00:49:00.000,23a2eb46-a152-4a1f-aafb-64754a1d09e3.binning_data.json,124,31301,,32.167156,2026-02-15 03:06:48.728,2026-02-15 03:06:48.728,,35.370384,35.42285,33.12006,,34.280056,UTC+0530,zqeK1JMuMn,,com.sec.android.app.shealth,2026-02-15 03:06:00.000,23a2eb46-a152-4a1f-aafb-64754a1d09e3,
,34.157303,1167.4359,33.89928,2026-02-15 17:42:00.000,baf4f0ab-545c-4a5b-9c39-b6b7fd09e946.binning_data.json,369,31301,,32.205273,2026-02-16 00:26:57.808,2026-02-16 00:26:57.808,,35.372482,36.102768,32.074467,,34.157303,UTC+0530,zqeK1JMuMn,,com.sec.android.app.shealth,2026-02-16 00:11:00.000,baf4f0ab-545c-4a5b-9c39-b6b7fd09e946,
,34.251842,1174.2029,33.90885,2026-02-16 16:51:00.000,dd10de97-3dda-4d11-91e9-8ddee660e712.binning_data.json,519,31301,,32.20024,2026-02-17 01:45:34.482,2026-02-17 01:45:34.482,,35.394993,35.991207,31.7367,,34.251842,UTC+0530,zqeK1JMuMn,,com.sec.android.app.shealth,2026-02-17 01:45:00.000,dd10de97-3dda-4d11-91e9-8ddee660e712,
,33.83813,1145.7797,33.925854,2026-02-17 17:40:00.000,c24a9c66-30a0-4128-9314-d20099eec37b.binning_data.json,311,31301,,32.18307,2026-02-17 23:19:03.237,2026-02-17 23:19:03.237,,35.417076,35.655807,31.727488,,33.83813,UTC+0530,zqeK1JMuMn,,com.sec.android.app.shealth,2026-02-17 23:03:00.000,c24a9c66-30a0-4128-9314-d20099eec37b,
,34.013355,1157.0779,33.92332,2026-02-17 23:26:00.000,3da7fd0b-48ed-455e-81cf-86a4fcaa410d.binning_data.json,105,31301,,32.166798,2026-02-18 01:29:15.463,2026-02-18 01:29:15.463,,35.425602,34.698563,33.09392,,34.013355,UTC+0530,zqeK1JMuMn,,com.sec.android.app.shealth,2026-02-18 01:29:00.000,3da7fd0b-48ed-455e-81cf-86a4fcaa410d,
,34.003242,1156.5924,33.92419,2026-02-18 18:58:00.000,795cd7a5-9540-49e9-b89f-e94aeb947d47.binning_data.json,432,31301,,32.19877,2026-02-19 02:27:22.365,2026-02-19 02:27:22.365,,35.400528,35.19236,32.51758,,34.003242,UTC+0530,zqeK1JMuMn,,com.sec.android.app.shealth,2026-02-19 02:27:00.000,795cd7a5-9540-49e9-b89f-e94aeb947d47,
,34.090813,1163.1594,33.927208,2026-02-19 18:00:00.000,e4f3fd68-6e8b-410d-8106-c418663b2bbb.binning_data.json,381,31301,,32.209396,2026-02-20 00:44:09.972,2026-02-20 00:44:09.972,,35.393593,36.01876,31.96611,,34.090813,UTC+0530,zqeK1JMuMn,,com.sec.android.app.shealth,2026-02-20 00:44:00.000,e4f3fd68-6e8b-410d-8106-c418663b2bbb,
,34.31007,1177.8883,33.937737,2026-02-20 17:53:00.000,61b9a14a-9bb5-4932-8a38-349ba87cc731.binning_data.json,434,31301,,32.215057,2026-02-21 01:25:22.378,2026-02-21 01:25:22.378,,35.440372,35.562878,31.86458,,34.31007,UTC+0530,zqeK1JMuMn,,com.sec.android.app.shealth,2026-02-21 01:25:00.000,61b9a14a-9bb5-4932-8a38-349ba87cc731,
,33.604195,1129.5144,33.9515,2026-02-21 11:28:00.000,08b63380-743b-4a75-80b5-aa482b6d626f.binning_data.json,59,31301,,32.203377,2026-02-21 12:40:56.734,2026-02-21 12:40:56.734,,35.444454,35.084873,33.286045,,33.604195,UTC+0530,zqeK1JMuMn,,com.sec.android.app.shealth,2026-02-21 12:40:00.000,08b63380-743b-4a75-80b5-aa482b6d626f,
,33.974957,1154.5521,33.942062,2026-02-21 17:52:00.000,3b5adbb2-f009-42bb-82da-314061d4196e.binning_data.json,359,31301,,32.25981,2026-02-22 00:16:22.792,2026-02-22 00:16:22.792,,35.41995,35.431545,32.455753,,33.974957,UTC+0530,zqeK1JMuMn,,com.sec.android.app.shealth,2026-02-22 00:16:00.000,3b5adbb2-f009-42bb-82da-314061d4196e,
,34.82366,1212.8562,33.943077,2026-02-22 10:35:00.000,8b11480b-2c12-48a3-839c-d64c6463bcba.binning_data.json,106,31301,,32.266132,2026-02-22 12:38:40.849,2026-02-22 12:38:40.849,,35.420322,35.266064,33.76427,,34.82366,UTC+0530,zqeK1JMuMn,,com.sec.android.app.shealth,2026-02-22 12:38:00.000,8b11480b-2c12-48a3-839c-d64c6463bcba,
,34.030117,1158.8629,33.947803,2026-02-22 19:03:00.000,6d338b5f-3f19-4d88-97b5-455399f502e6.binning_data.json,334,31301,,32.308132,2026-02-23 00:51:46.982,2026-02-23 00:51:46.982,,35.42384,35.705517,32.057068,,34.030117,UTC+0530,zqeK1JMuMn,,com.sec.android.app.shealth,2026-02-23 00:51:00.000,6d338b5f-3f19-4d88-97b5-455399f502e6,
,34.01664,1157.5746,33.947994,2026-02-23 18:20:00.000,43e700a6-bda5-4b50-ab63-3cfbbe497fb0.binning_data.json,363,31301,,32.318558,2026-02-24 00:42:45.305,2026-02-24 00:42:45.305,,35.441788,34.944107,32.22208,,34.01664,UTC+0530,zqeK1JMuMn,,com.sec.android.app.shealth,2026-02-24 00:42:00.000,43e700a6-bda5-4b50-ab63-3cfbbe497fb0,
,34.063137,1161.3198,33.934673,2026-02-24 17:22:00.000,03f4a224-e3a8-4d82-ab5b-15a66836ecda.binning_data.json,457,31301,,32.20908,2026-02-25 01:16:22.693,2026-02-25 01:16:22.693,,35.47883,35.599937,31.008488,,34.063137,UTC+0530,zqeK1JMuMn,,com.sec.android.app.shealth,2026-02-25 01:16:00.000,03f4a224-e3a8-4d82-ab5b-15a66836ecda,
,34.470966,1188.2485,33.939667,2026-02-25 01:20:00.000,835a8617-c501-49a1-8432-86ce20c6f275.binning_data.json,3,31301,,32.18854,2026-02-25 01:34:00.367,2026-02-25 01:34:00.367,,35.482864,34.501167,34.42825,,34.470966,UTC+0530,zqeK1JMuMn,,com.sec.android.app.shealth,2026-02-25 01:33:00.000,835a8617-c501-49a1-8432-86ce20c6f275,
,34.23239,1172.2866,33.952404,2026-02-25 18:26:00.000,6e8bc9f8-bd40-43dc-9ecc-9809cc096ce6.binning_data.json,400,31301,,32.236183,2026-02-26 01:21:28.186,2026-02-26 01:21:28.186,,35.482864,35.582245,32.776817,,34.23239,UTC+0530,zqeK1JMuMn,,com.sec.android.app.shealth,2026-02-26 01:21:00.000,6e8bc9f8-bd40-43dc-9ecc-9809cc096ce6,
,34.460487,1187.8838,33.98617,2026-02-26 17:19:00.000,d19e8035-082b-4057-9dba-253291d96ed7.binning_data.json,413,31301,,32.270382,2026-02-27 00:31:18.910,2026-02-27 00:31:18.910,,35.50106,35.59684,32.67691,,34.460487,UTC+0530,zqeK1JMuMn,,com.sec.android.app.shealth,2026-02-27 00:31:00.000,d19e8035-082b-4057-9dba-253291d96ed7,
,34.125526,1165.857,34.0027,2026-02-27 00:58:00.000,370cfa08-a6c0-481b-a7a8-4d492f84267f.binning_data.json,36,31301,,32.283493,2026-02-27 01:52:50.724,2026-02-27 01:52:50.724,,35.504154,35.818798,32.75811,,34.125526,UTC+0530,zqeK1JMuMn,,com.sec.android.app.shealth,2026-02-27 01:52:00.000,370cfa08-a6c0-481b-a7a8-4d492f84267f,
,33.288975,1108.6195,34.00701,2026-02-27 17:45:00.000,4c1632cb-78a7-4b89-bc9a-b3e67f9b876d.binning_data.json,362,31301,,32.321083,2026-02-28 00:02:25.714,2026-02-28 00:02:25.714,,35.51717,34.431595,31.89858,,33.288975,UTC+0530,zqeK1JMuMn,,com.sec.android.app.shealth,2026-02-28 00:02:00.000,4c1632cb-78a7-4b89-bc9a-b3e67f9b876d,
,34.12524,1165.1925,33.985054,2026-02-28 11:46:00.000,c23ab71a-81ea-4d2a-8711-07d4d42b6a98.binning_data.json,84,31301,,32.307877,2026-02-28 13:23:54.863,2026-02-28 13:23:54.863,,35.491585,35.275734,33.0758,,34.12524,UTC+0530,zqeK1JMuMn,,com.sec.android.app.shealth,2026-02-28 13:23:00.000,c23ab71a-81ea-4d2a-8711-07d4d42b6a98,
,33.017735,1091.1156,33.99623,2026-02-28 18:14:00.000,6e51d484-ff43-417b-baee-35a0019cd0f5.binning_data.json,343,31301,,32.34413,2026-03-01 00:15:03.288,2026-03-01 00:15:03.288,,35.490177,35.067226,30.976898,,33.017735,UTC+0530,zqeK1JMuMn,,com.sec.android.app.shealth,2026-03-01 00:15:00.000,6e51d484-ff43-417b-baee-35a0019cd0f5,
,33.722973,1137.7103,33.967815,2026-03-01 10:34:00.000,35972571-f5cb-4e06-b4ea-74356ce66602.binning_data.json,98,31301,,32.312084,2026-03-01 12:29:16.978,2026-03-01 12:29:16.978,,35.485016,34.778816,32.73916,,33.722973,UTC+0530,zqeK1JMuMn,,com.sec.android.app.shealth,2026-03-01 12:29:00.000,35972571-f5cb-4e06-b4ea-74356ce66602,
,33.87241,1148.1215,33.97434,2026-03-01 17:51:00.000,14160ca8-ffa0-4519-9849-a5aef53bf4c4.binning_data.json,459,31301,,32.348236,2026-03-02 01:45:04.954,2026-03-02 01:45:04.954,,35.448746,35.57774,31.458815,,33.87241,UTC+0530,zqeK1JMuMn,,com.sec.android.app.shealth,2026-03-02 01:45:00.000,14160ca8-ffa0-4519-9849-a5aef53bf4c4,
,34.206203,1170.4846,33.98103,2026-03-02 17:46:00.000,1e1750e3-84d6-4fd9-b9c8-444c4c999f2d.binning_data.json,445,31301,,32.348236,2026-03-03 01:27:56.854,2026-03-03 01:27:56.854,,35.444836,35.722073,32.560654,,34.206203,UTC+0530,zqeK1JMuMn,,com.sec.android.app.shealth,2026-03-03 01:27:00.000,1e1750e3-84d6-4fd9-b9c8-444c4c999f2d,
,33.03986,1092.9248,33.984055,2026-03-03 17:07:00.000,4a970a12-c190-4d49-a4e2-8e37fd0cd67b.binning_data.json,199,31301,,32.340824,2026-03-03 21:06:45.162,2026-03-03 21:06:45.162,,35.461517,34.584873,31.207527,,33.03986,UTC+0530,zqeK1JMuMn,,com.sec.android.app.shealth,2026-03-03 20:42:00.000,4a970a12-c190-4d49-a4e2-8e37fd0cd67b,
,34.291687,1176.5963,33.968044,2026-03-03 21:13:00.000,62b06f68-1a54-4f55-aa4a-bf331f79168f.binning_data.json,260,31301,,32.310333,2026-03-04 01:54:46.481,2026-03-04 01:54:46.481,,35.44354,35.618984,31.680422,,34.291687,UTC+0530,zqeK1JMuMn,,com.sec.android.app.shealth,2026-03-04 01:54:00.000,62b06f68-1a54-4f55-aa4a-bf331f79168f,
,34.093643,1163.5536,33.97713,2026-03-04 16:02:00.000,7b969ed7-ba25-4c32-8b15-7c00a5990d70.binning_data.json,383,31301,,32.288544,2026-03-04 22:43:16.384,2026-03-04 22:43:16.384,,35.453285,35.78783,30.855047,,34.093643,UTC+0530,zqeK1JMuMn,,com.sec.android.app.shealth,2026-03-04 22:42:00.000,7b969ed7-ba25-4c32-8b15-7c00a5990d70,
,34.27519,1175.2002,33.98085,2026-03-04 22:47:00.000,1e986b4e-d9e9-447e-b6f4-2a4dba63bd21.binning_data.json,59,31301,,32.258995,2026-03-05 00:00:55.066,2026-03-05 00:00:55.066,,35.46374,35.087143,32.895958,,34.27519,UTC+0530,zqeK1JMuMn,,com.sec.android.app.shealth,2026-03-05 00:00:00.000,1e986b4e-d9e9-447e-b6f4-2a4dba63bd21,
,34.240997,1173.5427,34.0095,2026-03-05 17:45:00.000,5af57089-70a3-48b9-8588-2586ea95170a.binning_data.json,295,31301,,32.300327,2026-03-05 23:06:11.745,2026-03-05 23:06:11.745,,35.46034,36.59538,32.43754,,34.240997,UTC+0530,zqeK1JMuMn,,com.sec.android.app.shealth,2026-03-05 23:02:00.000,5af57089-70a3-48b9-8588-2586ea95170a,
,35.369022,1251.2141,34.015224,2026-03-06 00:07:00.000,dde2f667-c7f7-4001-9d35-cb218128db35.binning_data.json,81,31301,,32.304615,2026-03-06 01:42:45.873,2026-03-06 01:42:45.873,,35.47779,36.136528,33.99191,,35.369022,UTC+0530,zqeK1JMuMn,,com.sec.android.app.shealth,2026-03-06 01:42:00.000,dde2f667-c7f7-4001-9d35-cb218128db35,
,34.155308,1167.2703,34.019806,2026-03-06 17:44:00.000,7066cda6-ed07-4da7-81a6-d3658d669bad.binning_data.json,450,31301,,32.351883,2026-03-07 01:28:58.519,2026-03-07 01:28:58.519,,35.47779,35.39661,31.789145,,34.155308,UTC+0530,zqeK1JMuMn,,com.sec.android.app.shealth,2026-03-07 01:28:00.000,7066cda6-ed07-4da7-81a6-d3658d669bad,
,34.583965,1196.6196,34.03101,2026-03-07 17:04:00.000,6a78ec70-c6a3-4af8-a2a3-767e42725931.binning_data.json,376,31301,,32.34736,2026-03-07 23:41:36.951,2026-03-07 23:41:36.951,,35.471474,36.049118,32.442993,,34.583965,UTC+0530,zqeK1JMuMn,,com.sec.android.app.shealth,2026-03-07 23:41:00.000,6a78ec70-c6a3-4af8-a2a3-767e42725931,
,33.750675,1139.9999,34.061974,2026-03-08 18:29:00.000,26c132c2-3db1-4b09-9bae-9d5b5bc1b889.binning_data.json,463,31301,,32.3659,2026-03-09 02:32:31.785,2026-03-09 02:32:31.785,,35.488693,35.382515,31.446594,,33.750675,UTC+0530,zqeK1JMuMn,,com.sec.android.app.shealth,2026-03-09 02:32:00.000,26c132c2-3db1-4b09-9bae-9d5b5bc1b889,
,34.034172,1158.7222,34.03516,2026-03-09 17:41:00.000,1988a583-466d-4bcd-b35f-0ac4899cf70a.binning_data.json,427,31301,,32.345284,2026-03-10 01:05:56.085,2026-03-10 01:05:56.085,,35.47864,35.128914,32.482662,,34.034172,UTC+0530,zqeK1JMuMn,,com.sec.android.app.shealth,2026-03-10 01:05:00.000,1988a583-466d-4bcd-b35f-0ac4899cf70a,
,34.633892,1200.1012,34.064735,2026-03-10 17:13:00.000,6ed2f149-4880-4cdd-b768-0b0a5958ed9e.binning_data.json,402,31301,,32.377663,2026-03-11 00:14:11.079,2026-03-11 00:14:11.079,,35.460957,35.7044,32.340443,,34.633892,UTC+0530,zqeK1JMuMn,,com.sec.android.app.shealth,2026-03-11 00:14:00.000,6ed2f149-4880-4cdd-b768-0b0a5958ed9e,
,34.705395,1205.0659,34.0888,2026-03-11 18:04:00.000,2a333b71-c67d-42a2-87c8-f218555cd9bd.binning_data.json,415,31301,,32.353413,2026-03-12 01:32:16.573,2026-03-12 01:32:16.573,,35.479942,36.16482,32.904568,,34.705395,UTC+0530,zqeK1JMuMn,,com.sec.android.app.shealth,2026-03-12 01:17:00.000,2a333b71-c67d-42a2-87c8-f218555cd9bd,
,33.737755,1139.345,34.111958,2026-03-12 17:26:00.000,9eb8442e-91a7-4b08-9585-fdc5e5e11071.binning_data.json,382,31301,,32.340553,2026-03-13 00:08:41.842,2026-03-13 00:08:41.842,,35.530777,35.49072,31.059603,,33.737755,UTC+0530,zqeK1JMuMn,,com.sec.android.app.shealth,2026-03-13 00:08:00.000,9eb8442e-91a7-4b08-9585-fdc5e5e11071,
,33.832626,1145.3419,34.079456,2026-03-13 17:26:00.000,6f61ee62-eda2-4f6a-adc9-c842577b232c.binning_data.json,411,31301,,32.26822,2026-03-14 00:33:27.549,2026-03-14 00:33:27.549,,35.49019,35.637577,31.89476,,33.832626,UTC+0530,zqeK1JMuMn,,com.sec.android.app.shealth,2026-03-14 00:33:00.000,6f61ee62-eda2-4f6a-adc9-c842577b232c,
,34.281006,1175.5549,34.07094,2026-03-14 10:07:00.000,6382798b-e204-49ba-8f22-1fcb21205592.binning_data.json,81,31301,,32.25617,2026-03-14 11:46:06.355,2026-03-14 11:46:06.355,,35.494946,35.201187,33.203297,,34.281006,UTC+0530,zqeK1JMuMn,,com.sec.android.app.shealth,2026-03-14 11:42:00.000,6382798b-e204-49ba-8f22-1fcb21205592,
,34.08892,1162.4613,34.071865,2026-03-14 17:52:00.000,3a5a0ef3-b8f0-45da-9ab0-eb531cb53b54.binning_data.json,390,31301,,32.27955,2026-03-15 00:36:51.835,2026-03-15 00:36:51.835,,35.47858,35.206203,32.155994,,34.08892,UTC+0530,zqeK1JMuMn,,com.sec.android.app.shealth,2026-03-15 00:36:00.000,3a5a0ef3-b8f0-45da-9ab0-eb531cb53b54,
,35.672447,1272.5731,34.072422,2026-03-15 00:40:00.000,2dc510a0-8062-44c6-938a-583b5b0a0493.binning_data.json,30,31301,,32.275562,2026-03-15 01:22:18.825,2026-03-15 01:22:18.825,,35.469795,36.037807,35.335155,,35.672447,UTC+0530,zqeK1JMuMn,,com.sec.android.app.shealth,2026-03-15 01:22:00.000,2dc510a0-8062-44c6-938a-583b5b0a0493,
,33.75255,1139.8114,34.076427,2026-03-15 10:17:00.000,e44f6c01-5959-493e-953e-6981b0ed11e6.binning_data.json,152,31301,,32.30714,2026-03-15 13:26:28.703,2026-03-15 13:26:28.703,,35.487545,34.76344,32.532867,,33.75255,UTC+0530,zqeK1JMuMn,,com.sec.android.app.shealth,2026-03-15 13:03:00.000,e44f6c01-5959-493e-953e-6981b0ed11e6,
,34.36688,1181.6061,34.069706,2026-03-15 18:14:00.000,e5c0a216-7cf6-4c3c-b177-718a29374eaf.binning_data.json,389,31301,,32.321465,2026-03-16 01:01:39.717,2026-03-16 01:01:39.717,,35.447372,35.589016,32.09042,,34.36688,UTC+0530,zqeK1JMuMn,,com.sec.android.app.shealth,2026-03-16 01:01:00.000,e5c0a216-7cf6-4c3c-b177-718a29374eaf,
,34.38149,1182.8235,34.071518,2026-03-16 17:57:00.000,f55d605e-3bad-456c-9ca8-909886dfea2f.binning_data.json,473,31301,,32.33252,2026-03-17 02:05:05.344,2026-03-17 02:05:05.344,,35.434803,35.517513,32.252666,,34.38149,UTC+0530,zqeK1JMuMn,,com.sec.android.app.shealth,2026-03-17 02:05:00.000,f55d605e-3bad-456c-9ca8-909886dfea2f,
,34.543083,1193.828,34.090797,2026-03-17 18:36:00.000,b756721b-5f4f-4c94-a734-3667254ef3a8.binning_data.json,453,31301,,32.324898,2026-03-18 02:25:27.275,2026-03-18 02:25:27.275,,35.451996,36.524338,32.885918,,34.543083,UTC+0530,zqeK1JMuMn,,com.sec.android.app.shealth,2026-03-18 02:25:00.000,b756721b-5f4f-4c94-a734-3667254ef3a8,
,32.705204,1070.9711,34.111526,2026-03-18 17:26:00.000,ada6ecaf-13e0-481c-afbb-df072f9bf30a.binning_data.json,373,31301,,32.33678,2026-03-18 23:56:35.349,2026-03-18 23:56:35.349,,35.47963,35.269222,30.385023,,32.705204,UTC+0530,zqeK1JMuMn,,com.sec.android.app.shealth,2026-03-18 23:54:00.000,ada6ecaf-13e0-481c-afbb-df072f9bf30a,
,35.30986,1246.9458,34.068104,2026-03-19 00:37:00.000,1641a89e-c3b0-45fe-a63c-fa3010dedaa8.binning_data.json,40,31301,,32.296867,2026-03-19 01:43:06.354,2026-03-19 01:43:06.354,,35.473057,35.781216,34.759968,,35.30986,UTC+0530,zqeK1JMuMn,,com.sec.android.app.shealth,2026-03-19 01:42:00.000,1641a89e-c3b0-45fe-a63c-fa3010dedaa8,
,34.15719,1167.1887,34.071598,2026-03-19 17:39:00.000,fd92529e-fb85-4e1d-89ee-491c6476cca5.binning_data.json,462,31301,,32.35306,2026-03-20 01:36:19.418,2026-03-20 01:36:19.418,,35.465633,35.536186,32.3597,,34.15719,UTC+0530,zqeK1JMuMn,,com.sec.android.app.shealth,2026-03-20 01:36:00.000,fd92529e-fb85-4e1d-89ee-491c6476cca5,
,33.32152,1110.8181,34.068493,2026-03-20 17:56:00.000,4221f471-92de-472a-980e-1b340646c372.binning_data.json,401,31301,,32.338936,2026-03-21 00:52:44.403,2026-03-21 00:52:44.403,,35.477055,34.437214,31.572071,,33.32152,UTC+0530,zqeK1JMuMn,,com.sec.android.app.shealth,2026-03-21 00:52:00.000,4221f471-92de-472a-980e-1b340646c372,
,34.24871,1173.4512,34.043755,2026-03-21 10:10:00.000,c4118caa-0437-4825-af14-dd3a88154050.binning_data.json,81,31301,,32.314972,2026-03-21 11:49:44.388,2026-03-21 11:49:44.388,,35.454754,35.246483,33.2104,,34.24871,UTC+0530,zqeK1JMuMn,,com.sec.android.app.shealth,2026-03-21 11:49:00.000,c4118caa-0437-4825-af14-dd3a88154050,
,33.290768,1109.1108,34.040226,2026-03-21 17:45:00.000,386a3267-82f6-42f3-a8ee-0928ba13d830.binning_data.json,374,31301,,32.292564,2026-03-22 00:15:05.999,2026-03-22 00:15:05.999,,35.454872,34.81442,31.199314,,33.290768,UTC+0530,zqeK1JMuMn,,com.sec.android.app.shealth,2026-03-22 00:15:00.000,386a3267-82f6-42f3-a8ee-0928ba13d830,
,33.09639,1096.8856,34.01669,2026-03-22 17:46:00.000,588ad799-13c8-4204-b3c4-ed26db1d8e03.binning_data.json,366,31301,,32.264893,2026-03-23 00:24:11.244,2026-03-23 00:24:11.244,,35.42613,34.896202,30.605608,,33.09639,UTC+0530,zqeK1JMuMn,,com.sec.android.app.shealth,2026-03-23 00:09:00.000,588ad799-13c8-4204-b3c4-ed26db1d8e03,
,34.374767,1181.92,33.988922,2026-03-23 00:26:00.000,0aac6edf-b08b-44a5-adb7-14c44eca1cac.binning_data.json,58,31301,,32.22563,2026-03-23 01:39:53.333,2026-03-23 01:39:53.333,,35.40957,35.493275,33.800323,,34.374767,UTC+0530,zqeK1JMuMn,,com.sec.android.app.shealth,2026-03-23 01:39:00.000,0aac6edf-b08b-44a5-adb7-14c44eca1cac,
,32.77415,1075.6124,33.99076,2026-03-23 09:44:00.000,d2bd12be-ee8b-472e-a93d-edd6e127a97e.binning_data.json,59,31301,,32.264893,2026-03-23 10:59:24.737,2026-03-23 10:59:24.737,,35.41248,34.03056,30.78286,,32.77415,UTC+0530,zqeK1JMuMn,,com.sec.android.app.shealth,2026-03-23 10:59:00.000,d2bd12be-ee8b-472e-a93d-edd6e127a97e,
,32.9468,1086.8193,33.98393,2026-03-23 18:13:00.000,3e5dded9-eb8f-4d27-8cf5-6e28bba9bfc7.binning_data.json,361,31301,,32.225746,2026-03-24 00:30:02.338,2026-03-24 00:30:02.338,,35.40665,34.694714,30.486364,,32.9468,UTC+0530,zqeK1JMuMn,,com.sec.android.app.shealth,2026-03-24 00:30:00.000,3e5dded9-eb8f-4d27-8cf5-6e28bba9bfc7,
,33.04291,1093.6727,33.948967,2026-03-24 17:45:00.000,6e9682d9-3cad-4e18-86f2-bfb334668580.binning_data.json,494,31301,,32.181927,2026-03-25 02:21:26.083,2026-03-25 02:21:26.083,,35.398445,35.52986,30.579494,,33.04291,UTC+0530,zqeK1JMuMn,,com.sec.android.app.shealth,2026-03-25 02:21:00.000,6e9682d9-3cad-4e18-86f2-bfb334668580,
,33.607872,1129.9794,33.90175,2026-03-25 21:23:00.000,85ff2c99-9710-44c1-baf8-b711f1006af9.binning_data.json,265,31301,,32.119614,2026-03-26 02:03:15.080,2026-03-26 02:03:15.080,,35.396805,35.399723,31.870241,,33.607872,UTC+0530,zqeK1JMuMn,,com.sec.android.app.shealth,2026-03-26 02:03:00.000,85ff2c99-9710-44c1-baf8-b711f1006af9,
,33.703484,1135.9329,33.895336,2026-03-26 02:50:00.000,2d61f214-7992-44be-b3f6-399234d935af.binning_data.json,50,31301,,32.119503,2026-03-26 03:59:52.007,2026-03-26 03:59:52.007,,35.39851,33.91454,33.533764,,33.703484,UTC+0530,zqeK1JMuMn,,com.sec.android.app.shealth,2026-03-26 03:53:00.000,2d61f214-7992-44be-b3f6-399234d935af,
,34.331017,1178.8826,33.873943,2026-03-26 18:43:00.000,4e3b0c51-ec3d-49d2-b6dc-44c2c041b1b2.binning_data.json,341,31301,,32.11865,2026-03-27 00:39:00.902,2026-03-27 00:39:00.902,,35.35208,35.12514,32.523197,,34.331017,UTC+0530,zqeK1JMuMn,,com.sec.android.app.shealth,2026-03-27 00:39:00.000,4e3b0c51-ec3d-49d2-b6dc-44c2c041b1b2,
,33.37908,1114.8942,33.90371,2026-03-27 17:29:00.000,a854ba72-6b9c-4544-a95f-c78341b6be28.binning_data.json,446,31301,,32.107918,2026-03-28 01:11:18.362,2026-03-28 01:11:18.362,,35.37197,35.217976,31.53996,,33.37908,UTC+0530,zqeK1JMuMn,,com.sec.android.app.shealth,2026-03-28 01:11:00.000,a854ba72-6b9c-4544-a95f-c78341b6be28,
,34.96919,1223.4501,33.88435,2026-03-28 01:18:00.000,18e13f55-08a6-44f6-81d4-fa279fb2bcda.binning_data.json,53,31301,,32.09017,2026-03-28 02:30:03.854,2026-03-28 02:30:03.854,,35.36716,35.611115,33.3094,,34.96919,UTC+0530,zqeK1JMuMn,,com.sec.android.app.shealth,2026-03-28 02:30:00.000,18e13f55-08a6-44f6-81d4-fa279fb2bcda,
,34.20242,1170.2168,33.916023,2026-03-28 18:08:00.000,9a2218b4-1cbe-42ec-a7a3-8555b3edc310.binning_data.json,372,31301,,32.144478,2026-03-29 00:34:59.502,2026-03-29 00:34:59.502,,35.403683,35.21734,32.169834,,34.20242,UTC+0530,zqeK1JMuMn,,com.sec.android.app.shealth,2026-03-29 00:34:00.000,9a2218b4-1cbe-42ec-a7a3-8555b3edc310,
,32.851837,1080.1411,,2026-03-31 18:51:00.000,796f8c4b-a48c-482e-b138-ff84801c1a9f.binning_data.json,373,31301,,,2026-04-01 01:23:19.836,2026-04-01 01:23:19.836,,,34.253677,30.564077,,32.851837,UTC+0530,NtSgKtj6xT,,com.sec.android.app.shealth,2026-04-01 01:18:00.000,796f8c4b-a48c-482e-b138-ff84801c1a9f,
,34.081257,1161.9364,32.851837,2026-04-01 16:51:00.000,a7f1a4d4-dde6-49d8-aed6-0ab9c975c901.binning_data.json,331,31301,,,2026-04-01 22:42:39.150,2026-04-01 22:42:39.150,,,35.52345,32.348446,,34.081257,UTC+0530,NtSgKtj6xT,,com.sec.android.app.shealth,2026-04-01 22:42:00.000,a7f1a4d4-dde6-49d8-aed6-0ab9c975c901,
,35.444725,1256.3953,33.429874,2026-04-02 00:19:00.000,5a6685a8-01ff-4cc5-8cce-738508b59ee3.binning_data.json,28,31301,,,2026-04-02 01:05:25.417,2026-04-02 01:05:25.417,,,35.699535,34.76461,,35.444725,UTC+0530,NtSgKtj6xT,,com.sec.android.app.shealth,2026-04-02 01:05:00.000,5a6685a8-01ff-4cc5-8cce-738508b59ee3,
,33.848423,1145.761,33.506947,2026-04-02 01:09:00.000,fa846fff-397d-4038-863a-b55b98bf5a95.binning_data.json,27,31301,,32.348446,2026-04-02 01:47:33.970,2026-04-02 01:47:33.970,,35.52345,34.10909,33.433372,,33.848423,UTC+0530,NtSgKtj6xT,,com.sec.android.app.shealth,2026-04-02 01:47:00.000,fa846fff-397d-4038-863a-b55b98bf5a95,
,33.99823,1156.5924,33.519093,2026-04-02 17:25:00.000,013007e7-c3ba-4aae-a904-53d00d806ea8.binning_data.json,375,31301,,32.890907,2026-04-02 23:53:57.946,2026-04-02 23:53:57.946,,34.888565,35.28173,32.12596,,33.99823,UTC+0530,NtSgKtj6xT,,com.sec.android.app.shealth,2026-04-02 23:53:00.000,013007e7-c3ba-4aae-a904-53d00d806ea8,
,33.931202,1152.0348,33.677536,2026-04-03 17:18:00.000,da0acacc-c40d-4111-b771-e303f0da937a.binning_data.json,307,31301,,32.63593,2026-04-03 23:10:37.882,2026-04-03 23:10:37.882,,35.01962,35.13531,31.91878,,33.931202,UTC+0530,NtSgKtj6xT,,com.sec.android.app.shealth,2026-04-03 22:47:00.000,da0acacc-c40d-4111-b771-e303f0da937a,
,34.50204,1190.8995,33.73158,2026-04-03 23:16:00.000,22e00bad-0b1c-45d8-9018-f8717e6928ba.binning_data.json,90,31301,,32.456642,2026-04-04 00:59:55.230,2026-04-04 00:59:55.230,,35.048542,35.35512,33.179653,,34.50204,UTC+0530,NtSgKtj6xT,,com.sec.android.app.shealth,2026-04-04 00:59:00.000,22e00bad-0b1c-45d8-9018-f8717e6928ba,
,34.405872,1183.7723,33.77687,2026-04-04 01:04:00.000,2f44f75f-9e34-4498-a9a5-4f1a0300d683.binning_data.json,23,31301,,32.601246,2026-04-04 01:38:47.246,2026-04-04 01:38:47.246,,35.10986,34.551113,34.293186,,34.405872,UTC+0530,NtSgKtj6xT,,com.sec.android.app.shealth,2026-04-04 01:38:00.000,2f44f75f-9e34-4498-a9a5-4f1a0300d683,
,32.88132,1081.7725,33.786182,2026-04-04 10:05:00.000,2ca961b7-1584-4612-9a71-4ba516d4f7c3.binning_data.json,127,31301,,32.883236,2026-04-04 12:36:04.677,2026-04-04 12:36:04.677,,35.016735,34.063526,31.107412,,32.88132,UTC+0530,NtSgKtj6xT,,com.sec.android.app.shealth,2026-04-04 12:31:00.000,2ca961b7-1584-4612-9a71-4ba516d4f7c3,
,33.58326,1128.3591,33.71782,2026-04-04 17:44:00.000,fe2466a5-6cdf-4acd-8df3-56079bb284f7.binning_data.json,386,31301,,32.629543,2026-04-05 00:27:45.736,2026-04-05 00:27:45.736,,34.887074,35.135063,31.840038,,33.58326,UTC+0530,NtSgKtj6xT,,com.sec.android.app.shealth,2026-04-05 00:27:00.000,fe2466a5-6cdf-4acd-8df3-56079bb284f7,
,33.889645,1149.2834,33.69269,2026-04-05 17:14:00.000,385f71d4-4f50-4ba5-86d3-1832bed44d5d.binning_data.json,448,31301,,32.530857,2026-04-06 01:02:31.710,2026-04-06 01:02:31.710,,34.91807,35.437656,31.651262,,33.889645,UTC+0530,NtSgKtj6xT,,com.sec.android.app.shealth,2026-04-06 01:02:00.000,385f71d4-4f50-4ba5-86d3-1832bed44d5d,
,33.5375,1125.7433,33.727776,2026-04-06 17:33:00.000,22fb4bb7-30a4-4068-aa4a-d8947ca4d6cf.binning_data.json,358,31301,,32.35679,2026-04-06 23:47:13.542,2026-04-06 23:47:13.542,,35.02138,35.156403,31.692148,,33.5375,UTC+0530,NtSgKtj6xT,,com.sec.android.app.shealth,2026-04-06 23:47:00.000,22fb4bb7-30a4-4068-aa4a-d8947ca4d6cf,
,34.39668,1183.1549,33.704063,2026-04-06 23:51:00.000,069b3e86-81f8-4c7b-8c23-025d20d9f1a9.binning_data.json,18,31301,,32.27371,2026-04-07 00:20:55.525,2026-04-07 00:20:55.525,,35.03826,34.611134,34.1383,,34.39668,UTC+0530,NtSgKtj6xT,,com.sec.android.app.shealth,2026-04-07 00:19:00.000,069b3e86-81f8-4c7b-8c23-025d20d9f1a9,
,33.303406,1110.3798,33.708378,2026-04-07 17:15:00.000,a9b597b3-f6af-4deb-bcaf-7eb1fcc81302.binning_data.json,417,31301,,32.480885,2026-04-08 00:27:46.117,2026-04-08 00:27:46.117,,34.990803,35.579773,31.329468,,33.303406,UTC+0530,NtSgKtj6xT,,com.sec.android.app.shealth,2026-04-08 00:27:00.000,a9b597b3-f6af-4deb-bcaf-7eb1fcc81302,
,33.496822,1122.4447,33.657326,2026-04-08 16:58:00.000,bd1c04b9-3d95-4252-b5d5-5c7540a11627.binning_data.json,391,31301,,32.365746,2026-04-08 23:45:40.750,2026-04-08 23:45:40.750,,35.044067,34.547005,31.89102,,33.496822,UTC+0530,NtSgKtj6xT,,com.sec.android.app.shealth,2026-04-08 23:45:00.000,bd1c04b9-3d95-4252-b5d5-5c7540a11627,
,34.523876,1192.468,33.64036,2026-04-09 17:31:00.000,86f645c8-3dfa-4fc9-86ac-5732d80f71a6.binning_data.json,398,31301,,32.322586,2026-04-10 00:23:33.045,2026-04-10 00:23:33.045,,34.99888,35.83008,32.396156,,34.523876,UTC+0530,NtSgKtj6xT,,com.sec.android.app.shealth,2026-04-10 00:23:00.000,86f645c8-3dfa-4fc9-86ac-5732d80f71a6,
,34.063606,1160.4349,33.72619,2026-04-10 00:44:00.000,1b867697-835e-4c2b-95c4-362d2fd94275.binning_data.json,60,31301,,32.328716,2026-04-10 01:58:33.631,2026-04-10 01:58:33.631,,35.047287,34.646465,33.67678,,34.063606,UTC+0530,NtSgKtj6xT,,com.sec.android.app.shealth,2026-04-10 01:58:00.000,1b867697-835e-4c2b-95c4-362d2fd94275,
,33.624138,1131.5237,33.73106,2026-04-10 17:58:00.000,4f574f95-a0a6-4d79-8247-9b513a7772cc.binning_data.json,456,31301,,32.432415,2026-04-11 01:50:27.501,2026-04-11 01:50:27.501,,35.016453,35.46094,31.706888,,33.624138,UTC+0530,NtSgKtj6xT,,com.sec.android.app.shealth,2026-04-11 01:50:00.000,4f574f95-a0a6-4d79-8247-9b513a7772cc,
,33.426537,1118.5386,33.72049,2026-04-11 17:42:00.000,8d9153c5-0578-4f48-a1c3-b8b6ee3ac398.binning_data.json,435,31301,,32.380592,2026-04-12 01:13:42.038,2026-04-12 01:13:42.038,,35.048203,35.557995,31.345482,,33.426537,UTC+0530,NtSgKtj6xT,,com.sec.android.app.shealth,2026-04-12 01:13:00.000,8d9153c5-0578-4f48-a1c3-b8b6ee3ac398,
,33.97546,1155.3917,33.69516,2026-04-12 16:48:00.000,c8bc9931-8ea5-44e1-b76b-f02238f354e0.binning_data.json,453,31301,,32.311584,2026-04-13 00:35:50.046,2026-04-13 00:35:50.046,,35.082188,35.825016,31.61019,,33.97546,UTC+0530,NtSgKtj6xT,,com.sec.android.app.shealth,2026-04-13 00:35:00.000,c8bc9931-8ea5-44e1-b76b-f02238f354e0,
,34.05815,1159.9596,33.718243,2026-04-13 00:40:00.000,96e49a9d-c3c7-42df-ada2-496d9efc4c20.binning_data.json,10,31301,,32.26775,2026-04-13 01:00:48.862,2026-04-13 01:00:48.862,,35.12077,34.12082,33.980278,,34.05815,UTC+0530,NtSgKtj6xT,,com.sec.android.app.shealth,2026-04-13 01:00:00.000,96e49a9d-c3c7-42df-ada2-496d9efc4c20,
,34.473694,1188.9087,33.718857,2026-04-13 17:39:00.000,4f6c820a-6c41-4f4d-b496-c0bd571fdc6d.binning_data.json,432,31301,,32.319767,2026-04-14 01:11:03.570,2026-04-14 01:11:03.570,,35.082188,35.94812,31.9894,,34.473694,UTC+0530,NtSgKtj6xT,,com.sec.android.app.shealth,2026-04-14 01:10:00.000,4f6c820a-6c41-4f4d-b496-c0bd571fdc6d,
,34.588654,1196.5582,33.773727,2026-04-14 01:14:00.000,f7a68683-4f5d-45c2-8cce-8f6a9b2d2191.binning_data.json,18,31301,,32.299118,2026-04-14 01:43:57.147,2026-04-14 01:43:57.147,,35.12077,35.07558,33.70161,,34.588654,UTC+0530,NtSgKtj6xT,,com.sec.android.app.shealth,2026-04-14 01:43:00.000,f7a68683-4f5d-45c2-8cce-8f6a9b2d2191,
,33.530148,1125.2969,33.776188,2026-04-14 17:55:00.000,26262377-05b2-4536-903d-5894fae468c2.binning_data.json,448,31301,,32.38162,2026-04-15 01:39:02.633,2026-04-15 01:39:02.633,,35.118114,35.634468,30.777107,,33.530148,UTC+0530,NtSgKtj6xT,,com.sec.android.app.shealth,2026-04-15 01:38:00.000,26262377-05b2-4536-903d-5894fae468c2,
,32.89402,1083.2153,33.75899,2026-04-15 17:40:00.000,0100ba80-7800-4f97-9c4a-1845f916cdd7.binning_data.json,337,31301,,32.323166,2026-04-15 23:42:23.809,2026-04-15 23:42:23.809,,35.1468,34.929855,30.665298,,32.89402,UTC+0530,NtSgKtj6xT,,com.sec.android.app.shealth,2026-04-15 23:33:00.000,0100ba80-7800-4f97-9c4a-1845f916cdd7,
,35.092625,1231.5868,33.71578,2026-04-16 00:12:00.000,a72a3a00-0e83-4ccf-ac51-7d58ea0e7a10.binning_data.json,39,31301,,32.25918,2026-04-16 01:06:33.010,2026-04-16 01:06:33.010,,35.135384,35.46667,34.517437,,35.092625,UTC+0530,NtSgKtj6xT,,com.sec.android.app.shealth,2026-04-16 01:06:00.000,a72a3a00-0e83-4ccf-ac51-7d58ea0e7a10,
,33.546734,1126.1683,33.723694,2026-04-16 17:11:00.000,731e23f2-15c6-43aa-bed7-8f2c2f0fa83d.binning_data.json,448,31301,,32.353134,2026-04-17 00:53:12.638,2026-04-17 00:53:12.638,,35.151943,35.70057,31.435728,,33.546734,UTC+0530,NtSgKtj6xT,,com.sec.android.app.shealth,2026-04-17 00:53:00.000,731e23f2-15c6-43aa-bed7-8f2c2f0fa83d,
,34.141705,1166.062,33.712734,2026-04-17 17:28:00.000,3e241b52-a5f0-4a39-a3ef-d667ebee145b.binning_data.json,343,31301,,32.309444,2026-04-17 23:26:21.789,2026-04-17 23:26:21.789,,35.17807,35.81127,31.78038,,34.141705,UTC+0530,NtSgKtj6xT,,com.sec.android.app.shealth,2026-04-17 23:26:00.000,3e241b52-a5f0-4a39-a3ef-d667ebee145b,
,34.455498,1187.4604,33.732155,2026-04-18 10:55:00.000,1de4cf7d-947a-4587-b1b1-c85d5e9b06cd.binning_data.json,84,31301,,32.285397,2026-04-18 12:35:49.128,2026-04-18 12:35:49.128,,35.206852,35.800674,33.87155,,34.455498,UTC+0530,NtSgKtj6xT,,com.sec.android.app.shealth,2026-04-18 12:35:00.000,1de4cf7d-947a-4587-b1b1-c85d5e9b06cd,
,33.846638,1145.9982,33.740086,2026-04-18 18:10:00.000,8c671af8-347e-4bf3-a7dc-f89f6b036664.binning_data.json,355,31301,,32.354362,2026-04-19 00:26:21.777,2026-04-19 00:26:21.777,,35.23267,35.104458,31.916002,,33.846638,UTC+0530,NtSgKtj6xT,,com.sec.android.app.shealth,2026-04-19 00:26:00.000,8c671af8-347e-4bf3-a7dc-f89f6b036664,
,34.0526,1160.7291,33.74481,2026-04-19 17:52:00.000,c3351696-646b-4c61-b779-7a24514aeaae.binning_data.json,440,31301,,32.336098,2026-04-20 01:25:26.863,2026-04-20 01:25:26.863,,35.22733,36.27165,31.911926,,34.0526,UTC+0530,NtSgKtj6xT,,com.sec.android.app.shealth,2026-04-20 01:25:00.000,c3351696-646b-4c61-b779-7a24514aeaae,
,34.56982,1195.4277,33.760822,2026-04-20 17:25:00.000,7ae3a21f-1123-4d92-b4aa-ba375606e01c.binning_data.json,452,31301,,32.292717,2026-04-21 01:15:57.169,2026-04-21 01:15:57.169,,35.26966,35.570198,32.85174,,34.56982,UTC+0530,NtSgKtj6xT,,com.sec.android.app.shealth,2026-04-21 01:15:00.000,7ae3a21f-1123-4d92-b4aa-ba375606e01c,
,34.309925,1177.794,33.801876,2026-04-21 17:28:00.000,f33af45d-08b2-4eef-a878-a4fc3eb08a75.binning_data.json,472,31301,,32.316013,2026-04-22 01:34:19.266,2026-04-22 01:34:19.266,,35.282185,35.727825,32.033638,,34.309925,UTC+0530,NtSgKtj6xT,,com.sec.android.app.shealth,2026-04-22 01:34:00.000,f33af45d-08b2-4eef-a878-a4fc3eb08a75,
,33.454926,1119.8505,33.827446,2026-04-22 18:24:00.000,9b399790-9f6e-4d19-897b-0b3ad9359be3.binning_data.json,395,31301,,32.304714,2026-04-23 01:18:23.736,2026-04-23 01:18:23.736,,35.30001,35.256058,31.506655,,33.454926,UTC+0530,NtSgKtj6xT,,com.sec.android.app.shealth,2026-04-23 01:16:00.000,9b399790-9f6e-4d19-897b-0b3ad9359be3,
,33.588703,1128.9077,33.81239,2026-04-23 16:56:00.000,fbecf99f-e68c-474c-8d18-d0dd8d3eb136.binning_data.json,440,31301,,32.27402,2026-04-24 00:37:04.833,2026-04-24 00:37:04.833,,35.298317,34.961754,32.02676,,33.588703,UTC+0530,NtSgKtj6xT,,com.sec.android.app.shealth,2026-04-24 00:37:00.000,fbecf99f-e68c-474c-8d18-d0dd8d3eb136,
,34.14322,1165.802,33.802753,2026-04-24 00:42:00.000,d5f5d114-4dda-462e-825e-ac44008eaaf1.binning_data.json,19,31301,,32.264862,2026-04-24 01:15:09.613,2026-04-24 01:15:09.613,,35.285854,34.42395,33.859257,,34.14322,UTC+0530,NtSgKtj6xT,,com.sec.android.app.shealth,2026-04-24 01:12:00.000,d5f5d114-4dda-462e-825e-ac44008eaaf1,
,34.069702,1161.1409,33.803387,2026-04-24 17:38:00.000,5843a39e-ad45-4adb-94db-4ca9a4f7287e.binning_data.json,380,31301,,32.321804,2026-04-25 00:17:34.316,2026-04-25 00:17:34.316,,35.255074,35.47127,32.2368,,34.069702,UTC+0530,NtSgKtj6xT,,com.sec.android.app.shealth,2026-04-25 00:17:00.000,5843a39e-ad45-4adb-94db-4ca9a4f7287e,
,33.549747,1126.2584,33.812923,2026-04-25 18:43:00.000,328a455c-5170-4e78-860b-a71264ce8c30.binning_data.json,369,31301,,32.318874,2026-04-26 01:06:40.898,2026-04-26 01:06:40.898,,35.262527,35.18966,31.294788,,33.549747,UTC+0530,NtSgKtj6xT,,com.sec.android.app.shealth,2026-04-26 01:06:00.000,328a455c-5170-4e78-860b-a71264ce8c30,
,33.981194,1155.2545,33.80408,2026-04-26 17:43:00.000,46d10541-7150-4b33-8980-619a55f4a909.binning_data.json,419,31301,,32.28474,2026-04-27 00:58:42.216,2026-04-27 00:58:42.216,,35.260094,35.390923,31.952614,,33.981194,UTC+0530,NtSgKtj6xT,,com.sec.android.app.shealth,2026-04-27 00:58:00.000,46d10541-7150-4b33-8980-619a55f4a909,
,33.96683,1154.8298,33.81059,2026-04-27 17:33:00.000,1c9b7e72-88aa-4947-b971-46d907fed7d9.binning_data.json,419,31301,,32.27402,2026-04-28 00:45:45.280,2026-04-28 00:45:45.280,,35.264317,35.525387,31.357035,,33.96683,UTC+0530,NtSgKtj6xT,,com.sec.android.app.shealth,2026-04-28 00:45:00.000,1c9b7e72-88aa-4947-b971-46d907fed7d9,
,33.523384,1124.1038,33.84755,2026-04-28 17:27:00.000,7cc3c307-462e-4d65-8b9c-e8b9d0985f46.binning_data.json,335,31301,,32.27603,2026-04-28 23:37:18.725,2026-04-28 23:37:18.725,,35.299847,34.499832,32.355843,,33.523384,UTC+0530,NtSgKtj6xT,,com.sec.android.app.shealth,2026-04-28 23:17:00.000,7cc3c307-462e-4d65-8b9c-e8b9d0985f46,
,34.698055,1204.0852,33.838333,2026-04-28 23:55:00.000,5e37e639-89de-4462-870e-79c5cd139ee9.binning_data.json,74,31301,,32.278522,2026-04-29 01:30:11.987,2026-04-29 01:30:11.987,,35.27485,35.58608,34.217373,,34.698055,UTC+0530,NtSgKtj6xT,,com.sec.android.app.shealth,2026-04-29 01:30:00.000,5e37e639-89de-4462-870e-79c5cd139ee9,
,32.90263,1083.5306,33.832924,2026-04-29 17:37:00.000,7fa18d33-79c6-4fa6-a826-ac1f8abea0bc.binning_data.json,445,31301,,32.2377,2026-04-30 01:18:04.797,2026-04-30 01:18:04.797,,35.288612,35.608814,31.119606,,32.90263,UTC+0530,NtSgKtj6xT,,com.sec.android.app.shealth,2026-04-30 01:17:00.000,7fa18d33-79c6-4fa6-a826-ac1f8abea0bc,
,33.927284,1151.4713,33.791676,2026-04-30 18:57:00.000,f68bcdef-c5b1-4223-af66-5aeb603dd0eb.binning_data.json,371,31301,,32.209995,2026-05-01 01:25:44.089,2026-05-01 01:25:44.089,,35.299515,34.989227,32.268726,,33.927284,UTC+0530,NtSgKtj6xT,,com.sec.android.app.shealth,2026-05-01 01:25:00.000,f68bcdef-c5b1-4223-af66-5aeb603dd0eb,
,33.575264,1127.9237,33.79564,2026-05-01 17:21:00.000,7414ada1-d23b-49a3-8f26-da4de80d3510.binning_data.json,436,31301,,32.155373,2026-05-02 00:52:53.321,2026-05-02 00:52:53.321,,35.347633,34.67415,31.543064,,33.575264,UTC+0530,NtSgKtj6xT,,com.sec.android.app.shealth,2026-05-02 00:52:00.000,7414ada1-d23b-49a3-8f26-da4de80d3510,
,33.521156,1124.3385,33.794403,2026-05-02 18:46:00.000,60d7afa7-3422-409d-92a6-6a2aab900049.binning_data.json,357,31301,,32.144375,2026-05-03 01:00:06.522,2026-05-03 01:00:06.522,,35.330563,35.17846,31.983221,,33.521156,UTC+0530,NtSgKtj6xT,,com.sec.android.app.shealth,2026-05-03 01:00:00.000,60d7afa7-3422-409d-92a6-6a2aab900049,
,34.5605,1194.8838,33.78202,2026-05-03 17:42:00.000,d939c63d-8ad7-43ca-8ea8-56583361afb2.binning_data.json,461,31301,,32.15667,2026-05-04 01:38:13.959,2026-05-04 01:38:13.959,,35.320965,35.631355,32.572815,,34.5605,UTC+0530,NtSgKtj6xT,,com.sec.android.app.shealth,2026-05-04 01:38:00.000,d939c63d-8ad7-43ca-8ea8-56583361afb2,
,33.905823,1150.2772,33.820183,2026-05-04 17:17:00.000,593531ed-dd3d-4a9b-a523-a15c702b7c06.binning_data.json,394,31301,,32.124584,2026-05-05 00:10:07.386,2026-05-05 00:10:07.386,,35.36653,35.30425,32.020653,,33.905823,UTC+0530,NtSgKtj6xT,,com.sec.android.app.shealth,2026-05-05 00:09:00.000,593531ed-dd3d-4a9b-a523-a15c702b7c06,
,33.90281,1149.9302,33.842075,2026-05-05 17:08:00.000,973c4156-7607-4d67-8656-dd695ba19d9c.binning_data.json,420,31301,,32.15117,2026-05-06 00:27:19.811,2026-05-06 00:27:19.811,,35.355934,35.12675,31.689964,,33.90281,UTC+0530,NtSgKtj6xT,,com.sec.android.app.shealth,2026-05-06 00:27:00.000,973c4156-7607-4d67-8656-dd695ba19d9c,
,33.7282,1138.0211,33.856136,2026-05-06 17:49:00.000,b517d0cf-2fae-40b7-aacc-99a0fef0946f.binning_data.json,319,31301,,32.143436,2026-05-06 23:33:36.850,2026-05-06 23:33:36.850,,35.37441,34.836895,31.82068,,33.7282,UTC+0530,NtSgKtj6xT,,com.sec.android.app.shealth,2026-05-06 23:33:00.000,b517d0cf-2fae-40b7-aacc-99a0fef0946f,
,34.115784,1164.047,33.852657,2026-05-06 23:48:00.000,9885c898-2ee3-42c1-b2f1-5325f9073f13.binning_data.json,105,31301,,32.13148,2026-05-07 01:47:27.299,2026-05-07 01:47:27.299,,35.3545,35.000816,33.369072,,34.115784,UTC+0530,NtSgKtj6xT,,com.sec.android.app.shealth,2026-05-07 01:47:00.000,9885c898-2ee3-42c1-b2f1-5325f9073f13,
,33.347992,1112.5629,33.830498,2026-05-07 17:07:00.000,9e047099-3225-465d-aff0-b3299c4677a1.binning_data.json,456,31301,,32.109467,2026-05-08 01:01:21.920,2026-05-08 01:01:21.920,,35.349495,34.904247,31.88591,,33.347992,UTC+0530,NtSgKtj6xT,,com.sec.android.app.shealth,2026-05-08 01:01:00.000,9e047099-3225-465d-aff0-b3299c4677a1,
,34.695232,1204.2938,33.819435,2026-05-08 17:26:00.000,16aca559-4346-42b2-80d5-20743dbe258a.binning_data.json,443,31301,,32.116356,2026-05-09 01:11:35.612,2026-05-09 01:11:35.612,,35.328087,35.91545,32.981403,,34.695232,UTC+0530,NtSgKtj6xT,,com.sec.android.app.shealth,2026-05-09 01:11:00.000,16aca559-4346-42b2-80d5-20743dbe258a,
,33.76962,1141.4125,33.86851,2026-05-09 18:03:00.000,5a5bd6d5-d9bb-40ce-bd98-5d6bcdd35c55.binning_data.json,361,31301,,32.179276,2026-05-10 00:20:23.731,2026-05-10 00:20:23.731,,35.337826,35.582043,31.373667,,33.76962,UTC+0530,NtSgKtj6xT,,com.sec.android.app.shealth,2026-05-10 00:20:00.000,5a5bd6d5-d9bb-40ce-bd98-5d6bcdd35c55,
,34.09744,1163.3627,33.860886,2026-05-10 17:57:00.000,29fc1b44-c631-4cdd-acc0-6d5b10b18e69.binning_data.json,411,31301,,32.10261,2026-05-11 01:02:26.368,2026-05-11 01:02:26.368,,35.348698,35.61689,31.93911,,34.09744,UTC+0530,NtSgKtj6xT,,com.sec.android.app.shealth,2026-05-11 01:02:00.000,29fc1b44-c631-4cdd-acc0-6d5b10b18e69,
,34.339504,1180.4363,33.84483,2026-05-11 17:50:00.000,450aaa4c-76ba-4866-a6e2-1f4cd2eee7fa.binning_data.json,421,31301,,32.033894,2026-05-12 01:10:53.547,2026-05-12 01:10:53.547,,35.352417,35.93224,31.933489,,34.339504,UTC+0530,NtSgKtj6xT,,com.sec.android.app.shealth,2026-05-12 01:10:00.000,450aaa4c-76ba-4866-a6e2-1f4cd2eee7fa,
,34.70457,1204.4323,33.86268,2026-05-12 01:20:00.000,1c334ddf-87bc-4427-bfea-98898f2724c3.binning_data.json,18,31301,,32.029877,2026-05-12 01:56:07.323,2026-05-12 01:56:07.323,,35.370346,35.015247,34.518642,,34.70457,UTC+0530,NtSgKtj6xT,,com.sec.android.app.shealth,2026-05-12 01:56:00.000,1c334ddf-87bc-4427-bfea-98898f2724c3,
,33.959827,1153.8169,33.87728,2026-05-12 17:20:00.000,b522b5da-7747-4b69-80a0-2570655fdd9b.binning_data.json,256,31301,,32.129967,2026-05-12 22:25:30.320,2026-05-12 22:25:30.320,,35.345577,34.961727,31.905182,,33.959827,UTC+0530,NtSgKtj6xT,,com.sec.android.app.shealth,2026-05-12 21:58:00.000,b522b5da-7747-4b69-80a0-2570655fdd9b,
,34.42931,1185.6486,33.87912,2026-05-12 22:19:00.000,16150afe-c934-4228-a870-720ae2219186.binning_data.json,165,31301,,32.12132,2026-05-13 01:10:19.615,2026-05-13 01:10:19.615,,35.330814,35.590744,32.95361,,34.42931,UTC+0530,NtSgKtj6xT,,com.sec.android.app.shealth,2026-05-13 01:10:00.000,16150afe-c934-4228-a870-720ae2219186,
,34.66818,1201.9122,33.886906,2026-05-13 01:13:00.000,cc244872-f767-4161-adda-ea42adfd2827.binning_data.json,19,31301,,32.152145,2026-05-13 01:44:12.915,2026-05-13 01:44:12.915,,35.340443,34.849243,34.344097,,34.66818,UTC+0530,NtSgKtj6xT,,com.sec.android.app.shealth,2026-05-13 01:44:00.000,cc244872-f767-4161-adda-ea42adfd2827,
,34.481274,1189.4288,33.913666,2026-05-13 18:45:00.000,a6f33be0-53a8-4e8e-af94-f9fb479bdfb1.binning_data.json,232,31301,,32.18209,2026-05-13 23:20:57.151,2026-05-13 23:20:57.151,,35.332485,35.89772,32.93131,,34.481274,UTC+0530,NtSgKtj6xT,,com.sec.android.app.shealth,2026-05-13 22:56:00.000,a6f33be0-53a8-4e8e-af94-f9fb479bdfb1,
,34.280792,1175.3024,33.925083,2026-05-13 23:19:00.000,ae8a7ed4-3e0d-4338-a6ab-973ae48a647a.binning_data.json,128,31301,,32.20984,2026-05-14 01:42:50.395,2026-05-14 01:42:50.395,,35.35022,34.90653,33.462776,,34.280792,UTC+0530,NtSgKtj6xT,,com.sec.android.app.shealth,2026-05-14 01:42:00.000,ae8a7ed4-3e0d-4338-a6ab-973ae48a647a,
,34.030552,1158.374,33.944256,2026-05-14 17:38:00.000,6202f135-66d2-41bc-a968-6ff1392c22ed.binning_data.json,449,31301,,32.284912,2026-05-15 01:23:58.462,2026-05-15 01:23:58.462,,35.320812,35.05482,32.583794,,34.030552,UTC+0530,NtSgKtj6xT,,com.sec.android.app.shealth,2026-05-15 01:23:00.000,6202f135-66d2-41bc-a968-6ff1392c22ed,
,35.07073,1230.3501,33.94758,2026-05-15 01:28:00.000,1b602f7c-6404-40fc-9fb6-3a1a1da427ff.binning_data.json,102,31301,,32.295586,2026-05-15 03:29:53.671,2026-05-15 03:29:53.671,,35.311314,35.885918,33.927464,,35.07073,UTC+0530,NtSgKtj6xT,,com.sec.android.app.shealth,2026-05-15 03:20:00.000,1b602f7c-6404-40fc-9fb6-3a1a1da427ff,
,33.656555,1133.3685,33.948048,2026-05-15 18:35:00.000,7d9b376a-273d-49c3-a7a1-5315b55c834c.binning_data.json,363,31301,,32.314667,2026-05-16 00:52:44.527,2026-05-16 00:52:44.527,,35.29595,35.02764,31.447327,,33.656555,UTC+0530,NtSgKtj6xT,,com.sec.android.app.shealth,2026-05-16 00:52:00.000,7d9b376a-273d-49c3-a7a1-5315b55c834c,
,32.483517,1055.3304,33.939003,2026-05-16 00:57:00.000,ac46fa34-7e02-46f5-87e7-7ca88a213e66.binning_data.json,58,31301,,32.28369,2026-05-16 02:05:30.909,2026-05-16 02:05:30.909,,35.28637,33.295807,32.10319,,32.483517,UTC+0530,NtSgKtj6xT,,com.sec.android.app.shealth,2026-05-16 02:05:00.000,ac46fa34-7e02-46f5-87e7-7ca88a213e66,
,33.94241,1152.4185,33.93448,2026-05-16 18:35:00.000,efff3e63-490d-4747-b6df-83f3a5708aa6.binning_data.json,416,31301,,32.29038,2026-05-17 01:49:08.669,2026-05-17 01:49:08.669,,35.276814,35.18804,32.436905,,33.94241,UTC+0530,NtSgKtj6xT,,com.sec.android.app.shealth,2026-05-17 01:49:00.000,efff3e63-490d-4747-b6df-83f3a5708aa6,
,34.558468,1194.8358,33.9302,2026-05-17 17:18:00.000,237214ff-ea86-4b09-97cd-133e9229ec1e.binning_data.json,443,31301,,32.309124,2026-05-18 00:59:23.226,2026-05-18 00:59:23.226,,35.25189,36.057423,32.844856,,34.558468,UTC+0530,NtSgKtj6xT,,com.sec.android.app.shealth,2026-05-18 00:59:00.000,237214ff-ea86-4b09-97cd-133e9229ec1e,
,34.29428,1176.43,33.929253,2026-05-18 18:06:00.000,db0b4a29-aafb-4425-ada3-c26e7ef65f43.binning_data.json,418,31301,,32.30888,2026-05-19 01:20:07.958,2026-05-19 01:20:07.958,,35.263165,35.16849,32.918797,,34.29428,UTC+0530,NtSgKtj6xT,,com.sec.android.app.shealth,2026-05-19 01:20:00.000,db0b4a29-aafb-4425-ada3-c26e7ef65f43,
,34.672115,1202.5618,33.926857,2026-05-19 18:08:00.000,3b11850b-4982-4fea-89c1-c7e2f53904fc.binning_data.json,366,31301,,32.340492,2026-05-20 00:32:50.063,2026-05-20 00:32:50.063,,35.243187,36.36093,33.333336,,34.672115,UTC+0530,NtSgKtj6xT,,com.sec.android.app.shealth,2026-05-20 00:32:00.000,3b11850b-4982-4fea-89c1-c7e2f53904fc,
,35.15735,1236.0554,33.950203,2026-05-20 00:36:00.000,8745bd51-caf1-46b4-b830-a065ec36c385.binning_data.json,18,31301,,32.37473,2026-05-20 01:06:06.478,2026-05-20 01:06:06.478,,35.26576,35.43279,35.082394,,35.15735,UTC+0530,NtSgKtj6xT,,com.sec.android.app.shealth,2026-05-20 01:06:00.000,8745bd51-caf1-46b4-b830-a065ec36c385,
,33.74358,1139.0255,33.96943,2026-05-20 17:27:00.000,3a125377-412a-421c-973f-75fe3eacf2bd.binning_data.json,457,31301,,32.458206,2026-05-21 01:21:01.971,2026-05-21 01:21:01.971,,35.271854,35.20724,32.275494,,33.74358,UTC+0530,NtSgKtj6xT,,com.sec.android.app.shealth,2026-05-21 01:20:00.000,3a125377-412a-421c-973f-75fe3eacf2bd,
,34.21408,1171.1539,33.974827,2026-05-21 17:17:00.000,4398ceaa-9e17-4fa6-b026-ac95e139257c.binning_data.json,337,31301,,32.41705,2026-05-21 23:13:45.340,2026-05-21 23:13:45.340,,35.296154,35.81245,32.845154,,34.21408,UTC+0530,NtSgKtj6xT,,com.sec.android.app.shealth,2026-05-21 23:08:00.000,4398ceaa-9e17-4fa6-b026-ac95e139257c,
,34.22357,1171.7926,33.978786,2026-05-22 17:25:00.000,a49a5c82-2444-4bb3-8532-2b400d48c659.binning_data.json,414,31301,,32.438778,2026-05-23 00:35:18.423,2026-05-23 00:35:18.423,,35.30834,35.61837,32.190952,,34.22357,UTC+0530,NtSgKtj6xT,,com.sec.android.app.shealth,2026-05-23 00:35:00.000,a49a5c82-2444-4bb3-8532-2b400d48c659,
,33.893948,1148.885,33.987465,2026-05-23 01:19:00.000,39445de7-b7b8-495a-9783-92d86a352941.binning_data.json,75,31301,,32.430233,2026-05-23 02:49:53.910,2026-05-23 02:49:53.910,,35.319027,34.50587,33.236046,,33.893948,UTC+0530,NtSgKtj6xT,,com.sec.android.app.shealth,2026-05-23 02:49:00.000,39445de7-b7b8-495a-9783-92d86a352941,
,34.64354,1200.7474,34.00104,2026-05-23 19:40:00.000,7b5d7402-6c17-437a-8ae8-8aace0983f23.binning_data.json,371,31301,,32.491913,2026-05-24 02:29:15.576,2026-05-24 02:29:15.576,,35.306866,36.167114,32.744865,,34.64354,UTC+0530,NtSgKtj6xT,,com.sec.android.app.shealth,2026-05-24 02:06:00.000,7b5d7402-6c17-437a-8ae8-8aace0983f23,
,34.4586,1188.14,34.022808,2026-05-24 18:19:00.000,aca6b3b4-84eb-4573-9345-85a5d037cb84.binning_data.json,401,31301,,32.51923,2026-05-25 01:20:31.906,2026-05-25 01:20:31.906,,35.32495,35.964603,32.56521,,34.4586,UTC+0530,NtSgKtj6xT,,com.sec.android.app.shealth,2026-05-25 01:20:00.000,aca6b3b4-84eb-4573-9345-85a5d037cb84,
,35.077915,1230.9146,34.0377,2026-05-25 01:23:00.000,aa1e4148-ab36-48d7-9840-556da43dd5a9.binning_data.json,34,31301,,32.520763,2026-05-25 02:09:34.126,2026-05-25 02:09:34.126,,35.345196,35.634052,33.40464,,35.077915,UTC+0530,NtSgKtj6xT,,com.sec.android.app.shealth,2026-05-25 02:09:00.000,aa1e4148-ab36-48d7-9840-556da43dd5a9,
,33.78991,1142.205,34.043434,2026-05-25 17:43:00.000,39857830-bb30-4320-a82c-2149e24ce6e5.binning_data.json,355,31301,,32.582817,2026-05-26 00:01:44.233,2026-05-26 00:01:44.233,,35.348816,35.036217,32.087982,,33.78991,UTC+0530,NtSgKtj6xT,,com.sec.android.app.shealth,2026-05-26 00:01:00.000,39857830-bb30-4320-a82c-2149e24ce6e5,
,34.318867,1178.329,34.0466,2026-05-26 17:38:00.000,2eea588f-727e-485f-9073-2a496d15c71f.binning_data.json,386,31301,,32.52721,2026-05-27 00:18:59.592,2026-05-27 00:18:59.592,,35.347507,35.81393,32.342216,,34.318867,UTC+0530,NtSgKtj6xT,,com.sec.android.app.shealth,2026-05-27 00:18:00.000,2eea588f-727e-485f-9073-2a496d15c71f,
,35.09485,1232.1216,34.0556,2026-05-27 10:14:00.000,b76b634e-4422-4b0a-aa00-e0f1199c1c6d.binning_data.json,95,31301,,32.521046,2026-05-27 12:09:23.082,2026-05-27 12:09:23.082,,35.363052,36.1086,34.167057,,35.09485,UTC+0530,NtSgKtj6xT,,com.sec.android.app.shealth,2026-05-27 12:09:00.000,b76b634e-4422-4b0a-aa00-e0f1199c1c6d,
,35.00152,1225.6049,34.109592,2026-05-27 17:40:00.000,b9f81c95-c54a-4017-9128-5cfee36fb795.binning_data.json,392,31301,,32.59563,2026-05-28 00:27:32.183,2026-05-28 00:27:32.183,,35.374916,36.0732,32.829903,,35.00152,UTC+0530,NtSgKtj6xT,,com.sec.android.app.shealth,2026-05-28 00:27:00.000,b9f81c95-c54a-4017-9128-5cfee36fb795,
,34.852352,1214.8593,34.14635,2026-05-28 17:48:00.000,6bf8ae45-92ff-454e-827f-d384c8a998fa.binning_data.json,373,31301,,32.614334,2026-05-29 00:20:21.531,2026-05-29 00:20:21.531,,35.41052,35.658695,33.534817,,34.852352,UTC+0530,NtSgKtj6xT,,com.sec.android.app.shealth,2026-05-29 00:19:00.000,6bf8ae45-92ff-454e-827f-d384c8a998fa,
,35.031544,1227.415,34.19173,2026-05-29 18:03:00.000,aa0d856a-8c2e-4f4d-97de-5e2a7e11ade0.binning_data.json,390,31301,,32.67147,2026-05-30 00:48:53.749,2026-05-30 00:48:53.749,,35.4375,36.03587,34.041203,,35.031544,UTC+0530,NtSgKtj6xT,,com.sec.android.app.shealth,2026-05-30 00:48:00.000,aa0d856a-8c2e-4f4d-97de-5e2a7e11ade0,
,35.263947,1243.6017,34.219776,2026-05-30 09:29:00.000,8905fdd1-9166-4482-b28c-260dad2df783.binning_data.json,103,31301,,32.715656,2026-05-30 11:28:10.247,2026-05-30 11:28:10.247,,35.456802,35.575302,34.85789,,35.263947,UTC+0530,NtSgKtj6xT,,com.sec.android.app.shealth,2026-05-30 11:28:00.000,8905fdd1-9166-4482-b28c-260dad2df783,
,35.01764,1226.5673,34.25102,2026-05-30 19:31:00.000,e34e39cd-376f-4555-84d1-295d4b2d5f86.binning_data.json,351,31301,,32.786106,2026-05-31 01:45:04.276,2026-05-31 01:45:04.276,,35.469604,36.361324,34.02205,,35.01764,UTC+0530,NtSgKtj6xT,,com.sec.android.app.shealth,2026-05-31 01:45:00.000,e34e39cd-376f-4555-84d1-295d4b2d5f86,
,35.624268,1269.1937,34.27387,2026-05-31 02:04:00.000,fcc5246f-ad8a-44db-b2e1-54403d31f6ab.binning_data.json,60,31301,,32.82473,2026-05-31 03:20:24.317,2026-05-31 03:20:24.317,,35.48847,35.971825,34.90478,,35.624268,UTC+0530,NtSgKtj6xT,,com.sec.android.app.shealth,2026-05-31 03:20:00.000,fcc5246f-ad8a-44db-b2e1-54403d31f6ab,
,34.260395,1174.1528,34.269375,2026-05-31 17:28:00.000,34c3d671-5a45-4295-be52-ff8bdd84370c.binning_data.json,150,31301,,32.88008,2026-05-31 20:45:31.641,2026-05-31 20:45:31.641,,35.499107,35.6894,33.346897,,34.260395,UTC+0530,NtSgKtj6xT,,com.sec.android.app.shealth,2026-05-31 20:16:00.000,34c3d671-5a45-4295-be52-ff8bdd84370c,
,34.75754,1208.3158,34.26926,2026-05-31 20:42:00.000,c1c81ff4-9728-4b28-8808-572629139d46.binning_data.json,233,31301,,32.879982,2026-06-01 00:51:04.528,2026-06-01 00:51:04.528,,35.505917,35.50119,33.82585,,34.75754,UTC+0530,NtSgKtj6xT,,com.sec.android.app.shealth,2026-06-01 00:51:00.000,c1c81ff4-9728-4b28-8808-572629139d46,
,35.277813,1244.5875,34.278934,2026-06-01 01:04:00.000,734881e3-cb9e-4e01-9806-acbbc6dd6dff.binning_data.json,82,31301,,32.909542,2026-06-01 02:57:03.683,2026-06-01 02:57:03.683,,35.505768,35.598656,34.654182,,35.277813,UTC+0530,NtSgKtj6xT,,com.sec.android.app.shealth,2026-06-01 02:41:00.000,734881e3-cb9e-4e01-9806-acbbc6dd6dff,
,34.07305,1161.1941,34.298935,2026-06-01 17:32:00.000,5b066527-647d-42a1-9bb7-913bf8421c56.binning_data.json,379,31301,,32.982147,2026-06-02 00:05:40.182,2026-06-02 00:05:40.182,,35.51497,34.998222,32.597202,,34.07305,UTC+0530,NtSgKtj6xT,,com.sec.android.app.shealth,2026-06-02 00:05:00.000,5b066527-647d-42a1-9bb7-913bf8421c56,
,34.724277,1205.8193,34.291695,2026-06-02 00:15:00.000,18f372d7-233f-49c9-8759-6a081fd14ff9.binning_data.json,89,31301,,32.970486,2026-06-02 01:50:31.389,2026-06-02 01:50:31.389,,35.49931,34.966335,34.31772,,34.724277,UTC+0530,NtSgKtj6xT,,com.sec.android.app.shealth,2026-06-02 01:50:00.000,18f372d7-233f-49c9-8759-6a081fd14ff9,
,33.893482,1149.0526,34.309254,2026-06-02 16:58:00.000,51380d42-f431-4b6f-98be-df7181e06b04.binning_data.json,459,31301,,33.04359,2026-06-03 00:57:47.110,2026-06-03 00:57:47.110,,35.494446,34.98719,32.569664,,33.893482,UTC+0530,NtSgKtj6xT,,com.sec.android.app.shealth,2026-06-03 00:57:00.000,51380d42-f431-4b6f-98be-df7181e06b04,
,33.6733,1134.0259,34.29329,2026-06-03 01:02:00.000,c96e1e71-4fad-4866-86d8-3f5be7044888.binning_data.json,21,31301,,33.029655,2026-06-03 01:34:09.501,2026-06-03 01:34:09.501,,35.479527,34.211357,33.248817,,33.6733,UTC+0530,NtSgKtj6xT,,com.sec.android.app.shealth,2026-06-03 01:34:00.000,c96e1e71-4fad-4866-86d8-3f5be7044888,
,34.61819,1198.787,34.309383,2026-06-03 16:57:00.000,fddb046e-817a-43fb-bc38-228d2d6d9e80.binning_data.json,407,31301,,33.059227,2026-06-03 23:57:36.228,2026-06-03 23:57:36.228,,35.494034,35.55404,33.38756,,34.61819,UTC+0530,NtSgKtj6xT,,com.sec.android.app.shealth,2026-06-03 23:57:00.000,fddb046e-817a-43fb-bc38-228d2d6d9e80,
,35.23744,1241.6863,34.319893,2026-06-04 00:00:00.000,74d7fbb9-647b-4dbc-819f-b19cce99ba60.binning_data.json,12,31301,,33.068882,2026-06-04 00:25:37.215,2026-06-04 00:25:37.215,,35.4958,35.363407,35.09226,,35.23744,UTC+0530,NtSgKtj6xT,,com.sec.android.app.shealth,2026-06-04 00:25:00.000,74d7fbb9-647b-4dbc-819f-b19cce99ba60,
,35.1507,1236.0052,34.359344,2026-06-04 17:03:00.000,5c374d8f-6093-4409-bd04-06d358f44445.binning_data.json,463,31301,,33.14475,2026-06-05 00:59:44.750,2026-06-05 00:59:44.750,,35.509235,36.129143,33.345776,,35.1507,UTC+0530,NtSgKtj6xT,,com.sec.android.app.shealth,2026-06-05 00:59:00.000,5c374d8f-6093-4409-bd04-06d358f44445,
,35.045307,1228.1738,34.38994,2026-06-05 01:03:00.000,e655e021-d881-4031-afc8-b87e1ecdbf3c.binning_data.json,10,31301,,33.150494,2026-06-05 01:24:58.658,2026-06-05 01:24:58.658,,35.52535,35.06547,35.02447,,35.045307,UTC+0530,NtSgKtj6xT,,com.sec.android.app.shealth,2026-06-05 01:24:00.000,e655e021-d881-4031-afc8-b87e1ecdbf3c,
,34.8533,1214.9513,34.37879,2026-06-05 17:03:00.000,0fb2f064-83b1-4fb5-b668-bd684ea7cf85.binning_data.json,407,31301,,33.19829,2026-06-06 00:08:34.108,2026-06-06 00:08:34.108,,35.501064,35.626415,33.452427,,34.8533,UTC+0530,NtSgKtj6xT,,com.sec.android.app.shealth,2026-06-06 00:08:00.000,0fb2f064-83b1-4fb5-b668-bd684ea7cf85,
,35.31657,1247.3678,34.39495,2026-06-06 00:13:00.000,cb077a81-9cf4-4aea-bda9-04e3153d3abf.binning_data.json,45,31301,,33.20535,2026-06-06 01:08:53.948,2026-06-06 01:08:53.948,,35.504543,35.791267,34.945004,,35.31657,UTC+0530,NtSgKtj6xT,,com.sec.android.app.shealth,2026-06-06 01:08:00.000,cb077a81-9cf4-4aea-bda9-04e3153d3abf,
,35.04681,1228.7104,34.39841,2026-06-06 10:15:00.000,0928d3fe-2dc6-4dd8-bdbd-398a32ab963d.binning_data.json,126,31301,,33.25001,2026-06-06 13:01:47.038,2026-06-06 13:01:47.038,,35.51229,36.290607,34.16093,,35.04681,UTC+0530,NtSgKtj6xT,,com.sec.android.app.shealth,2026-06-06 12:33:00.000,0928d3fe-2dc6-4dd8-bdbd-398a32ab963d,
,34.781353,1210.0603,34.42466,2026-06-06 17:29:00.000,3e9a8637-e57a-439e-9fd6-4c174a258553.binning_data.json,414,31301,,33.30604,2026-06-07 00:42:40.054,2026-06-07 00:42:40.054,,35.526527,35.695385,33.15068,,34.781353,UTC+0530,NtSgKtj6xT,,com.sec.android.app.shealth,2026-06-07 00:42:00.000,3e9a8637-e57a-439e-9fd6-4c174a258553,
,35.84281,1284.7163,34.43679,2026-06-07 00:45:00.000,80441f4d-0581-43f0-8a62-72ace0093bf5.binning_data.json,8,31301,,33.301952,2026-06-07 01:05:15.459,2026-06-07 01:05:15.459,,35.53097,35.9613,35.691288,,35.84281,UTC+0530,NtSgKtj6xT,,com.sec.android.app.shealth,2026-06-07 01:05:00.000,80441f4d-0581-43f0-8a62-72ace0093bf5,
,34.764263,1208.8993,34.449593,2026-06-07 16:33:00.000,ecbc0c2e-b93e-4b67-900c-a21348d0d056.binning_data.json,418,31301,,33.37568,2026-06-07 23:50:12.014,2026-06-07 23:50:12.014,,35.54003,35.746353,33.161762,,34.764263,UTC+0530,NtSgKtj6xT,,com.sec.android.app.shealth,2026-06-07 23:50:00.000,ecbc0c2e-b93e-4b67-900c-a21348d0d056,
,35.402977,1253.4738,34.460384,2026-06-08 00:00:00.000,4c18a05d-cbcc-43f8-a890-9ee61a058080.binning_data.json,68,31301,,33.370193,2026-06-08 01:14:28.737,2026-06-08 01:14:28.737,,35.545322,36.04842,34.78369,,35.402977,UTC+0530,NtSgKtj6xT,,com.sec.android.app.shealth,2026-06-08 01:14:00.000,4c18a05d-cbcc-43f8-a890-9ee61a058080,
,34.643444,1200.6624,34.46974,2026-06-08 16:55:00.000,4d1a6063-0122-49a4-8837-6ccb81284486.binning_data.json,475,31301,,33.4082,2026-06-09 01:09:22.217,2026-06-09 01:09:22.217,,35.562332,35.965015,33.238014,,34.643444,UTC+0530,NtSgKtj6xT,,com.sec.android.app.shealth,2026-06-09 01:09:00.000,4d1a6063-0122-49a4-8837-6ccb81284486,
,35.52186,1261.8143,34.47645,2026-06-09 01:12:00.000,7199eb11-f6e4-4735-a217-c0d15a005d5d.binning_data.json,7,31301,,33.403835,2026-06-09 01:30:48.133,2026-06-09 01:30:48.133,,35.57266,35.658394,35.38532,,35.52186,UTC+0530,NtSgKtj6xT,,com.sec.android.app.shealth,2026-06-09 01:30:00.000,7199eb11-f6e4-4735-a217-c0d15a005d5d,
,35.036743,1228.0565,34.48857,2026-06-09 17:15:00.000,7f6a037e-d450-48ae-86ab-ec99204a5995.binning_data.json,385,31301,,33.462738,2026-06-09 23:55:14.795,2026-06-09 23:55:14.795,,35.607384,36.194016,33.05134,,35.036743,UTC+0530,NtSgKtj6xT,,com.sec.android.app.shealth,2026-06-09 23:55:00.000,7f6a037e-d450-48ae-86ab-ec99204a5995,
,34.788616,1210.4186,34.50871,2026-06-10 17:11:00.000,eb80cddf-b84e-4c8f-bc76-21176f709f2c.binning_data.json,481,31301,,33.466072,2026-06-11 01:27:45.811,2026-06-11 01:27:45.811,,35.631042,35.950443,34.03533,,34.788616,UTC+0530,NtSgKtj6xT,,com.sec.android.app.shealth,2026-06-11 01:27:00.000,eb80cddf-b84e-4c8f-bc76-21176f709f2c,
,34.57647,1195.8246,34.533424,2026-06-11 17:07:00.000,65e95328-c3bd-4f9e-96dd-e8f0896da115.binning_data.json,364,31301,,33.49436,2026-06-11 23:32:13.276,2026-06-11 23:32:13.276,,35.649353,35.794147,33.574722,,34.57647,UTC+0530,NtSgKtj6xT,,com.sec.android.app.shealth,2026-06-11 23:28:00.000,65e95328-c3bd-4f9e-96dd-e8f0896da115,
,35.57839,1265.8414,34.53471,2026-06-12 00:13:00.000,b7d04c2c-899b-4492-ac49-7d98589324c6.binning_data.json,47,31301,,33.496593,2026-06-12 01:16:54.342,2026-06-12 01:16:54.342,,35.65337,35.755577,35.351936,,35.57839,UTC+0530,NtSgKtj6xT,,com.sec.android.app.shealth,2026-06-12 01:13:00.000,b7d04c2c-899b-4492-ac49-7d98589324c6,
,35.43068,1255.333,34.538723,2026-06-12 01:16:00.000,e940c1d7-5973-4e77-8fe5-06c64156d162.binning_data.json,1,31301,,33.537884,2026-06-12 01:31:54.209,2026-06-12 01:31:54.209,,35.65613,35.43068,35.43068,,35.43068,UTC+0530,NtSgKtj6xT,,com.sec.android.app.shealth,2026-06-12 01:31:00.000,e940c1d7-5973-4e77-8fe5-06c64156d162,
,34.551582,1194.0002,34.57602,2026-06-12 17:10:00.000,1722f9f0-a5df-4ad2-8967-e17cb4c1d61a.binning_data.json,388,31301,,33.64458,2026-06-12 23:56:51.014,2026-06-12 23:56:51.014,,35.685604,35.597588,33.714863,,34.551582,UTC+0530,NtSgKtj6xT,,com.sec.android.app.shealth,2026-06-12 23:56:00.000,1722f9f0-a5df-4ad2-8967-e17cb4c1d61a,
,34.33571,1179.184,34.59759,2026-06-13 18:10:00.000,37dbb35e-8772-4553-8ac3-26ecb6a44833.binning_data.json,364,31301,,33.676517,2026-06-14 00:32:48.780,2026-06-14 00:32:48.780,,35.69698,35.64585,33.076782,,34.33571,UTC+0530,NtSgKtj6xT,,com.sec.android.app.shealth,2026-06-14 00:32:00.000,37dbb35e-8772-4553-8ac3-26ecb6a44833,
,34.84086,1214.2903,34.590927,2026-06-14 17:12:00.000,707a38f4-afa9-499c-b51a-0fecac5ef33f.binning_data.json,378,31301,,33.68296,2026-06-14 23:47:32.829,2026-06-14 23:47:32.829,,35.68555,35.96515,33.310814,,34.84086,UTC+0530,NtSgKtj6xT,,com.sec.android.app.shealth,2026-06-14 23:47:00.000,707a38f4-afa9-499c-b51a-0fecac5ef33f,
,35.410477,1253.9058,34.598747,2026-06-14 23:56:00.000,98d53e32-e70f-4d67-86a5-33507eae54a4.binning_data.json,15,31301,,33.6729,2026-06-15 00:17:42.552,2026-06-15 00:17:42.552,,35.693108,35.466606,35.298416,,35.410477,UTC+0530,NtSgKtj6xT,,com.sec.android.app.shealth,2026-06-15 00:17:00.000,98d53e32-e70f-4d67-86a5-33507eae54a4,
,36.292946,1317.1926,34.599754,2026-06-15 00:45:00.000,197f3278-9a54-41d8-9c58-9be2aa715eab.binning_data.json,30,31301,,33.710255,2026-06-15 01:32:28.792,2026-06-15 01:32:28.792,,35.687145,36.405445,36.008656,,36.292946,UTC+0530,NtSgKtj6xT,,com.sec.android.app.shealth,2026-06-15 01:32:00.000,197f3278-9a54-41d8-9c58-9be2aa715eab,
,34.749645,1207.7017,34.615005,2026-06-15 17:11:00.000,4171f80f-a165-4866-b681-40292c848b91.binning_data.json,353,31301,,33.772877,2026-06-15 23:28:39.118,2026-06-15 23:28:39.118,,35.71343,35.54353,33.804405,,34.749645,UTC+0530,NtSgKtj6xT,,com.sec.android.app.shealth,2026-06-15 23:21:00.000,4171f80f-a165-4866-b681-40292c848b91,
,35.50185,1260.5186,34.618946,2026-06-15 23:31:00.000,c986dcf6-5469-4a9c-abb7-8835789bbc0a.binning_data.json,82,31301,,33.773685,2026-06-16 00:56:02.857,2026-06-16 00:56:02.857,,35.70907,36.03763,35.02156,,35.50185,UTC+0530,NtSgKtj6xT,,com.sec.android.app.shealth,2026-06-16 00:56:00.000,c986dcf6-5469-4a9c-abb7-8835789bbc0a,
,35.09811,1231.8777,34.624912,2026-06-16 01:00:00.000,fe52967b-d565-4ec2-bb53-b1c08dbcb132.binning_data.json,5,31301,,33.804882,2026-06-16 01:16:03.718,2026-06-16 01:16:03.718,,35.71728,35.11992,35.08073,,35.09811,UTC+0530,NtSgKtj6xT,,com.sec.android.app.shealth,2026-06-16 01:16:00.000,fe52967b-d565-4ec2-bb53-b1c08dbcb132,
,34.986946,1224.1882,34.62283,2026-06-16 18:40:00.000,65a05472-975e-463e-8d47-aed9d2f4d45c.binning_data.json,427,31301,,33.81693,2026-06-17 02:03:28.910,2026-06-17 02:03:28.910,,35.697723,36.008343,34.09542,,34.986946,UTC+0530,NtSgKtj6xT,,com.sec.android.app.shealth,2026-06-17 02:03:00.000,65a05472-975e-463e-8d47-aed9d2f4d45c,
,35.16834,1237.0721,34.670338,2026-06-17 17:19:00.000,9f177064-6dff-40a1-b4f9-a38ef5201471.binning_data.json,459,31301,,33.856052,2026-06-18 01:12:46.677,2026-06-18 01:12:46.677,,35.71827,36.083473,33.693195,,35.16834,UTC+0530,NtSgKtj6xT,,com.sec.android.app.shealth,2026-06-18 01:12:00.000,9f177064-6dff-40a1-b4f9-a38ef5201471,
,35.647083,1270.7145,34.68909,2026-06-18 01:23:00.000,859adf36-0c0c-42e9-a955-7a0b183662b4.binning_data.json,3,31301,,33.85198,2026-06-18 01:30:37.890,2026-06-18 01:30:37.890,,35.727398,35.65532,35.64222,,35.647083,UTC+0530,NtSgKtj6xT,,com.sec.android.app.shealth,2026-06-18 01:30:00.000,859adf36-0c0c-42e9-a955-7a0b183662b4,
,34.803787,1211.6431,34.70284,2026-06-18 16:45:00.000,11bff425-8986-450e-ab6c-ea571bbf308b.binning_data.json,348,31301,,33.914646,2026-06-18 23:02:22.096,2026-06-18 23:02:22.096,,35.72347,35.652905,33.345806,,34.803787,UTC+0530,NtSgKtj6xT,,com.sec.android.app.shealth,2026-06-18 22:47:00.000,11bff425-8986-450e-ab6c-ea571bbf308b,
,35.596355,1267.1105,34.705715,2026-06-18 23:25:00.000,f902c466-61ed-4b8f-9f13-73c70461dd31.binning_data.json,60,31301,,33.896988,2026-06-19 00:40:25.918,2026-06-19 00:40:25.918,,35.728878,35.99015,35.45292,,35.596355,UTC+0530,NtSgKtj6xT,,com.sec.android.app.shealth,2026-06-19 00:40:00.000,f902c466-61ed-4b8f-9f13-73c70461dd31,
,34.987488,1224.1494,34.710075,2026-06-19 00:44:00.000,20d47540-c27d-4b17-90d2-52f2e67feb3d.binning_data.json,34,31301,,33.93336,2026-06-19 01:29:06.314,2026-06-19 01:29:06.314,,35.73541,35.27409,34.814587,,34.987488,UTC+0530,NtSgKtj6xT,,com.sec.android.app.shealth,2026-06-19 01:29:00.000,20d47540-c27d-4b17-90d2-52f2e67feb3d,
,34.674225,1202.7976,34.733112,2026-06-19 17:50:00.000,93c11c92-c9b2-4839-a729-933a79c66452.binning_data.json,518,31301,,34.004314,2026-06-20 02:43:48.600,2026-06-20 02:43:48.600,,35.743763,35.946564,32.491096,,34.674225,UTC+0530,NtSgKtj6xT,,com.sec.android.app.shealth,2026-06-20 02:43:00.000,93c11c92-c9b2-4839-a729-933a79c66452,
,34.25201,1173.6549,34.73334,2026-06-20 17:22:00.000,a4a01bed-c7a0-4119-94bd-2d88d007b274.binning_data.json,483,31301,,34.004314,2026-06-21 01:44:08.242,2026-06-21 01:44:08.242,,35.739605,35.952908,32.222374,,34.25201,UTC+0530,NtSgKtj6xT,,com.sec.android.app.shealth,2026-06-21 01:44:00.000,a4a01bed-c7a0-4119-94bd-2d88d007b274,
,34.810577,1211.981,34.722176,2026-06-21 16:36:00.000,49027496-26c6-4969-939f-be5b82a463c3.binning_data.json,437,31301,,34.018654,2026-06-22 00:09:57.664,2026-06-22 00:09:57.664,,35.73432,35.68435,33.5629,,34.810577,UTC+0530,NtSgKtj6xT,,com.sec.android.app.shealth,2026-06-22 00:09:00.000,49027496-26c6-4969-939f-be5b82a463c3,
,33.418247,1116.8086,34.72528,2026-06-22 00:19:00.000,206dd43c-26d0-4462-9b3f-f12abd1b84af.binning_data.json,21,31301,,34.00837,2026-06-22 01:01:22.751,2026-06-22 01:01:22.751,,35.74059,33.784325,33.243576,,33.418247,UTC+0530,NtSgKtj6xT,,com.sec.android.app.shealth,2026-06-22 01:01:00.000,206dd43c-26d0-4462-9b3f-f12abd1b84af,
,35.01096,1225.9608,34.750443,2026-06-22 17:31:00.000,e2d78a22-1472-47f9-9b00-6191a133195c.binning_data.json,480,31301,,34.01898,2026-06-23 01:51:29.569,2026-06-23 01:51:29.569,,35.74059,35.908817,34.08205,,35.01096,UTC+0530,NtSgKtj6xT,,com.sec.android.app.shealth,2026-06-23 01:51:00.000,e2d78a22-1472-47f9-9b00-6191a133195c,
,33.99666,1156.2692,34.77183,2026-06-23 16:56:00.000,38c5c272-1dbe-4cd0-8025-48308eef3968.binning_data.json,300,31301,,34.051014,2026-06-23 22:10:55.706,2026-06-23 22:10:55.706,,35.72608,35.326557,32.535522,,33.99666,UTC+0530,NtSgKtj6xT,,com.sec.android.app.shealth,2026-06-23 22:10:00.000,38c5c272-1dbe-4cd0-8025-48308eef3968,
,34.7949,1210.8834,34.753086,2026-06-23 22:15:00.000,711ea881-0555-4b27-9875-6723b7915ce2.binning_data.json,134,31301,,34.0168,2026-06-24 00:43:29.139,2026-06-24 00:43:29.139,,35.723618,35.7215,33.930897,,34.7949,UTC+0530,NtSgKtj6xT,,com.sec.android.app.shealth,2026-06-24 00:43:00.000,711ea881-0555-4b27-9875-6723b7915ce2,
,35.303432,1246.3514,34.753532,2026-06-24 00:46:00.000,3c274cd7-0fb7-4b56-8167-99cde0270800.binning_data.json,33,31301,,34.014652,2026-06-24 01:31:26.547,2026-06-24 01:31:26.547,,35.723564,35.46078,35.019196,,35.303432,UTC+0530,NtSgKtj6xT,,com.sec.android.app.shealth,2026-06-24 01:31:00.000,3c274cd7-0fb7-4b56-8167-99cde0270800,
,34.256836,1173.702,34.74704,2026-06-24 18:51:00.000,142e2f0e-8551-4cce-9d24-95fe3cb808d0.binning_data.json,400,31301,,34.063847,2026-06-25 01:47:32.516,2026-06-25 01:47:32.516,,35.70825,35.407494,33.56265,,34.256836,UTC+0530,NtSgKtj6xT,,com.sec.android.app.shealth,2026-06-25 01:47:00.000,142e2f0e-8551-4cce-9d24-95fe3cb808d0,
,34.652294,1201.0481,34.72776,2026-06-25 17:19:00.000,2fc99500-9206-42f8-95f6-5634a4b4786a.binning_data.json,351,31301,,34.06454,2026-06-25 23:27:51.860,2026-06-25 23:27:51.860,,35.701973,35.81954,33.53599,,34.652294,UTC+0530,NtSgKtj6xT,,com.sec.android.app.shealth,2026-06-25 23:27:00.000,2fc99500-9206-42f8-95f6-5634a4b4786a,
,35.00541,1225.5264,34.72565,2026-06-25 23:30:00.000,239c6397-55dd-4cff-82da-01b9c5cb3d84.binning_data.json,71,31301,,34.05165,2026-06-26 00:53:19.186,2026-06-26 00:53:19.186,,35.704838,35.705235,34.41412,,35.00541,UTC+0530,NtSgKtj6xT,,com.sec.android.app.shealth,2026-06-26 00:53:00.000,239c6397-55dd-4cff-82da-01b9c5cb3d84,
,34.505066,1190.6239,34.727222,2026-06-26 00:57:00.000,72d61542-f5aa-4aa4-875f-e1d333afb1dc.binning_data.json,40,31301,,34.060284,2026-06-26 01:49:39.748,2026-06-26 01:49:39.748,,35.70485,34.871944,34.327034,,34.505066,UTC+0530,NtSgKtj6xT,,com.sec.android.app.shealth,2026-06-26 01:48:00.000,72d61542-f5aa-4aa4-875f-e1d333afb1dc,
,35.18094,1237.887,34.712204,2026-06-26 17:34:00.000,ba90e9bc-925b-4186-9ae1-cce432c55249.binning_data.json,411,31301,,34.047794,2026-06-27 00:40:55.018,2026-06-27 00:40:55.018,,35.68434,35.98051,34.308006,,35.18094,UTC+0530,NtSgKtj6xT,,com.sec.android.app.shealth,2026-06-27 00:40:00.000,ba90e9bc-925b-4186-9ae1-cce432c55249,
,34.15747,1167.0426,34.727512,2026-06-27 00:50:00.000,32cf52b4-99c4-4f80-bb28-07a6bffa670c.binning_data.json,48,31301,,34.053993,2026-06-27 01:43:46.471,2026-06-27 01:43:46.471,,35.69139,35.283855,33.592487,,34.15747,UTC+0530,NtSgKtj6xT,,com.sec.android.app.shealth,2026-06-27 01:43:00.000,32cf52b4-99c4-4f80-bb28-07a6bffa670c,
,34.295067,1176.4615,34.71254,2026-06-27 17:51:00.000,a54bd3f0-8792-4bce-a1b1-2884981854f0.binning_data.json,384,31301,,34.022766,2026-06-28 00:32:16.752,2026-06-28 00:32:16.752,,35.665905,35.57595,33.162285,,34.295067,UTC+0530,NtSgKtj6xT,,com.sec.android.app.shealth,2026-06-28 00:32:00.000,a54bd3f0-8792-4bce-a1b1-2884981854f0,
,34.725037,1206.2084,34.700245,2026-06-28 16:59:00.000,7e32cf7a-653e-4270-963b-77c3343d91a9.binning_data.json,399,31301,,34.00689,2026-06-28 23:51:21.835,2026-06-28 23:51:21.835,,35.66894,35.958454,33.547665,,34.725037,UTC+0530,NtSgKtj6xT,,com.sec.android.app.shealth,2026-06-28 23:51:00.000,7e32cf7a-653e-4270-963b-77c3343d91a9,
,35.708893,1275.179,34.70103,2026-06-29 00:04:00.000,35f58ca3-1d0f-46ba-9a25-268a0db609d3.binning_data.json,58,31301,,33.995407,2026-06-29 01:15:48.104,2026-06-29 01:15:48.104,,35.67618,36.0151,35.364178,,35.708893,UTC+0530,NtSgKtj6xT,,com.sec.android.app.shealth,2026-06-29 01:15:00.000,35f58ca3-1d0f-46ba-9a25-268a0db609d3,
,34.9361,1220.5314,34.705673,2026-06-29 01:19:00.000,a9fa9b8a-f6d0-4f65-a66e-34648dc6954f.binning_data.json,13,31301,,34.02879,2026-06-29 01:43:50.093,2026-06-29 01:43:50.093,,35.68445,34.96598,34.921673,,34.9361,UTC+0530,NtSgKtj6xT,,com.sec.android.app.shealth,2026-06-29 01:43:00.000,a9fa9b8a-f6d0-4f65-a66e-34648dc6954f,
,34.714672,1205.5352,34.725525,2026-06-29 17:05:00.000,78d42698-ccbd-40b1-b509-2fd086dbf083.binning_data.json,441,31301,,34.06769,2026-06-30 00:41:49.990,2026-06-30 00:41:49.990,,35.699924,36.163048,33.564034,,34.714672,UTC+0530,NtSgKtj6xT,,com.sec.android.app.shealth,2026-06-30 00:41:00.000,78d42698-ccbd-40b1-b509-2fd086dbf083,
,35.0582,1229.0778,34.725143,2026-06-30 00:45:00.000,34940d07-687e-4d31-8520-bd7bb3fc9901.binning_data.json,6,31301,,34.055405,2026-06-30 01:02:48.032,2026-06-30 01:02:48.032,,35.708424,35.078175,35.03665,,35.0582,UTC+0530,NtSgKtj6xT,,com.sec.android.app.shealth,2026-06-30 01:02:00.000,34940d07-687e-4d31-8520-bd7bb3fc9901,
,34.77001,1209.3519,34.758648,2026-06-30 17:24:00.000,9b9c374e-51ce-4d4c-baee-a6cbd2337233.binning_data.json,453,31301,,34.12272,2026-07-01 01:12:06.763,2026-07-01 01:12:06.763,,35.723133,36.12794,33.623093,,34.77001,UTC+0530,NtSgKtj6xT,,com.sec.android.app.shealth,2026-07-01 01:12:00.000,9b9c374e-51ce-4d4c-baee-a6cbd2337233,
,34.78103,1209.8442,34.763306,2026-07-01 16:54:00.000,9ad8dfc8-e2b3-4030-8539-70165fe29df0.binning_data.json,419,31301,,34.1039,2026-07-02 00:12:09.075,2026-07-02 00:12:09.075,,35.74593,35.95262,34.117706,,34.78103,UTC+0530,NtSgKtj6xT,,com.sec.android.app.shealth,2026-07-02 00:12:00.000,9ad8dfc8-e2b3-4030-8539-70165fe29df0,
,34.857285,1215.2506,34.763897,2026-07-02 00:15:00.000,11221375-b048-469e-a9fe-b606d24c37e5.binning_data.json,76,31301,,34.10424,2026-07-02 01:42:29.409,2026-07-02 01:42:29.409,,35.7511,35.52827,33.766315,,34.857285,UTC+0530,NtSgKtj6xT,,com.sec.android.app.shealth,2026-07-02 01:42:00.000,11221375-b048-469e-a9fe-b606d24c37e5,
,34.46647,1188.2896,34.74953,2026-07-02 17:15:00.000,9f0aa0dd-8dfd-4f5c-a8a4-bf59ae155ce3.binning_data.json,478,31301,,34.09143,2026-07-03 01:34:12.188,2026-07-03 01:34:12.188,,35.7491,35.48857,33.19472,,34.46647,UTC+0530,NtSgKtj6xT,,com.sec.android.app.shealth,2026-07-03 01:34:00.000,9f0aa0dd-8dfd-4f5c-a8a4-bf59ae155ce3,
,34.61609,1198.5009,34.729603,2026-07-03 16:49:00.000,930cf586-0e8e-413b-80cd-d791e39bdec4.binning_data.json,347,31301,,34.070213,2026-07-03 22:51:07.893,2026-07-03 22:51:07.893,,35.732304,35.35195,33.66493,,34.61609,UTC+0530,NtSgKtj6xT,,com.sec.android.app.shealth,2026-07-03 22:51:00.000,930cf586-0e8e-413b-80cd-d791e39bdec4,
,34.839462,1214.1223,34.72643,2026-07-03 23:27:00.000,86687ff2-d19a-4d3a-97a2-b5d66b4e1c25.binning_data.json,69,31301,,34.06008,2026-07-04 00:55:38.184,2026-07-04 00:55:38.184,,35.72279,35.66499,33.774563,,34.839462,UTC+0530,NtSgKtj6xT,,com.sec.android.app.shealth,2026-07-04 00:55:00.000,86687ff2-d19a-4d3a-97a2-b5d66b4e1c25,
,34.98596,1224.0526,34.727055,2026-07-04 00:58:00.000,8626056a-79d2-4cd7-aea7-4fcbb1fb4184.binning_data.json,24,31301,,34.042095,2026-07-04 01:40:23.769,2026-07-04 01:40:23.769,,35.72446,35.234398,34.74062,,34.98596,UTC+0530,NtSgKtj6xT,,com.sec.android.app.shealth,2026-07-04 01:40:00.000,8626056a-79d2-4cd7-aea7-4fcbb1fb4184,
,35.114796,1233.2239,34.724968,2026-07-04 17:44:00.000,f3d5db95-1af5-4389-8929-10f135f24073.binning_data.json,425,31301,,34.059555,2026-07-05 01:04:47.944,2026-07-05 01:04:47.944,,35.703857,36.193512,34.28802,,35.114796,UTC+0530,NtSgKtj6xT,,com.sec.android.app.shealth,2026-07-05 01:04:00.000,f3d5db95-1af5-4389-8929-10f135f24073,
,34.926605,1220.228,34.733547,2026-07-05 17:31:00.000,c0614b6b-2d58-417c-a6ae-6d6dc453ba92.binning_data.json,444,31301,,34.069866,2026-07-06 01:10:34.364,2026-07-06 01:10:34.364,,35.703667,36.344852,33.828224,,34.926605,UTC+0530,NtSgKtj6xT,,com.sec.android.app.shealth,2026-07-06 01:10:00.000,c0614b6b-2d58-417c-a6ae-6d6dc453ba92,
,34.89421,1217.609,34.74042,2026-07-06 01:20:00.000,ea1b591d-35cd-4dfd-b0b6-68b8284d41fc.binning_data.json,12,31301,,34.063828,2026-07-06 01:37:26.015,2026-07-06 01:37:26.015,,35.71427,34.988354,34.826744,,34.89421,UTC+0530,NtSgKtj6xT,,com.sec.android.app.shealth,2026-07-06 01:37:00.000,ea1b591d-35cd-4dfd-b0b6-68b8284d41fc,
,35.045948,1228.3567,34.743958,2026-07-06 16:40:00.000,1267ea3f-375e-4575-9e52-ed5387096790.binning_data.json,456,31301,,34.071228,2026-07-07 00:31:35.314,2026-07-07 00:31:35.314,,35.69404,35.80705,34.164005,,35.045948,UTC+0530,NtSgKtj6xT,,com.sec.android.app.shealth,2026-07-07 00:31:00.000,1267ea3f-375e-4575-9e52-ed5387096790,
,35.339596,1248.887,34.755016,2026-07-07 00:36:00.000,f39ffc36-2536-4ce1-8071-ad1abe922ab7.binning_data.json,4,31301,,34.073547,2026-07-07 00:51:04.877,2026-07-07 00:51:04.877,,35.696865,35.34891,35.3342,,35.339596,UTC+0530,NtSgKtj6xT,,com.sec.android.app.shealth,2026-07-07 00:51:00.000,f39ffc36-2536-4ce1-8071-ad1abe922ab7,
,34.730347,1206.3365,34.746223,2026-07-07 16:38:00.000,6aa8ba20-36d4-4257-b5fd-644ed5e78b72.binning_data.json,480,31301,,34.127846,2026-07-08 00:58:19.779,2026-07-08 00:58:19.779,,35.67739,35.615654,33.889668,,34.730347,UTC+0530,NtSgKtj6xT,,com.sec.android.app.shealth,2026-07-08 00:58:00.000,6aa8ba20-36d4-4257-b5fd-644ed5e78b72,
,34.9466,1221.2806,34.745617,2026-07-08 01:01:00.000,bc6551e8-48d8-49d6-b7b2-65341898968d.binning_data.json,17,31301,,34.11428,2026-07-08 01:30:12.643,2026-07-08 01:30:12.643,,35.67969,35.116673,34.734863,,34.9466,UTC+0530,NtSgKtj6xT,,com.sec.android.app.shealth,2026-07-08 01:30:00.000,bc6551e8-48d8-49d6-b7b2-65341898968d,
,34.69425,1204.0237,34.74419,2026-07-08 17:19:00.000,09e01404-f21f-4b85-bbc2-a18dc2f4fc1d.binning_data.json,469,31301,,34.132214,2026-07-09 01:25:44.087,2026-07-09 01:25:44.087,,35.658394,35.646645,33.36658,,34.69425,UTC+0530,NtSgKtj6xT,,com.sec.android.app.shealth,2026-07-09 01:25:00.000,09e01404-f21f-4b85-bbc2-a18dc2f4fc1d,
,35.175583,1237.6746,34.744003,2026-07-09 17:03:00.000,dea638f5-2b31-466e-9f44-510106b8ec70.binning_data.json,463,31301,,34.072018,2026-07-10 01:05:27.879,2026-07-10 01:05:27.879,,35.65497,36.38686,34.09079,,35.175583,UTC+0530,NtSgKtj6xT,,com.sec.android.app.shealth,2026-07-10 01:05:00.000,dea638f5-2b31-466e-9f44-510106b8ec70,
,35.250565,1242.6204,34.75985,2026-07-10 01:08:00.000,059363e3-e8a6-4f69-b856-01ba2635e279.binning_data.json,12,31301,,34.072487,2026-07-10 01:32:21.703,2026-07-10 01:32:21.703,,35.666794,35.413223,35.040073,,35.250565,UTC+0530,NtSgKtj6xT,,com.sec.android.app.shealth,2026-07-10 01:32:00.000,059363e3-e8a6-4f69-b856-01ba2635e279,
,34.625145,1199.1223,34.766937,2026-07-10 16:52:00.000,745ab606-5403-4247-9000-afef7d77b6ed.binning_data.json,455,31301,,34.105618,2026-07-11 00:43:54.957,2026-07-11 00:43:54.957,,35.662186,35.93257,33.732662,,34.625145,UTC+0530,NtSgKtj6xT,,com.sec.android.app.shealth,2026-07-11 00:43:00.000,745ab606-5403-4247-9000-afef7d77b6ed,
,35.966408,1293.5847,34.761852,2026-07-11 00:47:00.000,9747f732-a27a-4eec-ae4c-87b5ce4f907a.binning_data.json,16,31301,,34.088825,2026-07-11 01:14:31.741,2026-07-11 01:14:31.741,,35.671165,36.05645,35.915836,,35.966408,UTC+0530,NtSgKtj6xT,,com.sec.android.app.shealth,2026-07-11 01:14:00.000,9747f732-a27a-4eec-ae4c-87b5ce4f907a,
,34.884037,1217.0176,34.763367,2026-07-11 10:40:00.000,976b9848-e06d-4385-8b28-c1a230d4a107.binning_data.json,71,31301,,34.11907,2026-07-11 12:12:22.383,2026-07-11 12:12:22.383,,35.680794,35.499752,34.437683,,34.884037,UTC+0530,NtSgKtj6xT,,com.sec.android.app.shealth,2026-07-11 12:12:00.000,976b9848-e06d-4385-8b28-c1a230d4a107,
,35.02766,1227.0444,34.7766,2026-07-11 18:04:00.000,3c661347-80af-471f-9e33-5980413ba208.binning_data.json,471,31301,,34.14892,2026-07-12 02:09:52.758,2026-07-12 02:09:52.758,,35.67714,35.914623,34.17358,,35.02766,UTC+0530,NtSgKtj6xT,,com.sec.android.app.shealth,2026-07-12 02:09:00.000,3c661347-80af-471f-9e33-5980413ba208,
,34.623394,1198.9956,34.779728,2026-07-12 17:41:00.000,f35e0775-ede5-465a-82bf-d6b76fc3e46a.binning_data.json,444,31301,,34.119118,2026-07-13 01:23:46.635,2026-07-13 01:23:46.635,,35.66713,35.751488,33.466816,,34.623394,UTC+0530,NtSgKtj6xT,,com.sec.android.app.shealth,2026-07-13 01:23:00.000,f35e0775-ede5-465a-82bf-d6b76fc3e46a,
,35.009186,1225.6433,34.77435,2026-07-13 01:27:00.000,34fe96fd-f00f-4111-8a85-eda0a5d95cf7.binning_data.json,4,31301,,34.100185,2026-07-13 02:06:23.708,2026-07-13 02:06:23.708,,35.67273,35.020782,34.995056,,35.009186,UTC+0530,NtSgKtj6xT,,com.sec.android.app.shealth,2026-07-13 01:42:00.000,34fe96fd-f00f-4111-8a85-eda0a5d95cf7,
,35.052124,1228.8491,34.77021,2026-07-13 17:03:00.000,d7983275-7fe0-4bfe-9eb2-825f86a3c724.binning_data.json,452,31301,,34.08512,2026-07-14 00:50:39.884,2026-07-14 00:50:39.884,,35.661892,36.09467,33.987118,,35.052124,UTC+0530,NtSgKtj6xT,,com.sec.android.app.shealth,2026-07-14 00:50:00.000,d7983275-7fe0-4bfe-9eb2-825f86a3c724,
,34.931484,1220.4564,34.773,2026-07-14 16:47:00.000,e8bebe3c-d210-4678-8ce2-0a95f3b4e369.binning_data.json,467,31301,,34.082348,2026-07-15 00:48:23.828,2026-07-15 00:48:23.828,,35.664104,35.788063,33.634632,,34.931484,UTC+0530,NtSgKtj6xT,,com.sec.android.app.shealth,2026-07-15 00:48:00.000,e8bebe3c-d210-4678-8ce2-0a95f3b4e369,
,36.115498,1304.3325,34.77871,2026-07-15 01:30:00.000,c5d08c50-1bed-4153-a85a-23d2a5a7993f.binning_data.json,17,31301,,34.07115,2026-07-15 02:03:27.534,2026-07-15 02:03:27.534,,35.66721,36.1912,36.018272,,36.115498,UTC+0530,NtSgKtj6xT,,com.sec.android.app.shealth,2026-07-15 02:03:00.000,c5d08c50-1bed-4153-a85a-23d2a5a7993f,
,34.571545,1195.4493,34.76603,2026-07-15 16:58:00.000,ad5a38ac-6bd5-4351-bc9d-fc69b7a27972.binning_data.json,406,31301,,34.080845,2026-07-16 00:00:47.334,2026-07-16 00:00:47.334,,35.66865,35.696777,33.38455,,34.571545,UTC+0530,NtSgKtj6xT,,com.sec.android.app.shealth,2026-07-16 00:00:00.000,ad5a38ac-6bd5-4351-bc9d-fc69b7a27972,
,34.970222,1223.3964,34.75992,2026-07-16 00:28:00.000,4a683c29-e277-439f-91ca-eb24d41e6359.binning_data.json,104,31301,,34.06344,2026-07-16 02:29:02.981,2026-07-16 02:29:02.981,,35.669353,36.21318,34.11112,,34.970222,UTC+0530,NtSgKtj6xT,,com.sec.android.app.shealth,2026-07-16 02:29:00.000,4a683c29-e277-439f-91ca-eb24d41e6359,
,34.67258,1202.4648,34.75584,2026-07-16 19:14:00.000,4c375bca-a406-4b63-bb92-2ec0e28fe8ff.binning_data.json,388,31301,,34.038116,2026-07-17 02:00:32.352,2026-07-17 02:00:32.352,,35.684742,35.63545,33.598824,,34.67258,UTC+0530,NtSgKtj6xT,,com.sec.android.app.shealth,2026-07-17 02:00:00.000,4c375bca-a406-4b63-bb92-2ec0e28fe8ff,
,34.547863,1193.9015,34.75664,2026-07-17 16:51:00.000,e709fe20-caaa-4a3f-83eb-67400d45bc54.binning_data.json,422,31301,,34.047462,2026-07-18 00:09:47.562,2026-07-18 00:09:47.562,,35.67655,35.861008,33.385174,,34.547863,UTC+0530,NtSgKtj6xT,,com.sec.android.app.shealth,2026-07-18 00:09:00.000,e709fe20-caaa-4a3f-83eb-67400d45bc54,
,35.406147,1253.759,34.749798,2026-07-18 00:10:00.000,e846496a-92b0-4542-b829-4d088415ba87.binning_data.json,82,31301,,34.030476,2026-07-18 01:50:31.594,2026-07-18 01:50:31.594,,35.681282,35.925335,34.4891,,35.406147,UTC+0530,NtSgKtj6xT,,com.sec.android.app.shealth,2026-07-18 01:50:00.000,e846496a-92b0-4542-b829-4d088415ba87,
,34.263866,1174.361,34.773388,2026-07-18 17:05:00.000,da045fcb-5804-40ba-8171-7b4c343e32ba.binning_data.json,477,31301,,34.05926,2026-07-19 01:16:23.071,2026-07-19 01:16:23.071,,35.680576,35.810936,32.732338,,34.263866,UTC+0530,NtSgKtj6xT,,com.sec.android.app.shealth,2026-07-19 01:16:00.000,da045fcb-5804-40ba-8171-7b4c343e32ba,
,34.48113,1188.9574,34.75462,2026-07-19 01:20:00.000,16236239-3781-4c00-96ae-05c99c87dcf8.binning_data.json,6,31301,,34.04194,2026-07-19 01:38:15.393,2026-07-19 01:38:15.393,,35.683838,34.619713,34.367134,,34.48113,UTC+0530,NtSgKtj6xT,,com.sec.android.app.shealth,2026-07-19 01:38:00.000,16236239-3781-4c00-96ae-05c99c87dcf8,
,34.545853,1193.8405,34.754776,2026-07-19 17:25:00.000,61fcc5bd-cd10-433b-87e0-fb96f8c3faf1.binning_data.json,461,31301,,34.07988,2026-07-20 01:21:25.590,2026-07-20 01:21:25.590,,35.683823,35.860394,33.236305,,34.545853,UTC+0530,NtSgKtj6xT,,com.sec.android.app.shealth,2026-07-20 01:21:00.000,61fcc5bd-cd10-433b-87e0-fb96f8c3faf1,
,34.630657,1199.402,34.737206,2026-07-20 17:10:00.000,dc6d0fc6-8a46-41c8-9222-cb32c076b4d6.binning_data.json,497,31301,,34.06154,2026-07-21 01:45:29.521,2026-07-21 01:45:29.521,,35.682583,35.48146,33.73193,,34.630657,UTC+0530,NtSgKtj6xT,,com.sec.android.app.shealth,2026-07-21 01:45:00.000,dc6d0fc6-8a46-41c8-9222-cb32c076b4d6,
,34.44272,1186.6954,34.748623,2026-07-21 17:19:00.000,baf71e13-ae9c-44b7-8386-d6d6ba457d0c.binning_data.json,402,31301,,34.04906,2026-07-22 00:17:48.946,2026-07-22 00:17:48.946,,35.69171,35.49045,33.024082,,34.44272,UTC+0530,NtSgKtj6xT,,com.sec.android.app.shealth,2026-07-22 00:17:00.000,baf71e13-ae9c-44b7-8386-d6d6ba457d0c,
,34.890488,1217.728,34.739098,2026-07-22 00:28:00.000,a9b9124e-e660-4300-9eea-d68bdd58e4b1.binning_data.json,84,31301,,34.031097,2026-07-22 01:56:40.114,2026-07-22 01:56:40.114,,35.686417,36.029213,33.76166,,34.890488,UTC+0530,NtSgKtj6xT,,com.sec.android.app.shealth,2026-07-22 01:56:00.000,a9b9124e-e660-4300-9eea-d68bdd58e4b1,
,34.14786,1166.418,34.75542,2026-07-22 18:04:00.000,56fa2d3a-19ca-415f-9c86-457bcec8252b.binning_data.json,418,31301,,34.03634,2026-07-23 01:16:11.497,2026-07-23 01:16:11.497,,35.702778,35.967514,33.366554,,34.14786,UTC+0530,NtSgKtj6xT,,com.sec.android.app.shealth,2026-07-23 01:16:00.000,56fa2d3a-19ca-415f-9c86-457bcec8252b,
,34.48231,1189.4774,34.737457,2026-07-23 16:57:00.000,a2043694-6a85-4289-a755-afc030c8e345.binning_data.json,506,31301,,34.01306,2026-07-24 01:39:07.375,2026-07-24 01:39:07.375,,35.724167,36.100407,33.377377,,34.48231,UTC+0530,NtSgKtj6xT,,com.sec.android.app.shealth,2026-07-24 01:39:00.000,a2043694-6a85-4289-a755-afc030c8e345,
,34.268604,1174.9742,34.71495,2026-07-24 17:04:00.000,d42360c1-b3e9-4b9e-9ed1-89e4b4ddce07.binning_data.json,500,31301,,33.998486,2026-07-25 01:38:26.661,2026-07-25 01:38:26.661,,35.740173,35.93987,32.16721,,34.268604,UTC+0530,NtSgKtj6xT,,com.sec.android.app.shealth,2026-07-25 01:38:00.000,d42360c1-b3e9-4b9e-9ed1-89e4b4ddce07,
,34.561436,1194.7272,34.71008,2026-07-25 17:16:00.000,f3c10ea0-570e-4251-bf43-0319bdfb3397.binning_data.json,397,31301,,33.998486,2026-07-26 00:15:21.526,2026-07-26 00:15:21.526,,35.750572,35.640007,33.198326,,34.561436,UTC+0530,NtSgKtj6xT,,com.sec.android.app.shealth,2026-07-26 00:12:00.000,f3c10ea0-570e-4251-bf43-0319bdfb3397,
,35.201176,1239.1471,34.70558,2026-07-26 00:39:00.000,71fa2537-f078-4587-95e5-def3370e55a9.binning_data.json,31,31301,,33.977314,2026-07-26 01:23:33.719,2026-07-26 01:23:33.719,,35.7475,35.369213,34.94889,,35.201176,UTC+0530,NtSgKtj6xT,,com.sec.android.app.shealth,2026-07-26 01:23:00.000,71fa2537-f078-4587-95e5-def3370e55a9,
,34.421387,1185.0226,34.70135,2026-07-26 17:47:00.000,ecfd75a9-a10b-4f3a-b2fe-6d0b817b2c5a.binning_data.json,460,31301,,33.959602,2026-07-27 01:40:39.954,2026-07-27 01:40:39.954,,35.740856,35.341274,33.44359,,34.421387,UTC+0530,NtSgKtj6xT,,com.sec.android.app.shealth,2026-07-27 01:40:00.000,ecfd75a9-a10b-4f3a-b2fe-6d0b817b2c5a,
,34.627678,1199.4779,34.690567,2026-07-27 17:21:00.000,e66ce2c3-bb11-4134-b880-81fe63c50e32.binning_data.json,471,31301,,33.924572,2026-07-28 01:28:10.234,2026-07-28 01:28:10.234,,35.731297,36.09081,33.361313,,34.627678,UTC+0530,NtSgKtj6xT,,com.sec.android.app.shealth,2026-07-28 01:28:00.000,e66ce2c3-bb11-4134-b880-81fe63c50e32,
,34.767284,1209.1549,34.685406,2026-07-28 17:06:00.000,401db102-681c-48b6-8c52-b3b7e920c4fc.binning_data.json,488,31301,,33.91664,2026-07-29 01:33:02.023,2026-07-29 01:33:02.023,,35.73017,35.80133,33.390038,,34.767284,UTC+0530,NtSgKtj6xT,,com.sec.android.app.shealth,2026-07-29 01:32:00.000,401db102-681c-48b6-8c52-b3b7e920c4fc,
,34.4,1180.3,34.7,2026-07-29 17:04:00.000,c1c36600-3cb2-4b54-b923-941a1cdcdfe2.binning_data.json,508,31301,,33.9,2026-07-30 01:48:55.650,2026-07-30 01:48:55.650,,35.7,35.7,33.4,,34.4,UTC+0530,NtSgKtj6xT,,com.sec.android.app.shealth,2026-07-30 01:48:00.000,c1c36600-3cb2-4b54-b923-941a1cdcdfe2,
,34.2,1171.4,34.7,2026-07-30 17:08:00.000,b67976dd-6af6-4706-a983-78e042679835.binning_data.json,484,31301,,33.9,2026-07-31 01:30:45.328,2026-07-31 01:30:45.328,,35.7,35.3,32.7,,34.2,UTC+0530,NtSgKtj6xT,,com.sec.android.app.shealth,2026-07-31 01:29:00.000,b67976dd-6af6-4706-a983-78e042679835,
,34.1,1159.9,34.7,2026-07-31 17:04:00.000,e3581d70-886b-4dec-9b50-cd0da7cd34fa.binning_data.json,488,31301,,33.9,2026-08-01 01:35:57.300,2026-08-01 01:35:57.300,,35.7,35.4,33.0,,34.1,UTC+0530,NtSgKtj6xT,,com.sec.android.app.shealth,2026-08-01 01:35:00.000,e3581d70-886b-4dec-9b50-cd0da7cd34fa,
,34.2,1169.2,34.6,2026-08-01 17:05:00.000,995f7e05-b4f8-43eb-9047-d84e66bfcb72.binning_data.json,541,31301,,33.8,2026-08-02 02:21:15.701,2026-08-02 02:21:15.701,,35.7,35.8,32.5,,34.2,UTC+0530,NtSgKtj6xT,,com.sec.android.app.shealth,2026-08-02 02:21:00.000,995f7e05-b4f8-43eb-9047-d84e66bfcb72,
,34.4,1187.1,34.6,2026-08-02 17:04:00.000,e5c144ac-1d5f-412a-9955-b4c477d193a8.binning_data.json,467,31301,,33.8,2026-08-03 01:07:22.069,2026-08-03 01:07:22.069,,35.7,35.8,33.2,,34.4,UTC+0530,NtSgKtj6xT,,com.sec.android.app.shealth,2026-08-03 01:07:00.000,e5c144ac-1d5f-412a-9955-b4c477d193a8,
