com.samsung.shealth.tracker.floors_day_summary,7006003,1
create_sh_ver,binning_data,modify_sh_ver,update_time,create_time,floor_count,version_code,deviceuuid,pkg_name,datauuid,day_time
62810050,,62810050,2024-10-24 20:26:01.423,2024-10-24 20:26:01.423,27,1,aqfQc5yGC4,com.sec.android.app.shealth,e3f4a400-c0e1-41c0-88fc-889cec39a40d,2024-05-15 00:00:00.000,
62810050,,62810050,2024-10-24 20:26:01.533,2024-10-24 20:26:01.533,6,1,aqfQc5yGC4,com.sec.android.app.shealth,2e9d081b-6a87-4faa-8404-2ab56191a232,2022-07-31 00:00:00.000,
62810050,,62810050,2024-10-24 20:26:01.445,2024-10-24 20:26:01.445,10,1,aqfQc5yGC4,com.sec.android.app.shealth,4bde3d93-f658-4314-816a-3437ae148939,2023-06-23 00:00:00.000,
62810050,,62810050,2024-10-24 20:26:01.614,2024-10-24 20:26:01.614,7,1,aqfQc5yGC4,com.sec.android.app.shealth,206bd9cd-ab6c-4cc7-8afc-9b1a6b73cfda,2022-01-31 00:00:00.000,
62810050,,62810050,2024-10-24 20:26:01.466,2024-10-24 20:26:01.466,42,1,aqfQc5yGC4,com.sec.android.app.shealth,85aa7483-75df-4623-be55-fc52bb926faa,2023-06-16 00:00:00.000,
62810050,,62810050,2024-10-24 20:26:01.897,2024-10-24 20:26:01.897,2,1,aqfQc5yGC4,com.sec.android.app.shealth,afcd8101-3eb8-4950-b7f9-f1e768a6acc2,2023-12-07 00:00:00.000,
62810050,,62810050,2024-10-24 20:26:01.881,2024-10-24 20:26:01.881,57,1,aqfQc5yGC4,com.sec.android.app.shealth,0884c1be-151f-4773-8edf-0c7387425960,2022-08-07 00:00:00.000,
62810050,,62810050,2024-10-24 20:26:01.494,2024-10-24 20:26:01.494,33,1,aqfQc5yGC4,com.sec.android.app.shealth,b566fd48-760f-4611-8670-c7c749010d58,2023-11-30 00:00:00.000,
62810050,d51f09b8-f454-4cc8-b012-9cd1dcd246d9.binning_data.json,62810050,2024-10-24 20:26:01.156,2024-10-24 20:26:01.156,0,2,aqfQc5yGC4,com.sec.android.app.shealth,d51f09b8-f454-4cc8-b012-9cd1dcd246d9,2024-10-25 00:00:00.000,
62810050,,62810050,2024-10-24 20:26:01.914,2024-10-24 20:26:01.914,3,1,aqfQc5yGC4,com.sec.android.app.shealth,d0bde2ef-740c-4b16-aafc-0782de68dd09,2022-01-24 00:00:00.000,
62810050,,62810050,2024-10-24 20:26:01.958,2024-10-24 20:26:01.958,67,1,aqfQc5yGC4,com.sec.android.app.shealth,5dfd230f-6ee4-4e1f-8950-dc6bc4a84bb2,2024-05-29 00:00:00.000,
62810050,,62810050,2024-10-24 20:26:01.511,2024-10-24 20:26:01.511,9,1,aqfQc5yGC4,com.sec.android.app.shealth,58ad7c01-2e30-4f82-ad46-24759b55fe7f,2021-08-24 00:00:00.000,
62810050,,62810050,2024-10-24 20:26:01.743,2024-10-24 20:26:01.743,3,1,aqfQc5yGC4,com.sec.android.app.shealth,fb90780d-a8f0-495b-afe2-372c0b8a8488,2021-08-17 00:00:00.000,
62810050,,62810050,2024-10-24 20:26:01.975,2024-10-24 20:26:01.975,36,1,aqfQc5yGC4,com.sec.android.app.shealth,867475dd-b312-4bc5-b798-dc5cb3133302,2022-08-21 00:00:00.000,
62810050,,62810050,2024-10-24 20:26:01.966,2024-10-24 20:26:01.966,9,1,aqfQc5yGC4,com.sec.android.app.shealth,8d936c3a-5a1f-4ef4-b127-a70282c24bf5,2023-07-07 00:00:00.000,
62810050,,62810050,2024-10-24 20:26:01.706,2024-10-24 20:26:01.706,3,1,aqfQc5yGC4,com.sec.android.app.shealth,b9cdc9b1-b1dc-4d02-b708-433a3924d1f3,2023-06-30 00:00:00.000,
62810050,,62810050,2024-10-24 20:26:02.064,2024-10-24 20:26:02.064,39,1,aqfQc5yGC4,com.sec.android.app.shealth,1645d4d9-7b29-41a9-9297-f046b4581d2e,2023-07-28 00:00:00.000,
62810050,,62810050,2024-10-24 20:26:01.833,2024-10-24 20:26:01.833,1,1,aqfQc5yGC4,com.sec.android.app.shealth,af4e56aa-cb0f-4fad-9e3c-cad002348daf,2021-03-10 00:00:00.000,
62810050,,62810050,2024-10-24 20:26:01.856,2024-10-24 20:26:01.856,58,1,aqfQc5yGC4,com.sec.android.app.shealth,12b9ceea-2a95-41a7-a63a-683d5cb8b421,2024-05-22 00:00:00.000,
62810050,,62810050,2024-10-24 20:26:01.983,2024-10-24 20:26:01.983,2,1,aqfQc5yGC4,com.sec.android.app.shealth,3f29cb1b-1713-4008-8ccc-49bda49a956c,2021-08-03 00:00:00.000,
62810050,,62810050,2024-10-24 20:26:02.020,2024-10-24 20:26:02.020,3,1,aqfQc5yGC4,com.sec.android.app.shealth,9ba010e0-cb94-4afd-adce-3c8183ca0120,2021-07-27 00:00:00.000,
62810050,,62810050,2024-10-24 20:26:01.799,2024-10-24 20:26:01.799,12,1,aqfQc5yGC4,com.sec.android.app.shealth,a849ccf6-b6a5-46fd-bd10-2c20f99a060f,2023-12-14 00:00:00.000,
62810050,,62810050,2024-10-24 20:26:01.948,2024-10-24 20:26:01.948,2,1,aqfQc5yGC4,com.sec.android.app.shealth,edd747e8-7609-41f6-af77-c2cb00545657,2023-01-28 00:00:00.000,
62810050,,62810050,2024-10-24 20:26:02.051,2024-10-24 20:26:02.051,12,1,aqfQc5yGC4,com.sec.android.app.shealth,d899ef9c-850b-4411-bbfc-44876ec3728b,2023-02-04 00:00:00.000,
62810050,,62810050,2024-10-24 20:26:01.939,2024-10-24 20:26:01.939,14,1,aqfQc5yGC4,com.sec.android.app.shealth,33ce3395-ad2d-4c1e-aadc-b1b02c9d4a37,2022-08-14 00:00:00.000,
62810050,,62810050,2024-10-24 20:26:02.722,2024-10-24 20:26:02.722,30,1,aqfQc5yGC4,com.sec.android.app.shealth,b24aaac2-3a42-4317-a90f-0e09d63ca322,2023-02-25 00:00:00.000,
62810050,,62810050,2024-10-24 20:26:02.041,2024-10-24 20:26:02.041,38,1,aqfQc5yGC4,com.sec.android.app.shealth,392be964-7a71-4469-9241-cdd4f3d52c90,2024-06-05 00:00:00.000,
62810050,,62810050,2024-10-24 20:26:01.993,2024-10-24 20:26:01.993,8,1,aqfQc5yGC4,com.sec.android.app.shealth,bb0296ec-8ab7-4d68-a674-20f4eae81241,2023-12-28 00:00:00.000,
62810050,,62810050,2024-10-24 20:26:02.099,2024-10-24 20:26:02.099,15,1,aqfQc5yGC4,com.sec.android.app.shealth,9da581fe-7449-40b3-a419-54639d2fd975,2023-02-11 00:00:00.000,
62810050,,62810050,2024-10-24 20:26:02.509,2024-10-24 20:26:02.509,2,1,aqfQc5yGC4,com.sec.android.app.shealth,c99983aa-8e3d-4659-969b-8434f7d09b7a,2021-12-27 00:00:00.000,
62810050,,62810050,2024-10-24 20:26:01.927,2024-10-24 20:26:01.927,4,1,aqfQc5yGC4,com.sec.android.app.shealth,afee9bf7-ce32-448c-9b59-f27cc518e7a3,2021-08-10 00:00:00.000,
62810050,,62810050,2024-10-24 20:26:02.030,2024-10-24 20:26:02.030,28,1,aqfQc5yGC4,com.sec.android.app.shealth,9133cd66-da1a-4d33-83cd-0d75790bb017,2023-07-14 00:00:00.000,
62810050,,62810050,2024-10-24 20:26:02.011,2024-10-24 20:26:02.011,60,1,aqfQc5yGC4,com.sec.android.app.shealth,af9dfe7a-b36c-4612-9aa1-55ff9b81734b,2023-07-21 00:00:00.000,
62810050,,62810050,2024-10-24 20:26:02.649,2024-10-24 20:26:02.649,11,1,aqfQc5yGC4,com.sec.android.app.shealth,93afab08-1a14-4eba-827a-31ed30ac219b,2024-01-18 00:00:00.000,
62810050,,62810050,2024-10-24 20:26:02.921,2024-10-24 20:26:02.921,4,1,aqfQc5yGC4,com.sec.android.app.shealth,abfc6a9f-adf0-4970-855e-ea515acb849c,2024-01-25 00:00:00.000,
62810050,,62810050,2024-10-24 20:26:02.823,2024-10-24 20:26:02.823,3,1,aqfQc5yGC4,com.sec.android.app.shealth,45d95e79-549b-4ed4-929a-e9523c092c93,2022-09-18 00:00:00.000,
62810050,,62810050,2024-10-24 20:26:02.260,2024-10-24 20:26:02.260,5,1,aqfQc5yGC4,com.sec.android.app.shealth,e8119778-c734-401a-9a65-4678d22c2c29,2024-01-04 00:00:00.000,
62810050,,62810050,2024-10-24 20:26:02.496,2024-10-24 20:26:02.496,6,1,aqfQc5yGC4,com.sec.android.app.shealth,f77ffbe2-200a-4dd4-bacd-b76634aec782,2023-08-04 00:00:00.000,
62810050,,62810050,2024-10-24 20:26:02.794,2024-10-24 20:26:02.794,17,1,aqfQc5yGC4,com.sec.android.app.shealth,56375883-929c-4fc0-9844-4f9109491f6c,2024-01-11 00:00:00.000,
62810050,,62810050,2024-10-24 20:26:02.581,2024-10-24 20:26:02.581,3,1,aqfQc5yGC4,com.sec.android.app.shealth,decc4d0d-5bbf-4d3a-8f06-e99eecc6acd1,2021-07-13 00:00:00.000,
62810050,,62810050,2024-10-24 20:26:02.001,2024-10-24 20:26:02.001,3,1,aqfQc5yGC4,com.sec.android.app.shealth,286b523b-fedf-4127-b3a0-27156c47d1d5,2022-01-10 00:00:00.000,
62810050,,62810050,2024-10-24 20:26:02.279,2024-10-24 20:26:02.279,5,1,aqfQc5yGC4,com.sec.android.app.shealth,8ce64ce7-7836-4c77-b759-ba8ceacfcc3d,2022-09-04 00:00:00.000,
62810050,,62810050,2024-10-24 20:26:04.202,2024-10-24 20:26:04.202,79,1,aqfQc5yGC4,com.sec.android.app.shealth,dbe1ee74-6baa-45a8-8c53-bf33a990998a,2023-04-14 00:00:00.000,
62810050,,62810050,2024-10-24 20:26:02.951,2024-10-24 20:26:02.951,60,1,aqfQc5yGC4,com.sec.android.app.shealth,2c17e47a-fa39-4699-8b99-f3a3ec044998,2023-03-04 00:00:00.000,
62810050,,62810050,2024-10-24 20:26:04.013,2024-10-24 20:26:04.013,4,1,aqfQc5yGC4,com.sec.android.app.shealth,efb99f8d-bc49-4d9e-b110-2e2c4d08b4e1,2023-08-18 00:00:00.000,
62810050,,62810050,2024-10-24 20:26:02.782,2024-10-24 20:26:02.782,55,1,aqfQc5yGC4,com.sec.android.app.shealth,c60236ed-a15c-4d4b-86e8-966be8439a16,2024-06-19 00:00:00.000,
62810050,,62810050,2024-10-24 20:26:02.813,2024-10-24 20:26:02.813,36,1,aqfQc5yGC4,com.sec.android.app.shealth,d4514b4d-0b17-4926-89cf-95560b0cdef1,2024-07-10 00:00:00.000,
62810050,,62810050,2024-10-24 20:26:04.325,2024-10-24 20:26:04.325,9,1,aqfQc5yGC4,com.sec.android.app.shealth,e2d6076f-62ba-4fa7-967b-4f7003d51501,2022-10-29 00:00:00.000,
62810050,,62810050,2024-10-24 20:26:03.340,2024-10-24 20:26:03.340,42,1,aqfQc5yGC4,com.sec.android.app.shealth,57a68da0-b5e4-4306-b6e2-2e7398c774f5,2022-09-25 00:00:00.000,
62810050,,62810050,2024-10-24 20:26:02.836,2024-10-24 20:26:02.836,7,1,aqfQc5yGC4,com.sec.android.app.shealth,ef8110b4-ee32-4b63-87ec-2050165972fc,2021-07-06 00:00:00.000,
62810050,,62810050,2024-10-24 20:26:03.964,2024-10-24 20:26:03.964,21,1,aqfQc5yGC4,com.sec.android.app.shealth,9769f10d-b275-44ca-9a0b-3af5570e32ba,2023-08-25 00:00:00.000,
62810050,,62810050,2024-10-24 20:26:04.148,2024-10-24 20:26:04.148,14,1,aqfQc5yGC4,com.sec.android.app.shealth,63ff5418-1442-4824-8275-0b14a7bde6e9,2022-05-15 00:00:00.000,
62810050,,62810050,2024-10-24 20:26:03.976,2024-10-24 20:26:03.976,4,1,aqfQc5yGC4,com.sec.android.app.shealth,77351666-82da-4883-84ee-1cb4dec2b6f8,2022-04-18 00:00:00.000,
62810050,,62810050,2024-10-24 20:26:04.506,2024-10-24 20:26:04.506,21,1,aqfQc5yGC4,com.sec.android.app.shealth,72ca1de9-0d87-45fc-bc13-3cc951a52a9c,2023-04-21 00:00:00.000,
62810050,,62810050,2024-10-24 20:26:03.012,2024-10-24 20:26:03.012,25,1,aqfQc5yGC4,com.sec.android.app.shealth,70e05fd6-4fbe-47db-9470-6d6069ba8a69,2023-03-11 00:00:00.000,
62810050,,62810050,2024-10-24 20:26:03.742,2024-10-24 20:26:03.742,32,1,aqfQc5yGC4,com.sec.android.app.shealth,ac427301-c056-41a4-8721-f02efd419e9a,2024-07-03 00:00:00.000,
62810050,,62810050,2024-10-24 20:26:04.040,2024-10-24 20:26:04.040,19,1,aqfQc5yGC4,com.sec.android.app.shealth,bf5bf107-14f0-4979-8472-9a024e0c9045,2022-10-02 00:00:00.000,
62810050,,62810050,2024-10-24 20:26:02.995,2024-10-24 20:26:02.995,62,1,aqfQc5yGC4,com.sec.android.app.shealth,e11cc0e6-163c-4869-b455-e6b65fd97db7,2024-07-17 00:00:00.000,
62810050,,62810050,2024-10-24 20:26:04.516,2024-10-24 20:26:04.516,29,1,aqfQc5yGC4,com.sec.android.app.shealth,5b74255d-5395-4a4b-bcbc-4ddfa9c104f2,2022-05-29 00:00:00.000,
62810050,,62810050,2024-10-24 20:26:02.159,2024-10-24 20:26:02.159,13,1,aqfQc5yGC4,com.sec.android.app.shealth,7e4b7afa-d6b6-4639-83cf-02071dd1e5ce,2024-06-26 00:00:00.000,
62810050,,62810050,2024-10-24 20:26:04.068,2024-10-24 20:26:04.068,10,1,aqfQc5yGC4,com.sec.android.app.shealth,5e96c835-17a9-41bc-855e-894473b3589a,2024-03-06 00:00:00.000,
62810050,,62810050,2024-10-24 20:26:02.760,2024-10-24 20:26:02.760,11,1,aqfQc5yGC4,com.sec.android.app.shealth,0ed7e2e4-7e6e-4653-b286-e9d5cf2e1c2b,2022-09-11 00:00:00.000,
62810050,,62810050,2024-10-24 20:26:03.842,2024-10-24 20:26:03.842,3,1,aqfQc5yGC4,com.sec.android.app.shealth,e4a0c6dc-4057-4462-be5d-c76b2093e094,2021-12-06 00:00:00.000,
62810050,,62810050,2024-10-24 20:26:02.981,2024-10-24 20:26:02.981,31,1,aqfQc5yGC4,com.sec.android.app.shealth,953902ef-538c-43c9-b983-a421d60496b6,2023-08-11 00:00:00.000,
62810050,,62810050,2024-10-24 20:26:04.445,2024-10-24 20:26:04.445,3,1,aqfQc5yGC4,com.sec.android.app.shealth,3f38a805-de42-4349-a9a7-69eaef2de845,2022-05-22 00:00:00.000,
62810050,,62810050,2024-10-24 20:26:04.607,2024-10-24 20:26:04.607,66,1,aqfQc5yGC4,com.sec.android.app.shealth,d6010f13-d108-4761-b5bd-5f6cdddee9e7,2024-03-20 00:00:00.000,
62810050,,62810050,2024-10-24 20:26:04.423,2024-10-24 20:26:04.423,21,1,aqfQc5yGC4,com.sec.android.app.shealth,2b5b74dc-8972-425e-a448-491ba858331d,2024-02-28 00:00:00.000,
62810050,,62810050,2024-10-24 20:26:03.996,2024-10-24 20:26:03.996,3,1,aqfQc5yGC4,com.sec.android.app.shealth,ea0ca567-c59c-4b3c-afe9-cedc6565aae9,2024-02-01 00:00:00.000,
62810050,,62810050,2024-10-24 20:26:04.548,2024-10-24 20:26:04.548,7,1,aqfQc5yGC4,com.sec.android.app.shealth,8c79749f-49fc-413c-9955-95ec3d45c3b4,2023-10-12 00:00:00.000,
62810050,,62810050,2024-10-24 20:26:04.178,2024-10-24 20:26:04.178,34,1,aqfQc5yGC4,com.sec.android.app.shealth,f6de1a99-dba4-4193-88b5-6b6e74278995,2023-04-07 00:00:00.000,
62810050,,62810050,2024-10-24 20:26:04.483,2024-10-24 20:26:04.483,1,1,aqfQc5yGC4,com.sec.android.app.shealth,5f00ad72-47f8-4907-8644-7ca878fe4fa4,2021-10-26 00:00:00.000,
62810050,,62810050,2024-10-24 20:26:04.408,2024-10-24 20:26:04.408,2,1,aqfQc5yGC4,com.sec.android.app.shealth,ee2f7182-23c2-4d80-8e50-7a0995f5dfde,2021-11-02 00:00:00.000,
62810050,,62810050,2024-10-24 20:26:04.493,2024-10-24 20:26:04.493,2,1,aqfQc5yGC4,com.sec.android.app.shealth,db0b282c-142a-400e-b034-28965384739f,2024-08-13 00:00:00.000,
62810050,,62810050,2024-10-24 20:26:04.796,2024-10-24 20:26:04.796,3,1,aqfQc5yGC4,com.sec.android.app.shealth,99b3d17f-382e-4154-b296-cb3439a627de,2022-03-21 00:00:00.000,
62810050,,62810050,2024-10-24 20:26:04.681,2024-10-24 20:26:04.681,1,1,aqfQc5yGC4,com.sec.android.app.shealth,b80d15fd-3f7a-4e5b-9c09-2c6613f1049e,2022-03-28 00:00:00.000,
62810050,,62810050,2024-10-24 20:26:04.537,2024-10-24 20:26:04.537,1,1,aqfQc5yGC4,com.sec.android.app.shealth,fec129d7-0928-47bf-afd3-b5ce41469918,2021-10-19 00:00:00.000,
62810050,,62810050,2024-10-24 20:26:04.739,2024-10-24 20:26:04.739,1,1,aqfQc5yGC4,com.sec.android.app.shealth,82a46ecc-9b49-4a8a-a186-777aca561e34,2024-08-27 00:00:00.000,
62810050,,62810050,2024-10-24 20:26:04.821,2024-10-24 20:26:04.821,6,1,aqfQc5yGC4,com.sec.android.app.shealth,2de09845-cb3a-4737-b483-0e2134b16992,2022-06-19 00:00:00.000,
62810050,,62810050,2024-10-24 20:26:04.895,2024-10-24 20:26:04.895,34,1,aqfQc5yGC4,com.sec.android.app.shealth,972d9229-12f3-47ea-a6df-cf02f0aff7f3,2023-10-26 00:00:00.000,
62810050,,62810050,2024-10-24 20:26:04.700,2024-10-24 20:26:04.700,1,1,aqfQc5yGC4,com.sec.android.app.shealth,31d4724e-cce6-4c52-af70-33b0b2aa7604,2021-10-12 00:00:00.000,
62810050,,62810050,2024-10-24 20:26:04.621,2024-10-24 20:26:04.621,30,1,aqfQc5yGC4,com.sec.android.app.shealth,619edcf9-5299-45d3-ba36-4ddc1538f7ef,2022-06-05 00:00:00.000,
62810050,,62810050,2024-10-24 20:26:05.013,2024-10-24 20:26:05.013,24,1,aqfQc5yGC4,com.sec.android.app.shealth,de87abd0-7716-443d-89d0-38966bf03498,2022-07-10 00:00:00.000,
62810050,,62810050,2024-10-24 20:26:04.839,2024-10-24 20:26:04.839,39,1,aqfQc5yGC4,com.sec.android.app.shealth,c578da6d-6471-4c19-b8ce-430fa85f41b8,2024-04-10 00:00:00.000,
62810050,,62810050,2024-10-24 20:26:04.811,2024-10-24 20:26:04.811,36,1,aqfQc5yGC4,com.sec.android.app.shealth,86d34bae-cfdb-4248-be76-99d6d7ff5e68,2024-03-27 00:00:00.000,
62810050,,62810050,2024-10-24 20:26:04.905,2024-10-24 20:26:04.905,4,1,aqfQc5yGC4,com.sec.android.app.shealth,1b5ed10d-1ec1-480e-ad0a-6353f2550ffe,2021-09-28 00:00:00.000,
62810050,,62810050,2024-10-24 20:26:04.929,2024-10-24 20:26:04.929,4,1,aqfQc5yGC4,com.sec.android.app.shealth,7b27fa86-2809-4260-a948-f5fd8de9bb40,2024-04-03 00:00:00.000,
62810050,,62810050,2024-10-24 20:26:04.469,2024-10-24 20:26:04.469,4,1,aqfQc5yGC4,com.sec.android.app.shealth,682cb5f5-006b-46c9-afd1-79bec9a4c052,2024-03-13 00:00:00.000,
62810050,,62810050,2024-10-24 20:26:05.004,2024-10-24 20:26:05.004,2,1,aqfQc5yGC4,com.sec.android.app.shealth,638f6d83-a0fd-4209-b152-db1ed68587ad,2023-11-02 00:00:00.000,
62810050,,62810050,2024-10-24 20:26:04.916,2024-10-24 20:26:04.916,4,1,aqfQc5yGC4,com.sec.android.app.shealth,5d4a3b84-854d-4467-9727-94a2bfc7de43,2022-06-26 00:00:00.000,
62810050,,62810050,2024-10-24 20:26:04.558,2024-10-24 20:26:04.558,6,1,aqfQc5yGC4,com.sec.android.app.shealth,8dd488e0-f649-4594-b4b4-8c103119c8f7,2022-11-12 00:00:00.000,
62810050,,62810050,2024-10-24 20:26:04.856,2024-10-24 20:26:04.856,25,1,aqfQc5yGC4,com.sec.android.app.shealth,0268c4f5-4dee-47ec-9e87-ac21f55f2d4d,2023-05-19 00:00:00.000,
62810050,,62810050,2024-10-24 20:26:04.770,2024-10-24 20:26:04.770,19,1,aqfQc5yGC4,com.sec.android.app.shealth,c6ab2caf-9b5b-4375-8ba5-2052a41d9794,2022-06-12 00:00:00.000,
62810050,,62810050,2024-10-24 20:26:04.883,2024-10-24 20:26:04.883,1,1,aqfQc5yGC4,com.sec.android.app.shealth,2beb8ff5-b9f7-4a99-9495-fe04c370ff1c,2022-12-03 00:00:00.000,
62810050,,62810050,2024-10-24 20:26:04.868,2024-10-24 20:26:04.868,10,1,aqfQc5yGC4,com.sec.android.app.shealth,1902282c-9e7f-4a0c-b6c2-36edd0f371f4,2023-05-12 00:00:00.000,
62810050,,62810050,2024-10-24 20:26:05.115,2024-10-24 20:26:05.115,2,1,aqfQc5yGC4,com.sec.android.app.shealth,fd48628a-963c-4127-aa95-9eade1bf9af8,2021-09-07 00:00:00.000,
62810050,,62810050,2024-10-24 20:26:04.759,2024-10-24 20:26:04.759,1,1,aqfQc5yGC4,com.sec.android.app.shealth,617e3e5a-4d2f-4a23-b39d-d843dce2ac60,2023-05-05 00:00:00.000,
62810050,,62810050,2024-10-24 20:26:04.847,2024-10-24 20:26:04.847,2,1,aqfQc5yGC4,com.sec.android.app.shealth,89c8bc9d-cef8-4e3c-a576-c163f66e0d2d,2022-03-14 00:00:00.000,
62810050,,62810050,2024-10-24 20:26:04.724,2024-10-24 20:26:04.724,35,1,aqfQc5yGC4,com.sec.android.app.shealth,a057db26-d223-4fb1-a721-194786943fcf,2023-10-19 00:00:00.000,
62810050,,62810050,2024-10-24 20:26:04.525,2024-10-24 20:26:04.525,19,1,aqfQc5yGC4,com.sec.android.app.shealth,4b0b7a33-00fd-4922-b8e8-f5b45a5f6b94,2023-09-28 00:00:00.000,
62810050,,62810050,2024-10-24 20:26:04.968,2024-10-24 20:26:04.968,38,1,aqfQc5yGC4,com.sec.android.app.shealth,bd4d4f22-e17d-4989-8c2c-0f155f1a2a88,2024-04-17 00:00:00.000,
62810050,,62810050,2024-10-24 20:26:04.988,2024-10-24 20:26:04.988,38,1,aqfQc5yGC4,com.sec.android.app.shealth,c07b3fab-66cf-4376-91fc-de4e48d4db25,2022-07-03 00:00:00.000,
62810050,,62810050,2024-10-24 20:26:05.069,2024-10-24 20:26:05.069,36,1,aqfQc5yGC4,com.sec.android.app.shealth,d4f0cf8e-a1ac-48e8-b28f-bcfdd43e563a,2024-05-08 00:00:00.000,
62810050,,62810050,2024-10-24 20:26:05.292,2024-10-24 20:26:05.292,3,1,aqfQc5yGC4,com.sec.android.app.shealth,d01016a2-ebde-4e80-9de9-0eeb2ee08d40,2022-02-20 00:00:00.000,
62810050,,62810050,2024-10-24 20:26:05.219,2024-10-24 20:26:05.219,28,1,aqfQc5yGC4,com.sec.android.app.shealth,21b2617b-a812-4624-af0f-d2c612401792,2024-06-04 00:00:00.000,
62810050,,62810050,2024-10-24 20:26:05.123,2024-10-24 20:26:05.123,6,1,aqfQc5yGC4,com.sec.android.app.shealth,28d3efc7-2e9d-4226-a692-d4cdf7629db3,2022-07-17 00:00:00.000,
62810050,,62810050,2024-10-24 20:26:05.207,2024-10-24 20:26:05.207,13,1,aqfQc5yGC4,com.sec.android.app.shealth,26321620-8ae5-4955-949d-d2b707be4410,2022-08-13 00:00:00.000,
62810050,,62810050,2024-10-24 20:26:05.240,2024-10-24 20:26:05.240,126,1,aqfQc5yGC4,com.sec.android.app.shealth,db0f2b49-5af3-41e5-8312-6a092d522713,2023-07-13 00:00:00.000,
62810050,,62810050,2024-10-24 20:26:04.996,2024-10-24 20:26:04.996,1,1,aqfQc5yGC4,com.sec.android.app.shealth,6dc97644-14ce-414e-a963-6d23075b03ee,2022-02-28 00:00:00.000,
62810050,,62810050,2024-10-24 20:26:05.329,2024-10-24 20:26:05.329,10,1,aqfQc5yGC4,com.sec.android.app.shealth,8bfe096f-e7e6-4f22-be89-0f8f6f015fc6,2023-02-10 00:00:00.000,
62810050,,62810050,2024-10-24 20:26:05.106,2024-10-24 20:26:05.106,29,1,aqfQc5yGC4,com.sec.android.app.shealth,a08d7dbb-84a3-49ab-80ee-4814fe955479,2023-11-23 00:00:00.000,
62810050,,62810050,2024-10-24 20:26:04.952,2024-10-24 20:26:04.952,1,1,aqfQc5yGC4,com.sec.android.app.shealth,3abe6c82-fb53-4df2-9d00-07fb4ab00dde,2022-03-07 00:00:00.000,
62810050,,62810050,2024-10-24 20:26:04.977,2024-10-24 20:26:04.977,3,1,aqfQc5yGC4,com.sec.android.app.shealth,fb045114-c8e8-4b28-8951-85d266587418,2021-09-21 00:00:00.000,
62810050,,62810050,2024-10-24 20:26:05.045,2024-10-24 20:26:05.045,20,1,aqfQc5yGC4,com.sec.android.app.shealth,09654d8e-2713-420e-b778-38d0486a82a8,2023-06-02 00:00:00.000,
62810050,,62810050,2024-10-24 20:26:05.231,2024-10-24 20:26:05.231,1,1,aqfQc5yGC4,com.sec.android.app.shealth,3504ba97-a24b-4068-8e8b-a5e8855b5b9a,2022-02-27 00:00:00.000,
62810050,,62810050,2024-10-24 20:26:05.309,2024-10-24 20:26:05.309,6,1,aqfQc5yGC4,com.sec.android.app.shealth,f2bd84bd-9afd-40b6-93b8-b36a8ffebfcb,2024-01-03 00:00:00.000,
62810050,,62810050,2024-10-24 20:26:05.021,2024-10-24 20:26:05.021,2,1,aqfQc5yGC4,com.sec.android.app.shealth,0b2aa0c4-06fe-422c-ac9e-083a3766dbee,2023-11-16 00:00:00.000,
62810050,,62810050,2024-10-24 20:26:04.941,2024-10-24 20:26:04.941,59,1,aqfQc5yGC4,com.sec.android.app.shealth,e89580f6-60a1-4f38-b3af-4f3060b69373,2023-05-26 00:00:00.000,
62810050,,62810050,2024-10-24 20:26:05.318,2024-10-24 20:26:05.318,5,1,aqfQc5yGC4,com.sec.android.app.shealth,4e518eba-8809-4f98-b48e-a40782cc64ac,2023-02-03 00:00:00.000,
62810050,,62810050,2024-10-24 20:26:05.273,2024-10-24 20:26:05.273,2,1,aqfQc5yGC4,com.sec.android.app.shealth,a7f19dae-dcfd-4808-9695-c0bc9c922dbf,2021-09-13 00:00:00.000,
62810050,,62810050,2024-10-24 20:26:05.534,2024-10-24 20:26:05.534,4,1,aqfQc5yGC4,com.sec.android.app.shealth,403f9bbd-dc83-4433-8f33-8bdf495f844a,2021-08-23 00:00:00.000,
62810050,,62810050,2024-10-24 20:26:05.037,2024-10-24 20:26:05.037,1,1,aqfQc5yGC4,com.sec.android.app.shealth,44111f93-c10f-401d-90fb-aa9d7219fc1f,2023-11-09 00:00:00.000,
62810050,,62810050,2024-10-24 20:26:05.282,2024-10-24 20:26:05.282,58,1,aqfQc5yGC4,com.sec.android.app.shealth,525dd5fb-874f-4d50-895b-083875175cd9,2023-07-20 00:00:00.000,
62810050,,62810050,2024-10-24 20:26:05.187,2024-10-24 20:26:05.187,1,1,aqfQc5yGC4,com.sec.android.app.shealth,b3c4b4e1-4946-421f-8c86-c7f4861a3d7c,2022-12-31 00:00:00.000,
62810050,,62810050,2024-10-24 20:26:05.136,2024-10-24 20:26:05.136,1,1,aqfQc5yGC4,com.sec.android.app.shealth,9fcae81b-ce49-4b5a-98f6-6f5ecd550d5b,2021-08-31 00:00:00.000,
62810050,,62810050,2024-10-24 20:26:05.748,2024-10-24 20:26:05.748,1,1,aqfQc5yGC4,com.sec.android.app.shealth,d6a10889-d392-4cbe-9f37-f96512ea988b,2022-04-10 00:00:00.000,
62810050,,62810050,2024-10-24 20:26:05.486,2024-10-24 20:26:05.486,152,1,aqfQc5yGC4,com.sec.android.app.shealth,eca97004-558f-451f-ab61-b1a38cc68c31,2023-07-27 00:00:00.000,
62810050,,62810050,2024-10-24 20:26:05.174,2024-10-24 20:26:05.174,62,1,aqfQc5yGC4,com.sec.android.app.shealth,a23a2baf-97f7-49ad-aa03-f5f5a9ba8a7c,2024-05-01 00:00:00.000,
62810050,,62810050,2024-10-24 20:26:05.253,2024-10-24 20:26:05.253,41,1,aqfQc5yGC4,com.sec.android.app.shealth,7814b029-88f4-4550-853e-93ac2f375b23,2024-06-11 00:00:00.000,
62810050,,62810050,2024-10-24 20:26:05.477,2024-10-24 20:26:05.477,40,1,aqfQc5yGC4,com.sec.android.app.shealth,ef224770-225f-4146-a936-20b84e2de2fb,2024-01-10 00:00:00.000,
62810050,,62810050,2024-10-24 20:26:05.421,2024-10-24 20:26:05.421,1,1,aqfQc5yGC4,com.sec.android.app.shealth,587b846c-3740-4393-aaa3-5f429e737233,2021-08-30 00:00:00.000,
62810050,,62810050,2024-10-24 20:26:05.449,2024-10-24 20:26:05.449,27,1,aqfQc5yGC4,com.sec.android.app.shealth,37aad0e9-5949-4f9e-9b77-20fc14860f89,2024-06-25 00:00:00.000,
62810050,,62810050,2024-10-24 20:26:05.402,2024-10-24 20:26:05.402,1,1,aqfQc5yGC4,com.sec.android.app.shealth,b0cc388f-408a-4463-b1bf-6ccc440c4afe,2021-09-06 00:00:00.000,
62810050,,62810050,2024-10-24 20:26:05.542,2024-10-24 20:26:05.542,1,1,aqfQc5yGC4,com.sec.android.app.shealth,c6f9ba13-664a-4499-885b-011228c95aea,2022-01-30 00:00:00.000,
62810050,,62810050,2024-10-24 20:26:05.576,2024-10-24 20:26:05.576,6,1,aqfQc5yGC4,com.sec.android.app.shealth,5a97db36-04c5-4289-b5c0-057941169aab,2021-08-16 00:00:00.000,
62810050,,62810050,2024-10-24 20:26:05.516,2024-10-24 20:26:05.516,25,1,aqfQc5yGC4,com.sec.android.app.shealth,ce93bb2a-83a3-4e3c-9278-1004f2259bc7,2022-09-10 00:00:00.000,
62810050,,62810050,2024-10-24 20:26:05.467,2024-10-24 20:26:05.467,16,1,aqfQc5yGC4,com.sec.android.app.shealth,04334dac-b6e8-4354-bb04-5164855adf5f,2022-09-03 00:00:00.000,
62810050,,62810050,2024-10-24 20:26:05.703,2024-10-24 20:26:05.703,2,1,aqfQc5yGC4,com.sec.android.app.shealth,ffa31433-0b33-4748-880b-c811189d6a9c,2023-03-03 00:00:00.000,
62810050,,62810050,2024-10-24 20:26:05.428,2024-10-24 20:26:05.428,1,1,aqfQc5yGC4,com.sec.android.app.shealth,14d53864-7e93-4cd7-b1a0-f2c4ca666f12,2019-11-08 00:00:00.000,
62810050,,62810050,2024-10-24 20:26:06.067,2024-10-24 20:26:06.067,4,1,aqfQc5yGC4,com.sec.android.app.shealth,97f3fbc7-5011-402e-ade6-25900439144e,2022-10-08 00:00:00.000,
62810050,,62810050,2024-10-24 20:26:05.716,2024-10-24 20:26:05.716,1,1,aqfQc5yGC4,com.sec.android.app.shealth,94cb2c47-edc5-475e-87d3-4f7d5568e059,2019-10-18 00:00:00.000,
62810050,,62810050,2024-10-24 20:26:05.550,2024-10-24 20:26:05.550,10,1,aqfQc5yGC4,com.sec.android.app.shealth,ff233ff8-5c1c-4219-8b3a-95b8cb1d850a,2023-08-10 00:00:00.000,
62810050,,62810050,2024-10-24 20:26:05.675,2024-10-24 20:26:05.675,21,1,aqfQc5yGC4,com.sec.android.app.shealth,6a57d935-043b-41a3-bfe2-d2534e7ce1ae,2023-02-24 00:00:00.000,
62810050,,62810050,2024-10-24 20:26:05.690,2024-10-24 20:26:05.690,2,1,aqfQc5yGC4,com.sec.android.app.shealth,bcce4b48-d578-4b8d-a056-bf69795777b4,2023-08-17 00:00:00.000,
62810050,,62810050,2024-10-24 20:26:05.880,2024-10-24 20:26:05.880,12,1,aqfQc5yGC4,com.sec.android.app.shealth,a5638af3-0fe2-4e81-bd07-c1bcb328e884,2022-10-01 00:00:00.000,
62810050,,62810050,2024-10-24 20:26:05.494,2024-10-24 20:26:05.494,4,1,aqfQc5yGC4,com.sec.android.app.shealth,58605ddd-c25a-4d8a-944d-9c6a87611a39,2024-07-02 00:00:00.000,
62810050,,62810050,2024-10-24 20:26:05.737,2024-10-24 20:26:05.737,3,1,aqfQc5yGC4,com.sec.android.app.shealth,c6a8360f-4600-453a-b85a-3c902e085df5,2022-01-23 00:00:00.000,
62810050,,62810050,2024-10-24 20:26:06.210,2024-10-24 20:26:06.210,3,1,aqfQc5yGC4,com.sec.android.app.shealth,c8f8353e-dbe4-44b4-a5e6-0fc6714f88ba,2021-07-19 00:00:00.000,
62810050,,62810050,2024-10-24 20:26:05.640,2024-10-24 20:26:05.640,12,1,aqfQc5yGC4,com.sec.android.app.shealth,ee2df525-1a6a-4f07-9b6a-fed5f0a6b22d,2024-01-17 00:00:00.000,
62810050,,62810050,2024-10-24 20:26:05.848,2024-10-24 20:26:05.848,5,1,aqfQc5yGC4,com.sec.android.app.shealth,d544f781-aefe-44a2-9c45-b15d69f33094,2024-02-07 00:00:00.000,
62810050,,62810050,2024-10-24 20:26:05.858,2024-10-24 20:26:05.858,1,1,aqfQc5yGC4,com.sec.android.app.shealth,092719b7-480a-4626-b24b-6c5ecf6cc575,2022-04-17 00:00:00.000,
62810050,,62810050,2024-10-24 20:26:05.990,2024-10-24 20:26:05.990,2,1,aqfQc5yGC4,com.sec.android.app.shealth,bbe00c84-ef96-4d2c-a771-d95a46d0db42,2024-01-31 00:00:00.000,
62810050,,62810050,2024-10-24 20:26:05.827,2024-10-24 20:26:05.827,9,1,aqfQc5yGC4,com.sec.android.app.shealth,291de0f0-ade6-46e5-96e7-a58688230af5,2024-01-24 00:00:00.000,
62810050,,62810050,2024-10-24 20:26:05.869,2024-10-24 20:26:05.869,2,1,aqfQc5yGC4,com.sec.android.app.shealth,b6cba09e-61de-4bd5-b4a5-5191b0d2a240,2021-08-02 00:00:00.000,
62810050,,62810050,2024-10-24 20:26:05.840,2024-10-24 20:26:05.840,6,1,aqfQc5yGC4,com.sec.android.app.shealth,2ad47a60-c495-499a-bc91-38a1f594c684,2021-08-09 00:00:00.000,
62810050,,62810050,2024-10-24 20:26:05.526,2024-10-24 20:26:05.526,119,1,aqfQc5yGC4,com.sec.android.app.shealth,607ab03f-d053-4d40-ae77-0a165373d33b,2024-06-18 00:00:00.000,
62810050,,62810050,2024-10-24 20:26:05.778,2024-10-24 20:26:05.778,83,1,aqfQc5yGC4,com.sec.android.app.shealth,dd57f194-fda7-4328-97f2-710e9aaed833,2024-07-16 00:00:00.000,
62810050,,62810050,2024-10-24 20:26:05.923,2024-10-24 20:26:05.923,9,1,aqfQc5yGC4,com.sec.android.app.shealth,31365f68-e56f-4751-b9a7-a923b9560908,2023-03-17 00:00:00.000,
62810050,,62810050,2024-10-24 20:26:06.032,2024-10-24 20:26:06.032,1,1,aqfQc5yGC4,com.sec.android.app.shealth,753f9bd7-20a4-4fcb-96a6-98ce7c502f43,2022-04-24 00:00:00.000,
62810050,,62810050,2024-10-24 20:26:06.054,2024-10-24 20:26:06.054,9,1,aqfQc5yGC4,com.sec.android.app.shealth,b1ffe197-5f35-4f52-ba33-35f4a8012f14,2024-02-14 00:00:00.000,
62810050,,62810050,2024-10-24 20:26:05.950,2024-10-24 20:26:05.950,26,1,aqfQc5yGC4,com.sec.android.app.shealth,0ad25e4d-3446-4635-8a06-e63e8cf75024,2023-08-24 00:00:00.000,
62810050,,62810050,2024-10-24 20:26:06.193,2024-10-24 20:26:06.193,3,1,aqfQc5yGC4,com.sec.android.app.shealth,502c155a-5dbe-4f1b-acda-fefc29b73342,2022-10-15 00:00:00.000,
62810050,,62810050,2024-10-24 20:26:06.185,2024-10-24 20:26:06.185,1,1,aqfQc5yGC4,com.sec.android.app.shealth,64b645a0-7cc2-4410-92c3-6a2e847ba15a,2023-03-31 00:00:00.000,
62810050,,62810050,2024-10-24 20:26:05.888,2024-10-24 20:26:05.888,1,1,aqfQc5yGC4,com.sec.android.app.shealth,5c98cabd-dcb3-41cd-8e0f-cd3a3e82532b,2023-03-10 00:00:00.000,
62810050,,62810050,2024-10-24 20:26:05.029,2024-10-24 20:26:05.029,9,1,aqfQc5yGC4,com.sec.android.app.shealth,237db065-cc0d-4302-8abc-bf4785cb4c4c,2024-04-24 00:00:00.000,
62810050,,62810050,2024-10-24 20:26:06.342,2024-10-24 20:26:06.342,5,1,aqfQc5yGC4,com.sec.android.app.shealth,4d6cd405-25f0-4348-9f35-379bf615070f,2022-06-04 00:00:00.000,
62810050,,62810050,2024-10-24 20:26:06.201,2024-10-24 20:26:06.201,48,1,aqfQc5yGC4,com.sec.android.app.shealth,8f4ef742-349f-4eb6-9dd7-7a2221e10aea,2024-07-23 00:00:00.000,
62810050,,62810050,2024-10-24 20:26:06.088,2024-10-24 20:26:06.088,13,1,aqfQc5yGC4,com.sec.android.app.shealth,7db5f12c-d658-4f0d-a2a1-a38ffb6f1cc0,2023-08-31 00:00:00.000,
62810050,,62810050,2024-10-24 20:26:06.428,2024-10-24 20:26:06.428,18,1,aqfQc5yGC4,com.sec.android.app.shealth,cb7210bf-b03f-4981-b130-cff7c717b8fe,2022-06-11 00:00:00.000,
62810050,,62810050,2024-10-24 20:26:06.322,2024-10-24 20:26:06.322,29,1,aqfQc5yGC4,com.sec.android.app.shealth,cdb79d58-15ea-4850-a70e-f9cf1ad4e17f,2024-03-26 00:00:00.000,
62810050,,62810050,2024-10-24 20:26:06.446,2024-10-24 20:26:06.446,66,1,aqfQc5yGC4,com.sec.android.app.shealth,3ba1ecfe-9749-4235-894c-b70cc3cdeb97,2023-05-11 00:00:00.000,
62810050,,62810050,2024-10-24 20:26:06.298,2024-10-24 20:26:06.298,3,1,aqfQc5yGC4,com.sec.android.app.shealth,d19cece3-be3a-4456-a1ee-8f451f7e02b0,2022-10-22 00:00:00.000,
62810050,,62810050,2024-10-24 20:26:06.454,2024-10-24 20:26:06.454,19,1,aqfQc5yGC4,com.sec.android.app.shealth,ca19596d-ff42-47b5-910a-cb4e30f06a4b,2024-04-02 00:00:00.000,
62810050,,62810050,2024-10-24 20:26:05.264,2024-10-24 20:26:05.264,44,1,aqfQc5yGC4,com.sec.android.app.shealth,9950d47b-4b03-449f-8a60-a064bdfe744a,2022-08-20 00:00:00.000,
62810050,,62810050,2024-10-24 20:26:05.413,2024-10-24 20:26:05.413,6,1,aqfQc5yGC4,com.sec.android.app.shealth,829ec4cf-41d6-4826-a4a4-e79f9d5052f9,2023-12-27 00:00:00.000,
62810050,,62810050,2024-10-24 20:26:05.162,2024-10-24 20:26:05.162,23,1,aqfQc5yGC4,com.sec.android.app.shealth,0aedee1e-71f9-4d92-99b2-4ee9572a100d,2023-06-09 00:00:00.000,
62810050,,62810050,2024-10-24 20:26:06.151,2024-10-24 20:26:06.151,1,1,aqfQc5yGC4,com.sec.android.app.shealth,13a44b8a-0683-4ed8-8f16-89b3353b8d04,2022-01-02 00:00:00.000,
62810050,,62810050,2024-10-24 20:26:06.388,2024-10-24 20:26:06.388,1,1,aqfQc5yGC4,com.sec.android.app.shealth,0d085958-3f33-4b5a-9aeb-fcf11f366a0d,2020-01-31 00:00:00.000,
62810050,,62810050,2024-10-24 20:26:06.276,2024-10-24 20:26:06.276,4,1,aqfQc5yGC4,com.sec.android.app.shealth,2e7591a7-5dfd-4c63-8f2e-3a906041db13,2023-09-07 00:00:00.000,
62810050,,62810050,2024-10-24 20:26:06.286,2024-10-24 20:26:06.286,16,1,aqfQc5yGC4,com.sec.android.app.shealth,28a14012-a468-426b-8b24-4bd65e2a8c9a,2024-02-21 00:00:00.000,
62810050,,62810050,2024-10-24 20:26:06.172,2024-10-24 20:26:06.172,1,1,aqfQc5yGC4,com.sec.android.app.shealth,72e9e18e-628a-421d-bd46-6e0fcce10008,2024-08-06 00:00:00.000,
62810050,,62810050,2024-10-24 20:26:05.665,2024-10-24 20:26:05.665,28,1,aqfQc5yGC4,com.sec.android.app.shealth,7b24e260-e59c-40ed-8a2a-853405df1959,2022-09-17 00:00:00.000,
62810050,,62810050,2024-10-24 20:26:06.308,2024-10-24 20:26:06.308,1,1,aqfQc5yGC4,com.sec.android.app.shealth,0a06d1a7-b156-4faf-b2ed-5d8894450c3f,2021-11-29 00:00:00.000,
62810050,,62810050,2024-10-24 20:26:06.437,2024-10-24 20:26:06.437,57,1,aqfQc5yGC4,com.sec.android.app.shealth,a8f5894c-cd20-47f8-869f-21f443feafb9,2024-03-19 00:00:00.000,
62810050,,62810050,2024-10-24 20:26:06.228,2024-10-24 20:26:06.228,43,1,aqfQc5yGC4,com.sec.android.app.shealth,782f4175-b453-45b6-88ef-9722a4448332,2023-09-14 00:00:00.000,
62810050,,62810050,2024-10-24 20:26:06.572,2024-10-24 20:26:06.572,26,1,aqfQc5yGC4,com.sec.android.app.shealth,0a25a485-4826-4b8a-8d4d-badec71f6bde,2024-04-09 00:00:00.000,
62810050,,62810050,2024-10-24 20:26:05.505,2024-10-24 20:26:05.505,3,1,aqfQc5yGC4,com.sec.android.app.shealth,8e39065a-493d-40ba-878a-77402a1e0aee,2021-03-09 00:00:00.000,
62810050,,62810050,2024-10-24 20:26:06.418,2024-10-24 20:26:06.418,3,1,aqfQc5yGC4,com.sec.android.app.shealth,9dbd063e-e14d-4a2f-bf70-1ed570e2ad33,2021-11-22 00:00:00.000,
62810050,,62810050,2024-10-24 20:26:06.520,2024-10-24 20:26:06.520,80,1,aqfQc5yGC4,com.sec.android.app.shealth,2097fb42-1ebe-4fd9-9518-7f0e1262a861,2023-05-18 00:00:00.000,
62810050,,62810050,2024-10-24 20:26:06.535,2024-10-24 20:26:06.535,21,1,aqfQc5yGC4,com.sec.android.app.shealth,60ab7f01-6251-410f-9303-4daf32417cbd,2023-11-01 00:00:00.000,
62810050,,62810050,2024-10-24 20:26:06.561,2024-10-24 20:26:06.561,64,1,aqfQc5yGC4,com.sec.android.app.shealth,f79efe90-31d2-4f7c-846d-9fa4dc4e3b81,2022-06-25 00:00:00.000,
62810050,,62810050,2024-10-24 20:26:06.361,2024-10-24 20:26:06.361,44,1,aqfQc5yGC4,com.sec.android.app.shealth,2919aeed-0afb-44c4-8319-59f17d91957b,2023-10-11 00:00:00.000,
62810050,,62810050,2024-10-24 20:26:06.483,2024-10-24 20:26:06.483,1,1,aqfQc5yGC4,com.sec.android.app.shealth,aa1a68c6-03cf-4ab4-9c23-8f9441d89074,2021-11-15 00:00:00.000,
62810050,,62810050,2024-10-24 20:26:05.789,2024-10-24 20:26:05.789,5,1,aqfQc5yGC4,com.sec.android.app.shealth,721aef13-640e-42ef-9446-b811522cb698,2022-09-24 00:00:00.000,
62810050,,62810050,2024-10-24 20:26:05.910,2024-10-24 20:26:05.910,50,1,aqfQc5yGC4,com.sec.android.app.shealth,559922fb-d3c3-416e-9870-9f75e20a143b,2024-07-09 00:00:00.000,
62810050,,62810050,2024-10-24 20:26:06.129,2024-10-24 20:26:06.129,1,1,aqfQc5yGC4,com.sec.android.app.shealth,e98d1bf5-c248-4128-92c6-4173c81ca6f5,2022-05-01 00:00:00.000,
62810050,,62810050,2024-10-24 20:26:06.237,2024-10-24 20:26:06.237,11,1,aqfQc5yGC4,com.sec.android.app.shealth,f1badde9-44a2-43e1-abb6-e882c2fa375d,2022-05-08 00:00:00.000,
62810050,,62810050,2024-10-24 20:26:06.379,2024-10-24 20:26:06.379,8,1,aqfQc5yGC4,com.sec.android.app.shealth,2972546c-6a48-49dd-82da-5cce2ec59f65,2023-04-27 00:00:00.000,
62810050,,62810050,2024-10-24 20:26:06.497,2024-10-24 20:26:06.497,23,1,aqfQc5yGC4,com.sec.android.app.shealth,737724b5-b365-4eca-a2ef-347b242319bc,2023-10-18 00:00:00.000,
62810050,,62810050,2024-10-24 20:26:06.695,2024-10-24 20:26:06.695,112,1,aqfQc5yGC4,com.sec.android.app.shealth,c16ef9c8-e81f-423c-84bc-a738154b3ab9,2023-05-25 00:00:00.000,
62810050,,62810050,2024-10-24 20:26:06.704,2024-10-24 20:26:06.704,1,1,aqfQc5yGC4,com.sec.android.app.shealth,7e7a63ac-c2a2-46b4-8cb9-7797b5f0ab1f,2022-12-16 00:00:00.000,
62810050,,62810050,2024-10-24 20:26:06.721,2024-10-24 20:26:06.721,1,1,aqfQc5yGC4,com.sec.android.app.shealth,55ab172a-25ac-42f7-a8e3-56657063f5c5,2024-09-23 00:00:00.000,
62810050,,62810050,2024-10-24 20:26:06.736,2024-10-24 20:26:06.736,27,1,aqfQc5yGC4,com.sec.android.app.shealth,71ae3a93-20dc-4326-ad0a-0faa0cac32b8,2022-07-09 00:00:00.000,
62810050,,62810050,2024-10-24 20:26:06.962,2024-10-24 20:26:06.962,33,1,aqfQc5yGC4,com.sec.android.app.shealth,288103e1-537a-4556-9745-da0a3bfe5f02,2023-06-01 00:00:00.000,
62810050,,62810050,2024-10-24 20:26:06.854,2024-10-24 20:26:06.854,1,1,aqfQc5yGC4,com.sec.android.app.shealth,7f458a62-24aa-4298-8395-c457e828d4f0,2022-12-23 00:00:00.000,
62810050,,62810050,2024-10-24 20:26:06.647,2024-10-24 20:26:06.647,9,1,aqfQc5yGC4,com.sec.android.app.shealth,e5c88d0b-04f5-471a-bb68-c11d39b08f72,2023-10-25 00:00:00.000,
62810050,,62810050,2024-10-24 20:26:06.656,2024-10-24 20:26:06.656,12,1,aqfQc5yGC4,com.sec.android.app.shealth,d00b9e7f-ffc4-4afb-8dde-602d9baa9ee9,2022-07-02 00:00:00.000,
62810050,,62810050,2024-10-24 20:26:06.875,2024-10-24 20:26:06.875,110,1,aqfQc5yGC4,com.sec.android.app.shealth,56d4cd42-9927-458b-bd76-479d949ee4f9,2024-04-30 00:00:00.000,
62810050,,62810050,2024-10-24 20:26:07.340,2024-10-24 20:26:07.340,18,1,aqfQc5yGC4,com.sec.android.app.shealth,966827d0-755f-42c6-8fa3-0348523208b4,2023-06-15 00:00:00.000,
62810050,,62810050,2024-10-24 20:26:06.675,2024-10-24 20:26:06.675,19,1,aqfQc5yGC4,com.sec.android.app.shealth,6df5bc8f-827a-403f-a880-a62a6a033700,2024-04-16 00:00:00.000,
62810050,,62810050,2024-10-24 20:26:07.374,2024-10-24 20:26:07.374,4,1,aqfQc5yGC4,com.sec.android.app.shealth,9779fc16-70aa-4732-94b0-7113b91c40e3,2022-07-23 00:00:00.000,
62810050,,62810050,2024-10-24 20:26:07.406,2024-10-24 20:26:07.406,4,1,aqfQc5yGC4,com.sec.android.app.shealth,c88f1c2b-4f33-48c0-afaf-e48115529d89,2022-03-20 00:00:00.000,
62810050,,62810050,2024-10-24 20:26:07.200,2024-10-24 20:26:07.200,1,1,aqfQc5yGC4,com.sec.android.app.shealth,31ef2933-f449-4b66-a2cb-c90a171e97bc,2023-11-15 00:00:00.000,
62810050,,62810050,2024-10-24 20:26:07.365,2024-10-24 20:26:07.365,46,1,aqfQc5yGC4,com.sec.android.app.shealth,45f143d6-22fb-4280-9ac8-0fe4add42289,2024-05-07 00:00:00.000,
62810050,,62810050,2024-10-24 20:26:06.923,2024-10-24 20:26:06.923,4,1,aqfQc5yGC4,com.sec.android.app.shealth,668adc7d-4e0d-4ddd-969f-9d2811992495,2021-10-25 00:00:00.000,
62810050,,62810050,2024-10-24 20:26:07.350,2024-10-24 20:26:07.350,3,1,aqfQc5yGC4,com.sec.android.app.shealth,737397c1-4029-496d-9e94-511cc9930ebd,2022-03-27 00:00:00.000,
62810050,,62810050,2024-10-24 20:26:07.475,2024-10-24 20:26:07.475,5,1,aqfQc5yGC4,com.sec.android.app.shealth,3041c3fe-bb9f-4310-ae6e-08548b09bc2a,2024-05-14 00:00:00.000,
62810050,,62810050,2024-10-24 20:26:07.387,2024-10-24 20:26:07.387,6,1,aqfQc5yGC4,com.sec.android.app.shealth,3b2956c3-8bfa-4a1d-8dd1-62e9000e7dfd,2023-11-22 00:00:00.000,
62810050,,62810050,2024-10-24 20:26:07.433,2024-10-24 20:26:07.433,10,1,aqfQc5yGC4,com.sec.android.app.shealth,42eb585d-ec74-42a6-a1c6-2025963d3b46,2022-07-30 00:00:00.000,
62810050,,62810050,2024-10-24 20:26:06.950,2024-10-24 20:26:06.950,38,1,aqfQc5yGC4,com.sec.android.app.shealth,caddefc0-ad54-4e90-bf9c-9d77a45a9c82,2023-06-08 00:00:00.000,
62810050,,62810050,2024-10-24 20:26:07.230,2024-10-24 20:26:07.230,2,1,aqfQc5yGC4,com.sec.android.app.shealth,aecea971-ffd9-4d17-8d23-90570fa62a5e,2021-10-18 00:00:00.000,
62810050,,62810050,2024-10-24 20:26:07.186,2024-10-24 20:26:07.186,3,1,aqfQc5yGC4,com.sec.android.app.shealth,30e4fdce-93cc-45c6-a204-c4e688cfebca,2022-07-16 00:00:00.000,
62810050,,62810050,2024-10-24 20:26:07.540,2024-10-24 20:26:07.540,3,1,aqfQc5yGC4,com.sec.android.app.shealth,554c881e-7491-48e4-8564-d8eb873f8760,2022-08-06 00:00:00.000,
62810050,,62810050,2024-10-24 20:26:07.487,2024-10-24 20:26:07.487,1,1,aqfQc5yGC4,com.sec.android.app.shealth,7c73d59b-1e11-45f9-9a11-3191ee6479d1,2022-03-13 00:00:00.000,
62810050,,62810050,2024-10-24 20:26:07.592,2024-10-24 20:26:07.592,100,1,aqfQc5yGC4,com.sec.android.app.shealth,c35f74cd-d69d-4740-9a81-04e81b091187,2024-05-21 00:00:00.000,
62810050,,62810050,2024-10-24 20:26:07.266,2024-10-24 20:26:07.266,10,1,aqfQc5yGC4,com.sec.android.app.shealth,8ba575c1-8708-4718-9fa8-09f053e1814b,2024-04-23 00:00:00.000,
62810050,,62810050,2024-10-24 20:26:07.458,2024-10-24 20:26:07.458,1,1,aqfQc5yGC4,com.sec.android.app.shealth,b89cc67e-c0c8-4180-a45f-2a5c4f2b7c9a,2023-01-13 00:00:00.000,
62810050,,62810050,2024-10-24 20:26:07.525,2024-10-24 20:26:07.525,67,1,aqfQc5yGC4,com.sec.android.app.shealth,cef107f2-5636-4f3f-8fd6-841aa7d991e1,2023-06-22 00:00:00.000,
62810050,,62810050,2024-10-24 20:26:07.514,2024-10-24 20:26:07.514,45,1,aqfQc5yGC4,com.sec.android.app.shealth,4f9cc02d-b4a5-4628-93d7-99d6e4cf6dcd,2023-11-29 00:00:00.000,
62810050,,62810050,2024-10-24 20:26:07.555,2024-10-24 20:26:07.555,86,1,aqfQc5yGC4,com.sec.android.app.shealth,319e9180-f3f6-4047-ae18-66ea6d293af1,2023-07-06 00:00:00.000,
62810050,,62810050,2024-10-24 20:26:07.423,2024-10-24 20:26:07.423,3,1,aqfQc5yGC4,com.sec.android.app.shealth,d5e817bb-28ae-48a1-8950-4f2d322cf999,2021-10-04 00:00:00.000,
62810050,,62810050,2024-10-24 20:26:07.742,2024-10-24 20:26:07.742,13,1,aqfQc5yGC4,com.sec.android.app.shealth,7ca1c32e-e75e-4f35-9117-e0162157642f,2024-03-29 00:00:00.000,
62810050,,62810050,2024-10-24 20:26:07.533,2024-10-24 20:26:07.533,40,1,aqfQc5yGC4,com.sec.android.app.shealth,45e8fa88-1daf-4996-ac6e-62c345f0ea53,2024-05-28 00:00:00.000,
62810050,,62810050,2024-10-24 20:26:07.674,2024-10-24 20:26:07.674,37,1,aqfQc5yGC4,com.sec.android.app.shealth,54ced9db-a19e-48e9-96e8-ad7a06df6437,2023-05-07 00:00:00.000,
62810050,,62810050,2024-10-24 20:26:07.445,2024-10-24 20:26:07.445,1,1,aqfQc5yGC4,com.sec.android.app.shealth,919503d6-2b74-43bf-aa3c-9319b22a0675,2023-01-06 00:00:00.000,
62810050,,62810050,2024-10-24 20:26:07.618,2024-10-24 20:26:07.618,14,1,aqfQc5yGC4,com.sec.android.app.shealth,7ab6114d-a4d1-43f0-8675-ef9d34048e0a,2024-04-05 00:00:00.000,
62810050,,62810050,2024-10-24 20:26:07.662,2024-10-24 20:26:07.662,20,1,aqfQc5yGC4,com.sec.android.app.shealth,dd067319-289f-483c-8033-4bf3fef917cd,2023-10-21 00:00:00.000,
62810050,,62810050,2024-10-24 20:26:07.547,2024-10-24 20:26:07.547,1,1,aqfQc5yGC4,com.sec.android.app.shealth,e76d4b8a-8d0d-451a-9f62-45b79efbf6eb,2023-12-13 00:00:00.000,
62810050,,62810050,2024-10-24 20:26:07.707,2024-10-24 20:26:07.707,7,1,aqfQc5yGC4,com.sec.android.app.shealth,f3067d89-872e-4e03-a294-694c9c672c1f,2021-07-15 00:00:00.000,
62810050,,62810050,2024-10-24 20:26:07.862,2024-10-24 20:26:07.862,37,1,aqfQc5yGC4,com.sec.android.app.shealth,0544ad2b-f762-4362-979a-3ac56221e4c7,2022-07-05 00:00:00.000,
62810050,,62810050,2024-10-24 20:26:07.755,2024-10-24 20:26:07.755,4,1,aqfQc5yGC4,com.sec.android.app.shealth,7cbe7b59-670d-4e32-9eba-778d09b78ea7,2021-07-08 00:00:00.000,
62810050,,62810050,2024-10-24 20:26:07.570,2024-10-24 20:26:07.570,4,1,aqfQc5yGC4,com.sec.android.app.shealth,1eeab9cb-6593-44cf-92c6-b25987859607,2023-06-29 00:00:00.000,
62810050,,62810050,2024-10-24 20:26:07.724,2024-10-24 20:26:07.724,9,1,aqfQc5yGC4,com.sec.android.app.shealth,cfa3a05b-9234-496d-ba5e-3100c9f11d71,2022-06-21 00:00:00.000,
62810050,,62810050,2024-10-24 20:26:08.003,2024-10-24 20:26:08.003,1,1,aqfQc5yGC4,com.sec.android.app.shealth,30a8385e-dd07-4b33-bd22-d02b765897d0,2022-12-19 00:00:00.000,
62810050,,62810050,2024-10-24 20:26:07.627,2024-10-24 20:26:07.627,1,1,aqfQc5yGC4,com.sec.android.app.shealth,ef2395b6-6fbc-4695-a5c8-d0b73b4d5145,2021-12-29 00:00:00.000,
62810050,,62810050,2024-10-24 20:26:07.809,2024-10-24 20:26:07.809,1,1,aqfQc5yGC4,com.sec.android.app.shealth,f5fdcfe2-42cf-4dca-9e99-d1321171e013,2022-12-12 00:00:00.000,
62810050,,62810050,2024-10-24 20:26:08.069,2024-10-24 20:26:08.069,6,1,aqfQc5yGC4,com.sec.android.app.shealth,1f9042ba-f246-4e04-822d-b6d940f89185,2021-12-01 00:00:00.000,
62810050,,62810050,2024-10-24 20:26:07.766,2024-10-24 20:26:07.766,32,1,aqfQc5yGC4,com.sec.android.app.shealth,e30ea59a-be05-4f08-9c4f-c0a8f4c5daf8,2023-05-21 00:00:00.000,
62810050,,62810050,2024-10-24 20:26:07.695,2024-10-24 20:26:07.695,30,1,aqfQc5yGC4,com.sec.android.app.shealth,b4c95383-2a22-49f1-a95a-13251920c913,2023-05-14 00:00:00.000,
62810050,,62810050,2024-10-24 20:26:08.177,2024-10-24 20:26:08.177,25,1,aqfQc5yGC4,com.sec.android.app.shealth,40b1311d-a3a2-43d9-b19f-cd658160342f,2023-11-25 00:00:00.000,
62810050,,62810050,2024-10-24 20:26:08.041,2024-10-24 20:26:08.041,1,1,aqfQc5yGC4,com.sec.android.app.shealth,59e10fad-a3ef-4a4a-b96f-efdbc36f801b,2023-05-28 00:00:00.000,
62810050,,62810050,2024-10-24 20:26:07.777,2024-10-24 20:26:07.777,11,1,aqfQc5yGC4,com.sec.android.app.shealth,bfb8a4ad-ee86-4392-af5c-9b90624d6a01,2024-04-12 00:00:00.000,
62810050,,62810050,2024-10-24 20:26:07.639,2024-10-24 20:26:07.639,12,1,aqfQc5yGC4,com.sec.android.app.shealth,4eef21be-737b-49b2-a68f-59701890b1ef,2022-06-14 00:00:00.000,
62810050,,62810050,2024-10-24 20:26:07.917,2024-10-24 20:26:07.917,1,1,aqfQc5yGC4,com.sec.android.app.shealth,a3a615a2-ce4c-4613-a372-90b7556ade61,2021-12-08 00:00:00.000,
62810050,,62810050,2024-10-24 20:26:08.157,2024-10-24 20:26:08.157,18,1,aqfQc5yGC4,com.sec.android.app.shealth,adce6b9c-8a5d-4288-bf7a-49bb3b94a901,2023-06-18 00:00:00.000,
62810050,,62810050,2024-10-24 20:26:08.061,2024-10-24 20:26:08.061,2,1,aqfQc5yGC4,com.sec.android.app.shealth,63a29dff-da19-4633-a89a-0364cdf94785,2022-07-12 00:00:00.000,
62810050,,62810050,2024-10-24 20:26:07.788,2024-10-24 20:26:07.788,16,1,aqfQc5yGC4,com.sec.android.app.shealth,ab618e3b-c170-4b42-b893-aef99c122993,2023-10-28 00:00:00.000,
62810050,,62810050,2024-10-24 20:26:08.087,2024-10-24 20:26:08.087,43,1,aqfQc5yGC4,com.sec.android.app.shealth,09d80458-deca-433a-8c0a-2692bd029d4f,2023-06-04 00:00:00.000,
62810050,,62810050,2024-10-24 20:26:07.887,2024-10-24 20:26:07.887,20,1,aqfQc5yGC4,com.sec.android.app.shealth,5837ccad-068a-4fe4-8d37-8ce3629d7f45,2024-04-19 00:00:00.000,
62810050,,62810050,2024-10-24 20:26:08.105,2024-10-24 20:26:08.105,68,1,aqfQc5yGC4,com.sec.android.app.shealth,6a5d05b7-721b-426c-88e2-c0c4115ce4a3,2024-04-26 00:00:00.000,
62810050,,62810050,2024-10-24 20:26:07.825,2024-10-24 20:26:07.825,7,1,aqfQc5yGC4,com.sec.android.app.shealth,8cad0116-d26f-4191-b936-3a49b269861a,2021-07-01 00:00:00.000,
62810050,,62810050,2024-10-24 20:26:08.194,2024-10-24 20:26:08.194,20,1,aqfQc5yGC4,com.sec.android.app.shealth,c2731a17-1977-4986-8044-ea60afbffc60,2022-07-26 00:00:00.000,
62810050,,62810050,2024-10-24 20:26:08.148,2024-10-24 20:26:08.148,55,1,aqfQc5yGC4,com.sec.android.app.shealth,7828a13b-e50a-46bb-bb02-fcf43eed78f8,2024-05-10 00:00:00.000,
62810050,,62810050,2024-10-24 20:26:08.136,2024-10-24 20:26:08.136,3,1,aqfQc5yGC4,com.sec.android.app.shealth,8c92c804-52fc-47e3-a943-5adfb5e9efd4,2022-07-19 00:00:00.000,
62810050,,62810050,2024-10-24 20:26:08.243,2024-10-24 20:26:08.243,1,1,aqfQc5yGC4,com.sec.android.app.shealth,eeae9fca-51b3-41ff-a9f9-c2c4505a6aa7,2023-01-09 00:00:00.000,
62810050,,62810050,2024-10-24 20:26:08.050,2024-10-24 20:26:08.050,3,1,aqfQc5yGC4,com.sec.android.app.shealth,75b7a39e-9da3-4bc1-a4e9-b06d9abbe38e,2023-11-18 00:00:00.000,
62810050,,62810050,2024-10-24 20:26:08.274,2024-10-24 20:26:08.274,26,1,aqfQc5yGC4,com.sec.android.app.shealth,cd08dd3a-80c6-4bdd-857f-b4a14aa801b1,2022-08-02 00:00:00.000,
62810050,,62810050,2024-10-24 20:26:08.417,2024-10-24 20:26:08.417,5,1,aqfQc5yGC4,com.sec.android.app.shealth,4952280f-a765-402b-b642-c5106d1b53c5,2023-07-02 00:00:00.000,
62810050,,62810050,2024-10-24 20:26:08.165,2024-10-24 20:26:08.165,28,1,aqfQc5yGC4,com.sec.android.app.shealth,ff16eddd-c20c-4722-a515-591e95edb153,2023-06-11 00:00:00.000,
62810050,,62810050,2024-10-24 20:26:08.186,2024-10-24 20:26:08.186,1,1,aqfQc5yGC4,com.sec.android.app.shealth,95809032-6e30-4c90-93d4-ade54a213a5f,2021-11-17 00:00:00.000,
62810050,,62810050,2024-10-24 20:26:08.284,2024-10-24 20:26:08.284,8,1,aqfQc5yGC4,com.sec.android.app.shealth,13b1b959-43e3-4887-85ae-5185785fc1af,2023-12-02 00:00:00.000,
62810050,,62810050,2024-10-24 20:26:08.323,2024-10-24 20:26:08.323,62,1,aqfQc5yGC4,com.sec.android.app.shealth,bfb225f9-ec8a-48cf-891c-b93baaa11d49,2022-08-09 00:00:00.000,
62810050,,62810050,2024-10-24 20:26:08.213,2024-10-24 20:26:08.213,33,1,aqfQc5yGC4,com.sec.android.app.shealth,77a51720-4a2f-4c59-9a93-7db9a2c9b6bf,2023-06-25 00:00:00.000,
62810050,,62810050,2024-10-24 20:26:08.440,2024-10-24 20:26:08.440,37,1,aqfQc5yGC4,com.sec.android.app.shealth,60ba1fe1-631a-437a-90cf-7fa431dc33f1,2024-06-07 00:00:00.000,
62810050,,62810050,2024-10-24 20:26:08.260,2024-10-24 20:26:08.260,77,1,aqfQc5yGC4,com.sec.android.app.shealth,1fab20a1-a086-42a1-b159-8c61bfbbddfb,2024-05-17 00:00:00.000,
62810050,,62810050,2024-10-24 20:26:08.427,2024-10-24 20:26:08.427,5,1,aqfQc5yGC4,com.sec.android.app.shealth,b895afb6-d633-43fb-9b40-6152a9f73e16,2022-08-16 00:00:00.000,
62810050,,62810050,2024-10-24 20:26:08.574,2024-10-24 20:26:08.574,1,1,aqfQc5yGC4,com.sec.android.app.shealth,51a8e586-7655-4bec-b6fe-25482fd2c5ba,2023-08-12 00:00:00.000,
62810050,,62810050,2024-10-24 20:26:08.403,2024-10-24 20:26:08.403,41,1,aqfQc5yGC4,com.sec.android.app.shealth,886e26f6-f25f-4d07-8616-36d44315a486,2024-05-24 00:00:00.000,
62810050,,62810050,2024-10-24 20:26:08.448,2024-10-24 20:26:08.448,1,1,aqfQc5yGC4,com.sec.android.app.shealth,73138696-8599-4aa8-9814-a6aa2eae55cd,2020-01-19 00:00:00.000,
62810050,,62810050,2024-10-24 20:26:08.220,2024-10-24 20:26:08.220,4,1,aqfQc5yGC4,com.sec.android.app.shealth,69610473-7f5d-4b76-bb7d-b90363c17b4a,2023-12-09 00:00:00.000,
62810050,,62810050,2024-10-24 20:26:08.203,2024-10-24 20:26:08.203,55,1,aqfQc5yGC4,com.sec.android.app.shealth,8987bf34-408e-4db9-9dd4-a402c8993354,2024-05-03 00:00:00.000,
62810050,,62810050,2024-10-24 20:26:08.492,2024-10-24 20:26:08.492,38,1,aqfQc5yGC4,com.sec.android.app.shealth,6b851ace-e95f-47b7-a5a4-5e57738fe37e,2023-07-09 00:00:00.000,
62810050,,62810050,2024-10-24 20:26:08.313,2024-10-24 20:26:08.313,2,1,aqfQc5yGC4,com.sec.android.app.shealth,5501380c-1af6-417b-807b-cb5b5adbc491,2021-11-03 00:00:00.000,
62810050,,62810050,2024-10-24 20:26:08.565,2024-10-24 20:26:08.565,10,1,aqfQc5yGC4,com.sec.android.app.shealth,3184d0e0-4d1e-41b0-8ca9-344adbbbfcc0,2023-02-26 00:00:00.000,
62810050,,62810050,2024-10-24 20:26:08.303,2024-10-24 20:26:08.303,10,1,aqfQc5yGC4,com.sec.android.app.shealth,4e5acea6-e8e1-4850-b1d4-1890c0bd366c,2023-12-16 00:00:00.000,
62810050,,62810050,2024-10-24 20:26:08.539,2024-10-24 20:26:08.539,13,1,aqfQc5yGC4,com.sec.android.app.shealth,b28b1483-eae1-4b20-a95e-d0be30665ae3,2022-08-23 00:00:00.000,
62810050,,62810050,2024-10-24 20:26:08.586,2024-10-24 20:26:08.586,1,1,aqfQc5yGC4,com.sec.android.app.shealth,347a0fd5-d86a-43d3-a9fe-69fc11d0e23a,2022-03-09 00:00:00.000,
62810050,,62810050,2024-10-24 20:26:08.458,2024-10-24 20:26:08.458,34,1,aqfQc5yGC4,com.sec.android.app.shealth,a5393b6a-6d27-48f3-853f-233eb543f903,2023-07-16 00:00:00.000,
62810050,,62810050,2024-10-24 20:26:08.796,2024-10-24 20:26:08.796,38,1,aqfQc5yGC4,com.sec.android.app.shealth,315961c7-55a7-48dd-9bda-e873fe6e4eeb,2023-03-05 00:00:00.000,
62810050,,62810050,2024-10-24 20:26:08.550,2024-10-24 20:26:08.550,14,1,aqfQc5yGC4,com.sec.android.app.shealth,8334d6f8-65ad-4c7c-a75b-b8d356e4233a,2024-05-31 00:00:00.000,
62810050,,62810050,2024-10-24 20:26:08.863,2024-10-24 20:26:08.863,42,1,aqfQc5yGC4,com.sec.android.app.shealth,5f312a7a-78c3-46ec-a4e1-63de8758f6cc,2023-08-19 00:00:00.000,
62810050,,62810050,2024-10-24 20:26:08.824,2024-10-24 20:26:08.824,13,1,aqfQc5yGC4,com.sec.android.app.shealth,977bcef3-aec5-4688-9318-28e2417ad073,2023-03-12 00:00:00.000,
62810050,,62810050,2024-10-24 20:26:08.705,2024-10-24 20:26:08.705,2,1,aqfQc5yGC4,com.sec.android.app.shealth,8509bda4-3975-4bfa-adca-860fba208d54,2024-02-02 00:00:00.000,
62810050,,62810050,2024-10-24 20:26:08.476,2024-10-24 20:26:08.476,2,1,aqfQc5yGC4,com.sec.android.app.shealth,2375105d-0b14-414a-8422-f879f2240ffc,2021-10-27 00:00:00.000,
62810050,,62810050,2024-10-24 20:26:08.807,2024-10-24 20:26:08.807,24,1,aqfQc5yGC4,com.sec.android.app.shealth,e77fe0d9-b617-4770-a936-9ee96becd8d2,2024-07-04 00:00:00.000,
62810050,,62810050,2024-10-24 20:26:08.738,2024-10-24 20:26:08.738,2,1,aqfQc5yGC4,com.sec.android.app.shealth,6e98f981-e863-46ea-9a27-7eff0c9d3641,2022-03-02 00:00:00.000,
62810050,,62810050,2024-10-24 20:26:08.607,2024-10-24 20:26:08.607,56,1,aqfQc5yGC4,com.sec.android.app.shealth,5ba5bc46-9862-44f1-92e7-cfba4de2b575,2024-07-11 00:00:00.000,
62810050,,62810050,2024-10-24 20:26:08.836,2024-10-24 20:26:08.836,7,1,aqfQc5yGC4,com.sec.android.app.shealth,4150c205-f640-488a-92b7-ec2bf641e4d4,2021-09-16 00:00:00.000,
62810050,,62810050,2024-10-24 20:26:08.901,2024-10-24 20:26:08.901,5,1,aqfQc5yGC4,com.sec.android.app.shealth,d4061c7f-48cd-4191-8fea-e84a6ab4839c,2022-04-19 00:00:00.000,
62810050,,62810050,2024-10-24 20:26:08.696,2024-10-24 20:26:08.696,3,1,aqfQc5yGC4,com.sec.android.app.shealth,5c1923d2-f2a4-4236-875f-22f1fd519682,2021-09-23 00:00:00.000,
62810050,,62810050,2024-10-24 20:26:08.714,2024-10-24 20:26:08.714,2,1,aqfQc5yGC4,com.sec.android.app.shealth,e35e6876-9bd0-4353-a941-65e0faa6adbb,2022-04-12 00:00:00.000,
62810050,,62810050,2024-10-24 20:26:08.919,2024-10-24 20:26:08.919,12,1,aqfQc5yGC4,com.sec.android.app.shealth,260cc677-bb06-4aed-921c-b1d5d81f0d86,2021-09-09 00:00:00.000,
62810050,,62810050,2024-10-24 20:26:08.782,2024-10-24 20:26:08.782,20,1,aqfQc5yGC4,com.sec.android.app.shealth,065cbc57-f63d-44fa-8755-388f00575a01,2022-09-26 00:00:00.000,
62810050,,62810050,2024-10-24 20:26:09.258,2024-10-24 20:26:09.258,1,1,aqfQc5yGC4,com.sec.android.app.shealth,a9ed21c3-41f7-419f-a102-bc1806f4c726,2023-03-26 00:00:00.000,
62810050,,62810050,2024-10-24 20:26:09.342,2024-10-24 20:26:09.342,9,1,aqfQc5yGC4,com.sec.android.app.shealth,4b6ec760-eb11-41b9-8fe2-df0bf0a5b201,2022-10-10 00:00:00.000,
62810050,,62810050,2024-10-24 20:26:08.669,2024-10-24 20:26:08.669,17,1,aqfQc5yGC4,com.sec.android.app.shealth,61292392-8ff3-4bb6-b7ef-0ef8eac89628,2024-01-19 00:00:00.000,
62810050,,62810050,2024-10-24 20:26:09.169,2024-10-24 20:26:09.169,1,1,aqfQc5yGC4,com.sec.android.app.shealth,da152a91-0320-4610-a56a-4f3c1be7481d,2024-08-01 00:00:00.000,
62810050,,62810050,2024-10-24 20:26:08.881,2024-10-24 20:26:08.881,4,1,aqfQc5yGC4,com.sec.android.app.shealth,02781ecb-cb32-4ce1-9f0c-ebfafeb4fa77,2024-01-26 00:00:00.000,
62810050,,62810050,2024-10-24 20:26:09.109,2024-10-24 20:26:09.109,14,1,aqfQc5yGC4,com.sec.android.app.shealth,8342463f-07a3-4198-b4b7-7884e259177e,2023-08-26 00:00:00.000,
62810050,,62810050,2024-10-24 20:26:09.148,2024-10-24 20:26:09.148,5,1,aqfQc5yGC4,com.sec.android.app.shealth,3e890700-1e14-4384-b62c-96b69b0b0696,2022-04-26 00:00:00.000,
62810050,,62810050,2024-10-24 20:26:09.429,2024-10-24 20:26:09.429,1,1,aqfQc5yGC4,com.sec.android.app.shealth,b9f443fb-ac9e-4624-bd82-a58e3e4f890d,2023-09-02 00:00:00.000,
62810050,,62810050,2024-10-24 20:26:09.405,2024-10-24 20:26:09.405,8,1,aqfQc5yGC4,com.sec.android.app.shealth,8356af50-b8f0-454e-b860-a471c0d503b8,2021-08-26 00:00:00.000,
62810050,,62810050,2024-10-24 20:26:09.371,2024-10-24 20:26:09.371,4,1,aqfQc5yGC4,com.sec.android.app.shealth,b184e39f-ffc0-4cf8-82ae-726037533fcd,2021-09-02 00:00:00.000,
62810050,,62810050,2024-10-24 20:26:09.712,2024-10-24 20:26:09.712,13,1,aqfQc5yGC4,com.sec.android.app.shealth,b18ecfc6-1c81-4e02-8d8b-c808ef17fdbc,2022-05-17 00:00:00.000,
62810050,,62810050,2024-10-24 20:26:09.132,2024-10-24 20:26:09.132,2,1,aqfQc5yGC4,com.sec.android.app.shealth,d3069baa-45aa-4ad5-aa8e-40466c04cdb8,2022-02-16 00:00:00.000,
62810050,,62810050,2024-10-24 20:26:09.068,2024-10-24 20:26:09.068,1,1,aqfQc5yGC4,com.sec.android.app.shealth,b6203656-d8a4-4d1a-b88d-706764e87f51,2022-10-03 00:00:00.000,
62810050,,62810050,2024-10-24 20:26:09.476,2024-10-24 20:26:09.476,50,1,aqfQc5yGC4,com.sec.android.app.shealth,f8a0a5f1-1bc7-405e-b41e-dafd60751511,2022-10-17 00:00:00.000,
62810050,,62810050,2024-10-24 20:26:09.690,2024-10-24 20:26:09.690,7,1,aqfQc5yGC4,com.sec.android.app.shealth,978e6734-b3d1-49ac-bce3-fdbd2ef43721,2024-02-23 00:00:00.000,
62810050,,62810050,2024-10-24 20:26:10.269,2024-10-24 20:26:10.269,6,1,aqfQc5yGC4,com.sec.android.app.shealth,aca140d4-9391-4070-8084-85e7328a290f,2021-08-05 00:00:00.000,
62810050,,62810050,2024-10-24 20:26:10.200,2024-10-24 20:26:10.200,5,1,aqfQc5yGC4,com.sec.android.app.shealth,8514afc9-4e20-49e5-9770-72955f48264c,2024-03-15 00:00:00.000,
62810050,,62810050,2024-10-24 20:26:09.839,2024-10-24 20:26:09.839,14,1,aqfQc5yGC4,com.sec.android.app.shealth,67158845-682b-4820-bc34-9057fef52357,2024-03-08 00:00:00.000,
62810050,,62810050,2024-10-24 20:26:09.449,2024-10-24 20:26:09.449,3,1,aqfQc5yGC4,com.sec.android.app.shealth,8658105a-abbc-4ee2-9201-91211b0fd1e1,2024-02-16 00:00:00.000,
62810050,,62810050,2024-10-24 20:26:09.398,2024-10-24 20:26:09.398,2,1,aqfQc5yGC4,com.sec.android.app.shealth,810b7f10-5291-4760-a4c1-97cbb61dba77,2022-05-03 00:00:00.000,
62810050,,62810050,2024-10-24 20:26:09.622,2024-10-24 20:26:09.622,1,1,aqfQc5yGC4,com.sec.android.app.shealth,ff0d996b-c3b4-4415-81c7-f0033ac0a94e,2022-02-02 00:00:00.000,
62810050,,62810050,2024-10-24 20:26:10.146,2024-10-24 20:26:10.146,28,1,aqfQc5yGC4,com.sec.android.app.shealth,a1bdd1b6-4ebf-4160-8391-5159fce2c082,2023-10-07 00:00:00.000,
62810050,,62810050,2024-10-24 20:26:10.285,2024-10-24 20:26:10.285,6,1,aqfQc5yGC4,com.sec.android.app.shealth,bf9fce4e-7bbf-434f-b6fe-9233eb399315,2022-05-31 00:00:00.000,
62810050,,62810050,2024-10-24 20:26:09.669,2024-10-24 20:26:09.669,1,1,aqfQc5yGC4,com.sec.android.app.shealth,74b641bf-1473-4521-b07b-63bae8238dd9,2022-10-24 00:00:00.000,
62810050,,62810050,2024-10-24 20:26:09.505,2024-10-24 20:26:09.505,11,1,aqfQc5yGC4,com.sec.android.app.shealth,ed63b074-f325-43cb-92fe-4fad8f359330,2024-07-25 00:00:00.000,
62810050,,62810050,2024-10-24 20:26:09.354,2024-10-24 20:26:09.354,82,1,aqfQc5yGC4,com.sec.android.app.shealth,e96d73a2-384e-4b0f-903c-23f662f36097,2024-07-18 00:00:00.000,
62810050,,62810050,2024-10-24 20:26:08.936,2024-10-24 20:26:08.936,2,1,aqfQc5yGC4,com.sec.android.app.shealth,404c0a4e-1bd1-4d59-9be6-df6ef6160f56,2024-02-09 00:00:00.000,
62810050,,62810050,2024-10-24 20:26:09.915,2024-10-24 20:26:09.915,5,1,aqfQc5yGC4,com.sec.android.app.shealth,311152c5-f425-4ef1-a99b-e09850d6b819,2023-04-16 00:00:00.000,
62810050,,62810050,2024-10-24 20:26:10.042,2024-10-24 20:26:10.042,25,1,aqfQc5yGC4,com.sec.android.app.shealth,df511638-0b63-4fb6-a151-c60f708d9222,2023-09-23 00:00:00.000,
62810050,,62810050,2024-10-24 20:26:09.599,2024-10-24 20:26:09.599,4,1,aqfQc5yGC4,com.sec.android.app.shealth,6161418d-f135-480c-be4d-52fd5d46c7cf,2022-05-10 00:00:00.000,
62810050,,62810050,2024-10-24 20:26:10.500,2024-10-24 20:26:10.500,10,1,aqfQc5yGC4,com.sec.android.app.shealth,d318f3f7-a522-4198-b80e-839d34d994ac,2022-06-07 00:00:00.000,
62810050,,62810050,2024-10-24 20:26:10.533,2024-10-24 20:26:10.533,3,1,aqfQc5yGC4,com.sec.android.app.shealth,b791df34-5ca1-4bae-8e2f-713227ec8e0e,2021-07-22 00:00:00.000,
62810050,,62810050,2024-10-24 20:26:10.133,2024-10-24 20:26:10.133,44,1,aqfQc5yGC4,com.sec.android.app.shealth,0ddc92e3-2456-421c-8fbc-8c086036e214,2022-05-24 00:00:00.000,
62810050,,62810050,2024-10-24 20:26:09.645,2024-10-24 20:26:09.645,1,1,aqfQc5yGC4,com.sec.android.app.shealth,47d505c2-2b1e-4b22-b5a0-2cfd0ad24a4f,2019-10-28 00:00:00.000,
62810050,,62810050,2024-10-24 20:26:10.647,2024-10-24 20:26:10.647,44,1,aqfQc5yGC4,com.sec.android.app.shealth,5e6512da-7a6f-41fd-909b-b98b343d3f9b,2021-08-04 00:00:00.000,
62810050,,62810050,2024-10-24 20:26:10.468,2024-10-24 20:26:10.468,4,1,aqfQc5yGC4,com.sec.android.app.shealth,0e4719e5-f120-4d65-bd8b-000a5b0794bc,2021-07-29 00:00:00.000,
62810050,,62810050,2024-10-24 20:26:10.659,2024-10-24 20:26:10.659,26,1,aqfQc5yGC4,com.sec.android.app.shealth,0ea0f9bb-1495-4319-8596-4fa490c87f2f,2024-04-18 00:00:00.000,
62810050,,62810050,2024-10-24 20:26:10.677,2024-10-24 20:26:10.677,2,1,aqfQc5yGC4,com.sec.android.app.shealth,1c8b1ae3-8252-49fc-af63-cf2895ee2b47,2022-12-25 00:00:00.000,
62810050,,62810050,2024-10-24 20:26:10.596,2024-10-24 20:26:10.596,21,1,aqfQc5yGC4,com.sec.android.app.shealth,a01a6b39-b000-4f3b-95ef-a55d1afa3bd4,2024-04-25 00:00:00.000,
62810050,,62810050,2024-10-24 20:26:10.669,2024-10-24 20:26:10.669,12,1,aqfQc5yGC4,com.sec.android.app.shealth,bdc99f23-b727-41e3-b6f8-41a26d3d656e,2022-07-11 00:00:00.000,
62810050,,62810050,2024-10-24 20:26:10.349,2024-10-24 20:26:10.349,9,1,aqfQc5yGC4,com.sec.android.app.shealth,b2adafcc-134d-446b-9ca1-0c693213821c,2023-10-14 00:00:00.000,
62810050,,62810050,2024-10-24 20:26:10.317,2024-10-24 20:26:10.317,2,1,aqfQc5yGC4,com.sec.android.app.shealth,0f5c02f3-3098-46fa-bedb-eb3f40ebf34a,2019-10-07 00:00:00.000,
62810050,,62810050,2024-10-24 20:26:10.547,2024-10-24 20:26:10.547,37,1,aqfQc5yGC4,com.sec.android.app.shealth,859f6db1-098c-4db6-8894-9e2bbe0e76b9,2024-03-22 00:00:00.000,
62810050,,62810050,2024-10-24 20:26:10.783,2024-10-24 20:26:10.783,54,1,aqfQc5yGC4,com.sec.android.app.shealth,dac7efb5-0594-46fb-bdf5-2ca57bcda1a6,2022-07-25 00:00:00.000,
62810050,,62810050,2024-10-24 20:26:10.895,2024-10-24 20:26:10.895,35,1,aqfQc5yGC4,com.sec.android.app.shealth,d17ddcbb-1423-4be1-ae3e-3ea58f35f223,2023-06-17 00:00:00.000,
62810050,,62810050,2024-10-24 20:26:09.565,2024-10-24 20:26:09.565,12,1,aqfQc5yGC4,com.sec.android.app.shealth,58773fbd-db56-4b54-a23b-8367c95e4293,2024-03-01 00:00:00.000,
62810050,,62810050,2024-10-24 20:26:10.797,2024-10-24 20:26:10.797,51,1,aqfQc5yGC4,com.sec.android.app.shealth,a3e0ead0-7785-41b1-8efd-abfc91264fa5,2024-05-09 00:00:00.000,
62810050,,62810050,2024-10-24 20:26:10.616,2024-10-24 20:26:10.616,89,1,aqfQc5yGC4,com.sec.android.app.shealth,e0ecaa08-e412-4e32-8bbc-3133dc3a09fc,2023-06-03 00:00:00.000,
62810050,,62810050,2024-10-24 20:26:10.988,2024-10-24 20:26:10.988,13,1,aqfQc5yGC4,com.sec.android.app.shealth,09595897-9f96-47a4-aa67-c5cc75d72983,2021-12-21 00:00:00.000,
62810050,,62810050,2024-10-24 20:26:10.437,2024-10-24 20:26:10.437,1,1,aqfQc5yGC4,com.sec.android.app.shealth,dc4cce41-caa0-4a23-b59f-144f1347f08d,2024-08-22 00:00:00.000,
62810050,,62810050,2024-10-24 20:26:10.701,2024-10-24 20:26:10.701,73,1,aqfQc5yGC4,com.sec.android.app.shealth,c37c6ff6-dd72-4429-b855-fd441a588e61,2024-05-02 00:00:00.000,
62810050,,62810050,2024-10-24 20:26:10.825,2024-10-24 20:26:10.825,28,1,aqfQc5yGC4,com.sec.android.app.shealth,1c8f1367-dc2d-4a7b-9d29-4141a0ec3335,2021-12-28 00:00:00.000,
62810050,,62810050,2024-10-24 20:26:10.713,2024-10-24 20:26:10.713,1,1,aqfQc5yGC4,com.sec.android.app.shealth,bbfde679-0432-4811-96d0-4aa78b9a8179,2022-07-18 00:00:00.000,
62810050,,62810050,2024-10-24 20:26:10.742,2024-10-24 20:26:10.742,81,1,aqfQc5yGC4,com.sec.android.app.shealth,145f7aad-d485-4084-97e7-21b3cae320a9,2023-12-01 00:00:00.000,
62810050,,62810050,2024-10-24 20:26:10.295,2024-10-24 20:26:10.295,8,1,aqfQc5yGC4,com.sec.android.app.shealth,fccdf348-bd0e-4c1b-8c76-49bfd0b84044,2023-09-30 00:00:00.000,
62810050,,62810050,2024-10-24 20:26:11.106,2024-10-24 20:26:11.106,33,1,aqfQc5yGC4,com.sec.android.app.shealth,1a3df746-4a66-43e8-b10a-88da1fd614a2,2024-05-16 00:00:00.000,
62810050,,62810050,2024-10-24 20:26:09.892,2024-10-24 20:26:09.892,3,1,aqfQc5yGC4,com.sec.android.app.shealth,705c2462-4e7c-413a-b7e5-350b285400a8,2021-08-12 00:00:00.000,
62810050,,62810050,2024-10-24 20:26:10.569,2024-10-24 20:26:10.569,13,1,aqfQc5yGC4,com.sec.android.app.shealth,6b6c4fe7-2617-4b82-9241-00a569a23cb1,2022-07-04 00:00:00.000,
62810050,,62810050,2024-10-24 20:26:10.635,2024-10-24 20:26:10.635,27,1,aqfQc5yGC4,com.sec.android.app.shealth,b1fa20e0-e17f-42db-b793-441221dcefa5,2023-05-27 00:00:00.000,
62810050,,62810050,2024-10-24 20:26:11.252,2024-10-24 20:26:11.252,4,1,aqfQc5yGC4,com.sec.android.app.shealth,cfadbb3e-80c3-4d3d-a864-d0e540c1e8e8,2023-12-29 00:00:00.000,
62810050,,62810050,2024-10-24 20:26:11.053,2024-10-24 20:26:11.053,5,1,aqfQc5yGC4,com.sec.android.app.shealth,6cd1f649-f302-42b2-a225-975258e282c5,2021-07-07 00:00:00.000,
62810050,,62810050,2024-10-24 20:26:11.041,2024-10-24 20:26:11.041,23,1,aqfQc5yGC4,com.sec.android.app.shealth,d52203fe-e9bd-4fb2-8461-e57f118c7867,2023-07-01 00:00:00.000,
62810050,,62810050,2024-10-24 20:26:10.929,2024-10-24 20:26:10.929,90,1,aqfQc5yGC4,com.sec.android.app.shealth,5924c938-b7b3-4f26-9d57-1211585fcf81,2024-05-23 00:00:00.000,
62810050,,62810050,2024-10-24 20:26:11.146,2024-10-24 20:26:11.146,1,1,aqfQc5yGC4,com.sec.android.app.shealth,cfb0f6f8-ecc7-4479-b803-c3ad15aef88d,2021-12-14 00:00:00.000,
62810050,,62810050,2024-10-24 20:26:11.006,2024-10-24 20:26:11.006,2,1,aqfQc5yGC4,com.sec.android.app.shealth,2d9ff976-f1c5-404c-ad21-0134ef6523b7,2023-12-08 00:00:00.000,
62810050,,62810050,2024-10-24 20:26:11.211,2024-10-24 20:26:11.211,8,1,aqfQc5yGC4,com.sec.android.app.shealth,be4ecca9-0e76-4af7-8f1c-f2b070553bb1,2022-08-15 00:00:00.000,
62810050,,62810050,2024-10-24 20:26:10.809,2024-10-24 20:26:10.809,2,1,aqfQc5yGC4,com.sec.android.app.shealth,d0f311cf-3e50-456c-bd6f-79f09da1f2b5,2021-07-14 00:00:00.000,
62810050,,62810050,2024-10-24 20:26:11.466,2024-10-24 20:26:11.466,8,1,aqfQc5yGC4,com.sec.android.app.shealth,2fb33ef7-1d9d-4770-b8af-242a1e627076,2022-08-29 00:00:00.000,
62810050,,62810050,2024-10-24 20:26:11.155,2024-10-24 20:26:11.155,9,1,aqfQc5yGC4,com.sec.android.app.shealth,77654a06-c9dd-4191-8474-bbde9cf7ff90,2022-08-08 00:00:00.000,
62810050,,62810050,2024-10-24 20:26:11.504,2024-10-24 20:26:11.504,23,1,aqfQc5yGC4,com.sec.android.app.shealth,5cb67b48-2028-472c-8c11-a49e9be2c973,2023-07-22 00:00:00.000,
62810050,,62810050,2024-10-24 20:26:11.280,2024-10-24 20:26:11.280,5,1,aqfQc5yGC4,com.sec.android.app.shealth,205b1850-3651-4930-a63a-e44896f94697,2021-11-30 00:00:00.000,
62810050,,62810050,2024-10-24 20:26:10.948,2024-10-24 20:26:10.948,1,1,aqfQc5yGC4,com.sec.android.app.shealth,d132032d-1e4e-419b-9481-69a20c09ea75,2022-08-01 00:00:00.000,
62810050,,62810050,2024-10-24 20:26:11.297,2024-10-24 20:26:11.297,87,1,aqfQc5yGC4,com.sec.android.app.shealth,b5e8d2a4-f0c6-4497-b2d5-f527852be7b6,2023-02-05 00:00:00.000,
62810050,,62810050,2024-10-24 20:26:11.164,2024-10-24 20:26:11.164,1,1,aqfQc5yGC4,com.sec.android.app.shealth,80ae3610-fe08-477c-9cce-789cce457995,2023-01-22 00:00:00.000,
62810050,,62810050,2024-10-24 20:26:11.583,2024-10-24 20:26:11.583,3,1,aqfQc5yGC4,com.sec.android.app.shealth,cd7f3bab-1cb7-4cea-af17-04216487bffc,2024-06-13 00:00:00.000,
62810050,,62810050,2024-10-24 20:26:10.857,2024-10-24 20:26:10.857,40,1,aqfQc5yGC4,com.sec.android.app.shealth,22c8b622-e1fe-43a5-a49e-c8e0eed17868,2023-11-24 00:00:00.000,
62810050,,62810050,2024-10-24 20:26:11.180,2024-10-24 20:26:11.180,46,1,aqfQc5yGC4,com.sec.android.app.shealth,11f5711d-7537-4605-99eb-384759839eda,2024-05-30 00:00:00.000,
62810050,,62810050,2024-10-24 20:26:11.547,2024-10-24 20:26:11.547,11,1,aqfQc5yGC4,com.sec.android.app.shealth,74a75a3b-9bf3-4eb3-a6f2-129ff67ca39c,2024-06-27 00:00:00.000,
62810050,,62810050,2024-10-24 20:26:11.201,2024-10-24 20:26:11.201,19,1,aqfQc5yGC4,com.sec.android.app.shealth,4fff066a-6328-4e84-9f61-80e62f9411e9,2023-07-08 00:00:00.000,
62810050,,62810050,2024-10-24 20:26:11.593,2024-10-24 20:26:11.593,2,1,aqfQc5yGC4,com.sec.android.app.shealth,8a25faf8-c1d6-4394-98a0-d293a8305f9b,2023-08-05 00:00:00.000,
62810050,,62810050,2024-10-24 20:26:11.619,2024-10-24 20:26:11.619,33,1,aqfQc5yGC4,com.sec.android.app.shealth,02b34d5a-313e-4ad6-aa9b-2385dd536666,2023-07-29 00:00:00.000,
62810050,,62810050,2024-10-24 20:26:11.266,2024-10-24 20:26:11.266,36,1,aqfQc5yGC4,com.sec.android.app.shealth,c31184ce-6d3c-4649-81a2-8cb18d876a31,2024-06-06 00:00:00.000,
62810050,,62810050,2024-10-24 20:26:11.310,2024-10-24 20:26:11.310,5,1,aqfQc5yGC4,com.sec.android.app.shealth,12321a92-39c7-4fdb-9f1a-9783e051e01d,2022-08-22 00:00:00.000,
62810050,,62810050,2024-10-24 20:26:10.690,2024-10-24 20:26:10.690,25,1,aqfQc5yGC4,com.sec.android.app.shealth,3d50436d-bfae-4bdc-8291-b41dd5895910,2023-06-10 00:00:00.000,
62810050,,62810050,2024-10-24 20:26:11.325,2024-10-24 20:26:11.325,73,1,aqfQc5yGC4,com.sec.android.app.shealth,2ef1c36e-6d8f-4e68-ace3-872dd9ef9aba,2024-06-20 00:00:00.000,
62810050,,62810050,2024-10-24 20:26:11.083,2024-10-24 20:26:11.083,58,1,aqfQc5yGC4,com.sec.android.app.shealth,65b818cf-565e-476a-98ab-f8f2dd5ed48c,2023-06-24 00:00:00.000,
62810050,,62810050,2024-10-24 20:26:11.538,2024-10-24 20:26:11.538,13,1,aqfQc5yGC4,com.sec.android.app.shealth,86e55a1c-e8ff-41bd-9cae-74146b9bdafe,2023-02-12 00:00:00.000,
62810050,,62810050,2024-10-24 20:26:11.556,2024-10-24 20:26:11.556,11,1,aqfQc5yGC4,com.sec.android.app.shealth,8abbeb1d-7ac4-4cd4-81c3-8ad11a033f19,2022-09-05 00:00:00.000,
62810050,,62810050,2024-10-24 20:26:11.477,2024-10-24 20:26:11.477,15,1,aqfQc5yGC4,com.sec.android.app.shealth,0c2cbb0f-72e8-4f15-861b-b85b61026987,2024-01-05 00:00:00.000,
62810050,,62810050,2024-10-24 20:26:11.235,2024-10-24 20:26:11.235,39,1,aqfQc5yGC4,com.sec.android.app.shealth,fe255df3-af68-48d5-b19a-d03b628489d7,2023-07-15 00:00:00.000,
62810050,,62810050,2024-10-24 20:26:11.759,2024-10-24 20:26:11.759,5,1,aqfQc5yGC4,com.sec.android.app.shealth,de6317e7-c27a-4b6a-a717-1c5d452eb32e,2024-01-12 00:00:00.000,
62810050,,62810050,2024-10-24 20:26:11.768,2024-10-24 20:26:11.768,1,1,aqfQc5yGC4,com.sec.android.app.shealth,bc34c6de-4e67-4ef7-ab45-631ce2b7546e,2023-02-19 00:00:00.000,
62810050,,62810050,2024-10-24 20:26:11.789,2024-10-24 20:26:11.789,43,1,aqfQc5yGC4,com.sec.android.app.shealth,f105b53e-ccc1-430a-ba42-d20672ea5dc1,2023-09-01 00:00:00.000,
62810050,,62810050,2024-10-24 20:26:11.813,2024-10-24 20:26:11.813,3,1,aqfQc5yGC4,com.sec.android.app.shealth,caf1e5f9-1f0a-4cf9-997f-b7bdb9a2b43d,2023-03-18 00:00:00.000,
62810050,,62810050,2024-10-24 20:26:11.839,2024-10-24 20:26:11.839,3,1,aqfQc5yGC4,com.sec.android.app.shealth,9d89dca5-9ed1-4d24-9a75-0b548f6fa532,2021-10-20 00:00:00.000,
62810050,,62810050,2024-10-24 20:26:11.847,2024-10-24 20:26:11.847,2,1,aqfQc5yGC4,com.sec.android.app.shealth,8b8eddd9-d10d-486b-9f69-68f8e65d70a1,2022-04-25 00:00:00.000,
62810050,,62810050,2024-10-24 20:26:11.973,2024-10-24 20:26:11.973,4,1,aqfQc5yGC4,com.sec.android.app.shealth,7e20686c-b1dd-4bbd-87e7-53c270501c3e,2022-03-22 00:00:00.000,
62810050,,62810050,2024-10-24 20:26:11.985,2024-10-24 20:26:11.985,1,1,aqfQc5yGC4,com.sec.android.app.shealth,afb0fca5-18ce-4d95-928e-1949d55a720c,2022-10-16 00:00:00.000,
62810050,,62810050,2024-10-24 20:26:11.857,2024-10-24 20:26:11.857,13,1,aqfQc5yGC4,com.sec.android.app.shealth,586529f5-5ebc-4753-83cf-6ba5e2c19b9b,2022-03-29 00:00:00.000,
62810050,,62810050,2024-10-24 20:26:11.879,2024-10-24 20:26:11.879,19,1,aqfQc5yGC4,com.sec.android.app.shealth,0a469d66-8123-4365-b027-4244024eef86,2022-10-09 00:00:00.000,
62810050,,62810050,2024-10-24 20:26:11.959,2024-10-24 20:26:11.959,21,1,aqfQc5yGC4,com.sec.android.app.shealth,7c5bade4-2bde-46d8-9b3b-93b8d264d955,2024-02-22 00:00:00.000,
62810050,,62810050,2024-10-24 20:26:12.227,2024-10-24 20:26:12.227,12,1,aqfQc5yGC4,com.sec.android.app.shealth,a0269889-bf45-4f0d-b83e-0298a86cf4f2,2023-04-08 00:00:00.000,
62810050,,62810050,2024-10-24 20:26:11.948,2024-10-24 20:26:11.948,2,1,aqfQc5yGC4,com.sec.android.app.shealth,7655a29c-d33c-41cf-bd12-eb7949890633,2022-05-02 00:00:00.000,
62810050,,62810050,2024-10-24 20:26:12.078,2024-10-24 20:26:12.078,5,1,aqfQc5yGC4,com.sec.android.app.shealth,684ccdbc-8db6-4f24-9f0a-1af07d0b0162,2024-02-15 00:00:00.000,
62810050,,62810050,2024-10-24 20:26:12.007,2024-10-24 20:26:12.007,43,1,aqfQc5yGC4,com.sec.android.app.shealth,166e1ffd-d269-429c-b5a5-89d7844f837a,2024-07-24 00:00:00.000,
62810050,,62810050,2024-10-24 20:26:12.143,2024-10-24 20:26:12.143,3,1,aqfQc5yGC4,com.sec.android.app.shealth,8d6ad4e4-da6b-41ae-9aca-de1b5fd1cd62,2022-03-08 00:00:00.000,
62810050,,62810050,2024-10-24 20:26:12.027,2024-10-24 20:26:12.027,39,1,aqfQc5yGC4,com.sec.android.app.shealth,c3be7daf-9384-47fd-b4e4-7bdea12460e4,2023-09-08 00:00:00.000,
62810050,,62810050,2024-10-24 20:26:11.918,2024-10-24 20:26:11.918,12,1,aqfQc5yGC4,com.sec.android.app.shealth,1cdfe0a1-1bfc-4a8e-ba09-88796e1ee40a,2024-02-08 00:00:00.000,
62810050,,62810050,2024-10-24 20:26:12.274,2024-10-24 20:26:12.274,11,1,aqfQc5yGC4,com.sec.android.app.shealth,98e58bb5-e6b8-41ff-85f8-5b637d09f78a,2023-09-29 00:00:00.000,
62810050,,62810050,2024-10-24 20:26:12.097,2024-10-24 20:26:12.097,50,1,aqfQc5yGC4,com.sec.android.app.shealth,6b266c8a-47ca-49a3-8dd2-3ec87e281a84,2024-02-29 00:00:00.000,
62810050,,62810050,2024-10-24 20:26:12.070,2024-10-24 20:26:12.070,3,1,aqfQc5yGC4,com.sec.android.app.shealth,327c9c5e-5914-4756-8111-5cb9390789d2,2022-05-09 00:00:00.000,
62810050,,62810050,2024-10-24 20:26:12.388,2024-10-24 20:26:12.388,15,1,aqfQc5yGC4,com.sec.android.app.shealth,770a448e-314e-4907-9fd0-5deaede0b53b,2023-10-06 00:00:00.000,
62810050,,62810050,2024-10-24 20:26:12.351,2024-10-24 20:26:12.351,1,1,aqfQc5yGC4,com.sec.android.app.shealth,d21fadda-4a84-45d9-901d-6d223b7571c8,2024-08-14 00:00:00.000,
62810050,,62810050,2024-10-24 20:26:12.134,2024-10-24 20:26:12.134,1,1,aqfQc5yGC4,com.sec.android.app.shealth,3b76d8ac-a793-4db9-942d-0368e0601cce,2022-05-16 00:00:00.000,
62810050,,62810050,2024-10-24 20:26:12.252,2024-10-24 20:26:12.252,13,1,aqfQc5yGC4,com.sec.android.app.shealth,5a3cf81c-a155-463d-bf7b-f3eb297a23a2,2023-04-15 00:00:00.000,
62810050,,62810050,2024-10-24 20:26:12.087,2024-10-24 20:26:12.087,3,1,aqfQc5yGC4,com.sec.android.app.shealth,ddcd028f-f1c2-48bc-b2a0-4cabf8e94c59,2022-03-15 00:00:00.000,
62810050,,62810050,2024-10-24 20:26:12.293,2024-10-24 20:26:12.293,5,1,aqfQc5yGC4,com.sec.android.app.shealth,92c31e6f-9c40-49c6-bbff-368628291730,2022-03-01 00:00:00.000,
62810050,,62810050,2024-10-24 20:26:12.365,2024-10-24 20:26:12.365,49,1,aqfQc5yGC4,com.sec.android.app.shealth,9aafad7c-9995-4fc9-b9b5-20d3d805a15f,2024-03-21 00:00:00.000,
62810050,,62810050,2024-10-24 20:26:12.240,2024-10-24 20:26:12.240,1,1,aqfQc5yGC4,com.sec.android.app.shealth,0d373b1a-9f84-481a-9c9a-a8a6619efa54,2021-09-22 00:00:00.000,
62810050,,62810050,2024-10-24 20:26:12.479,2024-10-24 20:26:12.479,77,1,aqfQc5yGC4,com.sec.android.app.shealth,17e22cce-ec4f-45ee-a8aa-9fa46eb01708,2022-06-06 00:00:00.000,
62810050,,62810050,2024-10-24 20:26:12.443,2024-10-24 20:26:12.443,35,1,aqfQc5yGC4,com.sec.android.app.shealth,c527c9a1-d174-4ab9-bec2-51f31399e6a3,2023-04-29 00:00:00.000,
62810050,,62810050,2024-10-24 20:26:12.108,2024-10-24 20:26:12.108,5,1,aqfQc5yGC4,com.sec.android.app.shealth,4352e936-04ff-4d22-a8bd-268a9ba0c546,2021-09-29 00:00:00.000,
62810050,,62810050,2024-10-24 20:26:12.335,2024-10-24 20:26:12.335,5,1,aqfQc5yGC4,com.sec.android.app.shealth,0a05e148-d7de-42da-8c7d-98f2e3e4c002,2024-03-07 00:00:00.000,
62810050,,62810050,2024-10-24 20:26:12.375,2024-10-24 20:26:12.375,28,1,aqfQc5yGC4,com.sec.android.app.shealth,9d6157b3-9c9b-49c3-b353-4196099d7b3e,2022-05-30 00:00:00.000,
62810050,,62810050,2024-10-24 20:26:12.398,2024-10-24 20:26:12.398,5,1,aqfQc5yGC4,com.sec.android.app.shealth,f92d0f78-4f0f-4317-bf6b-284bd236f0ef,2022-02-22 00:00:00.000,
62810050,,62810050,2024-10-24 20:26:12.533,2024-10-24 20:26:12.533,3,1,aqfQc5yGC4,com.sec.android.app.shealth,66ab223f-7e48-4422-99b8-83d544870a3d,2022-02-15 00:00:00.000,
62810050,,62810050,2024-10-24 20:26:12.118,2024-10-24 20:26:12.118,23,1,aqfQc5yGC4,com.sec.android.app.shealth,b8423d04-0fca-418a-b13c-c89f718fb7f9,2023-09-15 00:00:00.000,
62810050,,62810050,2024-10-24 20:26:12.509,2024-10-24 20:26:12.509,5,1,aqfQc5yGC4,com.sec.android.app.shealth,23947eb3-d169-415f-a3d0-833455318ae9,2021-09-08 00:00:00.000,
62810050,,62810050,2024-10-24 20:26:12.323,2024-10-24 20:26:12.323,2,1,aqfQc5yGC4,com.sec.android.app.shealth,3f28c08e-2bf6-4c27-9627-89478827f7d9,2021-09-15 00:00:00.000,
62810050,,62810050,2024-10-24 20:26:12.691,2024-10-24 20:26:12.691,37,1,aqfQc5yGC4,com.sec.android.app.shealth,229115d3-6294-40f9-9627-3ae18cb9e93e,2023-10-27 00:00:00.000,
62810050,,62810050,2024-10-24 20:26:12.433,2024-10-24 20:26:12.433,1,1,aqfQc5yGC4,com.sec.android.app.shealth,9149ae69-349c-4333-ad73-918d136de8c2,2024-09-04 00:00:00.000,
62810050,,62810050,2024-10-24 20:26:12.590,2024-10-24 20:26:12.590,31,1,aqfQc5yGC4,com.sec.android.app.shealth,9dcebff8-848a-480e-bfbc-a4d91c30c1a6,2023-05-06 00:00:00.000,
62810050,,62810050,2024-10-24 20:26:12.746,2024-10-24 20:26:12.746,1,1,aqfQc5yGC4,com.sec.android.app.shealth,2fe45e7d-224b-4a37-8a34-a53e08156a32,2022-02-01 00:00:00.000,
62810050,,62810050,2024-10-24 20:26:13.436,2024-10-24 20:26:13.436,24,1,aqfQc5yGC4,com.sec.android.app.shealth,48d641c5-f0e7-44a8-b2f1-5eb888d2e65b,2022-05-26 00:00:00.000,
62810050,,62810050,2024-10-24 20:26:12.896,2024-10-24 20:26:12.896,2,1,aqfQc5yGC4,com.sec.android.app.shealth,90d4ed9d-e7c1-4ed6-9aac-742681055bcf,2022-12-11 00:00:00.000,
62810050,,62810050,2024-10-24 20:26:13.119,2024-10-24 20:26:13.119,8,1,aqfQc5yGC4,com.sec.android.app.shealth,2ad1fbdc-6d17-4c96-92aa-1268b1f1e8fa,2022-05-12 00:00:00.000,
62810050,,62810050,2024-10-24 20:26:13.547,2024-10-24 20:26:13.547,2,1,aqfQc5yGC4,com.sec.android.app.shealth,4ac98dd4-6e0b-4655-9eaa-2f3d9c1875fd,2022-03-31 00:00:00.000,
62810050,,62810050,2024-10-24 20:26:13.642,2024-10-24 20:26:13.642,1,1,aqfQc5yGC4,com.sec.android.app.shealth,1610558c-2b9c-4232-b58c-fad025fcd1ca,2021-10-08 00:00:00.000,
62810050,,62810050,2024-10-24 20:26:13.713,2024-10-24 20:26:13.713,4,1,aqfQc5yGC4,com.sec.android.app.shealth,d3bd17e6-c4ea-4673-ad8e-cb20823b063c,2022-03-10 00:00:00.000,
62810050,,62810050,2024-10-24 20:26:13.807,2024-10-24 20:26:13.807,17,1,aqfQc5yGC4,com.sec.android.app.shealth,0acc7b2b-0b0b-498a-a101-45d3597aaadd,2023-05-23 00:00:00.000,
62810050,,62810050,2024-10-24 20:26:13.878,2024-10-24 20:26:13.878,10,1,aqfQc5yGC4,com.sec.android.app.shealth,eb3a2409-d2b5-44bf-94d0-ae0155bf05e2,2024-05-25 00:00:00.000,
62810050,,62810050,2024-10-24 20:26:14.087,2024-10-24 20:26:14.087,29,1,aqfQc5yGC4,com.sec.android.app.shealth,1326afc0-ed77-4fb7-ab9a-02845a93ec11,2022-08-24 00:00:00.000,
62810050,,62810050,2024-10-24 20:26:14.009,2024-10-24 20:26:14.009,10,1,aqfQc5yGC4,com.sec.android.app.shealth,5c250ce4-9fb5-4745-9a5f-c4b73006370c,2023-07-10 00:00:00.000,
62810050,,62810050,2024-10-24 20:26:14.188,2024-10-24 20:26:14.188,4,1,aqfQc5yGC4,com.sec.android.app.shealth,1921ba42-4213-4273-9a78-ff8e94519db9,2022-08-31 00:00:00.000,
62810050,,62810050,2024-10-24 20:26:14.258,2024-10-24 20:26:14.258,19,1,aqfQc5yGC4,com.sec.android.app.shealth,eea80f7c-1528-482f-ac5b-44a4c82c0de8,2024-07-06 00:00:00.000,
62810050,,62810050,2024-10-24 20:26:14.330,2024-10-24 20:26:14.330,8,1,aqfQc5yGC4,com.sec.android.app.shealth,e649166c-f858-4179-9bff-000c04eaa796,2024-06-29 00:00:00.000,
62810050,,62810050,2024-10-24 20:26:12.989,2024-10-24 20:26:12.989,49,1,aqfQc5yGC4,com.sec.android.app.shealth,bfe2c369-2a81-41ee-b8ad-c5162027c1aa,2023-03-28 00:00:00.000,
62810050,,62810050,2024-10-24 20:26:12.835,2024-10-24 20:26:12.835,3,1,aqfQc5yGC4,com.sec.android.app.shealth,61b7a553-8701-4383-a535-eccbe8a44239,2022-01-25 00:00:00.000,
62810050,,62810050,2024-10-24 20:26:13.382,2024-10-24 20:26:13.382,1,1,aqfQc5yGC4,com.sec.android.app.shealth,ff59c34e-996f-43ab-9a9f-0fb8c941e867,2021-10-29 00:00:00.000,
62810050,,62810050,2024-10-24 20:26:13.485,2024-10-24 20:26:13.485,35,1,aqfQc5yGC4,com.sec.android.app.shealth,ff4fa626-8b9d-44a6-bd47-ef758d975d4d,2023-04-25 00:00:00.000,
62810050,,62810050,2024-10-24 20:26:12.422,2024-10-24 20:26:12.422,31,1,aqfQc5yGC4,com.sec.android.app.shealth,5e0e7879-9900-443b-9233-40181b747f44,2023-04-22 00:00:00.000,
62810050,,62810050,2024-10-24 20:26:12.563,2024-10-24 20:26:12.563,1,1,aqfQc5yGC4,com.sec.android.app.shealth,e71d1545-56a3-4399-8cce-1a30c7730f1f,2024-08-28 00:00:00.000,
62810050,,62810050,2024-10-24 20:26:12.735,2024-10-24 20:26:12.735,10,1,aqfQc5yGC4,com.sec.android.app.shealth,38de4723-4cdb-4f3d-8d4d-14a04c1a0e3b,2024-04-04 00:00:00.000,
62810050,,62810050,2024-10-24 20:26:13.592,2024-10-24 20:26:13.592,11,1,aqfQc5yGC4,com.sec.android.app.shealth,b71afc5a-0fa5-48ee-9648-90d552fa13e6,2022-06-09 00:00:00.000,
62810050,,62810050,2024-10-24 20:26:12.885,2024-10-24 20:26:12.885,35,1,aqfQc5yGC4,com.sec.android.app.shealth,923875b7-169e-48b8-819b-31a4c6ff2ac1,2023-05-20 00:00:00.000,
62810050,,62810050,2024-10-24 20:26:13.678,2024-10-24 20:26:13.678,28,1,aqfQc5yGC4,com.sec.android.app.shealth,df3b866f-2fd6-4646-87d1-9fc21b32f95c,2023-05-16 00:00:00.000,
62810050,,62810050,2024-10-24 20:26:13.109,2024-10-24 20:26:13.109,3,1,aqfQc5yGC4,com.sec.android.app.shealth,58971c24-eaa3-40f7-9438-e57e42f47112,2024-02-18 00:00:00.000,
62810050,,62810050,2024-10-24 20:26:13.764,2024-10-24 20:26:13.764,29,1,aqfQc5yGC4,com.sec.android.app.shealth,9f3123a6-3177-45fa-be35-c5e6ff650efd,2024-04-14 00:00:00.000,
62810050,,62810050,2024-10-24 20:26:13.418,2024-10-24 20:26:13.418,15,1,aqfQc5yGC4,com.sec.android.app.shealth,4efc17cc-5224-4ded-b49b-bf439910841a,2023-09-25 00:00:00.000,
62810050,,62810050,2024-10-24 20:26:13.535,2024-10-24 20:26:13.535,8,1,aqfQc5yGC4,com.sec.android.app.shealth,69e14731-ac82-4975-9aad-157f143c1979,2022-06-02 00:00:00.000,
62810050,,62810050,2024-10-24 20:26:13.843,2024-10-24 20:26:13.843,41,1,aqfQc5yGC4,com.sec.android.app.shealth,c70029da-8b21-4190-986e-ced225bbf7f7,2023-05-30 00:00:00.000,
62810050,,62810050,2024-10-24 20:26:13.961,2024-10-24 20:26:13.961,1,1,aqfQc5yGC4,com.sec.android.app.shealth,d513b687-7431-46f1-a563-fbafa83e8ccd,2023-12-10 00:00:00.000,
62810050,,62810050,2024-10-24 20:26:12.467,2024-10-24 20:26:12.467,4,1,aqfQc5yGC4,com.sec.android.app.shealth,ed774164-6fac-48b9-8158-ea823ebed2ec,2024-03-14 00:00:00.000,
62810050,,62810050,2024-10-24 20:26:14.050,2024-10-24 20:26:14.050,1,1,aqfQc5yGC4,com.sec.android.app.shealth,fb01ca48-c360-46c2-8f5b-7e90398ff1e6,2023-01-31 00:00:00.000,
62810050,,62810050,2024-10-24 20:26:13.628,2024-10-24 20:26:13.628,22,1,aqfQc5yGC4,com.sec.android.app.shealth,e7236f1f-323a-4406-83cf-46cfd3d1dfa9,2022-06-16 00:00:00.000,
62810050,,62810050,2024-10-24 20:26:14.120,2024-10-24 20:26:14.120,56,1,aqfQc5yGC4,com.sec.android.app.shealth,1d1e2c17-eab7-49d8-90b9-38c59e439f12,2024-06-08 00:00:00.000,
62810050,,62810050,2024-10-24 20:26:14.294,2024-10-24 20:26:14.294,13,1,aqfQc5yGC4,com.sec.android.app.shealth,972e4444-2953-4894-b7d4-eb94ea0899e5,2024-01-28 00:00:00.000,
62810050,,62810050,2024-10-24 20:26:13.798,2024-10-24 20:26:13.798,4,1,aqfQc5yGC4,com.sec.android.app.shealth,8dbfaf10-d81a-4b93-aa53-51441ddd7991,2022-03-03 00:00:00.000,
62810050,,62810050,2024-10-24 20:26:12.660,2024-10-24 20:26:12.660,1,1,aqfQc5yGC4,com.sec.android.app.shealth,b6607403-c9af-48d1-b469-2d81d75dc070,2022-02-08 00:00:00.000,
62810050,,62810050,2024-10-24 20:26:13.703,2024-10-24 20:26:13.703,21,1,aqfQc5yGC4,com.sec.android.app.shealth,cf87f8c4-ff06-4eb5-91d1-efec415dbdd8,2022-06-23 00:00:00.000,
62810050,,62810050,2024-10-24 20:26:14.218,2024-10-24 20:26:14.218,1,1,aqfQc5yGC4,com.sec.android.app.shealth,45a036e0-845d-401e-8ecd-ed7a9a543bf2,2022-09-07 00:00:00.000,
62810050,,62810050,2024-10-24 20:26:12.937,2024-10-24 20:26:12.937,66,1,aqfQc5yGC4,com.sec.android.app.shealth,b916a47c-d325-47e6-9e19-fb3a70ca10c3,2023-09-11 00:00:00.000,
62810050,,62810050,2024-10-24 20:26:13.869,2024-10-24 20:26:13.869,1,1,aqfQc5yGC4,com.sec.android.app.shealth,012750f0-7790-4233-b97a-1f9fe142905b,2023-01-17 00:00:00.000,
62810050,,62810050,2024-10-24 20:26:12.780,2024-10-24 20:26:12.780,15,1,aqfQc5yGC4,com.sec.android.app.shealth,6b85beb2-9abe-4a0c-9427-ed2c1a1467a4,2023-11-03 00:00:00.000,
62810050,,62810050,2024-10-24 20:26:14.075,2024-10-24 20:26:14.075,13,1,aqfQc5yGC4,com.sec.android.app.shealth,e0093d08-5fac-49f5-ae23-5188c66c85c4,2024-06-15 00:00:00.000,
62810050,,62810050,2024-10-24 20:26:12.553,2024-10-24 20:26:12.553,33,1,aqfQc5yGC4,com.sec.android.app.shealth,5c436e8e-e876-48f3-bf93-56ce59c5ed0c,2024-03-28 00:00:00.000,
62810050,,62810050,2024-10-24 20:26:13.352,2024-10-24 20:26:13.352,29,1,aqfQc5yGC4,com.sec.android.app.shealth,f0ef2ad7-1225-41e7-a075-ff824bf272bb,2023-04-04 00:00:00.000,
62810050,,62810050,2024-10-24 20:26:12.825,2024-10-24 20:26:12.825,3,1,aqfQc5yGC4,com.sec.android.app.shealth,3a227f97-189d-46e2-8ff5-023baffae6cf,2021-08-18 00:00:00.000,
62810050,,62810050,2024-10-24 20:26:14.000,2024-10-24 20:26:14.000,2,1,aqfQc5yGC4,com.sec.android.app.shealth,70b70698-fca9-41ed-b859-29c95cf8deee,2022-01-21 00:00:00.000,
62810050,,62810050,2024-10-24 20:26:13.568,2024-10-24 20:26:13.568,1,1,aqfQc5yGC4,com.sec.android.app.shealth,784234eb-1314-4219-8ad2-ccabedf862e6,2024-08-24 00:00:00.000,
62810050,,62810050,2024-10-24 20:26:14.179,2024-10-24 20:26:14.179,36,1,aqfQc5yGC4,com.sec.android.app.shealth,212f373f-e8a5-4eda-888e-ca267231f8eb,2024-06-22 00:00:00.000,
62810050,,62810050,2024-10-24 20:26:12.678,2024-10-24 20:26:12.678,84,1,aqfQc5yGC4,com.sec.android.app.shealth,1b50f87b-f161-406d-850b-0df85a7409b2,2023-05-13 00:00:00.000,
62810050,,62810050,2024-10-24 20:26:13.459,2024-10-24 20:26:13.459,55,1,aqfQc5yGC4,com.sec.android.app.shealth,c68458f2-c742-4399-b89d-833d02205355,2023-04-18 00:00:00.000,
62810050,,62810050,2024-10-24 20:26:12.720,2024-10-24 20:26:12.720,1,1,aqfQc5yGC4,com.sec.android.app.shealth,59ddf20e-8cf6-4f87-94a2-8c64ad420ece,2022-06-20 00:00:00.000,
62810050,,62810050,2024-10-24 20:26:13.738,2024-10-24 20:26:13.738,2,1,aqfQc5yGC4,com.sec.android.app.shealth,b71f2fd3-a1a0-48fd-a616-cca90cef9ab6,2021-09-24 00:00:00.000,
62810050,,62810050,2024-10-24 20:26:13.368,2024-10-24 20:26:13.368,46,1,aqfQc5yGC4,com.sec.android.app.shealth,7fa3e391-b6a2-4868-bd80-2c8c0cb26037,2023-04-11 00:00:00.000,
62810050,,62810050,2024-10-24 20:26:12.954,2024-10-24 20:26:12.954,16,1,aqfQc5yGC4,com.sec.android.app.shealth,07a5b813-ab6c-4ce6-9426-497fa0e79e92,2022-05-05 00:00:00.000,
62810050,,62810050,2024-10-24 20:26:13.662,2024-10-24 20:26:13.662,1,1,aqfQc5yGC4,com.sec.android.app.shealth,3472448d-2119-47c1-b3ee-5c31038149ea,2022-11-30 00:00:00.000,
62810050,,62810050,2024-10-24 20:26:14.323,2024-10-24 20:26:14.323,134,1,aqfQc5yGC4,com.sec.android.app.shealth,aa69c76c-1dd4-4189-8175-c273445e759d,2023-03-07 00:00:00.000,
62810050,,62810050,2024-10-24 20:26:13.073,2024-10-24 20:26:13.073,6,1,aqfQc5yGC4,com.sec.android.app.shealth,ab0144da-da12-47be-8e6d-044fb39aac69,2021-11-12 00:00:00.000,
62810050,,62810050,2024-10-24 20:26:14.247,2024-10-24 20:26:14.247,3,1,aqfQc5yGC4,com.sec.android.app.shealth,d9fa0f52-d066-4341-afe4-52e88df80a19,2023-02-21 00:00:00.000,
62810050,,62810050,2024-10-24 20:26:13.476,2024-10-24 20:26:13.476,14,1,aqfQc5yGC4,com.sec.android.app.shealth,19ed9b28-a37e-46c2-be47-27cb47e02381,2023-10-09 00:00:00.000,
62810050,,62810050,2024-10-24 20:26:12.871,2024-10-24 20:26:12.871,9,1,aqfQc5yGC4,com.sec.android.app.shealth,53e7d0b1-e033-4d2d-bcd4-f1d78f778823,2024-04-11 00:00:00.000,
62810050,,62810050,2024-10-24 20:26:13.826,2024-10-24 20:26:13.826,5,1,aqfQc5yGC4,com.sec.android.app.shealth,12ee2f23-430b-4531-88b0-b755624c8cc8,2021-09-17 00:00:00.000,
62810050,,62810050,2024-10-24 20:26:13.404,2024-10-24 20:26:13.404,5,1,aqfQc5yGC4,com.sec.android.app.shealth,a3f3e7eb-f068-48dc-9d38-a7d3f43794fe,2024-03-10 00:00:00.000,
62810050,,62810050,2024-10-24 20:26:14.029,2024-10-24 20:26:14.029,84,1,aqfQc5yGC4,com.sec.android.app.shealth,8cb6c35c-6954-4e4c-8136-7919356d4c6b,2024-06-01 00:00:00.000,
62810050,,62810050,2024-10-24 20:26:13.578,2024-10-24 20:26:13.578,12,1,aqfQc5yGC4,com.sec.android.app.shealth,2e2ce0f0-8084-41c8-95cb-3438ef5834c1,2024-03-31 00:00:00.000,
62810050,,62810050,2024-10-24 20:26:13.616,2024-10-24 20:26:13.616,28,1,aqfQc5yGC4,com.sec.android.app.shealth,bfc04a21-ace6-4332-b50f-b9772c602265,2023-05-09 00:00:00.000,
62810050,,62810050,2024-10-24 20:26:13.906,2024-10-24 20:26:13.906,36,1,aqfQc5yGC4,com.sec.android.app.shealth,ccbf9200-0adf-4933-87e6-e878bbd76d18,2023-07-03 00:00:00.000,
62810050,,62810050,2024-10-24 20:26:13.748,2024-10-24 20:26:13.748,8,1,aqfQc5yGC4,com.sec.android.app.shealth,b1dc5405-4c39-4454-b1e1-7eb1ab9b9fa0,2022-06-30 00:00:00.000,
62810050,,62810050,2024-10-24 20:26:13.516,2024-10-24 20:26:13.516,2,1,aqfQc5yGC4,com.sec.android.app.shealth,f8989260-6d83-495b-9835-f7385a77dc2c,2020-01-14 00:00:00.000,
62810050,,62810050,2024-10-24 20:26:14.101,2024-10-24 20:26:14.101,22,1,aqfQc5yGC4,com.sec.android.app.shealth,114e8785-46c4-4cca-99cb-5a0e01561919,2023-12-31 00:00:00.000,
62810050,,62810050,2024-10-24 20:26:13.669,2024-10-24 20:26:13.669,4,1,aqfQc5yGC4,com.sec.android.app.shealth,0248a11b-58f1-4dae-a329-2dd65d1cfba3,2022-03-17 00:00:00.000,
62810050,,62810050,2024-10-24 20:26:13.695,2024-10-24 20:26:13.695,5,1,aqfQc5yGC4,com.sec.android.app.shealth,3f77280b-9271-4d7a-b58c-0192f76961e4,2021-10-01 00:00:00.000,
62810050,,62810050,2024-10-24 20:26:13.834,2024-10-24 20:26:13.834,4,1,aqfQc5yGC4,com.sec.android.app.shealth,239b9f6a-b0c0-422d-becc-427f5ab9e8b8,2021-09-10 00:00:00.000,
62810050,,62810050,2024-10-24 20:26:14.204,2024-10-24 20:26:14.204,3,1,aqfQc5yGC4,com.sec.android.app.shealth,1226646c-ed61-4f71-9158-4c8b03950538,2021-07-17 00:00:00.000,
62810050,,62810050,2024-10-24 20:26:12.610,2024-10-24 20:26:12.610,31,1,aqfQc5yGC4,com.sec.android.app.shealth,5bf1553d-7986-4eb3-8c26-cf68ba88bb55,2023-10-13 00:00:00.000,
62810050,,62810050,2024-10-24 20:26:14.277,2024-10-24 20:26:14.277,33,1,aqfQc5yGC4,com.sec.android.app.shealth,633ff626-8162-428f-b25c-fb9c6282609a,2024-01-14 00:00:00.000,
62810050,,62810050,2024-10-24 20:26:13.953,2024-10-24 20:26:13.953,12,1,aqfQc5yGC4,com.sec.android.app.shealth,094a4a4b-ccb0-4f42-975e-6f1911809357,2023-06-26 00:00:00.000,
62810050,,62810050,2024-10-24 20:26:14.113,2024-10-24 20:26:14.113,23,1,aqfQc5yGC4,com.sec.android.app.shealth,0f78168a-eb6c-4b3c-84e2-04c49d198cde,2023-02-07 00:00:00.000,
62810050,,62810050,2024-10-24 20:26:14.041,2024-10-24 20:26:14.041,4,1,aqfQc5yGC4,com.sec.android.app.shealth,5e2dc908-09e8-4972-b88f-589dd91c7e5e,2019-10-30 00:00:00.000,
62810050,,62810050,2024-10-24 20:26:13.984,2024-10-24 20:26:13.984,3,1,aqfQc5yGC4,com.sec.android.app.shealth,e010e182-cb18-4457-9828-fbc934dae567,2022-08-10 00:00:00.000,
62810050,,62810050,2024-10-24 20:26:13.861,2024-10-24 20:26:13.861,16,1,aqfQc5yGC4,com.sec.android.app.shealth,6cb93aca-c120-4ce7-8385-cf49d173427e,2022-08-03 00:00:00.000,
62810050,,62810050,2024-10-24 20:26:14.211,2024-10-24 20:26:14.211,18,1,aqfQc5yGC4,com.sec.android.app.shealth,e90061e3-9157-4326-bba5-864ae638ef88,2023-07-24 00:00:00.000,
62810050,,62810050,2024-10-24 20:26:12.759,2024-10-24 20:26:12.759,23,1,aqfQc5yGC4,com.sec.android.app.shealth,93ccf184-a201-4b9d-8e08-2a07aa3822e0,2023-10-20 00:00:00.000,
62810050,,62810050,2024-10-24 20:26:14.068,2024-10-24 20:26:14.068,3,1,aqfQc5yGC4,com.sec.android.app.shealth,19d0095d-0ad8-48cc-85bf-072551a7f7c2,2023-12-17 00:00:00.000,
62810050,,62810050,2024-10-24 20:26:12.914,2024-10-24 20:26:12.914,2,1,aqfQc5yGC4,com.sec.android.app.shealth,e765a951-63e1-467b-8d44-aa81da8d5ae3,2024-02-25 00:00:00.000,
62810050,,62810050,2024-10-24 20:26:14.286,2024-10-24 20:26:14.286,1,1,aqfQc5yGC4,com.sec.android.app.shealth,26f6fa9b-1dd1-4111-9481-42f8973011a8,2021-12-17 00:00:00.000,
62810050,,62810050,2024-10-24 20:26:14.168,2024-10-24 20:26:14.168,42,1,aqfQc5yGC4,com.sec.android.app.shealth,606fabdd-396a-4621-a11d-0350a9cca740,2023-07-17 00:00:00.000,
62810050,,62810050,2024-10-24 20:26:14.233,2024-10-24 20:26:14.233,20,1,aqfQc5yGC4,com.sec.android.app.shealth,fa5f132e-27ca-42ce-a585-9dbeea155d7e,2023-08-07 00:00:00.000,
62810050,,62810050,2024-10-24 20:26:13.328,2024-10-24 20:26:13.328,5,1,aqfQc5yGC4,com.sec.android.app.shealth,136d61cc-c7ba-4eb4-af5f-67e9815e4253,2024-03-03 00:00:00.000,
62810050,,62810050,2024-10-24 20:26:13.451,2024-10-24 20:26:13.451,2,1,aqfQc5yGC4,com.sec.android.app.shealth,cd132665-41fa-47b9-b5f2-f50be780ccf9,2024-08-31 00:00:00.000,
62810050,,62810050,2024-10-24 20:26:14.312,2024-10-24 20:26:14.312,26,1,aqfQc5yGC4,com.sec.android.app.shealth,78ac8461-2333-4bb8-9d31-f708fcabc1db,2023-02-28 00:00:00.000,
62810050,,62810050,2024-10-24 20:26:13.651,2024-10-24 20:26:13.651,5,1,aqfQc5yGC4,com.sec.android.app.shealth,d339adfa-5e0c-49a2-b32a-75a123aa1b93,2024-03-24 00:00:00.000,
62810050,,62810050,2024-10-24 20:26:13.723,2024-10-24 20:26:13.723,14,1,aqfQc5yGC4,com.sec.android.app.shealth,0d2a3945-ff88-43f0-b670-c7f56dcb2a20,2023-10-23 00:00:00.000,
62810050,,62810050,2024-10-24 20:26:13.558,2024-10-24 20:26:13.558,6,1,aqfQc5yGC4,com.sec.android.app.shealth,b979c342-77e9-4656-89e3-4e1391c30fd0,2024-03-17 00:00:00.000,
62810050,,62810050,2024-10-24 20:26:12.705,2024-10-24 20:26:12.705,1,1,aqfQc5yGC4,com.sec.android.app.shealth,d30eac11-da6a-4620-ab7d-0fe10356043c,2024-09-25 00:00:00.000,
62810050,,62810050,2024-10-24 20:26:13.817,2024-10-24 20:26:13.817,25,1,aqfQc5yGC4,com.sec.android.app.shealth,9b005044-de2e-4d04-9727-6a0b4eecb503,2022-07-07 00:00:00.000,
62810050,,62810050,2024-10-24 20:26:12.853,2024-10-24 20:26:12.853,29,1,aqfQc5yGC4,com.sec.android.app.shealth,db5e6eef-588d-41ef-964c-433299e51bbb,2021-08-11 00:00:00.000,
62810050,,62810050,2024-10-24 20:26:13.894,2024-10-24 20:26:13.894,5,1,aqfQc5yGC4,com.sec.android.app.shealth,3a9ed1ea-1c81-4432-aaba-1b60dd34014a,2019-10-23 00:00:00.000,
62810050,,62810050,2024-10-24 20:26:14.018,2024-10-24 20:26:14.018,4,1,aqfQc5yGC4,com.sec.android.app.shealth,7bbaaa6c-b334-49b5-8eaa-060cb81cd75a,2021-08-07 00:00:00.000,
62810050,,62810050,2024-10-24 20:26:14.094,2024-10-24 20:26:14.094,2,1,aqfQc5yGC4,com.sec.android.app.shealth,7936b20e-709f-43f7-a1f0-7be0adc19ff1,2021-07-31 00:00:00.000,
62810050,,62810050,2024-10-24 20:26:13.050,2024-10-24 20:26:13.050,8,1,aqfQc5yGC4,com.sec.android.app.shealth,256b432f-c8b4-4f7c-8da7-1ced112c93b2,2022-10-19 00:00:00.000,
62810050,,62810050,2024-10-24 20:26:13.395,2024-10-24 20:26:13.395,7,1,aqfQc5yGC4,com.sec.android.app.shealth,ff94e063-f462-4b0e-838c-e67f1dc95780,2023-10-02 00:00:00.000,
62810050,,62810050,2024-10-24 20:26:14.196,2024-10-24 20:26:14.196,43,1,aqfQc5yGC4,com.sec.android.app.shealth,316a6c9a-f924-4b0b-99ea-8d91ac80485b,2023-07-31 00:00:00.000,
62810050,,62810050,2024-10-24 20:26:13.506,2024-10-24 20:26:13.506,2,1,aqfQc5yGC4,com.sec.android.app.shealth,5c25eb5e-8c5e-4e38-9090-796ac9250d85,2024-08-17 00:00:00.000,
62810050,,62810050,2024-10-24 20:26:13.604,2024-10-24 20:26:13.604,18,1,aqfQc5yGC4,com.sec.android.app.shealth,bc5ef3ff-12d3-4eb7-aff6-ed733581346f,2023-10-16 00:00:00.000,
62810050,,62810050,2024-10-24 20:26:13.689,2024-10-24 20:26:13.689,4,1,aqfQc5yGC4,com.sec.android.app.shealth,4a363108-8f09-4da9-a9e4-659499fa153b,2024-04-07 00:00:00.000,
62810050,,62810050,2024-10-24 20:26:14.266,2024-10-24 20:26:14.266,16,1,aqfQc5yGC4,com.sec.android.app.shealth,b806179f-cb8d-4110-bad8-2af7b9fcf831,2022-09-14 00:00:00.000,
62810050,,62810050,2024-10-24 20:26:13.777,2024-10-24 20:26:13.777,5,1,aqfQc5yGC4,com.sec.android.app.shealth,f444fa90-709b-487b-9dfd-f92319b3bb11,2023-10-30 00:00:00.000,
62810050,,62810050,2024-10-24 20:26:14.340,2024-10-24 20:26:14.340,17,1,aqfQc5yGC4,com.sec.android.app.shealth,53d07cfe-6561-495d-9152-bd6755f544a7,2022-09-21 00:00:00.000,
62810050,,62810050,2024-10-24 20:26:13.852,2024-10-24 20:26:13.852,1,1,aqfQc5yGC4,com.sec.android.app.shealth,1b02373c-23b7-4098-8776-86031c134259,2024-04-21 00:00:00.000,
62810050,,62810050,2024-10-24 20:26:13.972,2024-10-24 20:26:13.972,11,1,aqfQc5yGC4,com.sec.android.app.shealth,d1d82648-d8dc-49d6-8a38-eb01394b7393,2021-08-14 00:00:00.000,
62810050,,62810050,2024-10-24 20:26:14.060,2024-10-24 20:26:14.060,31,1,aqfQc5yGC4,com.sec.android.app.shealth,5bc1323b-d461-47fb-bc5f-51f749f975e7,2022-08-17 00:00:00.000,
62810050,,62810050,2024-10-24 20:26:14.146,2024-10-24 20:26:14.146,6,1,aqfQc5yGC4,com.sec.android.app.shealth,c7741f61-6e22-445e-89a3-eb770195a6c1,2022-01-07 00:00:00.000,
62810050,,62810050,2024-10-24 20:26:14.225,2024-10-24 20:26:14.225,2,1,aqfQc5yGC4,com.sec.android.app.shealth,1d083f1c-6741-4299-abd8-7171b02eb030,2021-12-24 00:00:00.000,
62810050,,62810050,2024-10-24 20:26:14.303,2024-10-24 20:26:14.303,7,1,aqfQc5yGC4,com.sec.android.app.shealth,e52cfddc-f599-49cb-9851-d53c87cee04a,2022-04-07 00:00:00.000,
62810050,,62810050,2024-10-24 20:26:14.459,2024-10-24 20:26:14.459,13,1,aqfQc5yGC4,com.sec.android.app.shealth,40e6edc1-dec0-4acb-8131-3c0486451690,2023-03-14 00:00:00.000,
62810050,,62810050,2024-10-24 20:26:14.471,2024-10-24 20:26:14.471,23,1,aqfQc5yGC4,com.sec.android.app.shealth,671bb4c1-d08b-4942-b49f-3388f1ebe0dc,2023-08-21 00:00:00.000,
62810050,,62810050,2024-10-24 20:26:14.484,2024-10-24 20:26:14.484,56,1,aqfQc5yGC4,com.sec.android.app.shealth,9742552d-e964-4114-a38e-39c6564f0a2b,2022-10-05 00:00:00.000,
62810050,,62810050,2024-10-24 20:26:14.521,2024-10-24 20:26:14.521,2,1,aqfQc5yGC4,com.sec.android.app.shealth,bf0503f9-cdcc-4923-a691-98f242f1002d,2024-02-11 00:00:00.000,
62810050,,62810050,2024-10-24 20:26:14.513,2024-10-24 20:26:14.513,8,1,aqfQc5yGC4,com.sec.android.app.shealth,b9ecd406-dcf0-42ba-9b58-f438016875e7,2023-08-28 00:00:00.000,
62810050,,62810050,2024-10-24 20:26:14.353,2024-10-24 20:26:14.353,14,1,aqfQc5yGC4,com.sec.android.app.shealth,74a2deb7-7a39-4ab3-be0b-49c16e250479,2024-01-21 00:00:00.000,
62810050,,62810050,2024-10-24 20:26:14.368,2024-10-24 20:26:14.368,6,1,aqfQc5yGC4,com.sec.android.app.shealth,46313a5c-6d5d-4154-bb23-bcb048f152b0,2022-04-14 00:00:00.000,
62810050,,62810050,2024-10-24 20:26:14.381,2024-10-24 20:26:14.381,7,1,aqfQc5yGC4,com.sec.android.app.shealth,a527a6b0-588a-4df1-8a31-e5821278099c,2023-08-14 00:00:00.000,
62810050,,62810050,2024-10-24 20:26:14.547,2024-10-24 20:26:14.547,22,1,aqfQc5yGC4,com.sec.android.app.shealth,e4e14fc3-8952-4860-8b9e-fad28bcf3fcc,2023-10-01 00:00:00.000,
62810050,,62810050,2024-10-24 20:26:14.603,2024-10-24 20:26:14.603,122,1,aqfQc5yGC4,com.sec.android.app.shealth,7c237864-2005-4b6c-8d5c-e80498640aef,2022-06-01 00:00:00.000,
62810050,,62810050,2024-10-24 20:26:14.424,2024-10-24 20:26:14.424,68,1,aqfQc5yGC4,com.sec.android.app.shealth,2cf00eab-cd70-49ad-952d-f31d65fe701e,2024-07-20 00:00:00.000,
62810050,,62810050,2024-10-24 20:26:14.556,2024-10-24 20:26:14.556,2,1,aqfQc5yGC4,com.sec.android.app.shealth,fe5f7625-8e46-4391-a048-d605f658a70b,2022-05-25 00:00:00.000,
62810050,,62810050,2024-10-24 20:26:14.528,2024-10-24 20:26:14.528,8,1,aqfQc5yGC4,com.sec.android.app.shealth,329f61e6-0ebc-458a-84da-a81e70481250,2022-10-12 00:00:00.000,
62810050,,62810050,2024-10-24 20:26:14.448,2024-10-24 20:26:14.448,13,1,aqfQc5yGC4,com.sec.android.app.shealth,6f1b62bc-a8d9-4e58-978d-08b9bb7112b4,2022-09-28 00:00:00.000,
62810050,,62810050,2024-10-24 20:26:14.572,2024-10-24 20:26:14.572,27,1,aqfQc5yGC4,com.sec.android.app.shealth,6f23ea3d-8f9e-40bb-aca5-5391793e4ea3,2023-04-24 00:00:00.000,
62810050,,62810050,2024-10-24 20:26:14.505,2024-10-24 20:26:14.505,1,1,aqfQc5yGC4,com.sec.android.app.shealth,da6a20ff-29d6-4a21-beaa-d7600a3a1ebc,2023-09-04 00:00:00.000,
62810050,,62810050,2024-10-24 20:26:14.618,2024-10-24 20:26:14.618,22,1,aqfQc5yGC4,com.sec.android.app.shealth,0e93fb4a-f5f1-4ccd-b97f-f98c6a047f07,2024-03-23 00:00:00.000,
62810050,,62810050,2024-10-24 20:26:14.539,2024-10-24 20:26:14.539,15,1,aqfQc5yGC4,com.sec.android.app.shealth,c72076ee-0286-4782-84ba-28b629a2b485,2024-03-16 00:00:00.000,
62810050,,62810050,2024-10-24 20:26:14.495,2024-10-24 20:26:14.495,26,1,aqfQc5yGC4,com.sec.android.app.shealth,0c91e360-28d3-4988-a982-e2ae82523b4e,2024-07-13 00:00:00.000,
62810050,,62810050,2024-10-24 20:26:14.753,2024-10-24 20:26:14.753,5,1,aqfQc5yGC4,com.sec.android.app.shealth,2d6d5271-1c00-401b-af66-e1cee8c0f510,2024-03-30 00:00:00.000,
62810050,,62810050,2024-10-24 20:26:14.666,2024-10-24 20:26:14.666,26,1,aqfQc5yGC4,com.sec.android.app.shealth,6b4f8d7c-409b-4b64-908a-cb145a0c51d4,2023-10-22 00:00:00.000,
62810050,,62810050,2024-10-24 20:26:14.634,2024-10-24 20:26:14.634,1,1,aqfQc5yGC4,com.sec.android.app.shealth,b67d94bb-b85d-4693-a39e-da7a093088c0,2024-08-23 00:00:00.000,
62810050,,62810050,2024-10-24 20:26:14.675,2024-10-24 20:26:14.675,1,1,aqfQc5yGC4,com.sec.android.app.shealth,e12321e9-d59e-4c36-9053-0d6b22e5fe4b,2020-02-03 00:00:00.000,
62810050,,62810050,2024-10-24 20:26:14.582,2024-10-24 20:26:14.582,1,1,aqfQc5yGC4,com.sec.android.app.shealth,cf76de88-a9c7-4cc6-b721-7f66569d1d5e,2024-03-09 00:00:00.000,
62810050,,62810050,2024-10-24 20:26:14.793,2024-10-24 20:26:14.793,6,1,aqfQc5yGC4,com.sec.android.app.shealth,d60cdecb-71ed-4b26-bb43-0a8141f37a29,2022-06-22 00:00:00.000,
62810050,,62810050,2024-10-24 20:26:14.564,2024-10-24 20:26:14.564,10,1,aqfQc5yGC4,com.sec.android.app.shealth,d47009d9-4a69-46a3-8522-f6a4f910d928,2023-04-17 00:00:00.000,
62810050,,62810050,2024-10-24 20:26:14.692,2024-10-24 20:26:14.692,2,1,aqfQc5yGC4,com.sec.android.app.shealth,b1dfc364-29b6-4870-aa46-0b0c9b7c32c6,2024-09-20 00:00:00.000,
62810050,,62810050,2024-10-24 20:26:14.837,2024-10-24 20:26:14.837,2,1,aqfQc5yGC4,com.sec.android.app.shealth,65e16c15-5efc-4ac1-b293-d85521446705,2022-06-29 00:00:00.000,
62810050,,62810050,2024-10-24 20:26:14.593,2024-10-24 20:26:14.593,1,1,aqfQc5yGC4,com.sec.android.app.shealth,66439c07-ab89-4cca-8e50-6986badd0049,2021-06-25 00:00:00.000,
62810050,,62810050,2024-10-24 20:26:14.653,2024-10-24 20:26:14.653,1,1,aqfQc5yGC4,com.sec.android.app.shealth,e7a76d1d-47be-4579-a8a3-1cb931bc2d0d,2023-10-08 00:00:00.000,
62810050,,62810050,2024-10-24 20:26:14.783,2024-10-24 20:26:14.783,13,1,aqfQc5yGC4,com.sec.android.app.shealth,6537ef2b-428c-4256-b793-de867e46d7fa,2023-10-29 00:00:00.000,
62810050,,62810050,2024-10-24 20:26:14.736,2024-10-24 20:26:14.736,8,1,aqfQc5yGC4,com.sec.android.app.shealth,0bb075a3-e077-4b7c-a848-5199f48b6d12,2022-06-15 00:00:00.000,
62810050,,62810050,2024-10-24 20:26:14.917,2024-10-24 20:26:14.917,27,1,aqfQc5yGC4,com.sec.android.app.shealth,ae2fb668-cc8e-4b13-9d7d-7a8ab8d325c6,2022-07-06 00:00:00.000,
62810050,,62810050,2024-10-24 20:26:14.626,2024-10-24 20:26:14.626,1,1,aqfQc5yGC4,com.sec.android.app.shealth,701b9de4-cf77-44dc-b43b-b8f4bf7172ab,2021-11-25 00:00:00.000,
62810050,,62810050,2024-10-24 20:26:14.766,2024-10-24 20:26:14.766,16,1,aqfQc5yGC4,com.sec.android.app.shealth,98be2b87-e451-43ab-9add-6bb904df1611,2023-10-15 00:00:00.000,
62810050,,62810050,2024-10-24 20:26:14.807,2024-10-24 20:26:14.807,6,1,aqfQc5yGC4,com.sec.android.app.shealth,9f362949-0dfd-479d-8558-7d6b3a01764e,2021-11-11 00:00:00.000,
62810050,,62810050,2024-10-24 20:26:14.908,2024-10-24 20:26:14.908,7,1,aqfQc5yGC4,com.sec.android.app.shealth,920f472a-d614-4b98-911d-d245c74f7555,2024-04-13 00:00:00.000,
62810050,,62810050,2024-10-24 20:26:14.845,2024-10-24 20:26:14.845,2,1,aqfQc5yGC4,com.sec.android.app.shealth,859bec8e-3f20-4352-9e5d-c2d3aba8a293,2021-11-04 00:00:00.000,
62810050,,62810050,2024-10-24 20:26:14.643,2024-10-24 20:26:14.643,17,1,aqfQc5yGC4,com.sec.android.app.shealth,03c3be66-1741-48db-a534-7dfa08fb66e5,2022-06-08 00:00:00.000,
62810050,,62810050,2024-10-24 20:26:14.874,2024-10-24 20:26:14.874,25,1,aqfQc5yGC4,com.sec.android.app.shealth,f3796558-c089-4ec7-8979-eb9f156a710f,2023-05-22 00:00:00.000,
62810050,,62810050,2024-10-24 20:26:14.926,2024-10-24 20:26:14.926,34,1,aqfQc5yGC4,com.sec.android.app.shealth,2e0c123e-8903-4fd6-b223-e7e936770b12,2023-06-05 00:00:00.000,
62810050,,62810050,2024-10-24 20:26:14.966,2024-10-24 20:26:14.966,4,1,aqfQc5yGC4,com.sec.android.app.shealth,1946d0b9-79a6-4a32-a6f4-34f207cf8746,2022-07-13 00:00:00.000,
62810050,,62810050,2024-10-24 20:26:14.828,2024-10-24 20:26:14.828,11,1,aqfQc5yGC4,com.sec.android.app.shealth,aba67e5f-624a-4ec3-9fd8-c382288fb18f,2023-05-15 00:00:00.000,
62810050,,62810050,2024-10-24 20:26:14.855,2024-10-24 20:26:14.855,23,1,aqfQc5yGC4,com.sec.android.app.shealth,878ed441-eebd-41b3-a3f7-cb9b80726a20,2024-04-20 00:00:00.000,
62810050,,62810050,2024-10-24 20:26:14.988,2024-10-24 20:26:14.988,1,1,aqfQc5yGC4,com.sec.android.app.shealth,78f33592-5163-4149-8219-5929cb6a0b4d,2021-10-14 00:00:00.000,
62810050,,62810050,2024-10-24 20:26:14.816,2024-10-24 20:26:14.816,14,1,aqfQc5yGC4,com.sec.android.app.shealth,0f22717e-5d01-4aeb-bbc2-35ca684902f6,2024-04-06 00:00:00.000,
62810050,,62810050,2024-10-24 20:26:14.936,2024-10-24 20:26:14.936,5,1,aqfQc5yGC4,com.sec.android.app.shealth,62890b57-ba14-4ba7-b7a8-10be399c7848,2022-04-06 00:00:00.000,
62810050,,62810050,2024-10-24 20:26:15.026,2024-10-24 20:26:15.026,3,1,aqfQc5yGC4,com.sec.android.app.shealth,2f57ec6c-bad5-4c1c-9d3d-c46aac03d0aa,2022-12-27 00:00:00.000,
62810050,,62810050,2024-10-24 20:26:15.113,2024-10-24 20:26:15.113,1,1,aqfQc5yGC4,com.sec.android.app.shealth,786c31ba-35db-4661-b851-6d7ec51930e9,2022-03-16 00:00:00.000,
62810050,,62810050,2024-10-24 20:26:14.891,2024-10-24 20:26:14.891,1,1,aqfQc5yGC4,com.sec.android.app.shealth,e9b9a8be-5c1c-4444-a330-beb72b15b614,2021-10-28 00:00:00.000,
62810050,,62810050,2024-10-24 20:26:14.865,2024-10-24 20:26:14.865,32,1,aqfQc5yGC4,com.sec.android.app.shealth,ba65f90e-6883-434d-ad9d-f0e14dce276e,2023-05-29 00:00:00.000,
62810050,,62810050,2024-10-24 20:26:15.047,2024-10-24 20:26:15.047,73,1,aqfQc5yGC4,com.sec.android.app.shealth,550a129a-f49e-45aa-b0aa-42ef09dd562d,2024-05-04 00:00:00.000,
62810050,,62810050,2024-10-24 20:26:14.955,2024-10-24 20:26:14.955,103,1,aqfQc5yGC4,com.sec.android.app.shealth,fd192a0a-be3d-463d-a047-660a35fbf6f2,2024-04-27 00:00:00.000,
62810050,,62810050,2024-10-24 20:26:14.944,2024-10-24 20:26:14.944,1,1,aqfQc5yGC4,com.sec.android.app.shealth,d88f3d27-df26-46af-b575-73b9018fdb65,2024-09-27 00:00:00.000,
62810050,,62810050,2024-10-24 20:26:15.121,2024-10-24 20:26:15.121,20,1,aqfQc5yGC4,com.sec.android.app.shealth,22fdfc39-679c-4974-860d-decd17450d25,2023-06-19 00:00:00.000,
62810050,,62810050,2024-10-24 20:26:14.999,2024-10-24 20:26:14.999,20,1,aqfQc5yGC4,com.sec.android.app.shealth,7b6164c8-8cd7-47f7-97b2-89512a1da785,2022-07-20 00:00:00.000,
62810050,,62810050,2024-10-24 20:26:15.066,2024-10-24 20:26:15.066,18,1,aqfQc5yGC4,com.sec.android.app.shealth,829d2b6a-0b60-4fc2-be3a-475216caf634,2023-06-12 00:00:00.000,
62810050,,62810050,2024-10-24 20:26:15.055,2024-10-24 20:26:15.055,1,1,aqfQc5yGC4,com.sec.android.app.shealth,2ed109f6-117a-4e7a-9f18-83d6aa1f01d3,2022-03-23 00:00:00.000,
62810050,,62810050,2024-10-24 20:26:14.979,2024-10-24 20:26:14.979,9,1,aqfQc5yGC4,com.sec.android.app.shealth,fcd3d2b9-408b-47be-8e92-eac1bcd22f94,2023-11-26 00:00:00.000,
62810050,,62810050,2024-10-24 20:26:15.256,2024-10-24 20:26:15.256,2,1,aqfQc5yGC4,com.sec.android.app.shealth,cd7d8d0d-19e0-4967-ab5b-be8e541ebaa7,2022-08-30 00:00:00.000,
62810050,,62810050,2024-10-24 20:26:15.137,2024-10-24 20:26:15.137,5,1,aqfQc5yGC4,com.sec.android.app.shealth,fd5d829e-9b90-49f0-ba75-49e322760dab,2021-09-30 00:00:00.000,
62810050,,62810050,2024-10-24 20:26:15.075,2024-10-24 20:26:15.075,1,1,aqfQc5yGC4,com.sec.android.app.shealth,02bfe2de-c9d5-44af-a276-7a0555a211c0,2021-10-07 00:00:00.000,
62810050,,62810050,2024-10-24 20:26:15.176,2024-10-24 20:26:15.176,86,1,aqfQc5yGC4,com.sec.android.app.shealth,3e83db36-4a10-4e11-900e-d8872a4ce488,2024-05-11 00:00:00.000,
62810050,,62810050,2024-10-24 20:26:15.103,2024-10-24 20:26:15.103,14,1,aqfQc5yGC4,com.sec.android.app.shealth,aa0503cc-eae3-4ca9-bead-31f1521d03d1,2022-07-27 00:00:00.000,
62810050,,62810050,2024-10-24 20:26:15.285,2024-10-24 20:26:15.285,1,1,aqfQc5yGC4,com.sec.android.app.shealth,c5927309-dc61-470d-ab9b-260b39f94da1,2021-09-03 00:00:00.000,
62810050,,62810050,2024-10-24 20:26:15.208,2024-10-24 20:26:15.208,23,1,aqfQc5yGC4,com.sec.android.app.shealth,52a66941-da66-4700-b20c-d31e345c08ff,2023-02-06 00:00:00.000,
62810050,,62810050,2024-10-24 20:26:15.093,2024-10-24 20:26:15.093,14,1,aqfQc5yGC4,com.sec.android.app.shealth,3d0b9446-4624-4a35-aa68-4b9562d1314a,2023-12-03 00:00:00.000,
62810050,,62810050,2024-10-24 20:26:15.216,2024-10-24 20:26:15.216,3,1,aqfQc5yGC4,com.sec.android.app.shealth,b162d815-7570-4467-b1a6-ff5d136d85d5,2022-02-17 00:00:00.000,
62810050,,62810050,2024-10-24 20:26:15.318,2024-10-24 20:26:15.318,41,1,aqfQc5yGC4,com.sec.android.app.shealth,5cfdf19a-f20c-4bec-b82e-1de3793a70cf,2024-01-13 00:00:00.000,
62810050,,62810050,2024-10-24 20:26:15.330,2024-10-24 20:26:15.330,28,1,aqfQc5yGC4,com.sec.android.app.shealth,a23c3038-d906-4521-a848-32b724b22770,2023-02-13 00:00:00.000,
62810050,,62810050,2024-10-24 20:26:15.433,2024-10-24 20:26:15.433,26,1,aqfQc5yGC4,com.sec.android.app.shealth,b14415bd-7c98-4fce-9dc4-b74ed5643d29,2021-08-20 00:00:00.000,
62810050,,62810050,2024-10-24 20:26:15.230,2024-10-24 20:26:15.230,21,1,aqfQc5yGC4,com.sec.android.app.shealth,c8bf6c8a-585d-4f03-bbe4-71c98dce6c8f,2024-06-21 00:00:00.000,
62810050,,62810050,2024-10-24 20:26:15.441,2024-10-24 20:26:15.441,34,1,aqfQc5yGC4,com.sec.android.app.shealth,59108919-ae30-4fdc-ba0a-4d96b020d03e,2024-07-05 00:00:00.000,
62810050,,62810050,2024-10-24 20:26:15.189,2024-10-24 20:26:15.189,24,1,aqfQc5yGC4,com.sec.android.app.shealth,9f03210f-207f-4112-9f70-fcadd549ad56,2023-07-23 00:00:00.000,
62810050,,62810050,2024-10-24 20:26:15.344,2024-10-24 20:26:15.344,6,1,aqfQc5yGC4,com.sec.android.app.shealth,b5ca4db2-8c7d-43bd-97a9-640ef69413e2,2023-02-20 00:00:00.000,
62810050,,62810050,2024-10-24 20:26:15.425,2024-10-24 20:26:15.425,7,1,aqfQc5yGC4,com.sec.android.app.shealth,800ae3e7-2fb6-45c5-a4c9-a151d594d9a4,2022-02-03 00:00:00.000,
62810050,,62810050,2024-10-24 20:26:15.311,2024-10-24 20:26:15.311,3,1,aqfQc5yGC4,com.sec.android.app.shealth,dcb880ad-8d68-4b9b-827a-d176c66896d4,2022-02-10 00:00:00.000,
62810050,,62810050,2024-10-24 20:26:15.242,2024-10-24 20:26:15.242,2,1,aqfQc5yGC4,com.sec.android.app.shealth,5ecbfd1e-c4bd-4638-959d-d74e6a6d19d3,2023-12-30 00:00:00.000,
62810050,,62810050,2024-10-24 20:26:15.451,2024-10-24 20:26:15.451,26,1,aqfQc5yGC4,com.sec.android.app.shealth,25d05109-8dbb-4883-b051-4c02b7e4233a,2022-09-13 00:00:00.000,
62810050,,62810050,2024-10-24 20:26:15.359,2024-10-24 20:26:15.359,7,1,aqfQc5yGC4,com.sec.android.app.shealth,1c919148-8b62-4d5a-8bb1-5a67ab6bd942,2022-09-06 00:00:00.000,
62810050,,62810050,2024-10-24 20:26:15.557,2024-10-24 20:26:15.557,24,1,aqfQc5yGC4,com.sec.android.app.shealth,670d6d9e-fc36-42d2-9f3a-0b9d980e8157,2023-08-20 00:00:00.000,
62810050,,62810050,2024-10-24 20:26:15.380,2024-10-24 20:26:15.380,30,1,aqfQc5yGC4,com.sec.android.app.shealth,05f78a2c-6a03-4cdf-a209-96388cd9872b,2024-06-14 00:00:00.000,
62810050,,62810050,2024-10-24 20:26:15.469,2024-10-24 20:26:15.469,43,1,aqfQc5yGC4,com.sec.android.app.shealth,8aada759-6ae0-45ea-97a0-879859df7e31,2023-02-27 00:00:00.000,
62810050,,62810050,2024-10-24 20:26:15.578,2024-10-24 20:26:15.578,6,1,aqfQc5yGC4,com.sec.android.app.shealth,1ac8be7b-f41e-435e-bb80-314548a38e6b,2021-08-06 00:00:00.000,
62810050,,62810050,2024-10-24 20:26:15.458,2024-10-24 20:26:15.458,1,1,aqfQc5yGC4,com.sec.android.app.shealth,4db31f19-720d-4344-b6b8-5de47605060a,2024-01-20 00:00:00.000,
62810050,,62810050,2024-10-24 20:26:15.569,2024-10-24 20:26:15.569,7,1,aqfQc5yGC4,com.sec.android.app.shealth,52cac105-6380-4190-b675-4e8179961dd3,2022-04-13 00:00:00.000,
62810050,,62810050,2024-10-24 20:26:15.304,2024-10-24 20:26:15.304,40,1,aqfQc5yGC4,com.sec.android.app.shealth,39d06521-3daf-4248-aa9f-b111fbd52898,2023-07-30 00:00:00.000,
62810050,,62810050,2024-10-24 20:26:15.482,2024-10-24 20:26:15.482,89,1,aqfQc5yGC4,com.sec.android.app.shealth,e3d59ca2-4b93-4b4f-a3e4-27fd51c60ff4,2024-07-12 00:00:00.000,
62810050,,62810050,2024-10-24 20:26:15.400,2024-10-24 20:26:15.400,3,1,aqfQc5yGC4,com.sec.android.app.shealth,e2ad8e20-f5ee-4da3-bf89-610cdcc88122,2021-08-27 00:00:00.000,
62810050,,62810050,2024-10-24 20:26:15.534,2024-10-24 20:26:15.534,7,1,aqfQc5yGC4,com.sec.android.app.shealth,965bf85c-755b-4aeb-904b-be747b7e6635,2021-08-13 00:00:00.000,
62810050,,62810050,2024-10-24 20:26:15.609,2024-10-24 20:26:15.609,19,1,aqfQc5yGC4,com.sec.android.app.shealth,73eccae6-79e3-4db2-a3cb-9e45145793fb,2023-03-13 00:00:00.000,
62810050,,62810050,2024-10-24 20:26:15.417,2024-10-24 20:26:15.417,9,1,aqfQc5yGC4,com.sec.android.app.shealth,1d4a262e-4d6e-4b80-9dae-e4a157b60483,2024-01-06 00:00:00.000,
62810050,,62810050,2024-10-24 20:26:15.545,2024-10-24 20:26:15.545,4,1,aqfQc5yGC4,com.sec.android.app.shealth,a3bac095-e078-47b0-9f68-cd2bfb75663c,2022-01-20 00:00:00.000,
62810050,,62810050,2024-10-24 20:26:15.495,2024-10-24 20:26:15.495,45,1,aqfQc5yGC4,com.sec.android.app.shealth,f2439a0d-8970-4586-99af-23216f161eb9,2023-03-06 00:00:00.000,
62810050,,62810050,2024-10-24 20:26:15.624,2024-10-24 20:26:15.624,14,1,aqfQc5yGC4,com.sec.android.app.shealth,53c909f8-5319-4e01-95ff-fbb4a1f66e86,2024-07-26 00:00:00.000,
62810050,,62810050,2024-10-24 20:26:15.505,2024-10-24 20:26:15.505,41,1,aqfQc5yGC4,com.sec.android.app.shealth,2290996a-e725-43bd-94e1-d7eddb8d1b01,2024-06-28 00:00:00.000,
62810050,,62810050,2024-10-24 20:26:15.600,2024-10-24 20:26:15.600,7,1,aqfQc5yGC4,com.sec.android.app.shealth,50440837-bfec-4046-ab84-b50a07450a7c,2023-08-27 00:00:00.000,
62810050,,62810050,2024-10-24 20:26:15.593,2024-10-24 20:26:15.593,19,1,aqfQc5yGC4,com.sec.android.app.shealth,64c97f2a-465b-4441-8d78-6f06374075b0,2022-09-27 00:00:00.000,
62810050,,62810050,2024-10-24 20:26:15.633,2024-10-24 20:26:15.633,27,1,aqfQc5yGC4,com.sec.android.app.shealth,b89ef98b-7246-49b3-87ea-676012ba7156,2022-10-04 00:00:00.000,
62810050,,62810050,2024-10-24 20:26:15.772,2024-10-24 20:26:15.772,22,1,aqfQc5yGC4,com.sec.android.app.shealth,d2304dab-0db3-47ba-8c33-7f35021e0c50,2022-10-18 00:00:00.000,
62810050,,62810050,2024-10-24 20:26:15.650,2024-10-24 20:26:15.650,6,1,aqfQc5yGC4,com.sec.android.app.shealth,56afebff-e089-4c51-ad75-512c3adb27e4,2021-07-30 00:00:00.000,
62810050,,62810050,2024-10-24 20:26:15.705,2024-10-24 20:26:15.705,5,1,aqfQc5yGC4,com.sec.android.app.shealth,51909edb-d64c-4a93-97e4-89ead1267c48,2019-10-15 00:00:00.000,
62810050,,62810050,2024-10-24 20:26:15.723,2024-10-24 20:26:15.723,4,1,aqfQc5yGC4,com.sec.android.app.shealth,f2b8ab8b-925e-48c9-bf94-441562b13757,2023-09-03 00:00:00.000,
62810050,,62810050,2024-10-24 20:26:15.842,2024-10-24 20:26:15.842,2,1,aqfQc5yGC4,com.sec.android.app.shealth,b3dbc6da-9c25-442d-bc5f-1ee8a0ec5d00,2023-04-03 00:00:00.000,
62810050,,62810050,2024-10-24 20:26:15.683,2024-10-24 20:26:15.683,3,1,aqfQc5yGC4,com.sec.android.app.shealth,6ced4fb4-1509-442e-a174-8944dde10513,2022-10-11 00:00:00.000,
62810050,,62810050,2024-10-24 20:26:15.641,2024-10-24 20:26:15.641,4,1,aqfQc5yGC4,com.sec.android.app.shealth,3c6d09eb-5c78-4b9f-b0e4-4b2979c44b05,2024-02-03 00:00:00.000,
62810050,,62810050,2024-10-24 20:26:15.691,2024-10-24 20:26:15.691,34,1,aqfQc5yGC4,com.sec.android.app.shealth,de68478a-951c-4422-8aa3-2f1fb197a1ca,2024-07-19 00:00:00.000,
62810050,,62810050,2024-10-24 20:26:15.918,2024-10-24 20:26:15.918,4,1,aqfQc5yGC4,com.sec.android.app.shealth,50fc5825-c107-495b-8c78-f73575995ff4,2021-07-02 00:00:00.000,
62810050,,62810050,2024-10-24 20:26:15.698,2024-10-24 20:26:15.698,15,1,aqfQc5yGC4,com.sec.android.app.shealth,6ee596ae-024d-49a2-9b80-61e0b3611c76,2023-03-27 00:00:00.000,
62810050,,62810050,2024-10-24 20:26:15.713,2024-10-24 20:26:15.713,1,1,aqfQc5yGC4,com.sec.android.app.shealth,9b90d630-59da-46ac-8786-773de082fce3,2021-12-30 00:00:00.000,
62810050,,62810050,2024-10-24 20:26:15.878,2024-10-24 20:26:15.878,3,1,aqfQc5yGC4,com.sec.android.app.shealth,37ab7cf2-5718-4b56-8b8b-84dcc45aeca3,2022-10-25 00:00:00.000,
62810050,,62810050,2024-10-24 20:26:15.673,2024-10-24 20:26:15.673,4,1,aqfQc5yGC4,com.sec.android.app.shealth,4cec3fff-ee06-41cb-a5c0-89079a70d5dc,2024-02-17 00:00:00.000,
62810050,,62810050,2024-10-24 20:26:15.586,2024-10-24 20:26:15.586,7,1,aqfQc5yGC4,com.sec.android.app.shealth,4fc139e1-5399-4153-b613-25204be508ed,2024-01-27 00:00:00.000,
62810050,,62810050,2024-10-24 20:26:15.799,2024-10-24 20:26:15.799,11,1,aqfQc5yGC4,com.sec.android.app.shealth,0d01fd16-a17a-4260-9867-61d9210b3d11,2024-02-24 00:00:00.000,
62810050,,62810050,2024-10-24 20:26:15.831,2024-10-24 20:26:15.831,20,1,aqfQc5yGC4,com.sec.android.app.shealth,cb9c8921-2501-43f0-bcd4-426ab021a3a0,2022-05-11 00:00:00.000,
62810050,,62810050,2024-10-24 20:26:15.811,2024-10-24 20:26:15.811,18,1,aqfQc5yGC4,com.sec.android.app.shealth,8d8a3d6b-7890-46c3-b5c2-7039cfedc54b,2023-09-10 00:00:00.000,
62810050,,62810050,2024-10-24 20:26:15.963,2024-10-24 20:26:15.963,6,1,aqfQc5yGC4,com.sec.android.app.shealth,7c792e9b-6ba9-4370-88b0-014e0595ef73,2024-01-09 00:00:00.000,
62810050,,62810050,2024-10-24 20:26:15.871,2024-10-24 20:26:15.871,2,1,aqfQc5yGC4,com.sec.android.app.shealth,65508eeb-f00f-4731-a64a-627c99153f58,2024-08-02 00:00:00.000,
62810050,,62810050,2024-10-24 20:26:15.862,2024-10-24 20:26:15.862,2,1,aqfQc5yGC4,com.sec.android.app.shealth,dac9f375-42b3-47aa-8d44-b1f472027636,2023-04-10 00:00:00.000,
62810050,,62810050,2024-10-24 20:26:15.743,2024-10-24 20:26:15.743,2,1,aqfQc5yGC4,com.sec.android.app.shealth,97653300-26d2-4866-b068-48c35d15ce7d,2024-02-10 00:00:00.000,
62810050,,62810050,2024-10-24 20:26:15.890,2024-10-24 20:26:15.890,112,1,aqfQc5yGC4,com.sec.android.app.shealth,f80ef79d-ab4f-44b6-8662-e9efe7316d78,2022-05-18 00:00:00.000,
62810050,,62810050,2024-10-24 20:26:15.824,2024-10-24 20:26:15.824,8,1,aqfQc5yGC4,com.sec.android.app.shealth,2b7f6bc2-0412-48e3-8f22-828ebfcec07b,2021-07-09 00:00:00.000,
62810050,,62810050,2024-10-24 20:26:15.910,2024-10-24 20:26:15.910,12,1,aqfQc5yGC4,com.sec.android.app.shealth,428c88b7-9919-479f-b8d4-1f2453287a7b,2024-03-02 00:00:00.000,
62810050,,62810050,2024-10-24 20:26:15.730,2024-10-24 20:26:15.730,4,1,aqfQc5yGC4,com.sec.android.app.shealth,7512c31c-a1e1-4983-956a-e3a133678279,2022-05-04 00:00:00.000,
62810050,,62810050,2024-10-24 20:26:15.666,2024-10-24 20:26:15.666,13,1,aqfQc5yGC4,com.sec.android.app.shealth,dd013e74-db62-4f6b-a381-73cd9aca5119,2022-04-27 00:00:00.000,
62810050,,62810050,2024-10-24 20:26:15.945,2024-10-24 20:26:15.945,15,1,aqfQc5yGC4,com.sec.android.app.shealth,bad217c5-6968-47e2-bbc6-9b4a111df85a,2024-07-01 00:00:00.000,
62810050,,62810050,2024-10-24 20:26:15.972,2024-10-24 20:26:15.972,2,1,aqfQc5yGC4,com.sec.android.app.shealth,bceb2a13-bd42-44c1-b176-7733fa94e428,2021-10-03 00:00:00.000,
62810050,,62810050,2024-10-24 20:26:15.902,2024-10-24 20:26:15.902,8,1,aqfQc5yGC4,com.sec.android.app.shealth,0828fe4e-f9bd-4aa5-9f64-ac7c71426358,2023-09-24 00:00:00.000,
62810050,,62810050,2024-10-24 20:26:16.035,2024-10-24 20:26:16.035,1,1,aqfQc5yGC4,com.sec.android.app.shealth,6075601e-db01-4721-8f08-7dc122f4e7db,2021-09-26 00:00:00.000,
62810050,,62810050,2024-10-24 20:26:15.955,2024-10-24 20:26:15.955,1,1,aqfQc5yGC4,com.sec.android.app.shealth,95c6cabe-e679-4b34-8b3b-cddcfb27f839,2022-09-09 00:00:00.000,
62810050,,62810050,2024-10-24 20:26:15.980,2024-10-24 20:26:15.980,9,1,aqfQc5yGC4,com.sec.android.app.shealth,76b0ee4b-1d1b-417d-a1a5-edadda23139c,2024-01-23 00:00:00.000,
62810050,,62810050,2024-10-24 20:26:16.092,2024-10-24 20:26:16.092,5,1,aqfQc5yGC4,com.sec.android.app.shealth,6d96548d-933b-4553-afd9-ff695574205e,2022-04-09 00:00:00.000,
62810050,,62810050,2024-10-24 20:26:15.850,2024-10-24 20:26:15.850,3,1,aqfQc5yGC4,com.sec.android.app.shealth,8fbad709-8948-43f8-98a5-7b8244e87cc4,2019-10-01 00:00:00.000,
62810050,,62810050,2024-10-24 20:26:16.051,2024-10-24 20:26:16.051,48,1,aqfQc5yGC4,com.sec.android.app.shealth,d2cd918e-9d6c-4794-bade-c3ad4c5f8317,2024-06-24 00:00:00.000,
62810050,,62810050,2024-10-24 20:26:16.187,2024-10-24 20:26:16.187,8,1,aqfQc5yGC4,com.sec.android.app.shealth,e708aa4a-fe75-430f-9d02-d58aad40c22e,2022-09-30 00:00:00.000,
62810050,,62810050,2024-10-24 20:26:15.935,2024-10-24 20:26:15.935,1,1,aqfQc5yGC4,com.sec.android.app.shealth,e9940fea-957f-48ea-af73-52698de6e4df,2023-08-02 00:00:00.000,
62810050,,62810050,2024-10-24 20:26:16.107,2024-10-24 20:26:16.107,45,1,aqfQc5yGC4,com.sec.android.app.shealth,223daf81-21ad-43d3-b432-7d74b2a9d19b,2024-07-15 00:00:00.000,
62810050,,62810050,2024-10-24 20:26:15.996,2024-10-24 20:26:15.996,31,1,aqfQc5yGC4,com.sec.android.app.shealth,aa4cb88f-1e98-42f0-9eaa-fd779a1ff61b,2023-02-23 00:00:00.000,
62810050,,62810050,2024-10-24 20:26:16.071,2024-10-24 20:26:16.071,14,1,aqfQc5yGC4,com.sec.android.app.shealth,0158e0a0-7602-44d7-82f3-70473d057965,2022-09-16 00:00:00.000,
62810050,,62810050,2024-10-24 20:26:16.026,2024-10-24 20:26:16.026,30,1,aqfQc5yGC4,com.sec.android.app.shealth,55e80288-cd69-47d9-a269-c4c0a825fcab,2023-03-02 00:00:00.000,
62810050,,62810050,2024-10-24 20:26:16.214,2024-10-24 20:26:16.214,3,1,aqfQc5yGC4,com.sec.android.app.shealth,4925aad1-ae40-4309-bd6d-6a70171272e9,2022-04-23 00:00:00.000,
62810050,,62810050,2024-10-24 20:26:16.139,2024-10-24 20:26:16.139,17,1,aqfQc5yGC4,com.sec.android.app.shealth,7d6d86a7-e19a-4a70-b695-ce1fe0b6df03,2022-04-16 00:00:00.000,
62810050,,62810050,2024-10-24 20:26:16.156,2024-10-24 20:26:16.156,15,1,aqfQc5yGC4,com.sec.android.app.shealth,39ec7936-6755-4e04-8686-f73513b7d4fd,2023-03-09 00:00:00.000,
62810050,,62810050,2024-10-24 20:26:15.987,2024-10-24 20:26:15.987,2,1,aqfQc5yGC4,com.sec.android.app.shealth,3a599e59-0553-48b2-bb5c-acf415f932f4,2022-03-12 00:00:00.000,
62810050,,62810050,2024-10-24 20:26:16.084,2024-10-24 20:26:16.084,1,1,aqfQc5yGC4,com.sec.android.app.shealth,00c94f73-bcb8-444a-80ed-e68ffb8a83a0,2024-01-16 00:00:00.000,
62810050,,62810050,2024-10-24 20:26:16.099,2024-10-24 20:26:16.099,11,1,aqfQc5yGC4,com.sec.android.app.shealth,03415f54-5e24-42aa-82d1-c9d237066c15,2023-08-09 00:00:00.000,
62810050,,62810050,2024-10-24 20:26:16.147,2024-10-24 20:26:16.147,1,1,aqfQc5yGC4,com.sec.android.app.shealth,4a2254e3-3700-409e-99f3-fbbd4f0ba7f0,2022-02-26 00:00:00.000,
62810050,,62810050,2024-10-24 20:26:16.120,2024-10-24 20:26:16.120,23,1,aqfQc5yGC4,com.sec.android.app.shealth,2a745e08-eb80-45b1-839b-3626f23a1eac,2022-09-23 00:00:00.000,
62810050,,62810050,2024-10-24 20:26:16.204,2024-10-24 20:26:16.204,24,1,aqfQc5yGC4,com.sec.android.app.shealth,873e907c-372a-4145-afe1-657431ae7ebe,2021-09-12 00:00:00.000,
62810050,,62810050,2024-10-24 20:26:16.232,2024-10-24 20:26:16.232,17,1,aqfQc5yGC4,com.sec.android.app.shealth,1ab7b02a-1569-4c97-b187-6bd12f6fefd4,2023-08-23 00:00:00.000,
62810050,,62810050,2024-10-24 20:26:16.129,2024-10-24 20:26:16.129,1,1,aqfQc5yGC4,com.sec.android.app.shealth,9c4c6813-3981-40c6-a78e-1493d3a8d5b5,2024-01-30 00:00:00.000,
62810050,,62810050,2024-10-24 20:26:16.165,2024-10-24 20:26:16.165,10,1,aqfQc5yGC4,com.sec.android.app.shealth,e7973447-6ea4-47fa-b82a-7fd9134d7c59,2024-07-22 00:00:00.000,
62810050,,62810050,2024-10-24 20:26:16.316,2024-10-24 20:26:16.316,1,1,aqfQc5yGC4,com.sec.android.app.shealth,adb5497f-979f-4589-981c-4413ac015ccf,2022-02-12 00:00:00.000,
62810050,,62810050,2024-10-24 20:26:16.178,2024-10-24 20:26:16.178,23,1,aqfQc5yGC4,com.sec.android.app.shealth,8cc32f5d-322b-4e67-b0f8-a42164f5e9a5,2023-08-16 00:00:00.000,
62810050,,62810050,2024-10-24 20:26:16.342,2024-10-24 20:26:16.342,2,1,aqfQc5yGC4,com.sec.android.app.shealth,4ea473dc-e3e0-4bbf-9d05-0947d26f7d95,2024-08-05 00:00:00.000,
62810050,,62810050,2024-10-24 20:26:16.415,2024-10-24 20:26:16.415,4,1,aqfQc5yGC4,com.sec.android.app.shealth,4b4155ea-56af-4170-a1e1-2e6326ead70b,2021-08-22 00:00:00.000,
62810050,,62810050,2024-10-24 20:26:16.324,2024-10-24 20:26:16.324,22,1,aqfQc5yGC4,com.sec.android.app.shealth,bae49477-5271-4fdd-8549-9d6fce7d5656,2022-04-30 00:00:00.000,
62810050,,62810050,2024-10-24 20:26:16.255,2024-10-24 20:26:16.255,1,1,aqfQc5yGC4,com.sec.android.app.shealth,a728d493-71b6-4843-8b02-74bd1738ee39,2022-10-07 00:00:00.000,
62810050,,62810050,2024-10-24 20:26:16.244,2024-10-24 20:26:16.244,12,1,aqfQc5yGC4,com.sec.android.app.shealth,96da87d8-ef2b-46f7-9fc5-680ed2d1d315,2024-02-06 00:00:00.000,
62810050,,62810050,2024-10-24 20:26:16.404,2024-10-24 20:26:16.404,25,1,aqfQc5yGC4,com.sec.android.app.shealth,5233a598-4be3-49af-8784-332806264f08,2024-02-27 00:00:00.000,
62810050,,62810050,2024-10-24 20:26:16.221,2024-10-24 20:26:16.221,3,1,aqfQc5yGC4,com.sec.android.app.shealth,345a3388-011e-404c-8e7a-b1a6900353d1,2021-09-05 00:00:00.000,
62810050,,62810050,2024-10-24 20:26:16.277,2024-10-24 20:26:16.277,12,1,aqfQc5yGC4,com.sec.android.app.shealth,6d333422-d27a-4a98-a10c-51b4ab3d223f,2024-02-20 00:00:00.000,
62810050,,62810050,2024-10-24 20:26:16.484,2024-10-24 20:26:16.484,1,1,aqfQc5yGC4,com.sec.android.app.shealth,40acee29-075f-44ff-b9de-8eb4b955f131,2022-01-29 00:00:00.000,
62810050,,62810050,2024-10-24 20:26:16.382,2024-10-24 20:26:16.382,4,1,aqfQc5yGC4,com.sec.android.app.shealth,d7e3dd6e-a48d-433f-8a82-716f2db29add,2021-08-29 00:00:00.000,
62810050,,62810050,2024-10-24 20:26:16.195,2024-10-24 20:26:16.195,15,1,aqfQc5yGC4,com.sec.android.app.shealth,f7250997-ba73-4f0b-82a3-9ac27596bb43,2024-07-08 00:00:00.000,
62810050,,62810050,2024-10-24 20:26:16.541,2024-10-24 20:26:16.541,23,1,aqfQc5yGC4,com.sec.android.app.shealth,73f7506f-cdfe-490c-82a8-509535af4984,2024-03-05 00:00:00.000,
62810050,,62810050,2024-10-24 20:26:16.657,2024-10-24 20:26:16.657,6,1,aqfQc5yGC4,com.sec.android.app.shealth,044afcd2-0bb4-4361-9821-9717a9ede3fc,2021-08-08 00:00:00.000,
62810050,,62810050,2024-10-24 20:26:16.372,2024-10-24 20:26:16.372,12,1,aqfQc5yGC4,com.sec.android.app.shealth,f59a1d9c-2bd8-4f6b-9fca-99692437ca0e,2024-02-13 00:00:00.000,
62810050,,62810050,2024-10-24 20:26:16.455,2024-10-24 20:26:16.455,18,1,aqfQc5yGC4,com.sec.android.app.shealth,6d0b0d34-e255-45c8-b261-d08aa643d540,2023-09-13 00:00:00.000,
62810050,,62810050,2024-10-24 20:26:16.334,2024-10-24 20:26:16.334,31,1,aqfQc5yGC4,com.sec.android.app.shealth,747cacfb-89fd-4f9f-bc81-7fd61e301733,2023-03-23 00:00:00.000,
62810050,,62810050,2024-10-24 20:26:16.502,2024-10-24 20:26:16.502,22,1,aqfQc5yGC4,com.sec.android.app.shealth,b3193c96-6a8e-4dfb-9c24-e5231482493f,2023-09-27 00:00:00.000,
62810050,,62810050,2024-10-24 20:26:16.294,2024-10-24 20:26:16.294,50,1,aqfQc5yGC4,com.sec.android.app.shealth,6ca21689-4134-425f-900a-52754723272c,2023-09-06 00:00:00.000,
62810050,,62810050,2024-10-24 20:26:16.354,2024-10-24 20:26:16.354,2,1,aqfQc5yGC4,com.sec.android.app.shealth,646ee50a-29dc-4a37-9fa0-af3d06c7946a,2019-11-07 00:00:00.000,
62810050,,62810050,2024-10-24 20:26:16.443,2024-10-24 20:26:16.443,5,1,aqfQc5yGC4,com.sec.android.app.shealth,1d44776b-92c5-460a-94b2-034d73bf55fc,2023-04-06 00:00:00.000,
62810050,,62810050,2024-10-24 20:26:16.724,2024-10-24 20:26:16.724,29,1,aqfQc5yGC4,com.sec.android.app.shealth,50cc4736-2d30-4f37-8f00-eb1d4f160091,2024-04-15 00:00:00.000,
62810050,,62810050,2024-10-24 20:26:16.582,2024-10-24 20:26:16.582,11,1,aqfQc5yGC4,com.sec.android.app.shealth,c2b699e7-04ec-46db-89e3-87944bc59d88,2022-05-21 00:00:00.000,
62810050,,62810050,2024-10-24 20:26:16.628,2024-10-24 20:26:16.628,67,1,aqfQc5yGC4,com.sec.android.app.shealth,c674334b-9a71-4fd7-a29b-cc4dd9d2a2e1,2023-10-04 00:00:00.000,
62810050,,62810050,2024-10-24 20:26:16.494,2024-10-24 20:26:16.494,12,1,aqfQc5yGC4,com.sec.android.app.shealth,10bae6f9-3b92-4cd8-841c-d3bfcdb8e4b3,2021-08-15 00:00:00.000,
62810050,,62810050,2024-10-24 20:26:16.649,2024-10-24 20:26:16.649,2,1,aqfQc5yGC4,com.sec.android.app.shealth,384cebbc-79d3-441d-a2b5-a9fe720cbaed,2024-08-12 00:00:00.000,
62810050,,62810050,2024-10-24 20:26:16.673,2024-10-24 20:26:16.673,29,1,aqfQc5yGC4,com.sec.android.app.shealth,aaaa7c89-8dbf-485b-8b90-86f4ca3b8172,2022-05-28 00:00:00.000,
62810050,,62810050,2024-10-24 20:26:16.470,2024-10-24 20:26:16.470,18,1,aqfQc5yGC4,com.sec.android.app.shealth,7555b46d-c063-4b81-be6f-8436f10829cf,2022-05-14 00:00:00.000,
62810050,,62810050,2024-10-24 20:26:16.393,2024-10-24 20:26:16.393,2,1,aqfQc5yGC4,com.sec.android.app.shealth,2e49b7e4-ee04-43d7-9599-4ec7c46affc1,2022-05-07 00:00:00.000,
62810050,,62810050,2024-10-24 20:26:16.766,2024-10-24 20:26:16.766,8,1,aqfQc5yGC4,com.sec.android.app.shealth,9e48f256-74ae-4947-bf1e-af1c073e921e,2023-10-31 00:00:00.000,
62810050,,62810050,2024-10-24 20:26:16.425,2024-10-24 20:26:16.425,7,1,aqfQc5yGC4,com.sec.android.app.shealth,ec45c98d-11c3-4b23-9a8a-7fe5302a151a,2022-10-21 00:00:00.000,
62810050,,62810050,2024-10-24 20:26:16.621,2024-10-24 20:26:16.621,45,1,aqfQc5yGC4,com.sec.android.app.shealth,dbce0bcd-5a01-43f9-8725-37dce486fac4,2023-04-13 00:00:00.000,
62810050,,62810050,2024-10-24 20:26:16.741,2024-10-24 20:26:16.741,38,1,aqfQc5yGC4,com.sec.android.app.shealth,b9e964cc-135c-428e-9008-3e107534f722,2023-05-17 00:00:00.000,
62810050,,62810050,2024-10-24 20:26:16.607,2024-10-24 20:26:16.607,1,1,aqfQc5yGC4,com.sec.android.app.shealth,45fccbf2-0637-411d-b090-730a0bf12a07,2022-11-04 00:00:00.000,
62810050,,62810050,2024-10-24 20:26:16.696,2024-10-24 20:26:16.696,1,1,aqfQc5yGC4,com.sec.android.app.shealth,c8e238bc-11a4-454e-b122-c9c39bb5c0b4,2021-12-19 00:00:00.000,
62810050,,62810050,2024-10-24 20:26:16.702,2024-10-24 20:26:16.702,2,1,aqfQc5yGC4,com.sec.android.app.shealth,bb329bbd-b976-4b0e-924d-f51a9c1ab100,2024-09-29 00:00:00.000,
62810050,,62810050,2024-10-24 20:26:16.664,2024-10-24 20:26:16.664,3,1,aqfQc5yGC4,com.sec.android.app.shealth,53852dde-b473-4b71-b8a2-60c3c48d307f,2022-01-15 00:00:00.000,
62810050,,62810050,2024-10-24 20:26:16.689,2024-10-24 20:26:16.689,3,1,aqfQc5yGC4,com.sec.android.app.shealth,cdc07dec-4e0f-43ad-abb8-a3163963bbef,2024-03-12 00:00:00.000,
62810050,,62810050,2024-10-24 20:26:16.732,2024-10-24 20:26:16.732,21,1,aqfQc5yGC4,com.sec.android.app.shealth,51380062-b218-4062-a344-cfda85b176d7,2023-05-24 00:00:00.000,
62810050,,62810050,2024-10-24 20:26:16.564,2024-10-24 20:26:16.564,13,1,aqfQc5yGC4,com.sec.android.app.shealth,515deb95-5fe3-47f0-84f9-0b745bbb4cda,2023-09-20 00:00:00.000,
62810050,,62810050,2024-10-24 20:26:16.681,2024-10-24 20:26:16.681,1,1,aqfQc5yGC4,com.sec.android.app.shealth,68d7b1ca-8278-46ca-922b-0c29c8dccabd,2021-08-01 00:00:00.000,
62810050,,62810050,2024-10-24 20:26:16.642,2024-10-24 20:26:16.642,15,1,aqfQc5yGC4,com.sec.android.app.shealth,ca24e36a-58c7-46bc-9090-713f19557ce1,2023-04-20 00:00:00.000,
62810050,,62810050,2024-10-24 20:26:16.748,2024-10-24 20:26:16.748,2,1,aqfQc5yGC4,com.sec.android.app.shealth,b1d67298-edbe-4bb8-ad9d-64e8d6842a90,2021-07-05 00:00:00.000,
62810050,,62810050,2024-10-24 20:26:16.709,2024-10-24 20:26:16.709,4,1,aqfQc5yGC4,com.sec.android.app.shealth,e8c3cfe2-3bb5-46ff-8176-2fbc96a3a1c3,2022-06-24 00:00:00.000,
62810050,,62810050,2024-10-24 20:26:16.758,2024-10-24 20:26:16.758,1,1,aqfQc5yGC4,com.sec.android.app.shealth,5404a698-96a2-40bc-9aa8-efcce1298a50,2022-12-08 00:00:00.000,
62810050,,62810050,2024-10-24 20:26:16.846,2024-10-24 20:26:16.846,24,1,aqfQc5yGC4,com.sec.android.app.shealth,5b6c2620-4a24-4274-9c4a-6807df78bf6e,2024-04-29 00:00:00.000,
62810050,,62810050,2024-10-24 20:26:16.791,2024-10-24 20:26:16.791,8,1,aqfQc5yGC4,com.sec.android.app.shealth,033ed0a3-8109-4751-8b5b-bfdf559c0718,2024-04-08 00:00:00.000,
62810050,,62810050,2024-10-24 20:26:16.783,2024-10-24 20:26:16.783,5,1,aqfQc5yGC4,com.sec.android.app.shealth,fc926483-fb59-4481-9d8a-39ed67f5fd24,2022-07-01 00:00:00.000,
62810050,,62810050,2024-10-24 20:26:16.921,2024-10-24 20:26:16.921,44,1,aqfQc5yGC4,com.sec.android.app.shealth,6586791b-8b9f-463d-b24d-a715d7b44bd3,2023-11-28 00:00:00.000,
62810050,,62810050,2024-10-24 20:26:16.800,2024-10-24 20:26:16.800,53,1,aqfQc5yGC4,com.sec.android.app.shealth,56db7a57-e9d7-4682-8b35-ed0e91bf7d9e,2023-05-31 00:00:00.000,
62810050,,62810050,2024-10-24 20:26:16.808,2024-10-24 20:26:16.808,12,1,aqfQc5yGC4,com.sec.android.app.shealth,94e984b5-11ed-4da8-a31f-5f36fa86aa3d,2024-04-22 00:00:00.000,
62810050,,62810050,2024-10-24 20:26:16.864,2024-10-24 20:26:16.864,2,1,aqfQc5yGC4,com.sec.android.app.shealth,5e48a88c-acc1-496b-9bbe-4349f91520f3,2023-11-14 00:00:00.000,
62810050,,62810050,2024-10-24 20:26:16.967,2024-10-24 20:26:16.967,5,1,aqfQc5yGC4,com.sec.android.app.shealth,f08c3070-babe-4d73-b44c-b0b585686d25,2021-11-21 00:00:00.000,
62810050,,62810050,2024-10-24 20:26:16.817,2024-10-24 20:26:16.817,15,1,aqfQc5yGC4,com.sec.android.app.shealth,7d449b4f-4084-4e71-876a-c66c562badd4,2022-07-08 00:00:00.000,
62810050,,62810050,2024-10-24 20:26:16.893,2024-10-24 20:26:16.893,8,1,aqfQc5yGC4,com.sec.android.app.shealth,437f77f1-a2da-4255-b23e-61a0263e01a8,2024-05-13 00:00:00.000,
62810050,,62810050,2024-10-24 20:26:16.941,2024-10-24 20:26:16.941,26,1,aqfQc5yGC4,com.sec.android.app.shealth,843bb5da-b3ea-4ca7-827c-29a111132623,2022-07-22 00:00:00.000,
62810050,,62810050,2024-10-24 20:26:16.828,2024-10-24 20:26:16.828,2,1,aqfQc5yGC4,com.sec.android.app.shealth,f39b00aa-a49c-405c-9c47-d71a28b923cf,2022-07-15 00:00:00.000,
62810050,,62810050,2024-10-24 20:26:16.855,2024-10-24 20:26:16.855,1,1,aqfQc5yGC4,com.sec.android.app.shealth,8e42fae8-7fc6-464b-83d6-538e2e3b0f12,2021-11-28 00:00:00.000,
62810050,,62810050,2024-10-24 20:26:17.003,2024-10-24 20:26:17.003,1,1,aqfQc5yGC4,com.sec.android.app.shealth,7e5f0582-7c94-41e1-8000-c580bf89ad81,2021-06-07 00:00:00.000,
62810050,,62810050,2024-10-24 20:26:16.838,2024-10-24 20:26:16.838,14,1,aqfQc5yGC4,com.sec.android.app.shealth,58dce797-3753-4545-8e58-73c53c5d5f75,2023-11-21 00:00:00.000,
62810050,,62810050,2024-10-24 20:26:16.994,2024-10-24 20:26:16.994,36,1,aqfQc5yGC4,com.sec.android.app.shealth,59788702-e1a6-4489-8705-490982cf0dcd,2024-05-06 00:00:00.000,
62810050,,62810050,2024-10-24 20:26:17.113,2024-10-24 20:26:17.113,10,1,aqfQc5yGC4,com.sec.android.app.shealth,ad96e995-9cf1-4c28-b201-3cf2b2188cf7,2024-05-27 00:00:00.000,
62810050,,62810050,2024-10-24 20:26:17.031,2024-10-24 20:26:17.031,27,1,aqfQc5yGC4,com.sec.android.app.shealth,31495c5a-1a71-4770-9837-4a9d346f9b91,2024-05-20 00:00:00.000,
62810050,,62810050,2024-10-24 20:26:17.089,2024-10-24 20:26:17.089,22,1,aqfQc5yGC4,com.sec.android.app.shealth,6629ebcd-2c83-4872-8614-dc58ea26c32b,2023-07-05 00:00:00.000,
62810050,,62810050,2024-10-24 20:26:16.880,2024-10-24 20:26:16.880,72,1,aqfQc5yGC4,com.sec.android.app.shealth,6f048c10-111e-4504-99e6-1c0764143786,2023-06-07 00:00:00.000,
62810050,,62810050,2024-10-24 20:26:16.986,2024-10-24 20:26:16.986,22,1,aqfQc5yGC4,com.sec.android.app.shealth,14439738-ecd4-4907-b13f-16634b015617,2023-06-14 00:00:00.000,
62810050,,62810050,2024-10-24 20:26:17.073,2024-10-24 20:26:17.073,14,1,aqfQc5yGC4,com.sec.android.app.shealth,25975d26-b481-40b9-b62e-9ad389d82c1c,2022-08-05 00:00:00.000,
62810050,,62810050,2024-10-24 20:26:17.012,2024-10-24 20:26:17.012,1,1,aqfQc5yGC4,com.sec.android.app.shealth,db710ab8-916b-4bd3-adbf-2cf79228a085,2023-01-05 00:00:00.000,
62810050,,62810050,2024-10-24 20:26:17.041,2024-10-24 20:26:17.041,58,1,aqfQc5yGC4,com.sec.android.app.shealth,6ecd80b8-089d-41b9-a159-354343cc30fc,2023-06-28 00:00:00.000,
62810050,,62810050,2024-10-24 20:26:17.127,2024-10-24 20:26:17.127,14,1,aqfQc5yGC4,com.sec.android.app.shealth,5c96d3a2-e960-4e40-8cf6-0d0115795085,2022-08-12 00:00:00.000,
62810050,,62810050,2024-10-24 20:26:17.050,2024-10-24 20:26:17.050,19,1,aqfQc5yGC4,com.sec.android.app.shealth,21f1285f-1bdc-49b2-80f7-b1120c50daba,2023-06-21 00:00:00.000,
62810050,,62810050,2024-10-24 20:26:17.258,2024-10-24 20:26:17.258,61,1,aqfQc5yGC4,com.sec.android.app.shealth,c466727e-bde1-4592-8b7d-9b27783042cb,2023-07-12 00:00:00.000,
62810050,,62810050,2024-10-24 20:26:17.022,2024-10-24 20:26:17.022,6,1,aqfQc5yGC4,com.sec.android.app.shealth,aaef887c-6ded-49b7-a34b-032ec27528d5,2022-07-29 00:00:00.000,
62810050,,62810050,2024-10-24 20:26:17.213,2024-10-24 20:26:17.213,1,1,aqfQc5yGC4,com.sec.android.app.shealth,a51a3e3a-c668-4568-b50d-a8785e5f81ff,2023-12-26 00:00:00.000,
62810050,,62810050,2024-10-24 20:26:17.284,2024-10-24 20:26:17.284,10,1,aqfQc5yGC4,com.sec.android.app.shealth,46ba3e14-702d-4282-aaff-769ea71a7742,2022-08-26 00:00:00.000,
62810050,,62810050,2024-10-24 20:26:17.275,2024-10-24 20:26:17.275,75,1,aqfQc5yGC4,com.sec.android.app.shealth,df6becdd-b9da-4842-8107-310d7b81e7d3,2024-06-17 00:00:00.000,
62810050,,62810050,2024-10-24 20:26:17.162,2024-10-24 20:26:17.162,9,1,aqfQc5yGC4,com.sec.android.app.shealth,1bc48e4d-feb8-4313-9de8-dce023c30c6b,2023-12-12 00:00:00.000,
62810050,,62810050,2024-10-24 20:26:17.100,2024-10-24 20:26:17.100,5,1,aqfQc5yGC4,com.sec.android.app.shealth,dfbb6d19-b07a-401d-9345-385b351ed786,2023-12-19 00:00:00.000,
62810050,,62810050,2024-10-24 20:26:17.063,2024-10-24 20:26:17.063,16,1,aqfQc5yGC4,com.sec.android.app.shealth,8d5c6e54-c2ac-43cc-b83c-a2c0454a3df4,2023-12-05 00:00:00.000,
62810050,,62810050,2024-10-24 20:26:17.319,2024-10-24 20:26:17.319,1,1,aqfQc5yGC4,com.sec.android.app.shealth,747b576a-b92f-44bf-9b14-77552063c908,2022-03-26 00:00:00.000,
62810050,,62810050,2024-10-24 20:26:17.173,2024-10-24 20:26:17.173,1,1,aqfQc5yGC4,com.sec.android.app.shealth,78d761c1-3607-402f-9039-e8090e6b7be4,2021-10-24 00:00:00.000,
62810050,,62810050,2024-10-24 20:26:17.369,2024-10-24 20:26:17.369,43,1,aqfQc5yGC4,com.sec.android.app.shealth,f2a75988-254a-48b9-87d1-6e1ed049369f,2024-06-10 00:00:00.000,
62810050,,62810050,2024-10-24 20:26:17.332,2024-10-24 20:26:17.332,32,1,aqfQc5yGC4,com.sec.android.app.shealth,e77467b6-d244-48af-988e-b36e7489ccde,2023-07-19 00:00:00.000,
62810050,,62810050,2024-10-24 20:26:17.229,2024-10-24 20:26:17.229,6,1,aqfQc5yGC4,com.sec.android.app.shealth,d1d2418e-60ca-45eb-8ed6-6ee459bb3676,2023-02-02 00:00:00.000,
62810050,,62810050,2024-10-24 20:26:17.353,2024-10-24 20:26:17.353,8,1,aqfQc5yGC4,com.sec.android.app.shealth,7ac36667-e0c5-409c-8a54-f09fb432bd85,2023-02-09 00:00:00.000,
62810050,,62810050,2024-10-24 20:26:17.266,2024-10-24 20:26:17.266,4,1,aqfQc5yGC4,com.sec.android.app.shealth,a2fa004b-ae67-4f12-abc4-3b480c837b8f,2022-04-02 00:00:00.000,
62810050,,62810050,2024-10-24 20:26:17.239,2024-10-24 20:26:17.239,13,1,aqfQc5yGC4,com.sec.android.app.shealth,088b89d1-7d68-4c07-98dc-4036c59ac49a,2024-06-03 00:00:00.000,
62810050,,62810050,2024-10-24 20:26:17.391,2024-10-24 20:26:17.391,57,1,aqfQc5yGC4,com.sec.android.app.shealth,3faa3a01-4225-4076-9473-533480c4e335,2023-08-22 00:00:00.000,
62810050,,62810050,2024-10-24 20:26:17.195,2024-10-24 20:26:17.195,4,1,aqfQc5yGC4,com.sec.android.app.shealth,b36f6199-efed-4ea4-baf0-cb445b22ea68,2022-08-19 00:00:00.000,
62810050,,62810050,2024-10-24 20:26:17.466,2024-10-24 20:26:17.466,12,1,aqfQc5yGC4,com.sec.android.app.shealth,8e5a9920-f77c-44f7-9a0f-820c1803f525,2022-09-29 00:00:00.000,
62810050,,62810050,2024-10-24 20:26:17.509,2024-10-24 20:26:17.509,1,1,aqfQc5yGC4,com.sec.android.app.shealth,421a26e4-da63-4b05-a082-771422301024,2024-02-12 00:00:00.000,
62810050,,62810050,2024-10-24 20:26:17.342,2024-10-24 20:26:17.342,31,1,aqfQc5yGC4,com.sec.android.app.shealth,a7b877e7-0f6e-451a-ad85-89f520c67515,2022-09-02 00:00:00.000,
62810050,,62810050,2024-10-24 20:26:17.301,2024-10-24 20:26:17.301,26,1,aqfQc5yGC4,com.sec.android.app.shealth,34d580ba-eadc-4e06-8033-feca33d9ea5a,2023-07-26 00:00:00.000,
62810050,,62810050,2024-10-24 20:26:17.486,2024-10-24 20:26:17.486,1,1,aqfQc5yGC4,com.sec.android.app.shealth,79c1bbe8-cde8-4c9a-b231-80239a4dd80a,2021-10-23 00:00:00.000,
62810050,,62810050,2024-10-24 20:26:17.478,2024-10-24 20:26:17.478,8,1,aqfQc5yGC4,com.sec.android.app.shealth,a91f2480-e667-40f2-b5f5-54b84de3d088,2024-01-29 00:00:00.000,
62810050,,62810050,2024-10-24 20:26:17.568,2024-10-24 20:26:17.568,7,1,aqfQc5yGC4,com.sec.android.app.shealth,0e126a59-7e29-4b31-9647-fe1239a466fc,2023-08-29 00:00:00.000,
62810050,,62810050,2024-10-24 20:26:17.401,2024-10-24 20:26:17.401,2,1,aqfQc5yGC4,com.sec.android.app.shealth,f38c8f55-4231-4d2b-93c4-f359ee2cdb10,2021-10-30 00:00:00.000,
62810050,,62810050,2024-10-24 20:26:17.645,2024-10-24 20:26:17.645,20,1,aqfQc5yGC4,com.sec.android.app.shealth,252b1e82-8dd0-4002-95bf-4e082b1ce2f1,2022-05-06 00:00:00.000,
62810050,,62810050,2024-10-24 20:26:17.443,2024-10-24 20:26:17.443,6,1,aqfQc5yGC4,com.sec.android.app.shealth,a84ed9c2-d20c-4d07-a8c5-388d8f1b5885,2022-04-15 00:00:00.000,
62810050,,62810050,2024-10-24 20:26:17.542,2024-10-24 20:26:17.542,16,1,aqfQc5yGC4,com.sec.android.app.shealth,0fafc2da-a22b-4721-b062-48c2072b14b7,2023-03-15 00:00:00.000,
62810050,,62810050,2024-10-24 20:26:17.293,2024-10-24 20:26:17.293,2,1,aqfQc5yGC4,com.sec.android.app.shealth,78ab185d-8f1a-4a5a-b8b3-7b185d52ae3c,2024-01-02 00:00:00.000,
62810050,,62810050,2024-10-24 20:26:17.550,2024-10-24 20:26:17.550,1,1,aqfQc5yGC4,com.sec.android.app.shealth,fe9daf18-d17a-4823-a733-b0264ce53c9f,2021-10-16 00:00:00.000,
62810050,,62810050,2024-10-24 20:26:17.534,2024-10-24 20:26:17.534,6,1,aqfQc5yGC4,com.sec.android.app.shealth,ea93b464-657c-4fa2-ae3a-68f02eb51d8d,2022-10-06 00:00:00.000,
62810050,,62810050,2024-10-24 20:26:17.456,2024-10-24 20:26:17.456,51,1,aqfQc5yGC4,com.sec.android.app.shealth,6d1ebe0e-6375-4dc5-8712-37ee985909af,2024-07-21 00:00:00.000,
62810050,,62810050,2024-10-24 20:26:17.559,2024-10-24 20:26:17.559,26,1,aqfQc5yGC4,com.sec.android.app.shealth,09712464-c11c-49e2-95bb-e21cc43b89c0,2024-07-14 00:00:00.000,
62810050,,62810050,2024-10-24 20:26:17.681,2024-10-24 20:26:17.681,1,1,aqfQc5yGC4,com.sec.android.app.shealth,9d7311c6-80c0-42db-a1f4-c51ef8c59f46,2024-08-11 00:00:00.000,
62810050,,62810050,2024-10-24 20:26:17.811,2024-10-24 20:26:17.811,4,1,aqfQc5yGC4,com.sec.android.app.shealth,b99d18aa-d1e4-4308-a77c-ca250bb04950,2021-09-25 00:00:00.000,
62810050,,62810050,2024-10-24 20:26:17.429,2024-10-24 20:26:17.429,4,1,aqfQc5yGC4,com.sec.android.app.shealth,10bc68c6-a1bd-4d46-80e0-5acf6f180f12,2023-03-08 00:00:00.000,
62810050,,62810050,2024-10-24 20:26:17.577,2024-10-24 20:26:17.577,3,1,aqfQc5yGC4,com.sec.android.app.shealth,27d85c65-3e2f-42a5-a155-efe17a0c06b3,2024-02-05 00:00:00.000,
62810050,,62810050,2024-10-24 20:26:17.657,2024-10-24 20:26:17.657,18,1,aqfQc5yGC4,com.sec.android.app.shealth,d4955eb3-c83e-4b91-86c9-2724060a2e90,2023-03-29 00:00:00.000,
62810050,,62810050,2024-10-24 20:26:17.801,2024-10-24 20:26:17.801,11,1,aqfQc5yGC4,com.sec.android.app.shealth,0a2fd555-5336-48d7-8c61-1705d5b97afb,2024-02-26 00:00:00.000,
62810050,,62810050,2024-10-24 20:26:17.591,2024-10-24 20:26:17.591,4,1,aqfQc5yGC4,com.sec.android.app.shealth,ff6cdb83-9306-41ba-a802-7306a157182a,2022-04-29 00:00:00.000,
62810050,,62810050,2024-10-24 20:26:17.619,2024-10-24 20:26:17.619,3,1,aqfQc5yGC4,com.sec.android.app.shealth,b525c5e4-762c-41d6-b4c4-daf8c68979a6,2022-10-13 00:00:00.000,
62810050,,62810050,2024-10-24 20:26:17.526,2024-10-24 20:26:17.526,2,1,aqfQc5yGC4,com.sec.android.app.shealth,57dfed13-8a8a-45d6-8299-57b2d581061d,2022-04-01 00:00:00.000,
62810050,,62810050,2024-10-24 20:26:17.708,2024-10-24 20:26:17.708,3,1,aqfQc5yGC4,com.sec.android.app.shealth,46c3edb8-a349-4db1-99eb-144f2b032c48,2021-10-02 00:00:00.000,
62810050,,62810050,2024-10-24 20:26:17.721,2024-10-24 20:26:17.721,8,1,aqfQc5yGC4,com.sec.android.app.shealth,ce78644d-0c59-4a72-89dd-05c4b45e4b27,2022-10-20 00:00:00.000,
62810050,,62810050,2024-10-24 20:26:17.630,2024-10-24 20:26:17.630,36,1,aqfQc5yGC4,com.sec.android.app.shealth,6ead5f33-7547-49f9-8804-d9afd689fd83,2023-09-05 00:00:00.000,
62810050,,62810050,2024-10-24 20:26:17.609,2024-10-24 20:26:17.609,15,1,aqfQc5yGC4,com.sec.android.app.shealth,434ce246-5181-4829-be77-d9b8932e0c82,2024-02-19 00:00:00.000,
62810050,,62810050,2024-10-24 20:26:18.635,2024-10-24 20:26:18.635,17,1,aqfQc5yGC4,com.sec.android.app.shealth,abe096be-b226-48b8-845d-0cf1a7115214,2022-05-27 00:00:00.000,
62810050,,62810050,2024-10-24 20:26:17.860,2024-10-24 20:26:17.860,104,1,aqfQc5yGC4,com.sec.android.app.shealth,9f59dc69-e504-4e39-aefe-5effac8e6edc,2023-09-26 00:00:00.000,
62810050,,62810050,2024-10-24 20:26:17.599,2024-10-24 20:26:17.599,3,1,aqfQc5yGC4,com.sec.android.app.shealth,30f8f4d9-c850-4bce-9676-2efa85a28760,2022-03-25 00:00:00.000,
62810050,,62810050,2024-10-24 20:26:17.741,2024-10-24 20:26:17.741,11,1,aqfQc5yGC4,com.sec.android.app.shealth,0adfbf8b-84f8-4fea-a78a-f8840343523e,2022-05-13 00:00:00.000,
62810050,,62810050,2024-10-24 20:26:18.598,2024-10-24 20:26:18.598,5,1,aqfQc5yGC4,com.sec.android.app.shealth,501ddffa-8fce-4c10-8674-9e9e6bde1a34,2024-03-04 00:00:00.000,
62810050,,62810050,2024-10-24 20:26:17.789,2024-10-24 20:26:17.789,40,1,aqfQc5yGC4,com.sec.android.app.shealth,cbe0f68f-5b4d-4a0d-a344-3f7abc7f58ae,2023-09-12 00:00:00.000,
62810050,,62810050,2024-10-24 20:26:18.742,2024-10-24 20:26:18.742,4,1,aqfQc5yGC4,com.sec.android.app.shealth,7ea740ab-4434-403a-84fb-8243f5c23830,2021-09-04 00:00:00.000,
62810050,,62810050,2024-10-24 20:26:17.827,2024-10-24 20:26:17.827,2,1,aqfQc5yGC4,com.sec.android.app.shealth,0436de1a-3eaa-4aa3-a68d-bb22c29afd11,2024-03-11 00:00:00.000,
62810050,,62810050,2024-10-24 20:26:18.752,2024-10-24 20:26:18.752,9,1,aqfQc5yGC4,com.sec.android.app.shealth,b9216c76-ecb5-490b-9de2-75fa6076960d,2023-10-17 00:00:00.000,
62810050,,62810050,2024-10-24 20:26:17.838,2024-10-24 20:26:17.838,80,1,aqfQc5yGC4,com.sec.android.app.shealth,ce6ad8fc-e587-4faa-b868-11b5c17040aa,2022-05-20 00:00:00.000,
62810050,,62810050,2024-10-24 20:26:18.886,2024-10-24 20:26:18.886,4,1,aqfQc5yGC4,com.sec.android.app.shealth,bbfebab4-8a43-4b51-9d58-7ef616edf4a3,2022-06-17 00:00:00.000,
62810050,,62810050,2024-10-24 20:26:17.766,2024-10-24 20:26:17.766,6,1,aqfQc5yGC4,com.sec.android.app.shealth,60c7af73-918e-47ff-a87a-6d572115c51a,2022-03-11 00:00:00.000,
62810050,,62810050,2024-10-24 20:26:17.732,2024-10-24 20:26:17.732,2,1,aqfQc5yGC4,com.sec.android.app.shealth,186b6cdd-667c-4dcf-bf9d-53c4abf4ccb7,2023-09-19 00:00:00.000,
62810050,,62810050,2024-10-24 20:26:18.278,2024-10-24 20:26:18.278,40,1,aqfQc5yGC4,com.sec.android.app.shealth,a0013401-5267-4942-8b9d-fb92901d2fa6,2023-04-12 00:00:00.000,
62810050,,62810050,2024-10-24 20:26:18.571,2024-10-24 20:26:18.571,32,1,aqfQc5yGC4,com.sec.android.app.shealth,289824f2-1c2c-4b2c-a42a-41b6d77f92ba,2023-04-19 00:00:00.000,
62810050,,62810050,2024-10-24 20:26:18.679,2024-10-24 20:26:18.679,5,1,aqfQc5yGC4,com.sec.android.app.shealth,858f745b-e410-432c-b2d5-261fd53b0493,2021-09-11 00:00:00.000,
62810050,,62810050,2024-10-24 20:26:18.729,2024-10-24 20:26:18.729,14,1,aqfQc5yGC4,com.sec.android.app.shealth,56c93f6a-505f-4af6-a4e3-028701592e86,2023-10-03 00:00:00.000,
62810050,,62810050,2024-10-24 20:26:18.653,2024-10-24 20:26:18.653,43,1,aqfQc5yGC4,com.sec.android.app.shealth,45bcc77c-aa71-48b3-bed6-4c8c6f2f5dac,2024-03-18 00:00:00.000,
62810050,,62810050,2024-10-24 20:26:18.908,2024-10-24 20:26:18.908,1,1,aqfQc5yGC4,com.sec.android.app.shealth,e834c122-58dd-411f-a4df-4963e954fd26,2022-02-04 00:00:00.000,
62810050,,62810050,2024-10-24 20:26:18.713,2024-10-24 20:26:18.713,1,1,aqfQc5yGC4,com.sec.android.app.shealth,2a66e645-8496-45ff-b4d1-daca0102c5bc,2022-02-18 00:00:00.000,
62810050,,62810050,2024-10-24 20:26:18.895,2024-10-24 20:26:18.895,9,1,aqfQc5yGC4,com.sec.android.app.shealth,86ac0838-56ef-4aaa-9329-017b5c18cf3f,2021-08-28 00:00:00.000,
62810050,,62810050,2024-10-24 20:26:18.696,2024-10-24 20:26:18.696,3,1,aqfQc5yGC4,com.sec.android.app.shealth,bef88107-3f88-42c6-ae4b-85428dd6539e,2022-06-03 00:00:00.000,
62810050,,62810050,2024-10-24 20:26:18.921,2024-10-24 20:26:18.921,2,1,aqfQc5yGC4,com.sec.android.app.shealth,6f8f7f81-14a8-4925-b841-92477ad3d4b6,2021-08-21 00:00:00.000,
62810050,,62810050,2024-10-24 20:26:18.538,2024-10-24 20:26:18.538,3,1,aqfQc5yGC4,com.sec.android.app.shealth,f381dfb6-30f3-437e-bc98-d67684a7c921,2021-09-18 00:00:00.000,
62810050,,62810050,2024-10-24 20:26:18.833,2024-10-24 20:26:18.833,22,1,aqfQc5yGC4,com.sec.android.app.shealth,3ed2e5c0-c711-4616-b005-0515dc699982,2023-10-10 00:00:00.000,
62810050,,62810050,2024-10-24 20:26:18.876,2024-10-24 20:26:18.876,2,1,aqfQc5yGC4,com.sec.android.app.shealth,76d96891-0bcf-487a-ade6-2059b6e601a5,2023-10-24 00:00:00.000,
62810050,,62810050,2024-10-24 20:26:18.665,2024-10-24 20:26:18.665,90,1,aqfQc5yGC4,com.sec.android.app.shealth,5963fac9-5d95-4d15-b43d-86de904a3e1a,2023-04-26 00:00:00.000,
62810050,,62810050,2024-10-24 20:26:18.783,2024-10-24 20:26:18.783,2,1,aqfQc5yGC4,com.sec.android.app.shealth,a9decc23-3383-4fa6-b3e2-f000ae7a0c23,2024-03-25 00:00:00.000,
62810050,,62810050,2024-10-24 20:26:18.933,2024-10-24 20:26:18.933,4,1,aqfQc5yGC4,com.sec.android.app.shealth,cf3d5f91-0379-4bf9-82d9-446761ad13c4,2024-04-01 00:00:00.000,
62810050,,62810050,2024-10-24 20:26:18.956,2024-10-24 20:26:18.956,12,1,aqfQc5yGC4,com.sec.android.app.shealth,e69fef0a-c9f0-482c-8020-86a310673f84,2022-07-14 00:00:00.000,
62810050,,62810050,2024-10-24 20:26:19.188,2024-10-24 20:26:19.188,45,1,aqfQc5yGC4,com.sec.android.app.shealth,8bb66819-9772-4754-afab-be4fcde768b6,2024-05-12 00:00:00.000,
62810050,,62810050,2024-10-24 20:26:19.012,2024-10-24 20:26:19.012,125,1,aqfQc5yGC4,com.sec.android.app.shealth,f384a088-ee19-4dfc-b07b-d5b8afbfcd15,2023-06-06 00:00:00.000,
62810050,,62810050,2024-10-24 20:26:18.846,2024-10-24 20:26:18.846,1,1,aqfQc5yGC4,com.sec.android.app.shealth,fcefe5ca-f3db-4cce-8b90-1738f905509e,2022-11-24 00:00:00.000,
62810050,,62810050,2024-10-24 20:26:18.944,2024-10-24 20:26:18.944,42,1,aqfQc5yGC4,com.sec.android.app.shealth,b4f6b76c-a208-41f2-be6f-d19dfc886988,2023-05-10 00:00:00.000,
62810050,,62810050,2024-10-24 20:26:18.978,2024-10-24 20:26:18.978,8,1,aqfQc5yGC4,com.sec.android.app.shealth,b20205ef-4041-4a20-9674-d92224576ec7,2024-05-05 00:00:00.000,
62810050,,62810050,2024-10-24 20:26:18.804,2024-10-24 20:26:18.804,11,1,aqfQc5yGC4,com.sec.android.app.shealth,96a40258-8796-4f9e-8ce8-13594e02761d,2022-06-10 00:00:00.000,
62810050,,62810050,2024-10-24 20:26:19.034,2024-10-24 20:26:19.034,5,1,aqfQc5yGC4,com.sec.android.app.shealth,fe4aaaac-1cd4-4216-99e7-96bd8ffef7ec,2022-07-21 00:00:00.000,
62810050,,62810050,2024-10-24 20:26:19.022,2024-10-24 20:26:19.022,15,1,aqfQc5yGC4,com.sec.android.app.shealth,82d20cc8-d4ed-43b2-9386-49589987c6fb,2023-11-20 00:00:00.000,
62810050,,62810050,2024-10-24 20:26:19.348,2024-10-24 20:26:19.348,24,1,aqfQc5yGC4,com.sec.android.app.shealth,b3ef5475-4558-404f-8c4e-982b7d026066,2024-05-19 00:00:00.000,
62810050,,62810050,2024-10-24 20:26:18.990,2024-10-24 20:26:18.990,12,1,aqfQc5yGC4,com.sec.android.app.shealth,eecadac7-2ff7-43ca-861d-c9b5114968e8,2023-06-13 00:00:00.000,
62810050,,62810050,2024-10-24 20:26:19.103,2024-10-24 20:26:19.103,79,1,aqfQc5yGC4,com.sec.android.app.shealth,f90ce9b6-edc5-4ce7-830c-8e0d990c4be8,2023-06-20 00:00:00.000,
62810050,,62810050,2024-10-24 20:26:19.232,2024-10-24 20:26:19.232,3,1,aqfQc5yGC4,com.sec.android.app.shealth,82429398-017b-4f14-99d9-f1a77c6a482a,2021-12-25 00:00:00.000,
62810050,,62810050,2024-10-24 20:26:19.073,2024-10-24 20:26:19.073,34,1,aqfQc5yGC4,com.sec.android.app.shealth,c96e740f-0c54-4010-9b7b-876501c9573f,2024-04-28 00:00:00.000,
62810050,,62810050,2024-10-24 20:26:19.202,2024-10-24 20:26:19.202,2,1,aqfQc5yGC4,com.sec.android.app.shealth,75750899-2846-49c0-ba35-fec5f592b029,2022-07-28 00:00:00.000,
62810050,,62810050,2024-10-24 20:26:19.324,2024-10-24 20:26:19.324,2,1,aqfQc5yGC4,com.sec.android.app.shealth,6285a1e1-44f7-4e6c-aa0e-7b485732ae4c,2021-07-04 00:00:00.000,
62810050,,62810050,2024-10-24 20:26:19.261,2024-10-24 20:26:19.261,13,1,aqfQc5yGC4,com.sec.android.app.shealth,bc119b6f-764b-46da-8721-323ebf8cbb67,2023-12-11 00:00:00.000,
62810050,,62810050,2024-10-24 20:26:19.429,2024-10-24 20:26:19.429,2,1,aqfQc5yGC4,com.sec.android.app.shealth,bbd4d79a-0868-4155-b75f-cc2aa5f7b9c9,2021-12-11 00:00:00.000,
62810050,,62810050,2024-10-24 20:26:19.120,2024-10-24 20:26:19.120,9,1,aqfQc5yGC4,com.sec.android.app.shealth,5811dd1f-dff5-4d7e-81e7-6a53fe5c49a4,2023-12-04 00:00:00.000,
62810050,,62810050,2024-10-24 20:26:19.401,2024-10-24 20:26:19.401,20,1,aqfQc5yGC4,com.sec.android.app.shealth,56b53dc3-4e8d-4864-861c-4b1ab46cf30d,2024-06-02 00:00:00.000,
62810050,,62810050,2024-10-24 20:26:19.274,2024-10-24 20:26:19.274,18,1,aqfQc5yGC4,com.sec.android.app.shealth,f915a781-ced3-407a-af99-426ebd393b3c,2022-08-04 00:00:00.000,
62810050,,62810050,2024-10-24 20:26:19.372,2024-10-24 20:26:19.372,2,1,aqfQc5yGC4,com.sec.android.app.shealth,a909e6cf-bb58-41d2-8539-3f5b7108dea4,2021-12-18 00:00:00.000,
62810050,,62810050,2024-10-24 20:26:19.525,2024-10-24 20:26:19.525,23,1,aqfQc5yGC4,com.sec.android.app.shealth,ef5a0c03-6105-49b2-b952-1125b85a3c95,2024-06-09 00:00:00.000,
62810050,,62810050,2024-10-24 20:26:19.410,2024-10-24 20:26:19.410,7,1,aqfQc5yGC4,com.sec.android.app.shealth,41f8bb48-256c-4ee6-950b-8f286b55cb0c,2023-12-18 00:00:00.000,
62810050,,62810050,2024-10-24 20:26:19.283,2024-10-24 20:26:19.283,2,1,aqfQc5yGC4,com.sec.android.app.shealth,8c680cf3-02d5-4b03-a376-77583fc5e3a9,2021-07-11 00:00:00.000,
62810050,,62810050,2024-10-24 20:26:19.450,2024-10-24 20:26:19.450,35,1,aqfQc5yGC4,com.sec.android.app.shealth,90fb10ba-d0b0-41d3-b83c-f5cc556ea57e,2022-08-18 00:00:00.000,
62810050,,62810050,2024-10-24 20:26:19.581,2024-10-24 20:26:19.581,2,1,aqfQc5yGC4,com.sec.android.app.shealth,eff271da-488b-4e56-aacb-b35ebe935634,2021-06-20 00:00:00.000,
62810050,,62810050,2024-10-24 20:26:19.419,2024-10-24 20:26:19.419,39,1,aqfQc5yGC4,com.sec.android.app.shealth,35a0dcaa-5204-4e38-89a9-eea30d6f1411,2023-07-11 00:00:00.000,
62810050,,62810050,2024-10-24 20:26:19.249,2024-10-24 20:26:19.249,58,1,aqfQc5yGC4,com.sec.android.app.shealth,f28039f9-9fdb-4285-bf6c-b7f896d27a92,2023-11-27 00:00:00.000,
62810050,,62810050,2024-10-24 20:26:19.548,2024-10-24 20:26:19.548,37,1,aqfQc5yGC4,com.sec.android.app.shealth,b0c7f379-9229-4176-8de4-4e7dff805203,2024-06-16 00:00:00.000,
62810050,,62810050,2024-10-24 20:26:19.571,2024-10-24 20:26:19.571,2,1,aqfQc5yGC4,com.sec.android.app.shealth,564e9c51-3a75-461f-a2e3-703aedc61ce3,2021-11-27 00:00:00.000,
62810050,,62810050,2024-10-24 20:26:19.441,2024-10-24 20:26:19.441,15,1,aqfQc5yGC4,com.sec.android.app.shealth,251f5770-d4dd-48e2-8939-7a8e6c8fe341,2023-07-04 00:00:00.000,
62810050,,62810050,2024-10-24 20:26:19.392,2024-10-24 20:26:19.392,1,1,aqfQc5yGC4,com.sec.android.app.shealth,5ce70b2c-0431-4141-a7f8-22a805fbeb90,2022-08-11 00:00:00.000,
62810050,,62810050,2024-10-24 20:26:19.383,2024-10-24 20:26:19.383,18,1,aqfQc5yGC4,com.sec.android.app.shealth,0dd0e4d0-25ab-4e79-acbc-94dbb371d14e,2023-06-27 00:00:00.000,
62810050,,62810050,2024-10-24 20:26:19.460,2024-10-24 20:26:19.460,12,1,aqfQc5yGC4,com.sec.android.app.shealth,e3a5137c-b63c-474f-a8ff-d6cf35003491,2024-05-26 00:00:00.000,
62810050,,62810050,2024-10-24 20:26:19.644,2024-10-24 20:26:19.644,17,1,aqfQc5yGC4,com.sec.android.app.shealth,18c6b39c-53f8-4755-b1c6-9be5fedcc620,2024-01-01 00:00:00.000,
62810050,,62810050,2024-10-24 20:26:19.672,2024-10-24 20:26:19.672,20,1,aqfQc5yGC4,com.sec.android.app.shealth,94b58cfb-61e5-46fa-bda1-ba41a958d35e,2022-09-08 00:00:00.000,
62810050,,62810050,2024-10-24 20:26:19.469,2024-10-24 20:26:19.469,3,1,aqfQc5yGC4,com.sec.android.app.shealth,1bf90444-d6da-494a-a8b6-f713634ca15c,2021-12-04 00:00:00.000,
62810050,,62810050,2024-10-24 20:26:19.597,2024-10-24 20:26:19.597,33,1,aqfQc5yGC4,com.sec.android.app.shealth,c35b68e0-c303-4057-a57b-73e01d0bae02,2023-07-25 00:00:00.000,
62810050,,62810050,2024-10-24 20:26:19.589,2024-10-24 20:26:19.589,8,1,aqfQc5yGC4,com.sec.android.app.shealth,0158db02-0550-4150-ac86-3d853654329a,2022-08-25 00:00:00.000,
62810050,,62810050,2024-10-24 20:26:19.559,2024-10-24 20:26:19.559,3,1,aqfQc5yGC4,com.sec.android.app.shealth,40c504ec-d5b8-47b8-91eb-659b220ac107,2023-12-25 00:00:00.000,
62810050,,62810050,2024-10-24 20:26:19.728,2024-10-24 20:26:19.728,12,1,aqfQc5yGC4,com.sec.android.app.shealth,503d01ad-e577-43bd-a585-72e2ccfe7f48,2022-09-15 00:00:00.000,
62810050,,62810050,2024-10-24 20:26:19.513,2024-10-24 20:26:19.513,41,1,aqfQc5yGC4,com.sec.android.app.shealth,4a46626e-1974-4106-a062-21c6b0035626,2023-07-18 00:00:00.000,
62810050,,62810050,2024-10-24 20:26:19.634,2024-10-24 20:26:19.634,23,1,aqfQc5yGC4,com.sec.android.app.shealth,bc32c02d-0483-4d69-9b74-30cc09137ebf,2022-09-01 00:00:00.000,
62810050,,62810050,2024-10-24 20:26:19.615,2024-10-24 20:26:19.615,31,1,aqfQc5yGC4,com.sec.android.app.shealth,6a9a5c6c-4745-4d92-9940-81d73b309e63,2023-02-08 00:00:00.000,
62810050,,62810050,2024-10-24 20:26:19.606,2024-10-24 20:26:19.606,10,1,aqfQc5yGC4,com.sec.android.app.shealth,8bfc11bb-e96a-45c0-8690-0ef6043b8deb,2024-01-08 00:00:00.000,
62810050,,62810050,2024-10-24 20:26:19.695,2024-10-24 20:26:19.695,11,1,aqfQc5yGC4,com.sec.android.app.shealth,f521df4b-0c34-4a56-9013-9259fda1a02e,2023-08-01 00:00:00.000,
62810050,,62810050,2024-10-24 20:26:19.798,2024-10-24 20:26:19.798,8,1,aqfQc5yGC4,com.sec.android.app.shealth,84c7243b-cb93-465c-8e54-d8f76133ec00,2024-01-22 00:00:00.000,
62810050,,62810050,2024-10-24 20:26:19.710,2024-10-24 20:26:19.710,22,1,aqfQc5yGC4,com.sec.android.app.shealth,0001bd1c-4e58-4907-8eb7-290f70f3ff91,2024-07-07 00:00:00.000,
62810050,,62810050,2024-10-24 20:26:19.625,2024-10-24 20:26:19.625,4,1,aqfQc5yGC4,com.sec.android.app.shealth,f30a4f02-43bd-41e8-852f-537d245eef46,2021-11-20 00:00:00.000,
62810050,,62810050,2024-10-24 20:26:19.763,2024-10-24 20:26:19.763,2,1,aqfQc5yGC4,com.sec.android.app.shealth,9b11064a-bbeb-4b11-b574-0f481957c660,2021-11-06 00:00:00.000,
62810050,,62810050,2024-10-24 20:26:19.780,2024-10-24 20:26:19.780,1,1,aqfQc5yGC4,com.sec.android.app.shealth,7a95bc0f-cd93-458a-9cb9-d07e5d5f4e23,2022-04-08 00:00:00.000,
62810050,,62810050,2024-10-24 20:26:19.658,2024-10-24 20:26:19.658,13,1,aqfQc5yGC4,com.sec.android.app.shealth,34a880bf-6103-416e-886d-195988e55610,2024-06-30 00:00:00.000,
62810050,,62810050,2024-10-24 20:26:19.751,2024-10-24 20:26:19.751,59,1,aqfQc5yGC4,com.sec.android.app.shealth,a5b88c42-72c2-4222-acd9-10ba985e3584,2024-06-23 00:00:00.000,
62810050,,62810050,2024-10-24 20:26:19.683,2024-10-24 20:26:19.683,48,1,aqfQc5yGC4,com.sec.android.app.shealth,9781ddd1-4451-4c3f-b150-24a11311e1d1,2024-01-15 00:00:00.000,
62810050,,62810050,2024-10-24 20:26:19.772,2024-10-24 20:26:19.772,15,1,aqfQc5yGC4,com.sec.android.app.shealth,cfad4511-8f4d-4b27-be8a-d2915b4291dd,2023-08-15 00:00:00.000,
62810050,,62810050,2024-10-24 20:26:19.812,2024-10-24 20:26:19.812,21,1,aqfQc5yGC4,com.sec.android.app.shealth,c4c6cf5c-6bb8-4c83-8935-9305ee10bf41,2022-09-22 00:00:00.000,
62810050,,62810050,2024-10-24 20:26:19.790,2024-10-24 20:26:19.790,8,1,aqfQc5yGC4,com.sec.android.app.shealth,8c5fe19c-6f06-45d4-b97d-98055c091af4,2023-08-08 00:00:00.000,
62810050,,62810050,2024-10-24 20:26:19.720,2024-10-24 20:26:19.720,18,1,aqfQc5yGC4,com.sec.android.app.shealth,6f23bb52-f4f8-48ee-92f3-75d32ca94ebc,2023-03-01 00:00:00.000,
62810050,,62810050,2024-10-27 12:33:17.068,2024-10-24 20:26:06.550,1,1,aqfQc5yGC4,com.sec.android.app.shealth,3c00c28d-7122-4fea-ab7b-aefec16c79c7,2024-09-30 00:00:00.000,
62810050,,62810050,2024-11-01 15:22:45.679,2024-10-24 20:26:13.786,1,1,aqfQc5yGC4,com.sec.android.app.shealth,2b094251-3a28-44ef-a674-214507afb727,2024-10-05 00:00:00.000,
62810050,,62810050,2024-11-01 15:22:45.710,2024-10-24 20:26:16.905,3,1,aqfQc5yGC4,com.sec.android.app.shealth,9dc02402-51fd-424e-a47a-18310653f349,2024-10-06 00:00:00.000,
62810050,,62810050,2024-11-04 16:37:57.966,2024-10-24 20:26:08.033,2,1,aqfQc5yGC4,com.sec.android.app.shealth,3653d2c2-2011-4152-aae1-684501471db3,2024-10-10 00:00:00.000,
62810050,,62810050,2024-11-07 14:02:06.141,2024-10-24 20:26:19.166,1,1,aqfQc5yGC4,com.sec.android.app.shealth,05617881-3c94-4d71-aca6-c1cf9dfdbe7c,2024-10-12 00:00:00.000,
62810050,,62810050,2024-11-07 14:02:06.365,2024-10-24 20:26:15.085,2,1,aqfQc5yGC4,com.sec.android.app.shealth,e547031b-3433-4f55-8d48-4137ce79d0ab,2024-10-11 00:00:00.000,
62810050,,62820030,2024-11-09 17:02:14.082,2024-10-24 20:26:18.964,1,1,aqfQc5yGC4,com.sec.android.app.shealth,458773d7-eda8-4c1c-82e8-3848f336f608,2024-10-19 00:00:00.000,
62810050,,62820030,2024-11-09 17:02:14.193,2024-10-24 20:26:06.791,2,1,aqfQc5yGC4,com.sec.android.app.shealth,9eb26e22-bbf9-4788-bcd6-06907bbd89b4,2024-10-14 00:00:00.000,
62810050,,62820030,2024-11-09 17:02:14.461,2024-10-24 20:26:07.214,1,1,aqfQc5yGC4,com.sec.android.app.shealth,1f04c3ce-795b-4335-8103-a281a61bd831,2024-10-21 00:00:00.000,
62810050,,62820030,2024-11-09 17:02:14.548,2024-10-24 20:26:08.229,2,1,aqfQc5yGC4,com.sec.android.app.shealth,f252053d-ad2e-4168-ae53-29079ec1cebc,2024-10-17 00:00:00.000,
62810050,,62820030,2024-11-19 14:03:41.724,2024-10-24 20:26:08.124,2,1,aqfQc5yGC4,com.sec.android.app.shealth,44e64883-6bc0-4129-9d5e-f3fbdca10cb5,2024-10-24 00:00:00.000,
62810050,23e5ac6d-880a-4b19-a0d5-bac638fd4929.binning_data.json,62820030,2024-11-22 15:15:05.044,2024-10-31 16:45:37.949,2,2,aqfQc5yGC4,com.sec.android.app.shealth,23e5ac6d-880a-4b19-a0d5-bac638fd4929,2024-10-31 00:00:00.000,
62810050,4169521d-d2d5-4e7f-badd-de380b57655d.binning_data.json,62820030,2024-11-22 15:15:05.132,2024-11-01 15:22:45.625,2,2,aqfQc5yGC4,com.sec.android.app.shealth,4169521d-d2d5-4e7f-badd-de380b57655d,2024-11-01 00:00:00.000,
62810050,24d993a5-f73f-41f9-ad6a-4784b30eb7ea.binning_data.json,62820030,2024-11-22 15:15:05.166,2024-10-27 12:33:17.010,1,2,aqfQc5yGC4,com.sec.android.app.shealth,24d993a5-f73f-41f9-ad6a-4784b30eb7ea,2024-10-27 00:00:00.000,
62810050,a74ebbbc-45b6-429c-a1b1-689f7306bfe8.binning_data.json,62820030,2024-11-29 07:47:29.423,2024-11-05 14:49:32.286,1,2,aqfQc5yGC4,com.sec.android.app.shealth,a74ebbbc-45b6-429c-a1b1-689f7306bfe8,2024-11-05 00:00:00.000,
62810050,8332dab9-da4f-410a-b07d-64a17e847506.binning_data.json,62820030,2024-11-29 07:47:29.881,2024-11-03 20:14:51.543,3,2,aqfQc5yGC4,com.sec.android.app.shealth,8332dab9-da4f-410a-b07d-64a17e847506,2024-11-04 00:00:00.000,
62810050,2a13c4ab-09f3-43fb-becf-f78e80c5657b.binning_data.json,62820030,2024-12-04 14:05:23.629,2024-11-07 14:02:06.403,1,2,aqfQc5yGC4,com.sec.android.app.shealth,2a13c4ab-09f3-43fb-becf-f78e80c5657b,2024-11-07 00:00:00.000,
62820030,c5f92103-2034-4e21-a199-2e3ff3615f22.binning_data.json,62850050,2024-12-06 17:02:18.572,2024-11-09 17:02:14.889,1,2,aqfQc5yGC4,com.sec.android.app.shealth,c5f92103-2034-4e21-a199-2e3ff3615f22,2024-11-09 00:00:00.000,
62820030,482dfe33-f2e4-494e-88ce-07a17016d2ed.binning_data.json,62850050,2024-12-09 16:06:02.949,2024-11-14 05:32:05.891,5,2,aqfQc5yGC4,com.sec.android.app.shealth,482dfe33-f2e4-494e-88ce-07a17016d2ed,2024-11-14 00:00:00.000,
62820030,95fff767-ef0a-4ccf-9bb9-f2ba98a329a2.binning_data.json,62850050,2024-12-13 15:44:36.252,2024-11-24 05:08:44.589,1,2,aqfQc5yGC4,com.sec.android.app.shealth,95fff767-ef0a-4ccf-9bb9-f2ba98a329a2,2024-11-24 00:00:00.000,
62820030,9a3f43aa-8cca-41d5-8c5f-61d5c0a2f159.binning_data.json,62850050,2024-12-13 15:44:36.303,2024-11-19 14:03:42.469,1,2,aqfQc5yGC4,com.sec.android.app.shealth,9a3f43aa-8cca-41d5-8c5f-61d5c0a2f159,2024-11-19 00:00:00.000,
62820030,9736a025-a0ab-485e-82b3-a6c91e9e1fe4.binning_data.json,62850050,2024-12-13 15:44:36.371,2024-11-22 15:15:05.391,3,2,aqfQc5yGC4,com.sec.android.app.shealth,9736a025-a0ab-485e-82b3-a6c91e9e1fe4,2024-11-22 00:00:00.000,
62820030,dd57c85c-d357-4369-9c91-a85cfd0e6f49.binning_data.json,62850050,2024-12-13 15:44:35.668,2024-11-23 07:30:33.124,8,2,aqfQc5yGC4,com.sec.android.app.shealth,dd57c85c-d357-4369-9c91-a85cfd0e6f49,2024-11-23 00:00:00.000,
62820030,ff391b55-f977-48aa-8027-422e9e5832d5.binning_data.json,62850050,2024-12-26 09:06:24.092,2024-11-29 07:47:29.736,1,2,aqfQc5yGC4,com.sec.android.app.shealth,ff391b55-f977-48aa-8027-422e9e5832d5,2024-11-29 00:00:00.000,
62820030,00987dac-e003-460b-a2da-754ec86300b0.binning_data.json,62850050,2024-12-29 16:13:24.420,2024-12-04 14:05:23.102,1,2,aqfQc5yGC4,com.sec.android.app.shealth,00987dac-e003-460b-a2da-754ec86300b0,2024-12-04 00:00:00.000,
62850050,0b8bf3e0-b11d-4371-8c5e-8c10acebb053.binning_data.json,62850050,2025-01-01 13:57:43.628,2024-12-06 17:02:18.094,2,2,aqfQc5yGC4,com.sec.android.app.shealth,0b8bf3e0-b11d-4371-8c5e-8c10acebb053,2024-12-06 00:00:00.000,
62850050,3e740369-4014-4ce4-85b3-ca87313e5a9d.binning_data.json,62850050,2025-01-05 03:11:00.787,2024-12-13 15:44:35.748,1,2,aqfQc5yGC4,com.sec.android.app.shealth,3e740369-4014-4ce4-85b3-ca87313e5a9d,2024-12-13 00:00:00.000,
62850050,8a4ddd0a-47f2-4ac2-b5ea-2d0dca5f51ce.binning_data.json,62850050,2025-01-05 03:11:00.898,2024-12-15 03:07:17.189,2,2,aqfQc5yGC4,com.sec.android.app.shealth,8a4ddd0a-47f2-4ac2-b5ea-2d0dca5f51ce,2024-12-15 00:00:00.000,
62850050,30e8b25f-6501-4eda-9ea1-f6cf3b7a7eb4.binning_data.json,62850050,2025-01-05 03:11:01.086,2024-12-09 16:06:02.581,1,2,aqfQc5yGC4,com.sec.android.app.shealth,30e8b25f-6501-4eda-9ea1-f6cf3b7a7eb4,2024-12-09 00:00:00.000,
62850050,3bd79a2a-1e15-4f5d-9931-7554bab5a7fd.binning_data.json,62850050,2025-01-13 13:28:30.895,2024-12-17 14:17:38.709,1,2,aqfQc5yGC4,com.sec.android.app.shealth,3bd79a2a-1e15-4f5d-9931-7554bab5a7fd,2024-12-17 00:00:00.000,
62850050,62ddabbe-a3cf-4c33-9c68-02137559f69c.binning_data.json,62900750,2025-01-15 06:03:18.475,2024-12-26 09:06:23.878,3,2,aqfQc5yGC4,com.sec.android.app.shealth,62ddabbe-a3cf-4c33-9c68-02137559f69c,2024-12-26 00:00:00.000,
62850050,c5c094b1-ca88-4fe1-861e-8726c699cd8f.binning_data.json,62900750,2025-01-15 06:03:18.107,2024-12-23 14:08:08.304,1,2,aqfQc5yGC4,com.sec.android.app.shealth,c5c094b1-ca88-4fe1-861e-8726c699cd8f,2024-12-23 00:00:00.000,
62850050,74b05a15-0068-47a2-90d3-c980be539fd6.binning_data.json,62900750,2025-01-15 06:03:18.746,2024-12-29 16:13:23.638,2,2,aqfQc5yGC4,com.sec.android.app.shealth,74b05a15-0068-47a2-90d3-c980be539fd6,2024-12-29 00:00:00.000,
62850050,50f1833c-60a7-42dc-a316-5b65303bf6db.binning_data.json,62900750,2025-01-15 06:03:18.281,2024-12-20 14:42:21.670,1,2,aqfQc5yGC4,com.sec.android.app.shealth,50f1833c-60a7-42dc-a316-5b65303bf6db,2024-12-20 00:00:00.000,
62850050,34cd6cad-a1a9-4e3d-9f4f-c66987086f75.binning_data.json,62900750,2025-01-27 14:30:24.178,2025-01-01 13:57:43.985,1,2,aqfQc5yGC4,com.sec.android.app.shealth,34cd6cad-a1a9-4e3d-9f4f-c66987086f75,2025-01-01 00:00:00.000,
62850050,eabf5eae-085e-4818-8395-cbafb08d03b0.binning_data.json,62900750,2025-01-31 14:16:45.176,2025-01-05 03:11:00.974,2,2,aqfQc5yGC4,com.sec.android.app.shealth,eabf5eae-085e-4818-8395-cbafb08d03b0,2025-01-05 00:00:00.000,
62850050,ec6ad56c-ebcd-4db4-9304-fa7e4f1e289c.binning_data.json,62900750,2025-02-02 03:51:06.102,2025-01-07 07:57:09.057,2,2,aqfQc5yGC4,com.sec.android.app.shealth,ec6ad56c-ebcd-4db4-9304-fa7e4f1e289c,2025-01-07 00:00:00.000,
62850050,0f997832-360f-4510-9dff-a5b40bc01a23.binning_data.json,62900750,2025-02-04 16:27:06.529,2025-01-14 15:26:04.918,1,2,aqfQc5yGC4,com.sec.android.app.shealth,0f997832-360f-4510-9dff-a5b40bc01a23,2025-01-14 00:00:00.000,
62850050,bf10c583-9e9c-42d3-b621-3a61afc770b7.binning_data.json,62900750,2025-02-04 16:27:07.115,2025-01-13 13:28:30.633,2,2,aqfQc5yGC4,com.sec.android.app.shealth,bf10c583-9e9c-42d3-b621-3a61afc770b7,2025-01-13 00:00:00.000,
62850050,958484d6-ad63-42ff-9c3e-31cf171bc46d.binning_data.json,62900750,2025-02-04 16:27:06.946,2025-01-12 04:19:23.995,2,2,aqfQc5yGC4,com.sec.android.app.shealth,958484d6-ad63-42ff-9c3e-31cf171bc46d,2025-01-12 00:00:00.000,
62900750,e7391c24-7034-45d3-8c7b-1ff57f921526.binning_data.json,62920010,2025-02-11 14:51:12.043,2025-01-15 06:03:18.003,5,2,aqfQc5yGC4,com.sec.android.app.shealth,e7391c24-7034-45d3-8c7b-1ff57f921526,2025-01-15 00:00:00.000,
62900750,936b95e1-3593-4540-ad52-83a0396a1184.binning_data.json,62920010,2025-02-11 14:51:12.271,2025-01-17 14:04:33.706,1,2,aqfQc5yGC4,com.sec.android.app.shealth,936b95e1-3593-4540-ad52-83a0396a1184,2025-01-17 00:00:00.000,
62900750,d49d0471-8bf2-4331-bdcc-5c15871aa587.binning_data.json,62920010,2025-02-14 14:35:01.889,2025-01-27 14:30:23.610,1,2,aqfQc5yGC4,com.sec.android.app.shealth,d49d0471-8bf2-4331-bdcc-5c15871aa587,2025-01-27 00:00:00.000,
62900750,8a847023-bdcf-4dc1-a711-1669af0a7f51.binning_data.json,62920010,2025-02-14 14:35:02.060,2025-01-21 15:18:23.830,1,2,aqfQc5yGC4,com.sec.android.app.shealth,8a847023-bdcf-4dc1-a711-1669af0a7f51,2025-01-21 00:00:00.000,
62900750,3f8464a2-89b1-4a5d-91a4-528840cabf50.binning_data.json,62920010,2025-02-14 14:35:01.953,2025-01-28 08:10:22.318,1,2,aqfQc5yGC4,com.sec.android.app.shealth,3f8464a2-89b1-4a5d-91a4-528840cabf50,2025-01-28 00:00:00.000,
62900750,f580f655-3819-4f15-ab8d-6ae9b3aed842.binning_data.json,62920010,2025-02-14 14:35:01.979,2025-01-23 06:19:50.254,1,2,aqfQc5yGC4,com.sec.android.app.shealth,f580f655-3819-4f15-ab8d-6ae9b3aed842,2025-01-23 00:00:00.000,
62900750,e93277cd-9b6b-41d7-b68d-73117414af0a.binning_data.json,62930070,2025-02-25 14:47:40.566,2025-02-04 16:27:06.673,1,2,aqfQc5yGC4,com.sec.android.app.shealth,e93277cd-9b6b-41d7-b68d-73117414af0a,2025-02-04 00:00:00.000,
62900750,03cf1ab4-9bf9-4954-b32d-6fc756ead253.binning_data.json,62930070,2025-02-25 14:47:40.874,2025-01-31 14:16:45.629,5,2,aqfQc5yGC4,com.sec.android.app.shealth,03cf1ab4-9bf9-4954-b32d-6fc756ead253,2025-01-31 00:00:00.000,
62900750,a55319c2-a50f-436b-b675-08b7eadfe603.binning_data.json,62930070,2025-02-25 14:47:40.751,2025-02-02 03:51:08.167,2,2,aqfQc5yGC4,com.sec.android.app.shealth,a55319c2-a50f-436b-b675-08b7eadfe603,2025-02-02 00:00:00.000,
62900750,e74ee4ae-20e0-4c9a-a4ac-0785800e47ec.binning_data.json,62930070,2025-03-08 15:32:36.387,2025-02-09 03:54:40.481,1,2,aqfQc5yGC4,com.sec.android.app.shealth,e74ee4ae-20e0-4c9a-a4ac-0785800e47ec,2025-02-09 00:00:00.000,
62920010,2816ae6e-368f-4bc2-a640-c4a09fa41c49.binning_data.json,62930070,2025-03-09 13:43:45.868,2025-02-13 06:35:03.517,3,2,aqfQc5yGC4,com.sec.android.app.shealth,2816ae6e-368f-4bc2-a640-c4a09fa41c49,2025-02-13 00:00:00.000,
62920010,0c30af31-0ec1-4573-b685-1629e6a8138a.binning_data.json,62930070,2025-03-09 13:43:46.081,2025-02-14 14:35:01.793,1,2,aqfQc5yGC4,com.sec.android.app.shealth,0c30af31-0ec1-4573-b685-1629e6a8138a,2025-02-14 00:00:00.000,
62920010,a6a5197a-536b-462b-9e95-bcdccfb6a3bc.binning_data.json,62930070,2025-03-09 13:43:46.324,2025-02-12 15:15:39.953,1,2,aqfQc5yGC4,com.sec.android.app.shealth,a6a5197a-536b-462b-9e95-bcdccfb6a3bc,2025-02-12 00:00:00.000,
62920010,9c61b8f1-76e5-4e22-80d1-8a7cb3723fb0.binning_data.json,62930070,2025-03-09 13:43:46.270,2025-02-11 14:51:12.102,2,2,aqfQc5yGC4,com.sec.android.app.shealth,9c61b8f1-76e5-4e22-80d1-8a7cb3723fb0,2025-02-11 00:00:00.000,
62920010,2f11132e-a34c-4691-81b4-3a55f521d98e.binning_data.json,62930070,2025-03-14 16:17:01.375,2025-02-16 03:10:56.546,2,2,aqfQc5yGC4,com.sec.android.app.shealth,2f11132e-a34c-4691-81b4-3a55f521d98e,2025-02-16 00:00:00.000,
62920010,a653f42d-7b50-4fe8-a40f-cd42b629d3f4.binning_data.json,62930070,2025-03-14 16:17:01.465,2025-02-17 14:52:51.767,1,2,aqfQc5yGC4,com.sec.android.app.shealth,a653f42d-7b50-4fe8-a40f-cd42b629d3f4,2025-02-17 00:00:00.000,
62920010,f9df076d-4b09-4666-b24c-ebda87a48652.binning_data.json,62930070,2025-03-14 16:17:01.006,2025-02-19 01:30:36.532,1,2,aqfQc5yGC4,com.sec.android.app.shealth,f9df076d-4b09-4666-b24c-ebda87a48652,2025-02-18 00:00:00.000,
62930070,a561e817-8c18-4563-bd89-2f7abc2e29df.binning_data.json,62930070,2025-03-24 14:19:43.473,2025-02-25 14:47:40.793,1,2,aqfQc5yGC4,com.sec.android.app.shealth,a561e817-8c18-4563-bd89-2f7abc2e29df,2025-02-25 00:00:00.000,
62930070,f8bfdbca-8a7d-4cb7-b02c-b53a2216d1a9.binning_data.json,62930070,2025-03-25 06:55:01.200,2025-02-28 15:30:49.279,1,2,aqfQc5yGC4,com.sec.android.app.shealth,f8bfdbca-8a7d-4cb7-b02c-b53a2216d1a9,2025-02-28 00:00:00.000,
62930070,2a0d1086-80f2-476c-b894-7abca691e944.binning_data.json,62930070,2025-03-25 06:55:01.405,2025-02-26 06:30:44.246,3,2,aqfQc5yGC4,com.sec.android.app.shealth,2a0d1086-80f2-476c-b894-7abca691e944,2025-02-26 00:00:00.000,
62930070,31eb3a4d-f1dd-4b0f-a785-4a1f96f29117.binning_data.json,62930070,2025-03-25 06:55:01.676,2025-02-27 10:44:44.228,2,2,aqfQc5yGC4,com.sec.android.app.shealth,31eb3a4d-f1dd-4b0f-a785-4a1f96f29117,2025-02-27 00:00:00.000,
62930070,97a1068c-75f0-490d-ad0e-50166786bb3c.binning_data.json,62930070,2025-03-30 02:31:50.778,2025-03-09 13:43:46.500,7,2,aqfQc5yGC4,com.sec.android.app.shealth,97a1068c-75f0-490d-ad0e-50166786bb3c,2025-03-09 00:00:00.000,
62930070,9929e55a-34cb-4cfc-9356-88aab8be2a60.binning_data.json,62930070,2025-03-30 02:31:50.175,2025-03-08 08:27:53.858,7,2,aqfQc5yGC4,com.sec.android.app.shealth,9929e55a-34cb-4cfc-9356-88aab8be2a60,2025-03-08 00:00:00.000,
62930070,7eee6e4b-374a-400e-adff-0bce70c01da8.binning_data.json,62950170,2025-04-06 15:07:51.035,2025-03-15 06:15:01.077,3,2,aqfQc5yGC4,com.sec.android.app.shealth,7eee6e4b-374a-400e-adff-0bce70c01da8,2025-03-15 00:00:00.000,
62930070,b7cf4ab8-21c1-4626-a22f-0c5112f7c9b2.binning_data.json,62950170,2025-04-06 15:07:51.186,2025-03-16 04:12:53.842,2,2,aqfQc5yGC4,com.sec.android.app.shealth,b7cf4ab8-21c1-4626-a22f-0c5112f7c9b2,2025-03-16 00:00:00.000,
62930070,acfefe76-785b-4a1c-86d9-f7860dc2bc3c.binning_data.json,62950170,2025-04-06 15:07:51.853,2025-03-14 16:17:01.623,2,2,aqfQc5yGC4,com.sec.android.app.shealth,acfefe76-785b-4a1c-86d9-f7860dc2bc3c,2025-03-14 00:00:00.000,
62930070,9fb9e2df-8274-4d54-b941-68a891b9b56f.binning_data.json,62950170,2025-04-13 03:58:11.107,2025-03-23 13:09:16.317,1,2,aqfQc5yGC4,com.sec.android.app.shealth,9fb9e2df-8274-4d54-b941-68a891b9b56f,2025-03-23 00:00:00.000,
62930070,8b412d54-d0d9-4cbc-b7ab-577445490120.binning_data.json,62950170,2025-04-13 03:58:11.147,2025-03-18 06:41:22.093,1,2,aqfQc5yGC4,com.sec.android.app.shealth,8b412d54-d0d9-4cbc-b7ab-577445490120,2025-03-18 00:00:00.000,
62930070,6be5e2e6-8a68-4ec5-b177-926523e42051.binning_data.json,62950170,2025-04-13 03:58:11.312,2025-03-24 14:19:43.384,1,2,aqfQc5yGC4,com.sec.android.app.shealth,6be5e2e6-8a68-4ec5-b177-926523e42051,2025-03-24 00:00:00.000,
62930070,2a647b05-80e7-4f5c-ab89-4926a83cb77c.binning_data.json,62950170,2025-04-13 03:58:11.568,2025-03-22 15:40:47.703,1,2,aqfQc5yGC4,com.sec.android.app.shealth,2a647b05-80e7-4f5c-ab89-4926a83cb77c,2025-03-22 00:00:00.000,
62930070,4cab1f05-da3b-4fd8-a094-a07f81841ea0.binning_data.json,62950170,2025-04-13 03:58:11.455,2025-03-21 08:28:52.994,1,2,aqfQc5yGC4,com.sec.android.app.shealth,4cab1f05-da3b-4fd8-a094-a07f81841ea0,2025-03-21 00:00:00.000,
62930070,5235b79b-4f3e-4839-a977-70c272e3e30a.binning_data.json,62950170,2025-04-13 03:58:10.964,2025-03-20 05:28:16.458,2,2,aqfQc5yGC4,com.sec.android.app.shealth,5235b79b-4f3e-4839-a977-70c272e3e30a,2025-03-20 00:00:00.000,
62930070,5fa8fce2-8bd6-4050-bdcf-68bcb8c2395e.binning_data.json,62950170,2025-04-21 15:35:00.128,2025-03-25 06:55:01.063,1,2,aqfQc5yGC4,com.sec.android.app.shealth,5fa8fce2-8bd6-4050-bdcf-68bcb8c2395e,2025-03-25 00:00:00.000,
62930070,235d7a91-8c5b-41c0-bea8-8ecdd378ebe3.binning_data.json,62950170,2025-04-21 15:35:00.154,2025-03-26 12:50:46.687,3,2,aqfQc5yGC4,com.sec.android.app.shealth,235d7a91-8c5b-41c0-bea8-8ecdd378ebe3,2025-03-26 00:00:00.000,
62930070,d114b236-37d1-4604-a061-6ba92a3f821e.binning_data.json,62950170,2025-04-21 15:34:59.944,2025-03-30 02:31:49.462,2,2,aqfQc5yGC4,com.sec.android.app.shealth,d114b236-37d1-4604-a061-6ba92a3f821e,2025-03-30 00:00:00.000,
62930070,627681de-8340-4baf-b9b4-00220fe942cc.binning_data.json,62950170,2025-04-27 03:51:40.529,2025-04-02 12:37:19.773,1,2,aqfQc5yGC4,com.sec.android.app.shealth,627681de-8340-4baf-b9b4-00220fe942cc,2025-04-02 00:00:00.000,
62950170,2081e21e-930a-4241-8432-df27e7f89ab5.binning_data.json,62950170,2025-05-03 03:50:42.997,2025-04-06 04:10:12.600,2,2,aqfQc5yGC4,com.sec.android.app.shealth,2081e21e-930a-4241-8432-df27e7f89ab5,2025-04-06 00:00:00.000,
62950170,96b5ade8-1ec4-48d2-ae22-7dd0768126cc.binning_data.json,62950170,2025-05-07 11:16:36.724,2025-04-13 03:58:11.220,3,2,aqfQc5yGC4,com.sec.android.app.shealth,96b5ade8-1ec4-48d2-ae22-7dd0768126cc,2025-04-13 00:00:00.000,
62950170,baeea21b-366c-4551-8709-ae80cff7504a.binning_data.json,62950170,2025-05-07 11:16:37.015,2025-04-15 08:31:39.737,2,2,aqfQc5yGC4,com.sec.android.app.shealth,baeea21b-366c-4551-8709-ae80cff7504a,2025-04-15 00:00:00.000,
62950170,d381bd99-0657-4532-809c-89b96ad3cb58.binning_data.json,62950170,2025-05-16 16:10:03.110,2025-04-21 15:34:59.856,1,2,aqfQc5yGC4,com.sec.android.app.shealth,d381bd99-0657-4532-809c-89b96ad3cb58,2025-04-21 00:00:00.000,
62950170,0a8fae61-0135-4d6a-83be-f52c2ab6f580.binning_data.json,62950170,2025-05-20 12:58:23.920,2025-04-23 12:57:08.381,1,2,aqfQc5yGC4,com.sec.android.app.shealth,0a8fae61-0135-4d6a-83be-f52c2ab6f580,2025-04-23 00:00:00.000,
62950170,5e13bae1-5ee0-43fb-9461-eff82cffd3b2.binning_data.json,62950170,2025-05-23 01:18:52.681,2025-05-03 03:50:42.130,2,2,w4dMr03254,com.sec.android.app.shealth,5e13bae1-5ee0-43fb-9461-eff82cffd3b2,2025-05-03 00:00:00.000,
62950170,701ee18d-2396-445f-b878-573a4a740923.binning_data.json,62950170,2025-05-23 01:18:52.605,2025-05-04 03:43:36.491,3,2,w4dMr03254,com.sec.android.app.shealth,701ee18d-2396-445f-b878-573a4a740923,2025-05-04 00:00:00.000,
62950170,b29b98a4-8637-410b-819e-2c643f4786b1.binning_data.json,62950170,2025-05-23 01:18:52.577,2025-04-29 14:52:23.075,2,2,w4dMr03254,com.sec.android.app.shealth,b29b98a4-8637-410b-819e-2c643f4786b1,2025-04-29 00:00:00.000,
62950170,6639213b-b41c-4b3d-a93a-c6efe97b5d3f.binning_data.json,63010030,2025-06-16 13:04:16.057,2025-05-20 12:58:19.671,1,2,w4dMr03254,com.sec.android.app.shealth,6639213b-b41c-4b3d-a93a-c6efe97b5d3f,2025-05-20 00:00:00.000,
62950170,f607d23a-fa66-4fa6-98ab-7209df9e4e6e.binning_data.json,63010030,2025-06-13 11:02:56.572,2025-05-17 08:09:22.481,2,2,w4dMr03254,com.sec.android.app.shealth,f607d23a-fa66-4fa6-98ab-7209df9e4e6e,2025-05-17 00:00:00.000,
62950170,a568fcb4-9317-4b56-8df1-3e7039ff1616.binning_data.json,62950170,2025-05-23 01:18:52.748,2025-05-07 11:16:36.145,1,2,w4dMr03254,com.sec.android.app.shealth,a568fcb4-9317-4b56-8df1-3e7039ff1616,2025-05-07 00:00:00.000,
62950170,b857fdd9-b3bc-4c5a-a8cc-0af621898a70.binning_data.json,62950170,2025-05-23 01:18:52.633,2025-05-14 14:15:01.007,1,2,w4dMr03254,com.sec.android.app.shealth,b857fdd9-b3bc-4c5a-a8cc-0af621898a70,2025-05-14 00:00:00.000,
62950170,e1d9124a-296f-4f2c-aaf3-00f271d6b245.binning_data.json,62950170,2025-05-23 01:18:52.714,2025-05-11 09:01:14.581,1,2,w4dMr03254,com.sec.android.app.shealth,e1d9124a-296f-4f2c-aaf3-00f271d6b245,2025-05-11 00:00:00.000,
62950170,bd57eb06-759c-44ac-a932-37a0516bb9ac.binning_data.json,62950170,2025-05-23 01:18:52.800,2025-04-27 03:51:40.598,1,2,w4dMr03254,com.sec.android.app.shealth,bd57eb06-759c-44ac-a932-37a0516bb9ac,2025-04-27 00:00:00.000,
62950170,98c1e349-9c9a-424c-85f7-80c20feda693.binning_data.json,63010030,2025-06-13 11:02:56.635,2025-05-18 15:17:34.000,2,2,w4dMr03254,com.sec.android.app.shealth,98c1e349-9c9a-424c-85f7-80c20feda693,2025-05-18 00:00:00.000,
62950170,1ab7d712-d47b-480d-afa7-ee5b12ea7a0e.binning_data.json,63010030,2025-06-11 14:23:53.482,2025-05-16 16:10:02.994,1,2,w4dMr03254,com.sec.android.app.shealth,1ab7d712-d47b-480d-afa7-ee5b12ea7a0e,2025-05-16 00:00:00.000,
62950170,c2e2c1ec-d657-4750-be92-31136285a9a0.binning_data.json,63010030,2025-06-16 13:04:16.115,2025-05-22 07:56:09.820,1,2,w4dMr03254,com.sec.android.app.shealth,c2e2c1ec-d657-4750-be92-31136285a9a0,2025-05-22 00:00:00.000,
62950170,446e557e-6d14-46e1-bcc9-2aa4002070d2.binning_data.json,62950170,2025-05-23 01:18:52.650,2025-05-13 16:03:43.444,1,2,w4dMr03254,com.sec.android.app.shealth,446e557e-6d14-46e1-bcc9-2aa4002070d2,2025-05-13 00:00:00.000,
62950170,9e764c5c-a1f6-4e60-ba1c-1d75eec72687.binning_data.json,62950170,2025-05-23 01:18:52.619,2025-05-09 10:58:22.630,1,2,w4dMr03254,com.sec.android.app.shealth,9e764c5c-a1f6-4e60-ba1c-1d75eec72687,2025-05-09 00:00:00.000,
63010030,00b3cef6-f05d-4a82-986b-114b86f254f5.binning_data.json,63020270,2025-07-06 02:54:38.009,2025-06-11 14:23:53.389,1,2,w4dMr03254,com.sec.android.app.shealth,00b3cef6-f05d-4a82-986b-114b86f254f5,2025-06-11 00:00:00.000,
63010030,f2210e28-4a55-4f24-b04d-038e0733c690.binning_data.json,63020270,2025-07-06 02:54:37.951,2025-06-13 11:02:56.649,1,2,w4dMr03254,com.sec.android.app.shealth,f2210e28-4a55-4f24-b04d-038e0733c690,2025-06-13 00:00:00.000,
63010030,7b11ae66-86ad-4ab6-b863-2dee4b159b03.binning_data.json,63020310,2025-07-12 16:54:59.066,2025-06-15 07:31:33.927,1,2,w4dMr03254,com.sec.android.app.shealth,7b11ae66-86ad-4ab6-b863-2dee4b159b03,2025-06-15 00:00:00.000,
63010030,95a38100-f796-464d-9c0b-1e7a831fd125.binning_data.json,63020310,2025-07-13 02:51:45.292,2025-06-16 13:04:15.987,1,2,w4dMr03254,com.sec.android.app.shealth,95a38100-f796-464d-9c0b-1e7a831fd125,2025-06-16 00:00:00.000,
63010030,fbccf1ce-3e35-4f7d-8e88-957cb89c532a.binning_data.json,63020310,2025-07-17 01:55:17.844,2025-06-20 17:30:31.801,1,2,w4dMr03254,com.sec.android.app.shealth,fbccf1ce-3e35-4f7d-8e88-957cb89c532a,2025-06-20 00:00:00.000,
63010030,dde7e128-8d95-49cd-810a-13f5ed3ddf92.binning_data.json,63020310,2025-07-20 03:41:40.010,2025-06-23 08:50:47.401,1,2,w4dMr03254,com.sec.android.app.shealth,dde7e128-8d95-49cd-810a-13f5ed3ddf92,2025-06-23 00:00:00.000,
63010030,8903b9a4-df64-411f-8e6a-23ab61f87b0e.binning_data.json,63020310,2025-07-20 03:41:40.107,2025-06-26 12:59:31.656,1,2,w4dMr03254,com.sec.android.app.shealth,8903b9a4-df64-411f-8e6a-23ab61f87b0e,2025-06-26 00:00:00.000,
63020270,9718f6ae-a63a-4d43-9dc8-4033407f13f6.binning_data.json,63030110,2025-07-28 14:58:10.255,2025-07-02 14:18:20.581,2,2,w4dMr03254,com.sec.android.app.shealth,9718f6ae-a63a-4d43-9dc8-4033407f13f6,2025-07-02 00:00:00.000,
63020270,56107647-539f-448d-90a1-963e17705fbb.binning_data.json,63030110,2025-08-01 16:03:24.118,2025-07-06 02:54:38.025,3,2,w4dMr03254,com.sec.android.app.shealth,56107647-539f-448d-90a1-963e17705fbb,2025-07-06 00:00:00.000,
63020310,7d633711-0125-414e-aa64-cd10026352e0.binning_data.json,63030110,2025-08-08 08:22:07.451,2025-07-12 16:54:59.099,1,2,w4dMr03254,com.sec.android.app.shealth,7d633711-0125-414e-aa64-cd10026352e0,2025-07-12 00:00:00.000,
63020310,065b3aff-6067-4e92-9c5b-d18c18db7983.binning_data.json,63030110,2025-08-08 08:22:07.272,2025-07-13 02:51:39.013,1,2,w4dMr03254,com.sec.android.app.shealth,065b3aff-6067-4e92-9c5b-d18c18db7983,2025-07-13 00:00:00.000,
63020310,70ba8e09-83c5-4f93-b015-e39c472aa49c.binning_data.json,63030110,2025-08-12 10:02:23.769,2025-07-17 01:55:17.637,2,2,w4dMr03254,com.sec.android.app.shealth,70ba8e09-83c5-4f93-b015-e39c472aa49c,2025-07-16 00:00:00.000,
63020310,acff06a9-4f48-41d6-b245-f0ecf641a943.binning_data.json,63030110,2025-08-12 10:02:23.898,2025-07-20 03:41:40.159,1,2,w4dMr03254,com.sec.android.app.shealth,acff06a9-4f48-41d6-b245-f0ecf641a943,2025-07-20 00:00:00.000,
63030110,694858d3-5ea1-4486-9406-91bed7101447.binning_data.json,63030110,2025-08-22 15:57:02.333,2025-07-26 13:35:04.635,2,2,w4dMr03254,com.sec.android.app.shealth,694858d3-5ea1-4486-9406-91bed7101447,2025-07-26 00:00:00.000,
63030110,954d532f-23d5-4c2c-9211-6ba37c7ceb3b.binning_data.json,63030110,2025-08-24 13:00:56.790,2025-07-28 14:58:10.055,2,2,w4dMr03254,com.sec.android.app.shealth,954d532f-23d5-4c2c-9211-6ba37c7ceb3b,2025-07-28 00:00:00.000,
63030110,cf3c4c5b-1504-41e9-b3ac-430f1bc9b244.binning_data.json,63030110,2025-08-24 13:00:57.027,2025-07-30 15:28:35.713,4,2,w4dMr03254,com.sec.android.app.shealth,cf3c4c5b-1504-41e9-b3ac-430f1bc9b244,2025-07-30 00:00:00.000,
63030110,7d320090-acb6-4c79-8992-1eae995f6fca.binning_data.json,63030110,2025-08-28 06:15:16.398,2025-08-01 16:03:24.018,2,2,w4dMr03254,com.sec.android.app.shealth,7d320090-acb6-4c79-8992-1eae995f6fca,2025-08-01 00:00:00.000,
63030110,02d5a147-e217-40dd-bd6f-ce5b43e64071.binning_data.json,63030110,2025-08-31 12:25:13.913,2025-08-06 03:02:17.560,2,2,w4dMr03254,com.sec.android.app.shealth,02d5a147-e217-40dd-bd6f-ce5b43e64071,2025-08-06 00:00:00.000,
63030110,c9dda984-2c5c-497f-b5c7-9faff1a2077d.binning_data.json,63030110,2025-08-31 12:25:13.868,2025-08-08 08:22:07.329,1,2,w4dMr03254,com.sec.android.app.shealth,c9dda984-2c5c-497f-b5c7-9faff1a2077d,2025-08-08 00:00:00.000,
63030110,461f67e5-023b-4ea5-9a9d-2174ab011064.binning_data.json,63030110,2025-08-31 12:25:13.774,2025-08-10 09:21:54.430,1,2,w4dMr03254,com.sec.android.app.shealth,461f67e5-023b-4ea5-9a9d-2174ab011064,2025-08-10 00:00:00.000,
63030110,ea638265-283a-4405-82ca-45a599cacd61.binning_data.json,63030110,2025-09-07 02:58:31.108,2025-08-12 10:02:23.673,1,2,w4dMr03254,com.sec.android.app.shealth,ea638265-283a-4405-82ca-45a599cacd61,2025-08-12 00:00:00.000,
63030110,d619af00-5bd8-493f-8a10-92cfbd4eef07.binning_data.json,63030110,2025-09-07 02:58:31.250,2025-08-13 07:11:36.045,2,2,w4dMr03254,com.sec.android.app.shealth,d619af00-5bd8-493f-8a10-92cfbd4eef07,2025-08-13 00:00:00.000,
63030110,0bb59eb6-6f28-4ddf-bb4f-56b3bf4f6983.binning_data.json,63030110,2025-09-07 02:58:31.090,2025-08-17 08:16:11.082,1,2,w4dMr03254,com.sec.android.app.shealth,0bb59eb6-6f28-4ddf-bb4f-56b3bf4f6983,2025-08-17 00:00:00.000,
63030110,63437404-f254-45f7-93ed-a40db4d7e3b9.binning_data.json,63030110,2025-09-07 02:58:31.311,2025-08-19 13:32:48.468,1,2,w4dMr03254,com.sec.android.app.shealth,63437404-f254-45f7-93ed-a40db4d7e3b9,2025-08-19 00:00:00.000,
63030110,064ea0f6-f447-4250-8a80-a1aebe5b7275.binning_data.json,63030110,2025-09-07 02:58:31.166,2025-08-20 14:59:09.277,2,2,w4dMr03254,com.sec.android.app.shealth,064ea0f6-f447-4250-8a80-a1aebe5b7275,2025-08-20 00:00:00.000,
63030110,61bcfabb-bbe7-4527-a950-709062debd1f.binning_data.json,63030110,2025-09-18 08:30:35.109,2025-08-22 15:57:02.203,2,2,w4dMr03254,com.sec.android.app.shealth,61bcfabb-bbe7-4527-a950-709062debd1f,2025-08-22 00:00:00.000,
63030110,c8805ceb-56bb-467e-a293-2d6fdfc12c93.binning_data.json,63030110,2025-09-19 16:26:57.893,2025-08-24 13:00:56.736,2,2,w4dMr03254,com.sec.android.app.shealth,c8805ceb-56bb-467e-a293-2d6fdfc12c93,2025-08-24 00:00:00.000,
63030110,1358d6ec-5001-462a-a5e8-d760decd5dc8.binning_data.json,63030110,2025-09-24 11:29:43.799,2025-08-28 06:15:16.303,4,2,w4dMr03254,com.sec.android.app.shealth,1358d6ec-5001-462a-a5e8-d760decd5dc8,2025-08-28 00:00:00.000,
63030110,6e7c46d2-acbf-40e4-a7d9-4e9ba6e66325.binning_data.json,63030110,2025-09-24 11:29:43.617,2025-08-29 14:54:01.859,2,2,w4dMr03254,com.sec.android.app.shealth,6e7c46d2-acbf-40e4-a7d9-4e9ba6e66325,2025-08-29 00:00:00.000,
63030110,3459eeae-fc4a-4b01-a5f7-ae39350725c7.binning_data.json,63030110,2025-09-24 11:29:43.724,2025-08-30 14:55:06.627,2,2,w4dMr03254,com.sec.android.app.shealth,3459eeae-fc4a-4b01-a5f7-ae39350725c7,2025-08-30 00:00:00.000,
63030110,f21da5a4-329e-48ec-b435-9d7268097941.binning_data.json,63030110,2025-09-24 11:29:43.812,2025-08-31 12:25:13.883,1,2,w4dMr03254,com.sec.android.app.shealth,f21da5a4-329e-48ec-b435-9d7268097941,2025-08-31 00:00:00.000,
63030110,4bebcc85-bd25-447c-8b09-f79296970fa9.binning_data.json,63051050,2025-09-30 00:01:13.086,2025-09-03 07:01:16.964,3,2,w4dMr03254,com.sec.android.app.shealth,4bebcc85-bd25-447c-8b09-f79296970fa9,2025-09-03 00:00:00.000,
63030110,5d9e3f7e-3f0a-4b18-9ace-36c3fc83f753.binning_data.json,63051050,2025-09-30 00:01:13.669,2025-09-04 15:50:10.945,1,2,w4dMr03254,com.sec.android.app.shealth,5d9e3f7e-3f0a-4b18-9ace-36c3fc83f753,2025-09-04 00:00:00.000,
63030110,b4dad4f4-8bce-40cf-9c3a-b94f343f19ef.binning_data.json,63051050,2025-09-30 00:01:14.246,2025-09-05 14:24:45.610,2,2,w4dMr03254,com.sec.android.app.shealth,b4dad4f4-8bce-40cf-9c3a-b94f343f19ef,2025-09-05 00:00:00.000,
63030110,36549e4c-9d53-4770-aa1c-17ace6bdf971.binning_data.json,63051050,2025-10-04 06:46:50.083,2025-09-07 02:58:31.185,1,2,w4dMr03254,com.sec.android.app.shealth,36549e4c-9d53-4770-aa1c-17ace6bdf971,2025-09-07 00:00:00.000,
63030110,8f363072-48da-4e07-98ef-a2af71984003.binning_data.json,63051050,2025-10-05 08:10:22.003,2025-09-09 16:01:06.134,2,2,w4dMr03254,com.sec.android.app.shealth,8f363072-48da-4e07-98ef-a2af71984003,2025-09-09 00:00:00.000,
63030110,e54517ac-0088-4bbc-8f46-a1bff0d61003.binning_data.json,63051050,2025-10-15 01:20:17.654,2025-09-18 08:30:35.040,5,2,w4dMr03254,com.sec.android.app.shealth,e54517ac-0088-4bbc-8f46-a1bff0d61003,2025-09-18 00:00:00.000,
63030110,f1ee2455-8438-498f-a553-63c648342e2b.binning_data.json,63051050,2025-10-15 01:20:17.886,2025-09-19 16:26:57.989,1,2,w4dMr03254,com.sec.android.app.shealth,f1ee2455-8438-498f-a553-63c648342e2b,2025-09-19 00:00:00.000,
63030110,4248046a-3d5e-4fff-a450-31e2012c0a9b.binning_data.json,63051050,2025-10-15 01:20:18.162,2025-09-22 10:06:25.203,1,2,w4dMr03254,com.sec.android.app.shealth,4248046a-3d5e-4fff-a450-31e2012c0a9b,2025-09-22 00:00:00.000,
63030110,82e9b6af-a72e-40cb-819e-704638e44111.binning_data.json,63051050,2025-10-15 01:20:17.773,2025-09-24 11:29:43.652,1,2,w4dMr03254,com.sec.android.app.shealth,82e9b6af-a72e-40cb-819e-704638e44111,2025-09-24 00:00:00.000,
63030110,88f7e3af-cb13-4d24-8c0c-a0de55b8ed24.binning_data.json,63051050,2025-10-15 01:20:18.511,2025-09-25 14:37:46.791,3,2,w4dMr03254,com.sec.android.app.shealth,88f7e3af-cb13-4d24-8c0c-a0de55b8ed24,2025-09-25 00:00:00.000,
63051050,4e07850a-a6a9-4404-8ac7-4404ef4ea825.binning_data.json,63051050,2025-10-23 16:32:45.754,2025-09-29 15:59:14.153,3,2,w4dMr03254,com.sec.android.app.shealth,4e07850a-a6a9-4404-8ac7-4404ef4ea825,2025-09-29 00:00:00.000,
63051050,8cc1167e-6776-4d9e-a500-3a50867df718.binning_data.json,63051050,2025-10-23 16:32:45.840,2025-09-30 15:28:52.807,1,2,w4dMr03254,com.sec.android.app.shealth,8cc1167e-6776-4d9e-a500-3a50867df718,2025-09-30 00:00:00.000,
63051050,533328a6-bf0e-4d15-abd4-1c6d97e26da1.binning_data.json,63051050,2025-10-28 08:18:34.001,2025-10-02 16:56:46.266,2,2,w4dMr03254,com.sec.android.app.shealth,533328a6-bf0e-4d15-abd4-1c6d97e26da1,2025-10-02 00:00:00.000,
63051050,2d46ff4d-461b-479c-b23c-a4cc6db0c393.binning_data.json,63051050,2025-10-30 15:19:52.764,2025-10-04 06:46:50.021,2,2,w4dMr03254,com.sec.android.app.shealth,2d46ff4d-461b-479c-b23c-a4cc6db0c393,2025-10-04 00:00:00.000,
63051050,d12c336e-13a6-4573-b1eb-267b8461165a.binning_data.json,63051050,2025-10-30 15:19:52.845,2025-10-05 08:10:22.149,1,2,w4dMr03254,com.sec.android.app.shealth,d12c336e-13a6-4573-b1eb-267b8461165a,2025-10-05 00:00:00.000,
63051050,a01a0098-6199-4152-aace-dea7131d1047.binning_data.json,63051050,2025-11-03 12:52:05.398,2025-10-07 15:16:23.792,3,2,w4dMr03254,com.sec.android.app.shealth,a01a0098-6199-4152-aace-dea7131d1047,2025-10-07 00:00:00.000,
63051050,8da36475-baed-4b9b-9a01-43f9589e03d0.binning_data.json,63051050,2025-11-06 15:27:10.339,2025-10-11 09:30:42.689,4,2,w4dMr03254,com.sec.android.app.shealth,8da36475-baed-4b9b-9a01-43f9589e03d0,2025-10-11 00:00:00.000,
63051050,9ec19a95-6369-4bbb-bbd4-2cddca69460d.binning_data.json,63051050,2025-11-08 13:45:06.301,2025-10-12 07:05:08.793,1,2,w4dMr03254,com.sec.android.app.shealth,9ec19a95-6369-4bbb-bbd4-2cddca69460d,2025-10-12 00:00:00.000,
63051050,e655e2f2-5873-47ad-8a4f-0ce5918ad07d.binning_data.json,63051050,2025-11-10 14:24:30.385,2025-10-14 14:37:17.805,2,2,w4dMr03254,com.sec.android.app.shealth,e655e2f2-5873-47ad-8a4f-0ce5918ad07d,2025-10-14 00:00:00.000,
63051050,353b5bc7-d2d5-4c67-b631-8532f40ff066.binning_data.json,63060070,2025-11-19 15:56:11.554,2025-10-23 16:32:45.604,1,2,w4dMr03254,com.sec.android.app.shealth,353b5bc7-d2d5-4c67-b631-8532f40ff066,2025-10-23 00:00:00.000,
63051050,e84f4d78-37e3-4895-8402-f40a27f20602.binning_data.json,63060070,2025-11-22 17:57:42.749,2025-10-28 08:18:33.846,1,2,w4dMr03254,com.sec.android.app.shealth,e84f4d78-37e3-4895-8402-f40a27f20602,2025-10-28 00:00:00.000,
63051050,f631eda0-9495-4815-8786-4aea9e74e643.binning_data.json,63060070,2025-11-25 14:10:06.466,2025-10-30 15:19:52.824,1,2,w4dMr03254,com.sec.android.app.shealth,f631eda0-9495-4815-8786-4aea9e74e643,2025-10-30 00:00:00.000,
63051050,8ee949e9-67a9-4d52-8dc7-c504e00c3df7.binning_data.json,63060070,2025-11-27 16:15:00.310,2025-11-03 12:52:05.318,3,2,w4dMr03254,com.sec.android.app.shealth,8ee949e9-67a9-4d52-8dc7-c504e00c3df7,2025-11-03 00:00:00.000,
63051050,75635bd5-34f1-42f6-9787-8f53868d8c4a.binning_data.json,63060070,2025-12-02 03:49:43.257,2025-11-05 14:47:09.577,4,2,w4dMr03254,com.sec.android.app.shealth,75635bd5-34f1-42f6-9787-8f53868d8c4a,2025-11-05 00:00:00.000,
63051050,af392e16-4447-4717-b9b9-74b4fe2864d1.binning_data.json,63060070,2025-12-03 13:51:52.438,2025-11-06 15:27:10.482,1,2,w4dMr03254,com.sec.android.app.shealth,af392e16-4447-4717-b9b9-74b4fe2864d1,2025-11-06 00:00:00.000,
63051050,87808fe4-959d-4d31-b5cb-d2d6c7b88bba.binning_data.json,63060070,2025-12-04 14:55:06.347,2025-11-07 16:15:02.266,1,2,w4dMr03254,com.sec.android.app.shealth,87808fe4-959d-4d31-b5cb-d2d6c7b88bba,2025-11-07 00:00:00.000,
63051050,f48a8aab-bb83-42f2-9acc-128be86c655a.binning_data.json,63060070,2025-12-04 14:55:06.475,2025-11-08 13:45:06.201,2,2,w4dMr03254,com.sec.android.app.shealth,f48a8aab-bb83-42f2-9acc-128be86c655a,2025-11-08 00:00:00.000,
63051050,3f1fac97-048e-46b8-b799-d5135227776c.binning_data.json,63060070,2025-12-04 14:55:06.413,2025-11-10 14:24:30.325,2,2,w4dMr03254,com.sec.android.app.shealth,3f1fac97-048e-46b8-b799-d5135227776c,2025-11-10 00:00:00.000,
63051050,a8fb6f53-a313-4be0-a374-a8f1e0cc0e9c.binning_data.json,63060070,2025-12-04 14:55:06.515,2025-11-11 06:08:56.368,8,2,w4dMr03254,com.sec.android.app.shealth,a8fb6f53-a313-4be0-a374-a8f1e0cc0e9c,2025-11-11 00:00:00.000,
63051050,6f80940f-4386-4493-8398-281d70433df6.binning_data.json,63060070,2025-12-04 14:55:06.329,2025-11-12 15:52:17.038,2,2,w4dMr03254,com.sec.android.app.shealth,6f80940f-4386-4493-8398-281d70433df6,2025-11-12 00:00:00.000,
63060070,c49f33da-5156-480c-a873-9fe5f77d000e.binning_data.json,63060070,2025-12-10 08:42:22.541,2025-11-15 05:08:55.578,4,2,w4dMr03254,com.sec.android.app.shealth,c49f33da-5156-480c-a873-9fe5f77d000e,2025-11-15 00:00:00.000,
63060070,0ebe2bf8-563d-4222-9a14-dbaec95ef261.binning_data.json,63060070,2025-12-10 08:42:22.586,2025-11-16 04:49:57.155,11,2,w4dMr03254,com.sec.android.app.shealth,0ebe2bf8-563d-4222-9a14-dbaec95ef261,2025-11-16 00:00:00.000,
63060070,4731a514-81e9-42e2-b838-f74f3b47dc54.binning_data.json,63070030,2025-12-14 03:48:28.952,2025-11-19 15:56:11.766,1,2,w4dMr03254,com.sec.android.app.shealth,4731a514-81e9-42e2-b838-f74f3b47dc54,2025-11-19 00:00:00.000,
63060070,0fa49954-4377-4041-bdc1-8402821ff3a7.binning_data.json,63070030,2025-12-19 16:58:15.547,2025-11-22 06:57:37.183,3,2,w4dMr03254,com.sec.android.app.shealth,0fa49954-4377-4041-bdc1-8402821ff3a7,2025-11-22 00:00:00.000,
63060070,5f2cabfe-a0b4-4b0b-b343-1bc1cc801f0f.binning_data.json,63070030,2025-12-21 03:00:11.386,2025-11-25 02:50:42.626,3,2,w4dMr03254,com.sec.android.app.shealth,5f2cabfe-a0b4-4b0b-b343-1bc1cc801f0f,2025-11-25 00:00:00.000,
63060070,f9bee4b9-7a68-438f-981f-b578e10561e6.binning_data.json,63070030,2025-12-23 07:02:32.564,2025-11-27 03:09:07.805,4,2,w4dMr03254,com.sec.android.app.shealth,f9bee4b9-7a68-438f-981f-b578e10561e6,2025-11-27 00:00:00.000,
63060070,a8f63c23-8c4d-4fea-83b3-abf024e519b7.binning_data.json,63070030,2025-12-29 05:30:32.769,2025-12-02 03:49:43.184,5,2,w4dMr03254,com.sec.android.app.shealth,a8f63c23-8c4d-4fea-83b3-abf024e519b7,2025-12-02 00:00:00.000,
63060070,626b63a3-b2cf-44e5-8523-0d33fa992661.binning_data.json,63070030,2025-12-30 13:38:18.429,2025-12-03 13:51:52.330,1,2,w4dMr03254,com.sec.android.app.shealth,626b63a3-b2cf-44e5-8523-0d33fa992661,2025-12-03 00:00:00.000,
63060070,74e30445-1706-497c-b52b-fa35de37ce7a.binning_data.json,63070030,2025-12-30 13:38:18.524,2025-12-04 14:55:06.544,2,2,w4dMr03254,com.sec.android.app.shealth,74e30445-1706-497c-b52b-fa35de37ce7a,2025-12-04 00:00:00.000,
63060070,6844c7a2-88b2-4363-a446-ab8160216267.binning_data.json,63070030,2026-01-06 05:31:58.163,2025-12-10 07:51:48.957,5,2,w4dMr03254,com.sec.android.app.shealth,6844c7a2-88b2-4363-a446-ab8160216267,2025-12-10 00:00:00.000,
63070030,73e1b33c-1b0c-4170-8127-4cb20e210f76.binning_data.json,63070030,2026-01-09 08:46:04.890,2025-12-14 03:48:28.919,1,2,w4dMr03254,com.sec.android.app.shealth,73e1b33c-1b0c-4170-8127-4cb20e210f76,2025-12-14 00:00:00.000,
63070030,5126738a-03e5-4684-b9ea-feaae9a46a74.binning_data.json,63070030,2026-01-12 15:34:13.325,2025-12-19 16:58:15.749,1,2,w4dMr03254,com.sec.android.app.shealth,5126738a-03e5-4684-b9ea-feaae9a46a74,2025-12-19 00:00:00.000,
63070030,36939b66-8a0b-41d3-97e2-34b15dcdd330.binning_data.json,63070030,2026-01-17 06:50:50.235,2025-12-21 03:00:11.444,2,2,w4dMr03254,com.sec.android.app.shealth,36939b66-8a0b-41d3-97e2-34b15dcdd330,2025-12-21 00:00:00.000,
63070030,3b7761f2-313d-4d87-a252-d2207f733684.binning_data.json,63070030,2026-01-19 07:33:17.177,2025-12-23 07:02:32.633,3,2,w4dMr03254,com.sec.android.app.shealth,3b7761f2-313d-4d87-a252-d2207f733684,2025-12-23 00:00:00.000,
63070030,363796cd-d10a-46ec-9aca-c7271b57962e.binning_data.json,63070030,2026-01-21 15:01:13.321,2025-12-25 04:11:08.475,1,2,w4dMr03254,com.sec.android.app.shealth,363796cd-d10a-46ec-9aca-c7271b57962e,2025-12-25 00:00:00.000,
63070030,7d18a967-4b75-4fe3-b6eb-8055895ced7a.binning_data.json,63070030,2026-01-22 12:51:43.852,2025-12-26 06:55:06.022,3,2,w4dMr03254,com.sec.android.app.shealth,7d18a967-4b75-4fe3-b6eb-8055895ced7a,2025-12-26 00:00:00.000,
63070030,636541b2-c4fa-4c17-8b8f-7bf5e4187b45.binning_data.json,63070030,2026-01-24 14:26:07.625,2025-12-29 05:30:32.714,1,2,w4dMr03254,com.sec.android.app.shealth,636541b2-c4fa-4c17-8b8f-7bf5e4187b45,2025-12-29 00:00:00.000,
63070030,41027257-b113-4b19-8aff-23fa738f5b61.binning_data.json,63070030,2026-01-24 14:26:07.456,2025-12-30 13:38:18.386,1,2,w4dMr03254,com.sec.android.app.shealth,41027257-b113-4b19-8aff-23fa738f5b61,2025-12-30 00:00:00.000,
63070030,978eecdf-acb8-4358-ac72-4665c712ac75.binning_data.json,63070030,2026-01-30 06:25:39.876,2026-01-05 03:56:08.332,2,2,w4dMr03254,com.sec.android.app.shealth,978eecdf-acb8-4358-ac72-4665c712ac75,2026-01-05 00:00:00.000,
63070030,3f29394d-7d36-4c85-b843-066a278ba98c.binning_data.json,63070030,2026-01-30 06:25:39.459,2026-01-06 05:31:58.083,3,2,w4dMr03254,com.sec.android.app.shealth,3f29394d-7d36-4c85-b843-066a278ba98c,2026-01-06 00:00:00.000,
63070030,209b30ca-edc3-4cd7-9b63-c9fc67590102.binning_data.json,63070030,2026-02-03 08:19:25.570,2026-01-07 07:25:02.303,1,2,w4dMr03254,com.sec.android.app.shealth,209b30ca-edc3-4cd7-9b63-c9fc67590102,2026-01-07 00:00:00.000,
63070030,08f7ce16-f663-4eee-aea6-72b4ef44c1ff.binning_data.json,63070030,2026-02-04 14:20:51.392,2026-01-08 06:19:41.661,1,2,w4dMr03254,com.sec.android.app.shealth,08f7ce16-f663-4eee-aea6-72b4ef44c1ff,2026-01-08 00:00:00.000,
63070030,7310b143-438a-439d-bec5-aca23f0723b4.binning_data.json,63070030,2026-02-04 14:20:51.173,2026-01-09 08:46:04.720,1,2,w4dMr03254,com.sec.android.app.shealth,7310b143-438a-439d-bec5-aca23f0723b4,2026-01-09 00:00:00.000,
63070030,ba698047-d2f4-4416-a093-ccdd2595997f.binning_data.json,63070030,2026-02-04 14:20:51.267,2026-01-12 15:34:13.187,2,2,w4dMr03254,com.sec.android.app.shealth,ba698047-d2f4-4416-a093-ccdd2595997f,2026-01-12 00:00:00.000,
63070030,c8f85542-4880-459f-b15c-6f1425abf26d.binning_data.json,63070030,2026-02-09 15:19:23.208,2026-01-16 07:03:57.894,1,2,w4dMr03254,com.sec.android.app.shealth,c8f85542-4880-459f-b15c-6f1425abf26d,2026-01-16 00:00:00.000,
63070030,0cc6c503-0bb0-4963-b0d7-c5e4f5f7d8cc.binning_data.json,63070030,2026-02-13 10:04:14.833,2026-01-17 06:50:50.124,2,2,w4dMr03254,com.sec.android.app.shealth,0cc6c503-0bb0-4963-b0d7-c5e4f5f7d8cc,2026-01-17 00:00:00.000,
63070030,ef82a469-c613-4a28-9929-5186b950a4bd.binning_data.json,63070030,2026-02-14 08:01:40.778,2026-01-18 06:59:36.160,1,2,w4dMr03254,com.sec.android.app.shealth,ef82a469-c613-4a28-9929-5186b950a4bd,2026-01-18 00:00:00.000,
63070030,ea6c3fc1-fbcc-4709-a1e6-916bccf88494.binning_data.json,63070030,2026-02-14 08:01:40.564,2026-01-19 07:33:17.116,2,2,w4dMr03254,com.sec.android.app.shealth,ea6c3fc1-fbcc-4709-a1e6-916bccf88494,2026-01-19 00:00:00.000,
63070030,e37162e4-44c5-40f4-9264-2ea10f1bcd66.binning_data.json,63070030,2026-02-16 03:25:04.066,2026-01-21 06:31:31.304,3,2,w4dMr03254,com.sec.android.app.shealth,e37162e4-44c5-40f4-9264-2ea10f1bcd66,2026-01-21 00:00:00.000,
63070030,991431b7-209b-4ae6-8927-0e8f6f96b0a8.binning_data.json,63070030,2026-02-18 16:58:33.052,2026-01-22 12:51:43.595,1,2,w4dMr03254,com.sec.android.app.shealth,991431b7-209b-4ae6-8927-0e8f6f96b0a8,2026-01-22 00:00:00.000,
63070030,0f0791eb-1692-4a80-8b3f-dc6b77c06e30.binning_data.json,63070030,2026-02-18 16:58:33.194,2026-01-23 07:30:32.090,1,2,w4dMr03254,com.sec.android.app.shealth,0f0791eb-1692-4a80-8b3f-dc6b77c06e30,2026-01-23 00:00:00.000,
63070030,a0130fd0-bea9-4821-98a5-e54f811de54f.binning_data.json,63070030,2026-02-18 16:58:33.024,2026-01-24 14:26:07.472,2,2,w4dMr03254,com.sec.android.app.shealth,a0130fd0-bea9-4821-98a5-e54f811de54f,2026-01-24 00:00:00.000,
63070030,4dacb100-1693-4d50-8aa6-ed5335c46fcc.binning_data.json,63070030,2026-02-23 13:01:56.845,2026-01-27 06:23:00.655,1,2,w4dMr03254,com.sec.android.app.shealth,4dacb100-1693-4d50-8aa6-ed5335c46fcc,2026-01-27 00:00:00.000,
63070030,22e336c8-effa-4c98-ba31-eb14c008d82c.binning_data.json,63070030,2026-02-23 13:01:56.990,2026-01-28 05:17:39.111,6,2,w4dMr03254,com.sec.android.app.shealth,22e336c8-effa-4c98-ba31-eb14c008d82c,2026-01-28 00:00:00.000,
63070030,33728b4a-ffe7-4381-b2f7-3d1a12580a42.binning_data.json,63070030,2026-02-25 14:50:53.352,2026-01-29 06:55:08.079,1,2,w4dMr03254,com.sec.android.app.shealth,33728b4a-ffe7-4381-b2f7-3d1a12580a42,2026-01-29 00:00:00.000,
63070030,090149eb-cefd-49c9-94d7-5505933be269.binning_data.json,63070030,2026-02-25 14:50:53.489,2026-01-30 06:25:39.777,3,2,w4dMr03254,com.sec.android.app.shealth,090149eb-cefd-49c9-94d7-5505933be269,2026-01-30 00:00:00.000,
63070030,5ca02e97-c35b-4360-88ae-5f46e56467e7.binning_data.json,63110130,2026-03-01 05:40:25.491,2026-02-03 08:19:25.398,1,2,w4dMr03254,com.sec.android.app.shealth,5ca02e97-c35b-4360-88ae-5f46e56467e7,2026-02-03 00:00:00.000,
63070030,93968527-0b56-4e99-a136-10413b3b9b9b.binning_data.json,63110130,2026-03-03 09:27:15.995,2026-02-04 14:20:51.340,3,2,w4dMr03254,com.sec.android.app.shealth,93968527-0b56-4e99-a136-10413b3b9b9b,2026-02-04 00:00:00.000,
63070030,5c461941-d2b2-4f4a-ac20-1e168e30b9a0.binning_data.json,63110130,2026-03-08 04:02:28.978,2026-02-09 15:19:23.428,2,2,w4dMr03254,com.sec.android.app.shealth,5c461941-d2b2-4f4a-ac20-1e168e30b9a0,2026-02-09 00:00:00.000,
63070030,ebe64f0e-66cc-4dde-b4e5-fff7c462b425.binning_data.json,63110130,2026-03-09 15:40:16.502,2026-02-13 10:04:14.622,1,2,w4dMr03254,com.sec.android.app.shealth,ebe64f0e-66cc-4dde-b4e5-fff7c462b425,2026-02-13 00:00:00.000,
63070030,23d8c396-75d9-40ba-926f-cf4e47296f59.binning_data.json,63110130,2026-03-09 15:40:16.506,2026-02-14 08:01:40.643,1,2,w4dMr03254,com.sec.android.app.shealth,23d8c396-75d9-40ba-926f-cf4e47296f59,2026-02-14 00:00:00.000,
63070030,9a3d677b-af7a-46c6-90cb-1443225362ae.binning_data.json,63110130,2026-03-15 03:10:55.533,2026-02-16 03:25:03.905,1,2,w4dMr03254,com.sec.android.app.shealth,9a3d677b-af7a-46c6-90cb-1443225362ae,2026-02-16 00:00:00.000,
63070030,9d081f88-0349-45f4-98e1-f070f2e5263c.binning_data.json,63110130,2026-03-17 14:44:09.744,2026-02-18 16:58:33.009,2,2,w4dMr03254,com.sec.android.app.shealth,9d081f88-0349-45f4-98e1-f070f2e5263c,2026-02-18 00:00:00.000,
63070030,cf967447-f8c3-4bd1-a5f6-2b6a8bfb124a.binning_data.json,63110130,2026-03-17 14:44:09.749,2026-02-22 03:55:14.407,2,2,w4dMr03254,com.sec.android.app.shealth,cf967447-f8c3-4bd1-a5f6-2b6a8bfb124a,2026-02-22 00:00:00.000,
63070030,7a344248-66d0-464f-9ca1-b49fffd47107.binning_data.json,63110130,2026-03-22 03:57:51.916,2026-02-23 07:30:29.375,7,2,w4dMr03254,com.sec.android.app.shealth,7a344248-66d0-464f-9ca1-b49fffd47107,2026-02-23 00:00:00.000,
63070030,6b257918-c739-4229-84c5-b2617a1f92cb.binning_data.json,63110130,2026-03-22 03:57:51.898,2026-02-25 14:50:53.273,2,2,w4dMr03254,com.sec.android.app.shealth,6b257918-c739-4229-84c5-b2617a1f92cb,2026-02-25 00:00:00.000,
63110130,dcbad3c8-ef73-4799-a098-bee2b1a9ff38.binning_data.json,63110130,2026-03-26 15:09:04.114,2026-03-01 05:40:25.494,4,2,w4dMr03254,com.sec.android.app.shealth,dcbad3c8-ef73-4799-a098-bee2b1a9ff38,2026-03-01 00:00:00.000,
63110130,0d888f3c-4be7-438c-b298-2a6331ba26af.binning_data.json,63110130,2026-03-26 15:09:04.111,2026-03-03 07:43:51.130,2,2,w4dMr03254,com.sec.android.app.shealth,0d888f3c-4be7-438c-b298-2a6331ba26af,2026-03-03 00:00:00.000,
63110130,ef70f148-58ba-4c40-81fc-a401d10b6dac.binning_data.json,63110130,2026-03-26 15:09:04.108,2026-03-05 03:23:51.362,1,2,w4dMr03254,com.sec.android.app.shealth,ef70f148-58ba-4c40-81fc-a401d10b6dac,2026-03-05 00:00:00.000,
63110130,61019938-e81e-4f08-bc41-2786fc3bbd95.binning_data.json,63110130,2026-03-26 15:09:04.107,2026-03-07 04:23:30.773,1,2,w4dMr03254,com.sec.android.app.shealth,61019938-e81e-4f08-bc41-2786fc3bbd95,2026-03-07 00:00:00.000,
63110130,44ea7267-61ba-49dc-9cb9-d5c26eb6cae7.binning_data.json,63110130,2026-03-26 15:09:04.110,2026-03-08 04:02:28.973,2,2,w4dMr03254,com.sec.android.app.shealth,44ea7267-61ba-49dc-9cb9-d5c26eb6cae7,2026-03-08 00:00:00.000,
63110130,519d7e8f-b24f-4692-9bf8-ab82d3837ecc.binning_data.json,63110130,2026-03-26 15:09:04.113,2026-03-09 15:40:16.505,2,2,w4dMr03254,com.sec.android.app.shealth,519d7e8f-b24f-4692-9bf8-ab82d3837ecc,2026-03-09 00:00:00.000,
63110130,79eae054-c9b0-4337-8fec-8862ee586871.binning_data.json,63110130,2026-03-26 15:09:04.109,2026-03-15 03:10:55.526,2,2,w4dMr03254,com.sec.android.app.shealth,79eae054-c9b0-4337-8fec-8862ee586871,2026-03-15 00:00:00.000,
63110130,d8d17fe2-1cd6-4ef2-9923-3c323cafa1aa.binning_data.json,63130130,2026-04-12 12:04:17.975,2026-03-17 22:34:10.179,1,2,w4dMr03254,com.sec.android.app.shealth,d8d17fe2-1cd6-4ef2-9923-3c323cafa1aa,2026-03-17 00:00:00.000,
63110130,9696dced-f273-4a13-a7f0-b915a6e28288.binning_data.json,63130130,2026-04-14 14:55:58.860,2026-03-22 21:13:06.278,2,2,w4dMr03254,com.sec.android.app.shealth,9696dced-f273-4a13-a7f0-b915a6e28288,2026-03-22 00:00:00.000,
63110130,ae418d0e-f7cf-4192-b543-cef7eb298380.binning_data.json,63200010,2026-04-19 04:03:08.573,2026-03-25 03:59:34.438,2,2,w4dMr03254,com.sec.android.app.shealth,ae418d0e-f7cf-4192-b543-cef7eb298380,2026-03-25 00:00:00.000,
63110130,e726b317-c6a3-4488-8c82-9317905ffc5a.binning_data.json,63200010,2026-04-22 14:52:23.223,2026-03-26 15:09:04.114,2,2,w4dMr03254,com.sec.android.app.shealth,e726b317-c6a3-4488-8c82-9317905ffc5a,2026-03-26 00:00:00.000,
63130130,a2a9d794-0e6b-4ef1-801a-f14da83a160b.binning_data.json,63200010,2026-05-09 07:26:17.361,2026-04-12 12:04:18.046,1,2,w4dMr03254,com.sec.android.app.shealth,a2a9d794-0e6b-4ef1-801a-f14da83a160b,2026-04-12 00:00:00.000,
63130130,a05f7840-a775-41d7-afcd-0331cb616444.binning_data.json,63200010,2026-05-11 17:18:28.135,2026-04-14 14:55:58.885,1,2,w4dMr03254,com.sec.android.app.shealth,a05f7840-a775-41d7-afcd-0331cb616444,2026-04-14 00:00:00.000,
63200010,5a7f5924-2576-4cc9-be4d-84931ac48d21.binning_data.json,63200010,2026-05-15 14:49:02.767,2026-04-19 04:03:08.688,1,2,w4dMr03254,com.sec.android.app.shealth,5a7f5924-2576-4cc9-be4d-84931ac48d21,2026-04-19 00:00:00.000,
63200010,4b522067-0c1f-4133-8b12-28750db8b15e.binning_data.json,63200010,2026-05-18 12:30:20.224,2026-04-22 14:52:23.178,1,2,w4dMr03254,com.sec.android.app.shealth,4b522067-0c1f-4133-8b12-28750db8b15e,2026-04-22 00:00:00.000,
63200010,bbbdb759-342a-469f-8ffc-4588a9ae583b.binning_data.json,63200010,2026-05-20 09:19:07.053,2026-04-25 16:43:37.593,1,2,w4dMr03254,com.sec.android.app.shealth,bbbdb759-342a-469f-8ffc-4588a9ae583b,2026-04-25 00:00:00.000,
63200010,d5f70f6e-9a25-47c3-8eb0-aeb7fb1fb16a.binning_data.json,63200010,2026-05-23 15:02:19.873,2026-04-26 04:12:25.382,2,2,w4dMr03254,com.sec.android.app.shealth,d5f70f6e-9a25-47c3-8eb0-aeb7fb1fb16a,2026-04-26 00:00:00.000,
63200010,37ab41ac-73e6-4860-9b9c-916aa5bd14cf.binning_data.json,63200010,2026-05-27 07:12:33.036,2026-04-30 16:53:05.791,3,2,w4dMr03254,com.sec.android.app.shealth,37ab41ac-73e6-4860-9b9c-916aa5bd14cf,2026-04-30 00:00:00.000,
63200010,a8d4aa6a-fc73-4eea-b5fa-3c3c1e2a605b.binning_data.json,63200010,2026-05-27 07:12:33.110,2026-05-03 04:11:46.388,1,2,w4dMr03254,com.sec.android.app.shealth,a8d4aa6a-fc73-4eea-b5fa-3c3c1e2a605b,2026-05-03 00:00:00.000,
63200010,03217209-0051-40bf-9c65-8a847bc2ffb5.binning_data.json,63200010,2026-05-27 07:12:32.930,2026-05-09 07:26:17.313,2,2,w4dMr03254,com.sec.android.app.shealth,03217209-0051-40bf-9c65-8a847bc2ffb5,2026-05-09 00:00:00.000,
63200010,1bd3dab0-b9d2-4a77-9fa7-1b8b5d5aa910.binning_data.json,63200010,2026-05-27 07:12:33.015,2026-05-10 03:24:46.772,1,2,w4dMr03254,com.sec.android.app.shealth,1bd3dab0-b9d2-4a77-9fa7-1b8b5d5aa910,2026-05-10 00:00:00.000,
63200010,1aaefd3d-cdb8-472e-8f3d-963f10e0a96c.binning_data.json,63200010,2026-06-07 13:20:17.264,2026-05-11 17:18:28.100,1,2,w4dMr03254,com.sec.android.app.shealth,1aaefd3d-cdb8-472e-8f3d-963f10e0a96c,2026-05-11 00:00:00.000,
63200010,f1dd619d-ea7a-46ac-9178-98c08e3bda6b.binning_data.json,63200010,2026-06-07 13:20:17.393,2026-05-13 04:27:38.314,5,2,w4dMr03254,com.sec.android.app.shealth,f1dd619d-ea7a-46ac-9178-98c08e3bda6b,2026-05-13 00:00:00.000,
63200010,ff48f97d-0756-4bd3-ab9e-fd5fbf43bd1b.binning_data.json,63200010,2026-06-07 13:20:17.377,2026-05-15 06:11:31.241,3,2,w4dMr03254,com.sec.android.app.shealth,ff48f97d-0756-4bd3-ab9e-fd5fbf43bd1b,2026-05-15 00:00:00.000,
63200010,442c8a49-a5d2-42cb-b292-f99faf8228f4.binning_data.json,63200010,2026-06-14 02:53:31.375,2026-05-18 12:30:20.352,1,2,w4dMr03254,com.sec.android.app.shealth,442c8a49-a5d2-42cb-b292-f99faf8228f4,2026-05-18 00:00:00.000,
63200010,5bf11efe-3e4c-479f-b2aa-48c5dd6ab8eb.binning_data.json,63200010,2026-06-16 14:31:09.564,2026-05-20 09:19:06.848,2,2,w4dMr03254,com.sec.android.app.shealth,5bf11efe-3e4c-479f-b2aa-48c5dd6ab8eb,2026-05-20 00:00:00.000,
63200010,03e37960-1c61-48ef-94c2-1cdf43c71b04.binning_data.json,63200010,2026-06-19 03:06:13.019,2026-05-23 15:02:20.065,2,2,w4dMr03254,com.sec.android.app.shealth,03e37960-1c61-48ef-94c2-1cdf43c71b04,2026-05-23 00:00:00.000,
63200010,eb81aed2-111c-4308-a7ea-67d0259ef7de.binning_data.json,63200010,2026-06-19 03:06:12.869,2026-05-24 09:34:24.871,1,2,w4dMr03254,com.sec.android.app.shealth,eb81aed2-111c-4308-a7ea-67d0259ef7de,2026-05-24 00:00:00.000,
63200010,9796f703-32c7-4f58-9575-920e30b92211.binning_data.json,63200010,2026-06-22 14:59:12.190,2026-05-27 07:12:32.950,2,2,w4dMr03254,com.sec.android.app.shealth,9796f703-32c7-4f58-9575-920e30b92211,2026-05-27 00:00:00.000,
63200010,0a9627af-4812-4ca6-80ec-e39eae9501aa.binning_data.json,70001070,2026-07-03 05:56:59.759,2026-06-07 13:20:17.409,1,2,w4dMr03254,com.sec.android.app.shealth,0a9627af-4812-4ca6-80ec-e39eae9501aa,2026-06-07 00:00:00.000,
63200010,700d8c25-8026-4286-8480-11b38fcf4350.binning_data.json,70001070,2026-07-10 14:54:41.607,2026-06-14 02:53:31.296,2,2,w4dMr03254,com.sec.android.app.shealth,700d8c25-8026-4286-8480-11b38fcf4350,2026-06-14 00:00:00.000,
63200010,26b234f1-36ee-4d66-a1df-94f731c53983.binning_data.json,70001070,2026-07-10 14:54:41.411,2026-06-15 07:02:55.712,1,2,w4dMr03254,com.sec.android.app.shealth,26b234f1-36ee-4d66-a1df-94f731c53983,2026-06-15 00:00:00.000,
63200010,102cd5bc-855f-4b37-852b-f7917faede75.binning_data.json,70001070,2026-07-13 15:34:54.987,2026-06-16 14:31:09.504,2,2,w4dMr03254,com.sec.android.app.shealth,102cd5bc-855f-4b37-852b-f7917faede75,2026-06-16 00:00:00.000,
63200010,ea0c76ff-4a2f-4c52-9db5-6f1426095452.binning_data.json,70001070,2026-07-14 07:28:30.461,2026-06-18 03:46:05.420,1,2,w4dMr03254,com.sec.android.app.shealth,ea0c76ff-4a2f-4c52-9db5-6f1426095452,2026-06-18 00:00:00.000,
63200010,d574b91f-636c-4587-a383-bcbf2afdb104.binning_data.json,70050090,2026-07-16 14:43:53.134,2026-06-19 03:06:12.969,1,2,w4dMr03254,com.sec.android.app.shealth,d574b91f-636c-4587-a383-bcbf2afdb104,2026-06-19 00:00:00.000,
63200010,4bb7ccd5-8d7f-46e1-a9fd-4db44834fd3a.binning_data.json,70050090,2026-07-16 14:43:53.157,2026-06-22 14:59:12.305,2,2,w4dMr03254,com.sec.android.app.shealth,4bb7ccd5-8d7f-46e1-a9fd-4db44834fd3a,2026-06-22 00:00:00.000,
63200010,b8af0939-d1a6-4442-9f09-62d9e0616311.binning_data.json,70050090,2026-07-20 13:52:04.022,2026-06-23 05:08:15.927,1,2,w4dMr03254,com.sec.android.app.shealth,b8af0939-d1a6-4442-9f09-62d9e0616311,2026-06-23 00:00:00.000,
63200010,b2f52515-7d3c-4c53-914d-4b7a984ea89e.binning_data.json,70050090,2026-07-20 13:52:04.190,2026-06-24 07:27:16.216,3,2,w4dMr03254,com.sec.android.app.shealth,b2f52515-7d3c-4c53-914d-4b7a984ea89e,2026-06-24 00:00:00.000,
63200010,e6ed990b-8379-4cb0-b0e2-bc43fe629378.binning_data.json,70050090,2026-07-28 15:41:28.432,2026-07-02 11:31:54.341,6,2,w4dMr03254,com.sec.android.app.shealth,e6ed990b-8379-4cb0-b0e2-bc43fe629378,2026-07-02 00:00:00.000,
70001070,d74fb49e-dc36-4e39-b713-d4fa9f36d633.binning_data.json,70050090,2026-07-28 15:41:28.221,2026-07-03 05:56:59.536,1,2,w4dMr03254,com.sec.android.app.shealth,d74fb49e-dc36-4e39-b713-d4fa9f36d633,2026-07-03 00:00:00.000,
70001070,5d834189-f0dc-4e65-8b0b-018e07c77f31.binning_data.json,70060030,2026-08-01 09:21:53.869,2026-07-06 14:36:58.884,1,2,w4dMr03254,com.sec.android.app.shealth,5d834189-f0dc-4e65-8b0b-018e07c77f31,2026-07-06 00:00:00.000,
70001070,692dc25f-c3c5-4a40-8303-018bd0b0dccd.binning_data.json,70060030,2026-08-01 09:21:53.752,2026-07-10 07:01:39.878,5,2,w4dMr03254,com.sec.android.app.shealth,692dc25f-c3c5-4a40-8303-018bd0b0dccd,2026-07-10 00:00:00.000,
70001070,53dd5299-78c6-476c-b706-4df0adb1a78d.binning_data.json,70060030,2026-08-01 09:21:53.769,2026-07-13 15:34:54.896,2,2,w4dMr03254,com.sec.android.app.shealth,53dd5299-78c6-476c-b706-4df0adb1a78d,2026-07-13 00:00:00.000,
70001070,6b5c469b-96de-4374-a5b2-5ecfbf60da35.binning_data.json,70060030,2026-08-01 09:21:53.934,2026-07-14 07:28:30.520,1,2,w4dMr03254,com.sec.android.app.shealth,6b5c469b-96de-4374-a5b2-5ecfbf60da35,2026-07-14 00:00:00.000,
70050090,95fd1822-c2c5-41dd-9b84-02507e82e2f6.binning_data.json,70060030,2026-08-01 09:21:53.819,2026-07-16 14:43:52.749,2,2,w4dMr03254,com.sec.android.app.shealth,95fd1822-c2c5-41dd-9b84-02507e82e2f6,2026-07-16 00:00:00.000,
70050090,e2add8a3-74f9-47b4-9318-2d885fc077d3.binning_data.json,70060030,2026-08-01 09:21:53.730,2026-07-20 13:52:03.973,2,2,w4dMr03254,com.sec.android.app.shealth,e2add8a3-74f9-47b4-9318-2d885fc077d3,2026-07-20 00:00:00.000,
70050090,d241ed85-199c-4bd9-91f9-c9727cabb46a.binning_data.json,70060030,2026-08-01 09:21:53.897,2026-07-21 03:51:22.722,1,2,w4dMr03254,com.sec.android.app.shealth,d241ed85-199c-4bd9-91f9-c9727cabb46a,2026-07-21 00:00:00.000,
70050090,5eee8442-03c5-4259-8039-9dbdbf7f51be.binning_data.json,70060030,2026-08-01 09:21:53.708,2026-07-22 14:38:13.595,2,2,w4dMr03254,com.sec.android.app.shealth,5eee8442-03c5-4259-8039-9dbdbf7f51be,2026-07-22 00:00:00.000,
70050090,c08f3708-d043-451d-b492-4bbce9406ad5.binning_data.json,70060030,2026-08-01 09:21:53.913,2026-07-26 03:38:18.106,2,2,w4dMr03254,com.sec.android.app.shealth,c08f3708-d043-451d-b492-4bbce9406ad5,2026-07-26 00:00:00.000,
70050090,438e5484-be74-4deb-97e8-4039e83fe94c.binning_data.json,70060030,2026-08-01 09:21:53.789,2026-07-28 15:41:28.277,2,2,w4dMr03254,com.sec.android.app.shealth,438e5484-be74-4deb-97e8-4039e83fe94c,2026-07-28 00:00:00.000,
70060030,30eeab3a-5be2-4254-b3a5-4d3da06a16d1.binning_data.json,70060030,2026-08-02 02:30:34.673,2026-08-01 09:21:53.568,1,2,w4dMr03254,com.sec.android.app.shealth,30eeab3a-5be2-4254-b3a5-4d3da06a16d1,2026-08-01 00:00:00.000,
