com.samsung.shealth.exercise,7006003,17
live_data_internal,mission_value,race_target,subset_data,start_longitude,routine_datauuid,total_calorie,completion_status,pace_info_id,activity_type,pace_live_data,sensing_status,source_type,mission_type,ftp,tracking_status,program_id,title,reward_status,heart_rate_sample_count,start_latitude,mission_extra_value,program_schedule_id,heart_rate_deviceuuid,location_data_internal,custom_id,additional_internal,com.samsung.health.exercise.duration,com.samsung.health.exercise.additional,com.samsung.health.exercise.create_sh_ver,com.samsung.health.exercise.mean_caloricburn_rate,com.samsung.health.exercise.location_data,com.samsung.health.exercise.start_time,com.samsung.health.exercise.exercise_type,com.samsung.health.exercise.custom,com.samsung.health.exercise.max_altitude,com.samsung.health.exercise.incline_distance,com.samsung.health.exercise.mean_heart_rate,com.samsung.health.exercise.count_type,com.samsung.health.exercise.mean_rpm,com.samsung.health.exercise.min_altitude,com.samsung.health.exercise.modify_sh_ver,com.samsung.health.exercise.max_heart_rate,com.samsung.health.exercise.update_time,com.samsung.health.exercise.create_time,com.samsung.health.exercise.client_data_id,com.samsung.health.exercise.max_power,com.samsung.health.exercise.max_speed,com.samsung.health.exercise.mean_cadence,com.samsung.health.exercise.min_heart_rate,com.samsung.health.exercise.client_data_ver,com.samsung.health.exercise.count,com.samsung.health.exercise.distance,com.samsung.health.exercise.max_caloricburn_rate,com.samsung.health.exercise.calorie,com.samsung.health.exercise.max_cadence,com.samsung.health.exercise.decline_distance,com.samsung.health.exercise.vo2_max,com.samsung.health.exercise.time_offset,com.samsung.health.exercise.deviceuuid,com.samsung.health.exercise.max_rpm,com.samsung.health.exercise.comment,com.samsung.health.exercise.live_data,com.samsung.health.exercise.mean_power,com.samsung.health.exercise.mean_speed,com.samsung.health.exercise.pkg_name,com.samsung.health.exercise.altitude_gain,com.samsung.health.exercise.altitude_loss,com.samsung.health.exercise.exercise_custom_type,com.samsung.health.exercise.auxiliary_devices,com.samsung.health.exercise.end_time,com.samsung.health.exercise.datauuid,com.samsung.health.exercise.sweat_loss
,0,,,,,57.19,0,,,,,4,0,,,,,0,0,,0.0,,,,,,1105550,,,,505e2649-d3b3-de18-6a9d-10ad4c6839f7.com.samsung.health.exercise.location_data.json,2019-10-07 15:02:16.380,1001,,,,0.0,,,,,0.0,2019-10-07 15:21:43.246,2019-10-07 15:21:43.246,,,1.5,0.0,0.0,,,1258.14,,57.19,0.0,,,UTC+0530,S7Wp0spWno,,,505e2649-d3b3-de18-6a9d-10ad4c6839f7.com.samsung.health.exercise.live_data.json,,1.401275,com.sec.android.app.shealth,,,,,2019-10-07 15:20:41.930,505e2649-d3b3-de18-6a9d-10ad4c6839f7,,
,0,,,,,91.0,0,,,,,4,0,,,,,0,0,,0.0,,,,,,600000,,,,94183e1d-c70b-fc3b-5536-31ec81ee17eb.com.samsung.health.exercise.location_data.json,2019-11-03 06:42:49.287,11007,,,,0.0,,,,,0.0,2019-11-03 06:53:13.148,2019-11-03 06:53:13.148,,,,0.0,0.0,,,,,91.0,0.0,,,UTC+0530,S7Wp0spWno,,,94183e1d-c70b-fc3b-5536-31ec81ee17eb.com.samsung.health.exercise.live_data.json,,,com.sec.android.app.shealth,,,,,2019-11-03 06:52:49.287,94183e1d-c70b-fc3b-5536-31ec81ee17eb,,
,0,,,,,91.0,0,,,,,4,0,,,,,0,0,,0.0,,,,,,600000,,,,ba662ea8-36b3-cf06-88b6-741d1aa0cd00.com.samsung.health.exercise.location_data.json,2019-11-11 05:44:56.284,11007,,,,0.0,,,,,0.0,2019-11-11 05:55:04.454,2019-11-11 05:55:04.454,,,,0.0,0.0,,,,,91.0,0.0,,,UTC+0530,S7Wp0spWno,,,ba662ea8-36b3-cf06-88b6-741d1aa0cd00.com.samsung.health.exercise.live_data.json,,,com.sec.android.app.shealth,,,,,2019-11-11 05:54:56.284,ba662ea8-36b3-cf06-88b6-741d1aa0cd00,,
,0,,,,,61.0,0,,,,,4,0,,,,,0,,,0.0,,,,,,1166220,,,,29150fb6-4760-c4b9-35c5-535779bf0a95.com.samsung.health.exercise.location_data.json,2020-02-11 03:10:54.480,1001,,,,,30001,,,,,2020-02-11 03:31:22.182,2020-02-11 03:31:22.182,,,1.7245765,,,,1698,1331.265,,61.0,,,,UTC+0530,S7Wp0spWno,,,29150fb6-4760-c4b9-35c5-535779bf0a95.com.samsung.health.exercise.live_data.json,,1.5157989,com.sec.android.app.shealth,,,,,2020-02-11 03:30:20.700,29150fb6-4760-c4b9-35c5-535779bf0a95,,
,0,,,,,63.0,0,,,,,4,0,,,,,0,,,0.0,,,,,,1471700,,,,34033498-b15e-36f6-c5b5-e46c9b713196.com.samsung.health.exercise.location_data.json,2020-02-10 02:56:27.220,1001,,,,,30001,,,,,2020-02-10 03:22:00.781,2020-02-10 03:22:00.781,,,1.8106778,,,,1689,1304.93,,63.0,,,,UTC+0530,S7Wp0spWno,,,34033498-b15e-36f6-c5b5-e46c9b713196.com.samsung.health.exercise.live_data.json,,1.3900281,com.sec.android.app.shealth,,,,,2020-02-10 03:20:58.920,34033498-b15e-36f6-c5b5-e46c9b713196,,
,0,,,,,98.58,0,,,,,4,0,,,,,0,,,0.0,,,,,,600000,,,,1b2905fe-3b3c-5332-4f61-1476ee088131.com.samsung.health.exercise.location_data.json,2020-02-05 04:01:45.291,11007,,,,,,,,,,2020-02-05 04:13:38.301,2020-02-05 04:13:38.301,,,,,,,,,,98.58,,,,UTC+0530,S7Wp0spWno,,,1b2905fe-3b3c-5332-4f61-1476ee088131.com.samsung.health.exercise.live_data.json,,,com.sec.android.app.shealth,,,,,2020-02-05 04:11:45.291,1b2905fe-3b3c-5332-4f61-1476ee088131,,
,0,,,,,40.0,0,,,,,4,0,,,,,0,,,0.0,,,,,,814720,,,,e299d74b-c1dd-74ee-66ea-21c950c27d74.com.samsung.health.exercise.location_data.json,2020-02-04 04:00:23.380,1001,,,,,30001,,,,,2020-02-04 04:14:59.291,2020-02-04 04:14:59.291,,,1.75,,,,1146,897.685,,40.0,,,,UTC+0530,S7Wp0spWno,,,e299d74b-c1dd-74ee-66ea-21c950c27d74.com.samsung.health.exercise.live_data.json,,1.5593171,com.sec.android.app.shealth,,,,,2020-02-04 04:13:58.100,e299d74b-c1dd-74ee-66ea-21c950c27d74,,
,0,,,,,85.0,0,,,,,4,0,,,,,0,,,0.0,,,,,,1438320,,,,8c4353d9-7067-b764-efff-f5209190c20a.com.samsung.health.exercise.location_data.json,2020-02-08 04:31:59.160,1001,,,,,30001,,,,,2020-02-08 04:57:00.523,2020-02-08 04:57:00.523,,,1.8611112,,,,2654,2107.935,,85.0,,,,UTC+0530,S7Wp0spWno,,,8c4353d9-7067-b764-efff-f5209190c20a.com.samsung.health.exercise.live_data.json,,1.6823097,com.sec.android.app.shealth,,,,,2020-02-08 04:55:57.480,8c4353d9-7067-b764-efff-f5209190c20a,,
,0,,,,,110.0,0,,,,,4,0,,,,,0,,,0.0,,,,,,2085400,,,,8d273d90-9b0f-fa18-cc43-54548c9f991b.com.samsung.health.exercise.location_data.json,2020-02-11 01:46:45.300,1001,,,,,30001,,,,,2020-02-11 02:22:33.308,2020-02-11 02:22:33.308,,,1.8333334,,,,2892,2272.712,,110.0,,,,UTC+0530,S7Wp0spWno,,,8d273d90-9b0f-fa18-cc43-54548c9f991b.com.samsung.health.exercise.live_data.json,,1.5648432,com.sec.android.app.shealth,,,,,2020-02-11 02:21:30.700,8d273d90-9b0f-fa18-cc43-54548c9f991b,,
,0,,,,,134.0,0,,,,,4,0,,,,,0,,,0.0,,,,,,2736410,,,,ee771b95-218d-aab9-ff19-49f5cf64bfb1.com.samsung.health.exercise.location_data.json,2020-02-08 03:23:57.490,1001,,,,,30001,,,,,2020-02-08 04:10:34.707,2020-02-08 04:10:34.707,,,2.9166667,,,,3267,2599.388,,134.0,,,,UTC+0530,S7Wp0spWno,,,ee771b95-218d-aab9-ff19-49f5cf64bfb1.com.samsung.health.exercise.live_data.json,,1.4945866,com.sec.android.app.shealth,,,,,2020-02-08 04:09:33.900,ee771b95-218d-aab9-ff19-49f5cf64bfb1,,
,0,,,,,127.0,0,,,,,4,0,,,,,0,,,0.0,,,,,,1991890,,,,5fb2c387-f1be-1e16-9042-e337dd892022.com.samsung.health.exercise.location_data.json,2020-02-05 03:05:14.450,1001,,,,,30001,,,,,2020-02-05 03:39:29.617,2020-02-05 03:39:29.617,,,2.2233593,,,,3419,2782.414,,127.0,,,,UTC+0530,S7Wp0spWno,,,5fb2c387-f1be-1e16-9042-e337dd892022.com.samsung.health.exercise.live_data.json,,1.7602524,com.sec.android.app.shealth,,,,,2020-02-05 03:38:26.340,5fb2c387-f1be-1e16-9042-e337dd892022,,
,0,,,,,77.0,0,,,,,4,0,,,,,0,,,0.0,,,,,,1340570,,,,345b2751-c072-5123-7b49-71fd27c78d1b.com.samsung.health.exercise.location_data.json,2020-02-10 04:04:30.130,1001,,,,,30001,,,,,2020-02-10 04:27:53.478,2020-02-10 04:27:53.478,,,1.6445405,,,,2293,1791.166,,77.0,,,,UTC+0530,S7Wp0spWno,,,345b2751-c072-5123-7b49-71fd27c78d1b.com.samsung.health.exercise.live_data.json,,1.5436349,com.sec.android.app.shealth,,,,,2020-02-10 04:26:50.700,345b2751-c072-5123-7b49-71fd27c78d1b,,
,0,,,,,129.0,0,,,,,4,0,,,,,0,,,0.0,,,,,,1971120,,,,5dacd294-77b9-f5ae-e8ce-426383cd5450.com.samsung.health.exercise.location_data.json,2020-01-13 04:09:33.540,1001,,,,,30001,,,,,2020-01-13 04:43:25.765,2020-01-13 04:43:25.765,,,3.0038798,,,,3007,2476.021,,129.0,,,,UTC+0530,S7Wp0spWno,,,5dacd294-77b9-f5ae-e8ce-426383cd5450.com.samsung.health.exercise.live_data.json,,1.6908454,com.sec.android.app.shealth,,,,,2020-01-13 04:42:24.660,5dacd294-77b9-f5ae-e8ce-426383cd5450,,
,0,,,,,85.0,0,,,,,4,0,,,,,0,,,0.0,,,,,,1745240,,,,ef3607db-2d33-ffba-9101-fbabf2a6c98b.com.samsung.health.exercise.location_data.json,2020-01-22 03:26:00.020,1001,,,,,30001,,,,,2020-01-22 03:56:08.108,2020-01-22 03:56:08.108,,,2.3053021,,,,2280,1816.504,,85.0,,,,UTC+0530,S7Wp0spWno,,,ef3607db-2d33-ffba-9101-fbabf2a6c98b.com.samsung.health.exercise.live_data.json,,1.7132784,com.sec.android.app.shealth,,,,,2020-01-22 03:55:05.260,ef3607db-2d33-ffba-9101-fbabf2a6c98b,,
,0,,,,,97.0,0,,,,,4,0,,,,,0,,,0.0,,,,,,1421420,,,,db555742-b174-edff-40e9-0685d3f148a6.com.samsung.health.exercise.location_data.json,2020-01-31 03:20:08.840,1001,,,,,30001,,,,,2020-01-31 03:45:25.791,2020-01-31 03:45:25.791,,,2.8611112,,,,2533,2071.81,,97.0,,,,UTC+0530,S7Wp0spWno,,,db555742-b174-edff-40e9-0685d3f148a6.com.samsung.health.exercise.live_data.json,,1.7702065,com.sec.android.app.shealth,,,,,2020-01-31 03:43:50.260,db555742-b174-edff-40e9-0685d3f148a6,,
,0,,,,,95.55,0,,,,,4,0,,,,,0,,,0.0,,,,,,600000,,,,0c3e17c6-a5ca-5be9-b064-99957ce27712.com.samsung.health.exercise.location_data.json,2020-01-15 04:16:41.047,11007,,,,,,,,,,2020-01-15 04:28:07.259,2020-01-15 04:28:07.259,,,,,,,,,,95.55,,,,UTC+0530,S7Wp0spWno,,,0c3e17c6-a5ca-5be9-b064-99957ce27712.com.samsung.health.exercise.live_data.json,,,com.sec.android.app.shealth,,,,,2020-01-15 04:26:41.047,0c3e17c6-a5ca-5be9-b064-99957ce27712,,
,0,,,,,82.0,0,,,,,4,0,,,,,0,,,0.0,,,,,,1386900,,,,ee60d6c7-41d1-c216-eba2-d853a231c51c.com.samsung.health.exercise.location_data.json,2020-01-30 02:30:20.140,1001,,,,,30001,,,,,2020-01-30 02:55:03.815,2020-01-30 02:55:03.815,,,1.7777778,,,,2393,1887.49,,82.0,,,,UTC+0530,S7Wp0spWno,,,ee60d6c7-41d1-c216-eba2-d853a231c51c.com.samsung.health.exercise.live_data.json,,1.6104879,com.sec.android.app.shealth,,,,,2020-01-30 02:53:27.040,ee60d6c7-41d1-c216-eba2-d853a231c51c,,
,0,,,,,165.0,0,,,,,4,0,,,,,0,,,0.0,,,,,,2450700,,,,533883eb-9048-dc7a-242a-180b257230eb.com.samsung.health.exercise.location_data.json,2020-01-18 03:18:05.540,1001,,,,,30001,,,,,2020-01-18 03:59:59.578,2020-01-18 03:59:59.578,,,2.5234025,,,,4596,3694.565,,165.0,,,,UTC+0530,S7Wp0spWno,,,533883eb-9048-dc7a-242a-180b257230eb.com.samsung.health.exercise.live_data.json,,1.7135513,com.sec.android.app.shealth,,,,,2020-01-18 03:58:56.240,533883eb-9048-dc7a-242a-180b257230eb,,
,0,,,,,43.0,0,,,,,4,0,,,,,0,,,0.0,,,,,,792280,,,,18dbde8a-ab54-486b-2046-7d662756d261.com.samsung.health.exercise.location_data.json,2020-01-14 02:45:57.300,1001,,,,,30001,,,,,2020-01-14 03:00:15.616,2020-01-14 03:00:15.616,,,1.7108333,,,,1262,994.74,,43.0,,,,UTC+0530,S7Wp0spWno,,,18dbde8a-ab54-486b-2046-7d662756d261.com.samsung.health.exercise.live_data.json,,1.5554317,com.sec.android.app.shealth,,,,,2020-01-14 02:59:09.580,18dbde8a-ab54-486b-2046-7d662756d261,,
,0,,,,,80.0,0,,,,,4,0,,,,,0,,,0.0,,,,,,1620300,,,,b02dab43-34d4-f1e0-ed0c-d4eee742243d.com.samsung.health.exercise.location_data.json,2020-01-21 03:33:52.340,1001,,,,,30001,,,,,2020-01-21 04:01:58.537,2020-01-21 04:01:58.537,,,1.6480471,,,,2182,1699.031,,80.0,,,,UTC+0530,S7Wp0spWno,,,b02dab43-34d4-f1e0-ed0c-d4eee742243d.com.samsung.health.exercise.live_data.json,,1.4499571,com.sec.android.app.shealth,,,,,2020-01-21 04:00:52.640,b02dab43-34d4-f1e0-ed0c-d4eee742243d,,
,0,,,,,64.0,0,,,,,4,0,,,,,0,,,0.0,,,,,,1424540,,,,9783dc4f-4902-1bc7-0e54-22b5732e9c15.com.samsung.health.exercise.location_data.json,2020-01-29 03:51:06.860,1001,,,,,30001,,,,,2020-01-29 04:15:54.469,2020-01-29 04:15:54.469,,,2.279876,,,,1726,1365.191,,64.0,,,,UTC+0530,S7Wp0spWno,,,9783dc4f-4902-1bc7-0e54-22b5732e9c15.com.samsung.health.exercise.live_data.json,,1.626952,com.sec.android.app.shealth,,,,,2020-01-29 04:14:51.400,9783dc4f-4902-1bc7-0e54-22b5732e9c15,,
,0,,,,,51.0,0,,,,,4,0,,,,,0,,,0.0,,,,,,944020,,,,0940e41a-deb0-5146-9c3c-cec6fcb124b5.com.samsung.health.exercise.location_data.json,2020-02-01 05:01:21.880,1001,,,,,30001,,,,,2020-02-01 05:18:08.550,2020-02-01 05:18:08.550,,,1.9331319,,,,1487,1197.31,,51.0,,,,UTC+0530,S7Wp0spWno,,,0940e41a-deb0-5146-9c3c-cec6fcb124b5.com.samsung.health.exercise.live_data.json,,1.6809415,com.sec.android.app.shealth,,,,,2020-02-01 05:17:05.900,0940e41a-deb0-5146-9c3c-cec6fcb124b5,,
,0,,,,,126.0,0,,,,,4,0,,,,,0,,,0.0,,,,,,2115420,,,,b2ef2870-df2a-f678-9f3f-9cffeacf71a8.com.samsung.health.exercise.location_data.json,2020-01-15 03:17:39.580,1001,,,,,30001,,,,,2020-01-15 03:54:05.701,2020-01-15 03:54:05.701,,,2.4722223,,,,3438,2738.128,,126.0,,,,UTC+0530,S7Wp0spWno,,,b2ef2870-df2a-f678-9f3f-9cffeacf71a8.com.samsung.health.exercise.live_data.json,,1.6304256,com.sec.android.app.shealth,,,,,2020-01-15 03:52:55.000,b2ef2870-df2a-f678-9f3f-9cffeacf71a8,,
,0,,,,,78.0,0,,,,,4,0,,,,,0,,,0.0,,,,,,1219800,,,,eddd0fd0-2960-7e97-9e95-6f507760dc09.com.samsung.health.exercise.location_data.json,2020-01-17 03:06:09.310,1001,,,,,30001,,,,,2020-01-17 03:27:54.567,2020-01-17 03:27:54.567,,,2.8611112,,,,2446,2011.79,,78.0,,,,UTC+0530,S7Wp0spWno,,,eddd0fd0-2960-7e97-9e95-6f507760dc09.com.samsung.health.exercise.live_data.json,,1.8174496,com.sec.android.app.shealth,,,,,2020-01-17 03:26:29.110,eddd0fd0-2960-7e97-9e95-6f507760dc09,,
,0,,,,,101.61,0,,,,,4,0,,,,,0,,,0.0,,,,,,608160,,,,98a96788-e1c4-4ba4-08f0-23bfe79ba76f.com.samsung.health.exercise.location_data.json,2020-01-30 03:19:15.106,11007,,,,,,,,,,2020-01-30 03:31:33.302,2020-01-30 03:31:33.302,,,,,,,,,,101.61,,,,UTC+0530,S7Wp0spWno,,,98a96788-e1c4-4ba4-08f0-23bfe79ba76f.com.samsung.health.exercise.live_data.json,,,com.sec.android.app.shealth,,,,,2020-01-30 03:29:23.266,98a96788-e1c4-4ba4-08f0-23bfe79ba76f,,
,0,,,,,110.0,0,,,,,4,0,,,,,0,,,0.0,,,,,,1905240,,,,9a460f9f-9775-9b44-d196-2cc2b0737d48.com.samsung.health.exercise.location_data.json,2020-01-16 03:14:40.620,1001,,,,,30001,,,,,2020-01-16 03:47:26.501,2020-01-16 03:47:26.501,,,1.8220876,,,,3039,2412.27,,110.0,,,,UTC+0530,S7Wp0spWno,,,9a460f9f-9775-9b44-d196-2cc2b0737d48.com.samsung.health.exercise.live_data.json,,1.6181828,com.sec.android.app.shealth,,,,,2020-01-16 03:46:25.860,9a460f9f-9775-9b44-d196-2cc2b0737d48,,
,0,,,,,136.5,0,,,,,4,0,,,,,0,,,0.0,,,,,,838560,,,,d0e62b00-49b7-ee4d-08dc-40cfb7a7293c.com.samsung.health.exercise.location_data.json,2020-01-24 03:43:16.496,11007,,,,,,,,,,2020-01-24 03:59:27.938,2020-01-24 03:59:27.938,,,,,,,,,,136.5,,,,UTC+0530,S7Wp0spWno,,,d0e62b00-49b7-ee4d-08dc-40cfb7a7293c.com.samsung.health.exercise.live_data.json,,,com.sec.android.app.shealth,,,,,2020-01-24 03:57:15.056,d0e62b00-49b7-ee4d-08dc-40cfb7a7293c,,
,0,,,,,64.0,0,,,,,4,0,,,,,0,,,0.0,,,,,,1240260,,,,c8fe9777-a5f4-dfd4-6c20-6dbbb47f3e34.com.samsung.health.exercise.location_data.json,2020-01-28 03:35:51.140,1001,,,,,30001,,,,,2020-01-28 03:57:34.360,2020-01-28 03:57:34.360,,,2.3333333,,,,1641,1290.357,,64.0,,,,UTC+0530,S7Wp0spWno,,,c8fe9777-a5f4-dfd4-6c20-6dbbb47f3e34.com.samsung.health.exercise.live_data.json,,1.5786629,com.sec.android.app.shealth,,,,,2020-01-28 03:56:31.400,c8fe9777-a5f4-dfd4-6c20-6dbbb47f3e34,,
,0,,,,,60.0,0,,,,,4,0,,,,,0,,,0.0,,,,,,951600,,,,a7a52be8-cfb1-5c5f-c9f5-fb9b266615ce.com.samsung.health.exercise.location_data.json,2020-01-28 02:10:06.700,1001,,,,,30001,,,,,2020-01-28 02:27:17.955,2020-01-28 02:27:17.955,,,2.7222223,,,,1783,1471.83,,60.0,,,,UTC+0530,S7Wp0spWno,,,a7a52be8-cfb1-5c5f-c9f5-fb9b266615ce.com.samsung.health.exercise.live_data.json,,1.7854998,com.sec.android.app.shealth,,,,,2020-01-28 02:25:58.300,a7a52be8-cfb1-5c5f-c9f5-fb9b266615ce,,
,0,,,,,39.0,0,,,,,4,0,,,,,0,,,0.0,,,,,,769630,,,,59ba2614-710e-a83c-6d72-6f22dc4f3f3c.com.samsung.health.exercise.location_data.json,2020-01-29 02:37:51.180,1001,,,,,30001,,,,,2020-01-29 02:51:58.589,2020-01-29 02:51:58.589,,,2.5555556,,,,1139,939.95,,39.0,,,,UTC+0530,S7Wp0spWno,,,59ba2614-710e-a83c-6d72-6f22dc4f3f3c.com.samsung.health.exercise.live_data.json,,1.7730284,com.sec.android.app.shealth,,,,,2020-01-29 02:50:40.810,59ba2614-710e-a83c-6d72-6f22dc4f3f3c,,
,0,,,,,55.0,0,,,,,4,0,,,,,0,,,0.0,,,,,,938470,,,,53973a95-9e7b-9ed5-ca46-20d09468a0cf.com.samsung.health.exercise.location_data.json,2020-01-23 02:36:18.920,1001,,,,,30001,,,,,2020-01-23 02:53:03.665,2020-01-23 02:53:03.665,,,2.0555556,,,,1493,1218.37,,55.0,,,,UTC+0530,S7Wp0spWno,,,53973a95-9e7b-9ed5-ca46-20d09468a0cf.com.samsung.health.exercise.live_data.json,,1.724476,com.sec.android.app.shealth,,,,,2020-01-23 02:51:57.390,53973a95-9e7b-9ed5-ca46-20d09468a0cf,,
,0,,,,,84.0,0,,,,,4,0,,,,,0,,,0.0,,,,,,1721560,,,,17901a6c-ecb5-830c-82c7-1a3b32e191a8.com.samsung.health.exercise.location_data.json,2020-01-24 03:15:12.300,1001,,,,,30001,,,,,2020-01-24 03:45:01.741,2020-01-24 03:45:01.741,,,1.8333334,,,,2315,1818.863,,84.0,,,,UTC+0530,S7Wp0spWno,,,17901a6c-ecb5-830c-82c7-1a3b32e191a8.com.samsung.health.exercise.live_data.json,,1.5817609,com.sec.android.app.shealth,,,,,2020-01-24 03:43:53.860,17901a6c-ecb5-830c-82c7-1a3b32e191a8,,
,0,,,,,51.0,0,,,,,4,0,,,,,0,,,0.0,,,,,,870160,,,,d700712b-894c-7e64-a0de-bd3843796660.com.samsung.health.exercise.location_data.json,2020-01-25 04:25:03.840,1001,,,,,30001,,,,,2020-01-25 04:40:41.631,2020-01-25 04:40:41.631,,,2.6666667,,,,1346,1101.58,,51.0,,,,UTC+0530,S7Wp0spWno,,,d700712b-894c-7e64-a0de-bd3843796660.com.samsung.health.exercise.live_data.json,,1.7574074,com.sec.android.app.shealth,,,,,2020-01-25 04:39:34.000,d700712b-894c-7e64-a0de-bd3843796660,,
ef32e04a-08a9-51ab-245e-95e08c484487.live_data_internal.json,0,,,,,88.06205,0,,,,,1,0,,,,,1,584,,0.0,,,,,,608254,,,,,2021-04-01 04:19:02.570,15005,,,0.0,127.0,30001,,,,133.0,2021-04-02 05:43:46.269,2021-04-01 04:29:13.568,,,1.733,120.44311,101.0,,1221,962.992,,88.01,133.685,0.0,,UTC+0530,S7Wp0spWno,,,ef32e04a-08a9-51ab-245e-95e08c484487.com.samsung.health.exercise.live_data.json,,1.583207,com.sec.android.app.shealth,,,,,2021-04-01 04:29:13.290,ef32e04a-08a9-51ab-245e-95e08c484487,,
,0,,,,,66.0,0,,,,,4,0,,,,,0,,,0.0,,,,,,766560,,,,,2021-03-31 04:10:39.640,1001,,,,,30001,,,,,2021-03-31 04:24:29.375,2021-03-31 04:24:29.375,,,1.8067552,,,,1310,1038.83,,66.0,,,,UTC+0530,S7Wp0spWno,,,4540f872-e8ca-6841-b435-3128c6603bb3.com.samsung.health.exercise.live_data.json,,1.6169302,com.sec.android.app.shealth,,,,,2021-03-31 04:23:26.200,4540f872-e8ca-6841-b435-3128c6603bb3,,
,0,,,,,72.0,0,,,,,4,0,,,,,0,,,0.0,,,,,,1096140,,,,d3f867b4-5d8e-a17b-a742-a9ef227c2aec.com.samsung.health.exercise.location_data.json,2021-03-08 03:19:21.960,1001,,,,,30001,,,,,2021-03-08 03:38:43.108,2021-03-08 03:38:43.108,,,1.9725479,,,,1558,1246.691,,72.0,,,,UTC+0530,S7Wp0spWno,,,d3f867b4-5d8e-a17b-a742-a9ef227c2aec.com.samsung.health.exercise.live_data.json,,1.5922812,com.sec.android.app.shealth,,,,,2021-03-08 03:37:38.100,d3f867b4-5d8e-a17b-a742-a9ef227c2aec,,
,0,,,,,61.0,0,,,,,4,0,,,,,0,,,0.0,,,,,,950960,,,,3e658527-25ae-1b42-ad5d-a9ea7bc027e9.com.samsung.health.exercise.location_data.json,2021-03-18 04:15:22.400,1001,,,,,30001,,,,,2021-03-18 04:32:16.739,2021-03-18 04:32:16.739,,,1.5441667,,,,1338,1035.728,,61.0,,,,UTC+0530,S7Wp0spWno,,,3e658527-25ae-1b42-ad5d-a9ea7bc027e9.com.samsung.health.exercise.live_data.json,,1.4350157,com.sec.android.app.shealth,,,,,2021-03-18 04:31:13.360,3e658527-25ae-1b42-ad5d-a9ea7bc027e9,,
e039bac9-3ff2-3bca-51df-d6b161e98e22.live_data_internal.json,0,,,,,416.54092,0,,,,,1,0,,,,,1,2608,,0.0,,,,,,2701849,,,,e039bac9-3ff2-3bca-51df-d6b161e98e22.com.samsung.health.exercise.location_data.json,2021-03-05 03:54:27.460,15005,,,,132.0,30001,,,,143.0,2021-04-02 05:43:43.091,2021-03-05 04:39:38.965,,,3.258,108.05933,119.0,,4866,3894.328,,416.375,165.658,,,UTC+0530,S7Wp0spWno,,,e039bac9-3ff2-3bca-51df-d6b161e98e22.com.samsung.health.exercise.live_data.json,,1.4413567,com.sec.android.app.shealth,,,,,2021-03-05 04:39:37.170,e039bac9-3ff2-3bca-51df-d6b161e98e22,,
,0,,,,,56.0,0,,,,,4,0,,,,,0,,,0.0,,,,,,667020,,,,,2021-03-27 04:24:07.660,1001,,,,,30001,,,,,2021-03-27 04:36:16.499,2021-03-27 04:36:16.499,,,1.6148334,,,,1161,903.191,,56.0,,,,UTC+0530,S7Wp0spWno,,,39abe1f4-a683-df4d-6402-b83d0f47b8ec.com.samsung.health.exercise.live_data.json,,1.5243995,com.sec.android.app.shealth,,,,,2021-03-27 04:35:14.680,39abe1f4-a683-df4d-6402-b83d0f47b8ec,,
1ab55134-623a-1850-fef0-e7efa5499b58.live_data_internal.json,0,,,,,315.18484,0,,,,,1,0,,,,,1,2238,,0.0,,,,,,2404709,,,,1ab55134-623a-1850-fef0-e7efa5499b58.com.samsung.health.exercise.location_data.json,2021-03-19 03:53:34.070,15005,,,,121.0,30001,,,,139.0,2021-04-02 05:43:45.129,2021-03-19 04:34:02.632,,,1.931,111.25666,86.0,,4459,3529.781,,314.925,139.748,,,UTC+0530,S7Wp0spWno,,,1ab55134-623a-1850-fef0-e7efa5499b58.com.samsung.health.exercise.live_data.json,,1.4678614,com.sec.android.app.shealth,,,,,2021-03-19 04:33:51.090,1ab55134-623a-1850-fef0-e7efa5499b58,,
,0,,,,,59.0,0,,,,,4,0,,,,,0,,,0.0,,,,,,927980,,,,84f0cbc3-dceb-d448-a887-73de173931d1.com.samsung.health.exercise.location_data.json,2021-03-09 03:18:23.560,1001,,,,,30001,,,,,2021-03-09 03:34:55.167,2021-03-09 03:34:55.167,,,1.8136785,,,,1357,1079.875,,59.0,,,,UTC+0530,S7Wp0spWno,,,84f0cbc3-dceb-d448-a887-73de173931d1.com.samsung.health.exercise.live_data.json,,1.5722204,com.sec.android.app.shealth,,,,,2021-03-09 03:33:51.540,84f0cbc3-dceb-d448-a887-73de173931d1,,
,0,,,,,67.0,0,,,,,4,0,,,,,0,,,0.0,,,,,,1114500,,,,9f188f7c-d85d-d5ce-9273-fd6cbc90ff8f.com.samsung.health.exercise.location_data.json,2021-03-04 03:29:22.720,1001,,,,,30001,,,,,2021-03-04 03:49:02.128,2021-03-04 03:49:02.128,,,1.8072175,,,,1384,1095.621,,67.0,,,,UTC+0530,S7Wp0spWno,,,9f188f7c-d85d-d5ce-9273-fd6cbc90ff8f.com.samsung.health.exercise.live_data.json,,1.4895288,com.sec.android.app.shealth,,,,,2021-03-04 03:47:57.220,9f188f7c-d85d-d5ce-9273-fd6cbc90ff8f,,
1f73bf3e-59ec-a9e0-bf46-a5934db02804.live_data_internal.json,0,,,,,95.22555,0,,,,,1,0,,,,,1,571,,0.0,,,,,,600900,,,,,2021-03-30 04:21:17.310,15005,,,0.0,136.0,30001,,,,149.0,2021-04-02 05:43:45.858,2021-03-30 04:31:20.143,,,1.873,111.83225,104.0,,1120,892.376,,95.177,136.712,0.0,,UTC+0530,S7Wp0spWno,,,1f73bf3e-59ec-a9e0-bf46-a5934db02804.com.samsung.health.exercise.live_data.json,,1.4850657,com.sec.android.app.shealth,,,,,2021-03-30 04:31:20.510,1f73bf3e-59ec-a9e0-bf46-a5934db02804,,
fe7984a5-47d0-3c66-cd82-ce093477b660.live_data_internal.json,0,,,,,161.50969,0,,,,,1,0,,,,,1,1111,,0.0,,,,,,1201846,,,,fe7984a5-47d0-3c66-cd82-ce093477b660.com.samsung.health.exercise.location_data.json,2021-03-16 04:04:50.320,15005,,,,122.0,30001,,,,132.0,2021-04-02 05:43:44.642,2021-03-16 04:25:16.432,,,1.747,109.681274,89.0,,2197,1723.324,,161.117,129.42,,,UTC+0530,S7Wp0spWno,,,fe7984a5-47d0-3c66-cd82-ce093477b660.com.samsung.health.exercise.live_data.json,,1.4338975,com.sec.android.app.shealth,,,,,2021-03-16 04:25:10.770,fe7984a5-47d0-3c66-cd82-ce093477b660,,
cdf7bfb2-3fc3-8716-eaff-21f13c3d5dc9.live_data_internal.json,0,,,,,450.3421,0,,,,,1,0,,,,,1,2758,,0.0,,,,,,2853680,,,,cdf7bfb2-3fc3-8716-eaff-21f13c3d5dc9.com.samsung.health.exercise.location_data.json,2021-03-12 04:22:17.700,15005,,,,131.0,30001,,,,154.0,2021-04-02 05:43:43.857,2021-03-12 05:22:03.943,,,3.163,96.59107,90.0,,4594,3675.972,,435.093,163.198,,,UTC+0530,S7Wp0spWno,,,cdf7bfb2-3fc3-8716-eaff-21f13c3d5dc9.com.samsung.health.exercise.live_data.json,,1.2881514,com.sec.android.app.shealth,,,,,2021-03-12 05:21:53.810,cdf7bfb2-3fc3-8716-eaff-21f13c3d5dc9,,
37309be4-1834-2026-96b1-4e747227893f.live_data_internal.json,0,,,,,252.58649,0,,,,,1,0,,,,,1,1676,,0.0,,,,,,1807330,,,,37309be4-1834-2026-96b1-4e747227893f.com.samsung.health.exercise.location_data.json,2021-03-24 03:55:35.110,15005,,,,125.0,30001,,,,150.0,2021-04-02 05:43:45.469,2021-03-24 04:26:18.571,,,2.014,114.002426,88.0,,3434,2731.328,,252.04,138.0,,,UTC+0530,S7Wp0spWno,,,37309be4-1834-2026-96b1-4e747227893f.com.samsung.health.exercise.live_data.json,,1.5112503,com.sec.android.app.shealth,,,,,2021-03-24 04:26:08.330,37309be4-1834-2026-96b1-4e747227893f,,
,0,,,,,51.0,0,,,,,4,0,,,,,0,,,0.0,,,,,,743640,,,,d6ccb771-21f1-0fbe-8666-564e5beeda85.com.samsung.health.exercise.location_data.json,2021-03-15 03:42:28.160,1001,,,,,30001,,,,,2021-03-15 03:55:57.496,2021-03-15 03:55:57.496,,,1.6666666,,,,1119,881.89,,51.0,,,,UTC+0530,S7Wp0spWno,,,d6ccb771-21f1-0fbe-8666-564e5beeda85.com.samsung.health.exercise.live_data.json,,1.547745,com.sec.android.app.shealth,,,,,2021-03-15 03:54:51.800,d6ccb771-21f1-0fbe-8666-564e5beeda85,,
,0,,,,,52.0,0,,,,,4,0,,,,,0,,,0.0,,,,,,824380,,,,18f72161-129f-bea1-6aa1-7c2d90449e79.com.samsung.health.exercise.location_data.json,2021-05-27 13:35:19.120,1001,,,,,30001,,,,,2021-05-27 13:50:05.843,2021-05-27 13:50:05.843,,,1.4186667,,,,1036,771.398,,52.0,,,,UTC+0530,S7Wp0spWno,,,18f72161-129f-bea1-6aa1-7c2d90449e79.com.samsung.health.exercise.live_data.json,,1.2782798,com.sec.android.app.shealth,,,,,2021-05-27 13:49:03.500,18f72161-129f-bea1-6aa1-7c2d90449e79,,
,,,,,,,1,,,,,4,0,,0,,,,,,,,,,,,886458,,,,,2021-06-13 14:14:29.000,1001,,,,,30001,,,,,2021-06-13 14:30:56.314,2021-06-13 14:30:56.314,,,1.6831248,,,,1607,1238.0148,,70.836044,,,,UTC+0530,e/aPUWpNiJ,,,40cae526-df9c-4ee1-99fd-64a2c9b5e600.com.samsung.health.exercise.live_data.json,,1.396586,com.sec.android.app.shealth,,,,,2021-06-13 14:29:15.000,40cae526-df9c-4ee1-99fd-64a2c9b5e600,,
fba81503-4854-1392-d459-9ec99ef88dd0.live_data_internal.json,0,,,,,513.4045,0,,,,,1,0,,,,,1,1906,,0.0,,,,,,3570950,,,,,2021-05-28 17:25:55.500,15003,,,,101.0,,,,,119.0,2021-06-13 07:08:31.601,2021-05-28 18:53:04.717,,,,,90.0,,,,,479.06,,,,UTC+0530,S7Wp0spWno,,,fba81503-4854-1392-d459-9ec99ef88dd0.com.samsung.health.exercise.live_data.json,,,com.sec.android.app.shealth,,,,,2021-05-28 18:53:05.210,fba81503-4854-1392-d459-9ec99ef88dd0,,
,0,,,,,213.0,0,,,,,4,0,,,,,0,,,0.0,,,,,,655220,,,,,2021-06-07 14:26:21.900,0,,,,,,,,,,2021-06-07 14:38:19.319,2021-06-07 14:38:19.319,,,,,,,,,,213.0,,,,UTC+0530,S7Wp0spWno,,,,,,com.sec.android.app.shealth,,,,,2021-06-07 14:37:17.120,ac71074a-20c1-1f04-b509-c4b312a1d99e,,
,0,,,,,100.0,0,,,,,4,0,,,,,0,,,0.0,,,,,,945960,,,,,2021-06-07 14:42:33.060,0,,,,,,,,,,2021-06-07 14:59:22.066,2021-06-07 14:59:22.066,,,,,,,,,,100.0,,,,UTC+0530,S7Wp0spWno,,,,,,com.sec.android.app.shealth,,,,,2021-06-07 14:58:19.020,71b687ed-4457-6117-bca6-5aa80bef80bd,,
,0,,,,,50.0,0,,,,,4,0,,,,,0,,,0.0,,,,,,644300,,,,,2021-06-10 04:18:28.780,1001,,,,,30001,,,,,2021-06-10 04:30:16.320,2021-06-10 04:30:16.320,,,1.6944444,,,,1079,854.659,,50.0,,,,UTC+0530,S7Wp0spWno,,,d395a58c-ee87-d3b6-3bc4-ea078aa848e1.com.samsung.health.exercise.live_data.json,,1.607639,com.sec.android.app.shealth,,,,,2021-06-10 04:29:13.080,d395a58c-ee87-d3b6-3bc4-ea078aa848e1,,
05673e8c-e0fd-497c-b3ef-4ac7a1738595.live_data_internal.json,0,,,,,473.86395,0,,,,,1,0,,,,,1,2968,,0.0,,,,,,3033699,,,,,2021-06-09 03:30:37.970,15005,,,0.0,133.0,30001,,,,155.0,2021-06-13 07:08:31.828,2021-06-09 04:21:14.936,,,3.099,114.86963,99.0,,5808,4652.542,,473.818,163.472,0.0,,UTC+0530,S7Wp0spWno,,,05673e8c-e0fd-497c-b3ef-4ac7a1738595.com.samsung.health.exercise.live_data.json,,1.5336196,com.sec.android.app.shealth,,,,,2021-06-09 04:21:13.890,05673e8c-e0fd-497c-b3ef-4ac7a1738595,,
aa709ee2-60a9-4be5-147f-0707f86cb556.live_data_internal.json,0,,,,,245.48514,0,,,,,1,0,,,,,1,1756,,0.0,,,,,,1804799,,,,,2021-06-21 04:05:09.170,15005,,,0.0,127.0,30001,,,,143.0,2021-06-21 04:42:43.667,2021-06-21 04:35:15.902,,,2.14,120.37906,101.0,,3621,2900.06,,245.447,145.857,0.0,,UTC+0530,S7Wp0spWno,,,aa709ee2-60a9-4be5-147f-0707f86cb556.com.samsung.health.exercise.live_data.json,,1.6068604,com.sec.android.app.shealth,,,,,2021-06-21 04:35:16.030,aa709ee2-60a9-4be5-147f-0707f86cb556,,
,0,,,,,106.0,0,,,,,4,0,,,,,0,,,0.0,,,,,,2235660,,,,,2021-06-20 14:00:15.080,1001,,,,,30001,,,,,2021-06-20 14:38:33.423,2021-06-20 14:38:33.423,,,1.7222222,,,,2462,1863.039,,106.0,,,,UTC+0530,S7Wp0spWno,,,211e15ef-07af-886e-fc05-f71eeb7e0f36.com.samsung.health.exercise.live_data.json,,1.3555024,com.sec.android.app.shealth,,,,,2021-06-20 14:37:30.740,211e15ef-07af-886e-fc05-f71eeb7e0f36,,
,0,,,,,75.0,0,,,,,4,0,,,,,0,,,0.0,,,,,,758980,,,,,2021-06-13 14:47:58.260,0,,,,,,,,,,2021-06-13 15:01:39.149,2021-06-13 15:01:39.149,,,,,,,,,,75.0,,,,UTC+0530,S7Wp0spWno,,,,,,com.sec.android.app.shealth,,,,,2021-06-13 15:00:37.240,eea683cf-1553-bf47-4b05-147095d62aaf,,
,0,,,,,82.0,0,,,,,4,0,,,,,0,,,0.0,,,,,,1114440,,,,d6a99773-684b-ca34-ca5e-3866105dd74f.com.samsung.health.exercise.location_data.json,2021-06-13 14:11:52.080,1001,,,,,30001,,,,,2021-06-13 14:31:30.140,2021-06-13 14:31:30.140,,,1.5833334,,,,1649,1268.22,,82.0,,,,UTC+0530,S7Wp0spWno,,,d6a99773-684b-ca34-ca5e-3866105dd74f.com.samsung.health.exercise.live_data.json,,1.4085702,com.sec.android.app.shealth,,,,,2021-06-13 14:30:26.520,d6a99773-684b-ca34-ca5e-3866105dd74f,,
78e52f85-8a73-381a-f5ab-4d31bb0d5bc1.live_data_internal.json,100101005,,,,,15.478766,0,,,,,1,4,,,,,1,156,,0.0,,,,,,178540,,,,,2021-06-14 03:25:10.290,1002,,,0.0,97.0,30001,,,,112.0,2021-06-14 04:28:18.412,2021-06-14 03:28:11.078,,,1.779,120.30917,89.0,,358,284.89,,15.421,134.045,0.0,,UTC+0530,S7Wp0spWno,,,78e52f85-8a73-381a-f5ab-4d31bb0d5bc1.com.samsung.health.exercise.live_data.json,,1.5956649,com.sec.android.app.shealth,,,,,2021-06-14 03:28:11.620,78e52f85-8a73-381a-f5ab-4d31bb0d5bc1,,
eeafced1-e249-e835-f24a-6059801ead0f.live_data_internal.json,100101005,,,,,68.6012,0,,,,,1,4,,,,,1,571,,0.0,,,,,,601709,,,,,2021-06-14 04:26:52.350,1002,,,0.0,111.0,30001,,,,128.0,2021-06-14 04:39:10.605,2021-06-14 04:37:07.444,,,3.125,119.55926,83.0,,1199,963.544,,68.337,165.046,0.0,,UTC+0530,S7Wp0spWno,,,eeafced1-e249-e835-f24a-6059801ead0f.com.samsung.health.exercise.live_data.json,,1.6013428,com.sec.android.app.shealth,,,,,2021-06-14 04:37:06.820,eeafced1-e249-e835-f24a-6059801ead0f,,
a34099f3-242f-dfc3-8a6f-d98daad9d943.live_data_internal.json,100101005,,,,,69.87541,0,,,,,1,4,,,,,1,376,,0.0,,,a34099f3-242f-dfc3-8a6f-d98daad9d943.location_data_internal.json,,,504810,,,,a34099f3-242f-dfc3-8a6f-d98daad9d943.com.samsung.health.exercise.location_data.json,2021-06-21 14:27:13.160,1002,,-1.9734885,4.227,116.0,30001,,-3.4476404,,137.0,2021-06-21 14:36:58.890,2021-06-21 14:36:38.543,,,1.953,101.146965,72.0,,851,673.722,,68.618,167.079,0.725,,UTC+0530,S7Wp0spWno,,,a34099f3-242f-dfc3-8a6f-d98daad9d943.com.samsung.health.exercise.live_data.json,,1.3346051,com.sec.android.app.shealth,,,,,2021-06-21 14:36:38.700,a34099f3-242f-dfc3-8a6f-d98daad9d943,,
8289d22e-029e-6435-a928-c6bc7d0cd821.live_data_internal.json,0,,,,,68.73722,0,,,,,1,0,,,,,1,332,,0.0,,,,,,602811,,,,,2021-06-22 03:22:27.190,15005,,,0.0,121.0,30001,,,,139.0,2021-06-22 03:32:34.181,2021-06-22 03:32:31.842,,,1.953,116.25534,88.0,,1168,965.586,,68.689,136.798,0.0,,UTC+0530,S7Wp0spWno,,,8289d22e-029e-6435-a928-c6bc7d0cd821.com.samsung.health.exercise.live_data.json,,1.6018056,com.sec.android.app.shealth,,,,,2021-06-22 03:32:32.330,8289d22e-029e-6435-a928-c6bc7d0cd821,,
19eb306d-da85-1283-5bed-e5bb00f2c0d7.live_data_internal.json,0,,,,,141.18219,0,,,,,1,0,,,,,1,1017,,0.0,,,19eb306d-da85-1283-5bed-e5bb00f2c0d7.location_data_internal.json,,,1054300,,,,19eb306d-da85-1283-5bed-e5bb00f2c0d7.com.samsung.health.exercise.location_data.json,2021-06-21 14:03:55.860,1002,,-2.3859496,1.177,126.0,30001,,-4.242039,,136.0,2021-06-21 14:26:38.825,2021-06-21 14:22:09.441,,,1.699,104.65712,115.0,,1839,1467.493,,140.372,133.426,5.993,,UTC+0530,S7Wp0spWno,,,19eb306d-da85-1283-5bed-e5bb00f2c0d7.com.samsung.health.exercise.live_data.json,,1.3919122,com.sec.android.app.shealth,,,,,2021-06-21 14:22:09.290,19eb306d-da85-1283-5bed-e5bb00f2c0d7,,
b24bd717-e4e8-e9e1-12e3-36426a7677d4.live_data_internal.json,0,,,,,270.52454,0,,,,,1,0,,,,,1,1458,,0.0,,,,,,1537810,,,,,2021-06-22 04:18:09.070,15005,,,0.0,146.0,30001,,,,163.0,2021-06-22 04:52:05.606,2021-06-22 04:43:48.547,,,1.934,117.94695,99.0,,3023,2491.785,,270.479,139.84,0.0,,UTC+0530,S7Wp0spWno,,,b24bd717-e4e8-e9e1-12e3-36426a7677d4.com.samsung.health.exercise.live_data.json,,1.6203464,com.sec.android.app.shealth,,,,,2021-06-22 04:43:49.080,b24bd717-e4e8-e9e1-12e3-36426a7677d4,,
5a9e66a0-ecac-29af-6f2b-736dc9734c5a.live_data_internal.json,0,,,,,198.61812,0,,,,,1,0,,,,,1,1324,,0.0,,,5a9e66a0-ecac-29af-6f2b-736dc9734c5a.location_data_internal.json,,,1366740,,,,5a9e66a0-ecac-29af-6f2b-736dc9734c5a.com.samsung.health.exercise.location_data.json,2021-06-22 14:29:10.760,1001,,-11.8010645,1.606,127.0,30001,,-13.706125,,140.0,2021-06-22 14:56:27.121,2021-06-22 14:52:18.925,,,1.848,109.135605,88.0,,2486,1837.303,,198.172,135.635,5.781,,UTC+0530,S7Wp0spWno,,,5a9e66a0-ecac-29af-6f2b-736dc9734c5a.com.samsung.health.exercise.live_data.json,,1.3442959,com.sec.android.app.shealth,,,,,2021-06-22 14:52:19.160,5a9e66a0-ecac-29af-6f2b-736dc9734c5a,,
8e132827-676d-90eb-648b-c58d62677785.live_data_internal.json,0,,,,,115.77281,0,,,,,1,0,,,,,1,722,,0.0,,,,,,766500,,,,,2021-06-23 03:20:15.580,15005,,,0.0,132.0,30001,,,,142.0,2021-06-23 05:47:05.499,2021-06-23 03:33:04.136,,,1.868,126.26223,116.0,,1613,1311.779,,115.724,137.783,0.0,,UTC+0530,S7Wp0spWno,,,8e132827-676d-90eb-648b-c58d62677785.com.samsung.health.exercise.live_data.json,,1.7113881,com.sec.android.app.shealth,,,,,2021-06-23 03:33:04.450,8e132827-676d-90eb-648b-c58d62677785,,
632dd732-d556-03b7-1024-7f21dd62938f.live_data_internal.json,0,,,,,152.90997,0,,,,,1,0,,,,,1,334,,0.0,,,632dd732-d556-03b7-1024-7f21dd62938f.location_data_internal.json,,,1800900,,,,632dd732-d556-03b7-1024-7f21dd62938f.com.samsung.health.exercise.location_data.json,2021-06-23 13:39:57.760,1001,,-6.368166,4.791,99.0,30001,,-8.796424,,124.0,2021-06-23 14:11:11.857,2021-06-23 14:10:52.490,,,1.724,110.21156,79.0,,3308,2686.04,,151.799,131.195,18.523,,UTC+0530,S7Wp0spWno,,,632dd732-d556-03b7-1024-7f21dd62938f.com.samsung.health.exercise.live_data.json,,1.4914987,com.sec.android.app.shealth,,,,,2021-06-23 14:10:52.600,632dd732-d556-03b7-1024-7f21dd62938f,,
a992d145-5406-a1df-589a-82732d589503.live_data_internal.json,0,,,,,148.51082,0,,,,,1,0,,,,,1,982,,0.0,,,,,,1217969,,,,,2021-06-23 04:11:22.280,15005,,,0.0,120.0,30001,,,,139.0,2021-06-23 04:31:53.283,2021-06-23 04:31:42.385,,,1.695,114.14074,85.0,,2317,1838.841,,148.462,128.476,0.0,,UTC+0530,S7Wp0spWno,,,a992d145-5406-a1df-589a-82732d589503.com.samsung.health.exercise.live_data.json,,1.5097588,com.sec.android.app.shealth,,,,,2021-06-23 04:31:42.620,a992d145-5406-a1df-589a-82732d589503,,
1291f47c-280f-105e-6caf-79dfbe75e81a.live_data_internal.json,0,,,,,425.61362,0,,,,,1,0,,,,,1,1925,,0.0,,,,,,3628849,,,,,2021-06-24 03:35:04.350,15005,,,0.0,124.0,30001,,,,139.0,2021-06-24 04:37:02.760,2021-06-24 04:36:20.819,,,1.799,115.50767,73.0,,6986,5171.88,,424.646,138.088,0.0,,UTC+0530,S7Wp0spWno,,,1291f47c-280f-105e-6caf-79dfbe75e81a.com.samsung.health.exercise.live_data.json,,1.4252118,com.sec.android.app.shealth,,,,,2021-06-24 04:36:20.180,1291f47c-280f-105e-6caf-79dfbe75e81a,,
1f50bfb1-a7db-2bc1-a237-56f8ffdddd56.live_data_internal.json,0,,,,,40.227367,0,,,,,1,0,,,,,1,276,,0.0,,,,,,301510,,,,,2021-06-25 03:45:53.720,15005,,,0.0,124.0,30001,,,,132.0,2021-06-25 03:59:22.591,2021-06-25 03:50:57.190,,,1.901,105.867134,101.0,,532,395.05,,40.187,137.463,0.0,,UTC+0530,S7Wp0spWno,,,1f50bfb1-a7db-2bc1-a237-56f8ffdddd56.com.samsung.health.exercise.live_data.json,,1.3102385,com.sec.android.app.shealth,,,,,2021-06-25 03:50:57.190,1f50bfb1-a7db-2bc1-a237-56f8ffdddd56,,
efbd82cc-4bec-5ba6-3128-24635b8d21f6.live_data_internal.json,0,,,,,375.1496,0,,,,,1,0,,,,,1,2676,,0.0,,,,,,2747969,,,,,2021-06-25 13:50:39.910,15005,,,0.0,123.0,30001,,,,138.0,2021-06-25 14:39:02.771,2021-06-25 14:37:47.073,,,1.618,98.80021,98.0,,4525,3230.101,,373.527,130.387,0.0,,UTC+0530,S7Wp0spWno,,,efbd82cc-4bec-5ba6-3128-24635b8d21f6.com.samsung.health.exercise.live_data.json,,1.1754498,com.sec.android.app.shealth,,,,,2021-06-25 14:37:46.660,efbd82cc-4bec-5ba6-3128-24635b8d21f6,,
3d9715c7-bef7-42f6-0a06-409fff246690.live_data_internal.json,0,,,,,118.05152,0,,,,,1,0,,,,,1,0,,0.0,,,3d9715c7-bef7-42f6-0a06-409fff246690.location_data_internal.json,,,561069,,,,3d9715c7-bef7-42f6-0a06-409fff246690.com.samsung.health.exercise.location_data.json,2021-06-26 13:21:58.790,1001,,-11.475623,16.997,,30001,,-18.479084,,,2021-06-26 13:47:33.217,2021-06-26 13:40:23.554,,,2.031,88.43816,,,827,564.864,,106.844,147.281,9.699,,UTC+0530,S7Wp0spWno,,,3d9715c7-bef7-42f6-0a06-409fff246690.com.samsung.health.exercise.live_data.json,,1.006762,com.sec.android.app.shealth,,,,,2021-06-26 13:40:24.010,3d9715c7-bef7-42f6-0a06-409fff246690,,
643dc645-ab6b-7929-5022-cb29cd2180dd.live_data_internal.json,0,,,,,270.13803,0,,,,,1,0,,,,,1,1803,,0.0,,,643dc645-ab6b-7929-5022-cb29cd2180dd.location_data_internal.json,,,1861869,,,,643dc645-ab6b-7929-5022-cb29cd2180dd.com.samsung.health.exercise.location_data.json,2021-06-26 14:05:56.150,1001,,-11.293035,3.336,127.0,30001,,-16.358538,,146.0,2021-06-26 14:39:50.262,2021-06-26 14:37:31.161,,,1.836,111.27522,115.0,,3453,2650.705,,269.453,143.646,12.321,,UTC+0530,S7Wp0spWno,,,643dc645-ab6b-7929-5022-cb29cd2180dd.com.samsung.health.exercise.live_data.json,,1.4236789,com.sec.android.app.shealth,,,,,2021-06-26 14:37:31.280,643dc645-ab6b-7929-5022-cb29cd2180dd,,
b2e2d18a-1885-6c7a-ad6a-897a1d534369.live_data_internal.json,0,,,,,182.92726,0,,,,,1,0,,,,,1,723,,0.0,,,b2e2d18a-1885-6c7a-ad6a-897a1d534369.location_data_internal.json,,,1829280,,,,b2e2d18a-1885-6c7a-ad6a-897a1d534369.com.samsung.health.exercise.location_data.json,2021-06-27 06:22:32.050,1001,,-8.276209,1.697,114.0,30001,,-9.961553,,126.0,2021-06-27 06:57:11.704,2021-06-27 06:55:18.925,,,1.941,106.30412,79.0,,3241,2585.655,,180.1,151.613,0.371,,UTC+0530,S7Wp0spWno,,,b2e2d18a-1885-6c7a-ad6a-897a1d534369.com.samsung.health.exercise.live_data.json,,1.4134823,com.sec.android.app.shealth,,,,,2021-06-27 06:55:18.600,b2e2d18a-1885-6c7a-ad6a-897a1d534369,,
f6fe78f2-37da-9016-3033-50e87b21dd3e.live_data_internal.json,0,,,,,252.0928,0,,,,,1,0,,,,,1,1731,,0.0,,,f6fe78f2-37da-9016-3033-50e87b21dd3e.location_data_internal.json,,,1801560,,,,f6fe78f2-37da-9016-3033-50e87b21dd3e.com.samsung.health.exercise.location_data.json,2021-06-28 14:14:42.160,1001,,-6.749332,1.079,125.0,30001,,-10.425935,,143.0,2021-06-28 14:45:57.483,2021-06-28 14:45:06.718,,,1.716,108.8057,81.0,,3267,2349.535,,251.63,138.212,1.846,,UTC+0530,S7Wp0spWno,,,f6fe78f2-37da-9016-3033-50e87b21dd3e.com.samsung.health.exercise.live_data.json,,1.3041669,com.sec.android.app.shealth,,,,,2021-06-28 14:45:06.190,f6fe78f2-37da-9016-3033-50e87b21dd3e,,
2e373633-16ed-4d98-a0d6-16980a78c94b.live_data_internal.json,0,,,,,189.75926,0,,,,,1,0,,,,,1,1236,,0.0,,,2e373633-16ed-4d98-a0d6-16980a78c94b.location_data_internal.json,,,1293699,,,,2e373633-16ed-4d98-a0d6-16980a78c94b.com.samsung.health.exercise.location_data.json,2021-06-28 13:48:26.820,1001,,-6.351475,3.2,119.0,30001,,-10.607174,,133.0,2021-06-28 14:16:54.321,2021-06-28 14:12:50.725,,,1.932,104.02721,81.0,,2243,1582.626,,186.262,146.131,1.343,,UTC+0530,S7Wp0spWno,,,2e373633-16ed-4d98-a0d6-16980a78c94b.com.samsung.health.exercise.live_data.json,,1.2233331,com.sec.android.app.shealth,,,,,2021-06-28 14:12:50.320,2e373633-16ed-4d98-a0d6-16980a78c94b,,
cdbec6e9-6182-5e6b-d75d-e4e64d1eb44b.live_data_internal.json,0,,,,,6.567447,0,,,,,1,0,,,,,0,86,,0.0,,,,,,114352,,,,,2021-06-28 03:27:02.240,15005,,,0.0,82.0,30001,,,,87.0,2021-06-28 23:54:42.073,2021-06-28 03:28:58.603,,,1.872,114.908356,75.0,,219,175.863,,6.523,137.011,0.0,,UTC+0530,S7Wp0spWno,,,cdbec6e9-6182-5e6b-d75d-e4e64d1eb44b.com.samsung.health.exercise.live_data.json,,1.5379093,com.sec.android.app.shealth,,,,,2021-06-28 03:28:58.750,cdbec6e9-6182-5e6b-d75d-e4e64d1eb44b,,
06e79088-d5ad-930d-d4a5-4c1f04f85b4e.live_data_internal.json,0,,,,,167.38837,0,,,,,1,0,,,,,1,1107,,0.0,,,,,,1200590,,,,,2021-06-29 04:13:13.870,15005,,,0.0,127.0,30001,,,,143.0,2021-06-29 04:33:20.086,2021-06-29 04:33:15.955,,,1.822,118.69164,99.0,,2375,1783.916,,167.355,137.064,0.0,,UTC+0530,S7Wp0spWno,,,06e79088-d5ad-930d-d4a5-4c1f04f85b4e.com.samsung.health.exercise.live_data.json,,1.4858661,com.sec.android.app.shealth,,,,,2021-06-29 04:33:16.080,06e79088-d5ad-930d-d4a5-4c1f04f85b4e,,
c43f02c4-749b-8f6b-c2b2-75a8edefc184.live_data_internal.json,0,,,,,76.316696,0,,,,,1,0,,,,,1,370,,0.0,,,,,,926559,,,,,2021-06-28 04:31:15.800,15005,,,0.0,88.0,30001,,,,142.0,2021-06-28 23:55:22.865,2021-06-28 04:46:44.420,,,1.859,116.8192,59.0,,1804,1432.368,,76.272,137.868,0.0,,UTC+0530,S7Wp0spWno,,,c43f02c4-749b-8f6b-c2b2-75a8edefc184.com.samsung.health.exercise.live_data.json,,1.5458988,com.sec.android.app.shealth,,,,,2021-06-28 04:46:44.530,c43f02c4-749b-8f6b-c2b2-75a8edefc184,,
f2bf5bfe-ea6d-06fd-945f-f6941146841a.live_data_internal.json,0,,,,,250.20917,0,,,,,1,0,,,,,1,1683,,0.0,,,f2bf5bfe-ea6d-06fd-945f-f6941146841a.location_data_internal.json,,,1752489,,,,f2bf5bfe-ea6d-06fd-945f-f6941146841a.com.samsung.health.exercise.location_data.json,2021-06-29 13:07:06.860,1001,,-18.389936,3.367,125.0,30001,,-20.78683,,139.0,2021-06-29 13:41:56.286,2021-06-29 13:37:05.326,,,1.842,107.64113,85.0,,3144,2443.606,,249.264,143.244,0.636,,UTC+0530,S7Wp0spWno,,,f2bf5bfe-ea6d-06fd-945f-f6941146841a.com.samsung.health.exercise.live_data.json,,1.3943623,com.sec.android.app.shealth,,,,,2021-06-29 13:37:05.240,f2bf5bfe-ea6d-06fd-945f-f6941146841a,,
e7b027a6-de37-47ff-73c3-83632f0a37a2.live_data_internal.json,0,,,,,62.53628,0,,,,,1,0,,,,,1,252,,0.0,,,,,,274780,,,,,2021-06-29 14:42:36.160,1001,,,0.0,112.0,30001,,,,126.0,2021-06-29 14:55:06.372,2021-06-29 14:51:26.032,,,2.849,97.605354,82.0,,447,345.515,,57.284,153.015,0.0,,UTC+0530,S7Wp0spWno,,,e7b027a6-de37-47ff-73c3-83632f0a37a2.com.samsung.health.exercise.live_data.json,,1.2574241,com.sec.android.app.shealth,,,,,2021-06-29 14:51:25.950,e7b027a6-de37-47ff-73c3-83632f0a37a2,,
216ba252-1006-39b1-dfaf-1027b097f30c.live_data_internal.json,0,,,,,286.12616,0,,,,,1,0,,,,,1,1843,,0.0,,,216ba252-1006-39b1-dfaf-1027b097f30c.location_data_internal.json,,,1899870,,,,216ba252-1006-39b1-dfaf-1027b097f30c.com.samsung.health.exercise.location_data.json,2021-06-30 13:06:48.280,1001,,-13.600493,12.179,130.0,30001,,-15.257032,,142.0,2021-06-30 13:39:46.748,2021-06-30 13:39:09.909,,,1.781,111.57606,116.0,,3533,2764.801,,285.285,140.807,0.0,,UTC+0530,S7Wp0spWno,,,216ba252-1006-39b1-dfaf-1027b097f30c.com.samsung.health.exercise.live_data.json,,1.455258,com.sec.android.app.shealth,,,,,2021-06-30 13:39:08.990,216ba252-1006-39b1-dfaf-1027b097f30c,,
8396743a-5d61-3280-b829-845517f5bc7d.live_data_internal.json,0,,,,,37.431778,0,,,,,1,0,,,,,1,298,,0.0,,,,,,319510,,,,,2021-07-01 03:21:54.100,15005,,,0.0,114.0,30001,,,,125.0,2021-07-01 03:31:35.708,2021-07-01 03:27:15.410,,,1.744,125.066505,77.0,,666,509.482,,37.398,136.071,0.0,,UTC+0530,S7Wp0spWno,,,8396743a-5d61-3280-b829-845517f5bc7d.com.samsung.health.exercise.live_data.json,,1.5945729,com.sec.android.app.shealth,,,,,2021-07-01 03:27:15.250,8396743a-5d61-3280-b829-845517f5bc7d,,
ee1d1a55-0791-f36c-f2f4-58d27aa75703.live_data_internal.json,0,,,,,74.910484,0,,,,,1,0,,,,,1,581,,0.0,,,,,,617430,,,,,2021-07-01 04:26:26.010,15005,,,0.0,117.0,30001,,,,124.0,2021-07-01 04:41:51.401,2021-07-01 04:36:45.371,,,1.662,113.59992,83.0,,1169,869.871,,74.873,129.91,0.0,,UTC+0530,S7Wp0spWno,,,ee1d1a55-0791-f36c-f2f4-58d27aa75703.com.samsung.health.exercise.live_data.json,,1.4088577,com.sec.android.app.shealth,,,,,2021-07-01 04:36:45.260,ee1d1a55-0791-f36c-f2f4-58d27aa75703,,
c78155dd-dddb-c1d5-74b0-4db3d0229bd0.live_data_internal.json,0,,,,,113.393684,0,,,,,1,0,,,,,1,719,,0.0,,,c78155dd-dddb-c1d5-74b0-4db3d0229bd0.location_data_internal.json,,,755819,,,,c78155dd-dddb-c1d5-74b0-4db3d0229bd0.com.samsung.health.exercise.location_data.json,2021-06-30 13:40:41.370,1001,,-10.436035,0.0,128.0,30001,,-10.650425,,146.0,2021-06-30 13:54:32.780,2021-06-30 13:53:51.438,,,1.944,113.59847,116.0,,1431,1051.869,,112.7,137.059,0.0,,UTC+0530,S7Wp0spWno,,,c78155dd-dddb-c1d5-74b0-4db3d0229bd0.com.samsung.health.exercise.live_data.json,,1.3916925,com.sec.android.app.shealth,,,,,2021-06-30 13:53:50.870,c78155dd-dddb-c1d5-74b0-4db3d0229bd0,,
990ba96e-181e-e2bd-68aa-46685318cbb3.live_data_internal.json,0,,,,,186.9395,0,,,,,1,0,,,,,1,1128,,0.0,,,,,,1200780,,,,,2021-06-30 04:23:53.520,1001,,,0.0,134.0,30001,,,,156.0,2021-06-30 04:48:36.341,2021-06-30 04:44:12.935,,,3.154,127.61705,100.0,,2554,2026.974,,186.556,164.495,0.0,,UTC+0530,S7Wp0spWno,,,990ba96e-181e-e2bd-68aa-46685318cbb3.com.samsung.health.exercise.live_data.json,,1.6880478,com.sec.android.app.shealth,,,,,2021-06-30 04:44:12.920,990ba96e-181e-e2bd-68aa-46685318cbb3,,
2ce12f2d-286f-6ceb-a2b9-3da7cf340754.live_data_internal.json,0,,,,,253.61012,0,,,,,1,0,,,,,1,1413,,0.0,,,2ce12f2d-286f-6ceb-a2b9-3da7cf340754.location_data_internal.json,,,1801189,,,,2ce12f2d-286f-6ceb-a2b9-3da7cf340754.com.samsung.health.exercise.location_data.json,2021-07-02 13:18:15.700,1001,,-13.981865,0.0,131.0,30001,,-16.949415,,145.0,2021-07-02 13:53:15.931,2021-07-02 13:49:11.825,,,1.793,112.52561,76.0,,3378,2642.781,,252.48,142.382,7.822,,UTC+0530,S7Wp0spWno,,,2ce12f2d-286f-6ceb-a2b9-3da7cf340754.com.samsung.health.exercise.live_data.json,,1.4672416,com.sec.android.app.shealth,,,,,2021-07-02 13:49:11.760,2ce12f2d-286f-6ceb-a2b9-3da7cf340754,,
9ee7acf1-e002-eebb-c08a-34e4df046c62.live_data_internal.json,0,,,,,181.3902,0,,,,,1,0,,,,,1,1161,,0.0,,,,,,1204289,,,,,2021-07-02 04:39:53.660,15005,,,0.0,132.0,30001,,,,144.0,2021-07-02 05:01:42.154,2021-07-02 05:00:00.461,,,1.751,123.35899,110.0,,2476,1881.224,,181.349,136.782,0.0,,UTC+0530,S7Wp0spWno,,,9ee7acf1-e002-eebb-c08a-34e4df046c62.com.samsung.health.exercise.live_data.json,,1.5621022,com.sec.android.app.shealth,,,,,2021-07-02 04:59:59.950,9ee7acf1-e002-eebb-c08a-34e4df046c62,,
ae576f38-60dc-60af-61d3-fb5a0f79259b.live_data_internal.json,0,,,,,264.24484,0,,,,,1,0,,,,,1,1596,,0.0,,,ae576f38-60dc-60af-61d3-fb5a0f79259b.location_data_internal.json,,,1802829,,,,ae576f38-60dc-60af-61d3-fb5a0f79259b.com.samsung.health.exercise.location_data.json,2021-07-02 13:56:42.300,1001,,-6.488727,5.222,130.0,30001,,-8.386045,,141.0,2021-07-02 14:30:51.111,2021-07-02 14:26:53.944,,,1.987,113.787766,89.0,,3419,2598.853,,264.064,147.462,3.142,,UTC+0530,S7Wp0spWno,,,ae576f38-60dc-60af-61d3-fb5a0f79259b.com.samsung.health.exercise.live_data.json,,1.4415408,com.sec.android.app.shealth,,,,,2021-07-02 14:26:53.910,ae576f38-60dc-60af-61d3-fb5a0f79259b,,
68b8fa24-42ef-788c-e408-a458fe7a4f9f.live_data_internal.json,0,,,,,20.435707,0,,,,,1,0,,,,,1,124,,0.0,,,,,,144935,,,,,2021-07-02 03:34:17.250,15005,,,0.0,137.0,30001,,,,144.0,2021-07-02 03:46:46.463,2021-07-02 03:36:44.617,,,1.78,109.70435,114.0,,265,201.996,,20.394,132.007,0.0,,UTC+0530,S7Wp0spWno,,,68b8fa24-42ef-788c-e408-a458fe7a4f9f.com.samsung.health.exercise.live_data.json,,1.3937006,com.sec.android.app.shealth,,,,,2021-07-02 03:36:44.210,68b8fa24-42ef-788c-e408-a458fe7a4f9f,,
9746bf36-536c-9488-c3fd-23e9fad59299.live_data_internal.json,100101005,,,,,752.20953,1,,,,,1,4,,,,,1,3501,,0.0,,,,,,3601787,,,,,2021-04-02 03:55:30.320,1002,,,0.0,150.0,30001,,,,181.0,2021-07-03 02:21:45.765,2021-04-02 05:01:47.011,,,3.34,118.124695,119.0,,7091,5733.398,,744.31,170.096,0.0,,UTC+0530,S7Wp0spWno,,,9746bf36-536c-9488-c3fd-23e9fad59299.com.samsung.health.exercise.live_data.json,,1.5918204,com.sec.android.app.shealth,,,,,2021-04-02 05:01:46.350,9746bf36-536c-9488-c3fd-23e9fad59299,,
314c8556-348b-5d29-e052-11a87ba143a2.live_data_internal.json,0,,,,,408.10696,0,,,,,1,0,,,,,1,2653,,0.0,,,,,,2756009,,,,314c8556-348b-5d29-e052-11a87ba143a2.com.samsung.health.exercise.location_data.json,2021-03-17 03:50:13.050,15005,,,,129.0,30001,,,,141.0,2021-07-03 02:21:57.805,2021-03-17 04:36:33.360,,,2.143,111.61792,101.0,,5127,4065.972,,407.853,136.875,,,UTC+0530,S7Wp0spWno,,,314c8556-348b-5d29-e052-11a87ba143a2.com.samsung.health.exercise.live_data.json,,1.4753116,com.sec.android.app.shealth,,,,,2021-03-17 04:36:21.090,314c8556-348b-5d29-e052-11a87ba143a2,,
9ce04fc6-1bce-1ddd-0c3b-3be3dba6d77c.live_data_internal.json,0,,,,,567.6453,0,,,,,1,0,,,,,1,3470,,0.0,,,9ce04fc6-1bce-1ddd-0c3b-3be3dba6d77c.location_data_internal.json,,,3604805,,,,9ce04fc6-1bce-1ddd-0c3b-3be3dba6d77c.com.samsung.health.exercise.location_data.json,2021-07-03 06:34:07.460,1001,,-7.9538913,0.0,131.0,30001,,-10.615155,,150.0,2021-07-03 07:41:15.967,2021-07-03 07:38:42.660,,,1.799,112.816086,112.0,,6778,5386.99,,562.085,140.75,0.059,,UTC+0530,S7Wp0spWno,,,9ce04fc6-1bce-1ddd-0c3b-3be3dba6d77c.com.samsung.health.exercise.live_data.json,,1.4943916,com.sec.android.app.shealth,,,,,2021-07-03 07:38:42.230,9ce04fc6-1bce-1ddd-0c3b-3be3dba6d77c,,
c9e3bead-bd75-0be6-c76c-ce1180fb0bcd.live_data_internal.json,0,,,,,87.30511,0,,,,,1,0,,,,,1,608,,0.0,,,c9e3bead-bd75-0be6-c76c-ce1180fb0bcd.location_data_internal.json,,,639870,,,,c9e3bead-bd75-0be6-c76c-ce1180fb0bcd.com.samsung.health.exercise.location_data.json,2021-07-03 14:13:23.480,1001,,-8.627568,2.751,122.0,30001,,-9.644325,,131.0,2021-07-03 14:25:19.282,2021-07-03 14:24:17.010,,,1.979,111.02255,88.0,,1184,900.843,,87.039,139.812,0.0,,UTC+0530,S7Wp0spWno,,,c9e3bead-bd75-0be6-c76c-ce1180fb0bcd.com.samsung.health.exercise.live_data.json,,1.4078531,com.sec.android.app.shealth,,,,,2021-07-03 14:24:16.270,c9e3bead-bd75-0be6-c76c-ce1180fb0bcd,,
1fa018a1-7215-0e5d-c626-f480458cb087.live_data_internal.json,0,,,,,17.75842,0,,,,,1,0,,,,,0,86,,0.0,,,,,,86360,,,,,2021-07-03 06:29:00.560,1001,,,0.0,104.0,30001,,,,120.0,2021-07-03 06:31:36.107,2021-07-03 06:31:36.107,,,1.413,97.96202,97.0,,141,101.796,,16.321,118.323,0.0,,UTC+0530,S7Wp0spWno,,,1fa018a1-7215-0e5d-c626-f480458cb087.com.samsung.health.exercise.live_data.json,,1.1787401,com.sec.android.app.shealth,,,,,2021-07-03 06:31:36.710,1fa018a1-7215-0e5d-c626-f480458cb087,,
,0,,,,,172.0,0,,,,,4,0,,,,,0,,,0.0,,,,,,2636020,,,,c3f44a0a-54e8-c5cf-9123-824a08d816f6.com.samsung.health.exercise.location_data.json,2021-07-04 13:53:21.680,1001,,,,,30001,,,,,2021-07-04 14:38:18.372,2021-07-04 14:38:18.372,,,1.5012628,,,,3687,2745.84,,172.0,,,,UTC+0530,S7Wp0spWno,,,c3f44a0a-54e8-c5cf-9123-824a08d816f6.com.samsung.health.exercise.live_data.json,,1.3263513,com.sec.android.app.shealth,,,,,2021-07-04 14:37:17.700,c3f44a0a-54e8-c5cf-9123-824a08d816f6,,
f2771b95-bd9d-4da4-b919-a117372e359d.live_data_internal.json,0,,,,,70.96246,0,,,,,1,0,,,,,1,607,,0.0,,,,,,640270,,,,,2021-07-05 04:22:46.200,15005,,,0.0,110.0,30001,,,,137.0,2021-07-05 04:40:13.751,2021-07-05 04:33:29.333,,,1.839,117.887764,78.0,,1258,991.468,,70.912,137.446,0.0,,UTC+0530,S7Wp0spWno,,,f2771b95-bd9d-4da4-b919-a117372e359d.com.samsung.health.exercise.live_data.json,,1.5485154,com.sec.android.app.shealth,,,,,2021-07-05 04:33:28.920,f2771b95-bd9d-4da4-b919-a117372e359d,,
ccab11f1-1496-123c-bf60-93d489f88916.live_data_internal.json,0,,,,,252.54285,0,,,,,1,0,,,,,1,1684,,0.0,,,ccab11f1-1496-123c-bf60-93d489f88916.location_data_internal.json,,,1837660,,,,ccab11f1-1496-123c-bf60-93d489f88916.com.samsung.health.exercise.location_data.json,2021-07-05 14:09:42.970,1001,,-12.901669,24.369,120.0,30001,,-17.273575,,137.0,2021-07-05 14:47:09.347,2021-07-05 14:43:31.314,,,1.868,109.18233,74.0,,3344,2718.679,,248.632,133.753,77.2,,UTC+0530,S7Wp0spWno,,,ccab11f1-1496-123c-bf60-93d489f88916.com.samsung.health.exercise.live_data.json,,1.4794244,com.sec.android.app.shealth,,,,,2021-07-05 14:43:30.510,ccab11f1-1496-123c-bf60-93d489f88916,,
638d54ab-52ca-14c9-10b8-ac24da79cbd3.live_data_internal.json,0,,,,,197.09456,0,,,,,1,0,,,,,1,1449,,0.0,,,,,,1504290,,,,,2021-07-06 14:23:13.340,15005,,,0.0,120.0,30001,,,,138.0,2021-07-06 14:50:15.343,2021-07-06 14:49:13.069,,,1.758,100.392876,86.0,,2517,1925.0,,195.963,132.927,0.0,,UTC+0530,S7Wp0spWno,,,638d54ab-52ca-14c9-10b8-ac24da79cbd3.com.samsung.health.exercise.live_data.json,,1.2796735,com.sec.android.app.shealth,,,,,2021-07-06 14:49:12.570,638d54ab-52ca-14c9-10b8-ac24da79cbd3,,
84eb749f-6c36-75cc-56c8-cea4823f3961.live_data_internal.json,0,,,,,78.667015,0,,,,,1,0,,,,,1,499,,0.0,,,,,,545960,,,,,2021-07-06 03:28:59.900,15005,,,0.0,128.0,30001,,,,148.0,2021-07-06 03:40:23.961,2021-07-06 03:38:08.129,,,1.802,103.41417,102.0,,941,710.578,,78.632,136.559,0.0,,UTC+0530,S7Wp0spWno,,,84eb749f-6c36-75cc-56c8-cea4823f3961.com.samsung.health.exercise.live_data.json,,1.3015202,com.sec.android.app.shealth,,,,,2021-07-06 03:38:07.560,84eb749f-6c36-75cc-56c8-cea4823f3961,,
20768269-ac22-2a0f-f088-3701859e2380.live_data_internal.json,0,,,,,124.5637,0,,,,,1,0,,,,,1,862,,0.0,,,,,,902540,,,,,2021-07-06 04:28:45.370,15005,,,0.0,125.0,30001,,,,139.0,2021-07-06 04:47:45.243,2021-07-06 04:43:50.972,,,3.318,120.79243,87.0,,1817,1453.515,,124.512,168.59,0.0,,UTC+0530,S7Wp0spWno,,,20768269-ac22-2a0f-f088-3701859e2380.com.samsung.health.exercise.live_data.json,,1.6104716,com.sec.android.app.shealth,,,,,2021-07-06 04:43:50.420,20768269-ac22-2a0f-f088-3701859e2380,,
efc1f3c4-3e13-dc6b-4eb2-dedb26086f34.live_data_internal.json,0,,,,,52.509155,0,,,,,1,0,,,,,1,389,,0.0,,,,,,406009,,,,,2021-07-07 03:28:16.550,15005,,,0.0,121.0,30001,,,,131.0,2021-07-07 03:40:16.764,2021-07-07 03:35:04.607,,,1.856,118.0762,102.0,,799,620.554,,52.47,133.506,0.0,,UTC+0530,S7Wp0spWno,,,efc1f3c4-3e13-dc6b-4eb2-dedb26086f34.com.samsung.health.exercise.live_data.json,,1.5284243,com.sec.android.app.shealth,,,,,2021-07-07 03:35:04.460,efc1f3c4-3e13-dc6b-4eb2-dedb26086f34,,
,0,,,,,64.0,0,,,,,4,0,,,,,0,,,0.0,,,,,,876730,,,,44beaa47-ac8d-ccd0-ab47-4744559f06ff.com.samsung.health.exercise.location_data.json,2021-07-07 13:44:53.540,1001,,,,,30001,,,,,2021-07-07 14:00:32.376,2021-07-07 14:00:32.376,,,1.4956454,,,,1465,1096.634,,64.0,,,,UTC+0530,S7Wp0spWno,,,44beaa47-ac8d-ccd0-ab47-4744559f06ff.com.samsung.health.exercise.live_data.json,,1.3459435,com.sec.android.app.shealth,,,,,2021-07-07 13:59:30.270,44beaa47-ac8d-ccd0-ab47-4744559f06ff,,
d9872982-7926-166b-b5fa-e28b69f3e84a.live_data_internal.json,0,,,,,72.48472,0,,,,,1,0,,,,,1,418,,0.0,,,,,,602150,,,,,2021-07-08 04:28:04.850,15005,,,0.0,120.0,30001,,,,134.0,2021-07-08 04:41:50.995,2021-07-08 04:38:09.010,,,1.686,113.39367,81.0,,1138,876.343,,72.446,130.951,0.0,,UTC+0530,S7Wp0spWno,,,d9872982-7926-166b-b5fa-e28b69f3e84a.com.samsung.health.exercise.live_data.json,,1.4553566,com.sec.android.app.shealth,,,,,2021-07-08 04:38:08.880,d9872982-7926-166b-b5fa-e28b69f3e84a,,
2df97ab4-b4a3-43be-367e-5f562d62c54c.live_data_internal.json,0,,,,,86.930786,0,,,,,1,0,,,,,1,567,,0.0,,,,,,605040,,,,,2021-07-08 14:29:47.140,15005,,,0.0,130.0,30001,,,,142.0,2021-07-08 14:42:02.614,2021-07-08 14:39:54.486,,,2.25,110.571205,107.0,,1115,864.89,,86.876,153.808,0.0,,UTC+0530,S7Wp0spWno,,,2df97ab4-b4a3-43be-367e-5f562d62c54c.com.samsung.health.exercise.live_data.json,,1.4294758,com.sec.android.app.shealth,,,,,2021-07-08 14:39:54.840,2df97ab4-b4a3-43be-367e-5f562d62c54c,,
,0,,,,,89.0,0,,,,,4,0,,,,,0,,,0.0,,,,,,1232080,,,,7c839b66-8fbe-9f02-1fc6-77969bb7771b.com.samsung.health.exercise.location_data.json,2021-07-08 14:06:43.980,1001,,,,,30001,,,,,2021-07-08 14:28:17.328,2021-07-08 14:28:17.328,,,1.6312993,,,,1913,1439.975,,89.0,,,,UTC+0530,S7Wp0spWno,,,7c839b66-8fbe-9f02-1fc6-77969bb7771b.com.samsung.health.exercise.live_data.json,,1.4394711,com.sec.android.app.shealth,,,,,2021-07-08 14:27:16.060,7c839b66-8fbe-9f02-1fc6-77969bb7771b,,
ceb5f13a-afa6-f78a-93cf-0dee646ad50c.live_data_internal.json,0,,,,,99.41005,0,,,,,1,0,,,,,1,492,,0.0,,,,,,808800,,,,,2021-07-09 03:20:37.870,15005,,,0.0,125.0,30001,,,,143.0,2021-07-09 03:42:17.108,2021-07-09 03:34:08.363,,,1.958,114.243324,78.0,,1540,1155.031,,99.367,144.679,0.0,,UTC+0530,S7Wp0spWno,,,ceb5f13a-afa6-f78a-93cf-0dee646ad50c.com.samsung.health.exercise.live_data.json,,1.4280798,com.sec.android.app.shealth,,,,,2021-07-09 03:34:08.760,ceb5f13a-afa6-f78a-93cf-0dee646ad50c,,
,0,,,,,71.0,0,,,,,4,0,,,,,0,,,0.0,,,,,,822490,,,,,2021-07-09 04:32:11.130,1001,,,,,30001,,,,,2021-07-09 04:46:57.320,2021-07-09 04:46:57.320,,,2.589706,,,,1284,1013.046,,71.0,,,,UTC+0530,S7Wp0spWno,,,95738a4c-2f93-26ba-6163-93286235e416.com.samsung.health.exercise.live_data.json,,1.5991557,com.sec.android.app.shealth,,,,,2021-07-09 04:45:53.620,95738a4c-2f93-26ba-6163-93286235e416,,
,0,,,,,122.0,0,,,,,4,0,,,,,0,,,0.0,,,,,,1770920,,,,e4136b72-1a8f-5ffa-8154-bc1427c166f3.com.samsung.health.exercise.location_data.json,2021-07-09 13:50:00.400,1001,,,,,30001,,,,,2021-07-09 14:20:33.482,2021-07-09 14:20:33.482,,,1.5820662,,,,2544,1920.608,,122.0,,,,UTC+0530,S7Wp0spWno,,,e4136b72-1a8f-5ffa-8154-bc1427c166f3.com.samsung.health.exercise.live_data.json,,1.386235,com.sec.android.app.shealth,,,,,2021-07-09 14:19:31.320,e4136b72-1a8f-5ffa-8154-bc1427c166f3,,
bbbebbe0-a1bb-0703-8212-c4e035b705ad.live_data_internal.json,0,,,,,99.0156,0,,,,,1,0,,,,,1,565,,0.0,,,,,,593130,,,,,2021-07-12 04:20:54.350,15005,,,0.0,140.0,30001,,,,147.0,2021-07-12 04:55:08.932,2021-07-12 04:30:49.094,,,1.824,124.52582,127.0,,1231,957.539,,98.981,136.806,0.0,,UTC+0530,S7Wp0spWno,,,bbbebbe0-a1bb-0703-8212-c4e035b705ad.com.samsung.health.exercise.live_data.json,,1.614383,com.sec.android.app.shealth,,,,,2021-07-12 04:30:49.160,bbbebbe0-a1bb-0703-8212-c4e035b705ad,,
927282cd-0700-a6ad-01b0-d40a7c03ddbb.live_data_internal.json,0,,,,,32.536396,0,,,,,1,0,,,,,1,282,,0.0,,,,,,304889,,,,,2021-07-12 03:13:51.000,15005,,,0.0,110.0,30001,,,,123.0,2021-07-12 03:23:51.429,2021-07-12 03:18:57.450,,,1.647,115.32028,90.0,,586,452.187,,32.502,129.721,0.0,,UTC+0530,S7Wp0spWno,,,927282cd-0700-a6ad-01b0-d40a7c03ddbb.com.samsung.health.exercise.live_data.json,,1.4831152,com.sec.android.app.shealth,,,,,2021-07-12 03:18:57.560,927282cd-0700-a6ad-01b0-d40a7c03ddbb,,
0da2140a-d11f-46f6-8b1e-c5443bf7035c.live_data_internal.json,0,,,,,83.14078,0,,,,,1,0,,,,,1,570,,0.0,,,,,,601159,,,,,2021-07-13 04:25:03.190,15005,,,0.0,126.0,30001,,,,145.0,2021-07-13 04:37:28.200,2021-07-13 04:35:06.131,,,2.235,118.96999,114.0,,1192,932.125,,83.107,141.66,0.0,,UTC+0530,S7Wp0spWno,,,0da2140a-d11f-46f6-8b1e-c5443bf7035c.com.samsung.health.exercise.live_data.json,,1.5505439,com.sec.android.app.shealth,,,,,2021-07-13 04:35:05.990,0da2140a-d11f-46f6-8b1e-c5443bf7035c,,
dd2aa7e3-39e0-be8b-8758-c11c58c64c87.live_data_internal.json,0,,,,,73.30781,0,,,,,1,0,,,,,1,615,,0.0,,,,,,640479,,,,,2021-07-14 04:14:26.470,15005,,,0.0,112.0,30001,,,,125.0,2021-07-14 04:27:33.660,2021-07-14 04:25:09.706,,,1.64,113.258804,78.0,,1209,924.069,,73.26,128.7,0.0,,UTC+0530,S7Wp0spWno,,,dd2aa7e3-39e0-be8b-8758-c11c58c64c87.com.samsung.health.exercise.live_data.json,,1.4427757,com.sec.android.app.shealth,,,,,2021-07-14 04:25:09.280,dd2aa7e3-39e0-be8b-8758-c11c58c64c87,,
,0,,,,,60.0,0,,,,,4,0,,,,,0,,,0.0,,,,,,933440,,,,81d49675-b1a7-4e9e-defa-26fe942348b0.com.samsung.health.exercise.location_data.json,2021-07-14 14:23:40.200,1001,,,,,30001,,,,,2021-07-14 14:40:18.587,2021-07-14 14:40:18.587,,,1.5,,,,1218,914.53,,60.0,,,,UTC+0530,S7Wp0spWno,,,81d49675-b1a7-4e9e-defa-26fe942348b0.com.samsung.health.exercise.live_data.json,,1.3490211,com.sec.android.app.shealth,,,,,2021-07-14 14:39:13.640,81d49675-b1a7-4e9e-defa-26fe942348b0,,
a8f48d95-2042-cde3-b8e2-512b3b3e88f9.live_data_internal.json,0,,,,,94.02491,0,,,,,1,0,,,,,1,571,,0.0,,,,,,600629,,,,,2021-07-15 04:14:24.290,15005,,,0.0,136.0,30001,,,,144.0,2021-07-15 04:26:25.874,2021-07-15 04:24:27.104,,,3.139,125.867836,126.0,,1260,1001.598,,93.981,163.815,0.0,,UTC+0530,S7Wp0spWno,,,a8f48d95-2042-cde3-b8e2-512b3b3e88f9.com.samsung.health.exercise.live_data.json,,1.667579,com.sec.android.app.shealth,,,,,2021-07-15 04:24:27.060,a8f48d95-2042-cde3-b8e2-512b3b3e88f9,,
f5bd05ce-3f95-f24c-c9ad-86d957882062.live_data_internal.json,0,,,,,83.71393,0,,,,,1,0,,,,,1,574,,0.0,,,,,,602720,,,,,2021-07-20 04:33:21.030,15005,,,0.0,126.0,30001,,,,133.0,2021-07-20 04:53:18.012,2021-07-20 04:43:24.839,,,1.718,116.57154,119.0,,1171,902.896,,83.685,133.125,0.0,,UTC+0530,S7Wp0spWno,,,f5bd05ce-3f95-f24c-c9ad-86d957882062.com.samsung.health.exercise.live_data.json,,1.4980356,com.sec.android.app.shealth,,,,,2021-07-20 04:43:25.160,f5bd05ce-3f95-f24c-c9ad-86d957882062,,
,0,,,,,69.0,0,,,,,4,0,,,,,0,,,0.0,,,,,,1071260,,,,5a9d420d-e7d1-359c-0e9a-d99d0b7bf8b1.com.samsung.health.exercise.location_data.json,2021-07-22 04:33:25.180,1001,,,,,30001,,,,,2021-07-22 04:52:20.469,2021-07-22 04:52:20.469,,,1.561348,,,,1376,1046.153,,69.0,,,,UTC+0530,S7Wp0spWno,,,5a9d420d-e7d1-359c-0e9a-d99d0b7bf8b1.com.samsung.health.exercise.live_data.json,,1.3816586,com.sec.android.app.shealth,,,,,2021-07-22 04:51:16.440,5a9d420d-e7d1-359c-0e9a-d99d0b7bf8b1,,
,0,,,,,43.0,0,,,,,4,0,,,,,0,,,0.0,,,,,,658330,,,,208bb5f5-5017-8e1d-95fa-689fb3d646d5.com.samsung.health.exercise.location_data.json,2021-07-22 10:34:02.330,1001,,,,,30001,,,,,2021-07-22 10:46:04.387,2021-07-22 10:46:04.387,,,1.6944444,,,,1024,785.003,,43.0,,,,UTC+0530,S7Wp0spWno,,,208bb5f5-5017-8e1d-95fa-689fb3d646d5.com.samsung.health.exercise.live_data.json,,1.5928662,com.sec.android.app.shealth,,,,,2021-07-22 10:45:00.660,208bb5f5-5017-8e1d-95fa-689fb3d646d5,,
,0,,,,,84.0,0,,,,,4,0,,,,,0,,,0.0,,,,,,1184440,,,,da8ee57f-c8c2-e0a8-876f-add0324f812b.com.samsung.health.exercise.location_data.json,2021-07-26 04:56:52.740,1001,,,,,30001,,,,,2021-07-26 05:17:38.473,2021-07-26 05:17:38.473,,,1.6733333,,,,1811,1386.95,,84.0,,,,UTC+0530,S7Wp0spWno,,,da8ee57f-c8c2-e0a8-876f-add0324f812b.com.samsung.health.exercise.live_data.json,,1.4539945,com.sec.android.app.shealth,,,,,2021-07-26 05:16:37.180,da8ee57f-c8c2-e0a8-876f-add0324f812b,,
,0,,,,,59.0,0,,,,,4,0,,,,,0,,,0.0,,,,,,922760,,,,7a81fba0-3214-1aab-cae7-318a422b2144.com.samsung.health.exercise.location_data.json,2021-07-28 14:11:15.300,1001,,,,,30001,,,,,2021-07-28 14:27:41.439,2021-07-28 14:27:41.439,,,1.5252265,,,,1301,960.952,,59.0,,,,UTC+0530,S7Wp0spWno,,,7a81fba0-3214-1aab-cae7-318a422b2144.com.samsung.health.exercise.live_data.json,,1.2934878,com.sec.android.app.shealth,,,,,2021-07-28 14:26:38.060,7a81fba0-3214-1aab-cae7-318a422b2144,,
,0,,,,,150.0,0,,,,,4,0,,,,,0,,,0.0,,,,,,2248210,,,,1af1cd84-e7ed-5b88-37b6-f910884e26f3.com.samsung.health.exercise.location_data.json,2021-07-29 14:05:34.170,1001,,,,,30001,,,,,2021-07-29 14:44:05.288,2021-07-29 14:44:05.288,,,1.5272204,,,,3348,2508.411,,150.0,,,,UTC+0530,S7Wp0spWno,,,1af1cd84-e7ed-5b88-37b6-f910884e26f3.com.samsung.health.exercise.live_data.json,,1.3600403,com.sec.android.app.shealth,,,,,2021-07-29 14:43:02.380,1af1cd84-e7ed-5b88-37b6-f910884e26f3,,
,0,,,,,180.13,0,,,,,4,0,,,,,0,,,0.0,,,,,,741280,,,,,2021-07-29 13:42:51.240,11007,,,,,,,,,,2021-07-29 13:57:25.230,2021-07-29 13:57:25.230,,,,,,,,,,180.13,,,,UTC+0530,S7Wp0spWno,,,,,,com.sec.android.app.shealth,,,,,2021-07-29 13:55:12.520,9c28650e-c0a4-73c0-ab6e-144e8698cedd,,
,0,,,,,55.0,0,,,,,4,0,,,,,0,,,0.0,,,,,,753620,,,,,2021-07-30 04:29:20.180,1001,,,,,30001,,,,,2021-07-30 04:42:57.381,2021-07-30 04:42:57.381,,,1.5277778,,,,1101,839.21,,55.0,,,,UTC+0530,S7Wp0spWno,,,a3c35fc4-60ca-33f2-2a0c-ccf51d248d81.com.samsung.health.exercise.live_data.json,,1.4242731,com.sec.android.app.shealth,,,,,2021-07-30 04:41:53.800,a3c35fc4-60ca-33f2-2a0c-ccf51d248d81,,
,0,,,,,56.0,0,,,,,4,0,,,,,0,,,0.0,,,,,,804140,,,,797eeb46-5613-ee2c-782e-98a39194bd85.com.samsung.health.exercise.location_data.json,2021-07-31 14:34:12.820,1001,,,,,30001,,,,,2021-07-31 14:48:38.372,2021-07-31 14:48:38.372,,,1.4444444,,,,1233,912.841,,56.0,,,,UTC+0530,S7Wp0spWno,,,797eeb46-5613-ee2c-782e-98a39194bd85.com.samsung.health.exercise.live_data.json,,1.3096601,com.sec.android.app.shealth,,,,,2021-07-31 14:47:36.960,797eeb46-5613-ee2c-782e-98a39194bd85,,
,0,,,,,99.0,0,,,,,4,0,,,,,0,,,0.0,,,,,,1534960,,,,be43a51b-83f8-85fc-f9cf-72c1c79bcf12.com.samsung.health.exercise.location_data.json,2021-08-02 13:41:27.980,1001,,,,,30001,,,,,2021-08-02 14:08:10.310,2021-08-02 14:08:10.310,,,1.5285828,,,,2090,1558.422,,99.0,,,,UTC+0530,S7Wp0spWno,,,be43a51b-83f8-85fc-f9cf-72c1c79bcf12.com.samsung.health.exercise.live_data.json,,1.3365877,com.sec.android.app.shealth,,,,,2021-08-02 14:07:02.940,be43a51b-83f8-85fc-f9cf-72c1c79bcf12,,
9ac2828b-11c2-9cd8-485e-991d508bb638.live_data_internal.json,0,,,,,605.7797,0,,,,,1,0,,,,,1,3483,,0.0,,,,,,3605427,,,,,2021-08-06 04:14:42.410,15005,,,0.0,141.0,30001,,,,170.0,2021-08-06 05:17:09.791,2021-08-06 05:14:51.055,,,3.229,114.0281,120.0,,6852,5507.082,,605.723,167.828,0.0,,UTC+0530,S7Wp0spWno,,,9ac2828b-11c2-9cd8-485e-991d508bb638.com.samsung.health.exercise.live_data.json,,1.5274423,com.sec.android.app.shealth,,,,,2021-08-06 05:14:50.610,9ac2828b-11c2-9cd8-485e-991d508bb638,,
,0,,,,,73.0,0,,,,,4,0,,,,,0,,,0.0,,,,,,1091980,,,,396f2fc9-da32-77fd-2479-54b7dacf3b63.com.samsung.health.exercise.location_data.json,2021-08-10 13:11:11.240,1001,,,,,30001,,,,,2021-08-10 13:30:29.664,2021-08-10 13:30:29.664,,,1.6666666,,,,1469,1096.199,,73.0,,,,UTC+0530,S7Wp0spWno,,,396f2fc9-da32-77fd-2479-54b7dacf3b63.com.samsung.health.exercise.live_data.json,,1.3726908,com.sec.android.app.shealth,,,,,2021-08-10 13:29:23.220,396f2fc9-da32-77fd-2479-54b7dacf3b63,,
,0,,,,,76.0,0,,,,,4,0,,,,,0,,,0.0,,,,,,1135900,,,,12cb14ea-5735-3f7e-0998-3004390d520a.com.samsung.health.exercise.location_data.json,2021-08-11 04:27:04.060,1001,,,,,30001,,,,,2021-08-11 04:47:02.431,2021-08-11 04:47:02.431,,,1.5452502,,,,1532,1153.702,,76.0,,,,UTC+0530,S7Wp0spWno,,,12cb14ea-5735-3f7e-0998-3004390d520a.com.samsung.health.exercise.live_data.json,,1.4551495,com.sec.android.app.shealth,,,,,2021-08-11 04:45:59.960,12cb14ea-5735-3f7e-0998-3004390d520a,,
f25ea950-6cc4-e589-0847-28fcd454873e.live_data_internal.json,0,,,,,521.9995,0,,,,,1,0,,,,,1,3609,,0.0,,,,,,3699249,,,,,2021-08-12 03:30:38.800,15005,,,0.0,126.0,30001,,,,139.0,2021-08-12 04:41:34.258,2021-08-12 04:32:20.687,,,2.087,116.05055,114.0,,7155,5683.429,,521.951,149.725,0.0,,UTC+0530,S7Wp0spWno,,,f25ea950-6cc4-e589-0847-28fcd454873e.com.samsung.health.exercise.live_data.json,,1.5363734,com.sec.android.app.shealth,,,,,2021-08-12 04:32:20.420,f25ea950-6cc4-e589-0847-28fcd454873e,,
,0,,,,,202.83,0,,,,,4,0,,,,,0,,,0.0,,,,,,864160,,,,,2021-08-14 13:53:39.425,11007,,,,,,,,,,2021-08-14 14:10:25.299,2021-08-14 14:10:25.299,,,,,,,,,,202.83,,,,UTC+0530,S7Wp0spWno,,,,,,com.sec.android.app.shealth,,,,,2021-08-14 14:08:03.585,91cafc14-8ef0-982f-acc2-5c1c17eec63b,,
,0,,,,,76.0,0,,,,,4,0,,,,,0,,,0.0,,,,,,1094960,,,,f175903f-86c6-e758-839e-26c94b1bdda7.com.samsung.health.exercise.location_data.json,2021-08-14 14:10:40.640,1001,,,,,30001,,,,,2021-08-14 14:29:58.566,2021-08-14 14:29:58.566,,,1.5065432,,,,1664,1266.873,,76.0,,,,UTC+0530,S7Wp0spWno,,,f175903f-86c6-e758-839e-26c94b1bdda7.com.samsung.health.exercise.live_data.json,,1.4127535,com.sec.android.app.shealth,,,,,2021-08-14 14:28:55.600,f175903f-86c6-e758-839e-26c94b1bdda7,,
,0,,,,,210.0,0,,,,,4,0,,,,,0,,,0.0,,,,,,2635740,,,,049f7ae0-4394-2b30-9157-69950f36ec9f.com.samsung.health.exercise.location_data.json,2021-08-20 05:17:43.440,1001,,,,,30001,,,,,2021-08-20 06:02:40.305,2021-08-20 06:02:40.305,,,1.7998091,,,,4574,3374.92,,210.0,,,,UTC+0530,S7Wp0spWno,,,049f7ae0-4394-2b30-9157-69950f36ec9f.com.samsung.health.exercise.live_data.json,,1.5694026,com.sec.android.app.shealth,,,,,2021-08-20 06:01:39.180,049f7ae0-4394-2b30-9157-69950f36ec9f,,
,0,,,,,57.0,0,,,,,4,0,,,,,0,,,0.0,,,,,,853760,,,,26a566ee-9a3a-d3de-0e0f-3d86124132a5.com.samsung.health.exercise.location_data.json,2021-08-19 04:40:23.780,1001,,,,,30001,,,,,2021-08-19 04:55:40.321,2021-08-19 04:55:40.321,,,1.5833334,,,,1187,915.839,,57.0,,,,UTC+0530,S7Wp0spWno,,,26a566ee-9a3a-d3de-0e0f-3d86124132a5.com.samsung.health.exercise.live_data.json,,1.4623502,com.sec.android.app.shealth,,,,,2021-08-19 04:54:37.540,26a566ee-9a3a-d3de-0e0f-3d86124132a5,,
,0,,,,,74.0,0,,,,,4,0,,,,,0,,,0.0,,,,,,1002860,,,,,2021-08-20 04:51:17.380,1001,,,,,30001,,,,,2021-08-20 05:09:03.399,2021-08-20 05:09:03.399,,,1.5833334,,,,1419,1038.243,,74.0,,,,UTC+0530,S7Wp0spWno,,,f70d4b09-7d36-2997-74f1-e9d3b6a304c5.com.samsung.health.exercise.live_data.json,,1.4904698,com.sec.android.app.shealth,,,,,2021-08-20 05:08:00.240,f70d4b09-7d36-2997-74f1-e9d3b6a304c5,,
,0,,,,,87.0,0,,,,,4,0,,,,,0,,,0.0,,,,,,1167920,,,,249d2020-c981-cdaa-3667-90ab7a899746.com.samsung.health.exercise.location_data.json,2021-08-24 12:52:04.140,1001,,,,,30001,,,,,2021-08-24 13:12:35.443,2021-08-24 13:12:35.443,,,1.5,,,,1795,1353.739,,87.0,,,,UTC+0530,S7Wp0spWno,,,249d2020-c981-cdaa-3667-90ab7a899746.com.samsung.health.exercise.live_data.json,,1.3976974,com.sec.android.app.shealth,,,,,2021-08-24 13:11:32.060,249d2020-c981-cdaa-3667-90ab7a899746,,
,0,,,,,65.0,0,,,,,4,0,,,,,0,,,0.0,,,,,,999160,,,,8f88ab39-71cb-511e-27bf-178ca796c8bb.com.samsung.health.exercise.location_data.json,2021-08-25 04:34:33.040,1001,,,,,30001,,,,,2021-08-25 04:52:13.118,2021-08-25 04:52:13.118,,,1.8333334,,,,1381,1073.34,,65.0,,,,UTC+0530,S7Wp0spWno,,,8f88ab39-71cb-511e-27bf-178ca796c8bb.com.samsung.health.exercise.live_data.json,,1.5017942,com.sec.android.app.shealth,,,,,2021-08-25 04:51:12.200,8f88ab39-71cb-511e-27bf-178ca796c8bb,,
6241f198-ac36-db7e-9bb6-4a823990da76.live_data_internal.json,0,,,,,1.4648949,0,,,,,1,0,,,,,0,9,,0.0,,,,,,9029,,,,,2021-08-26 12:57:28.820,15002,,,,104.0,,,,,107.0,2021-08-26 12:57:39.335,2021-08-26 12:57:39.335,,,,,102.0,,,,,1.429,,,,UTC+0530,S7Wp0spWno,,,6241f198-ac36-db7e-9bb6-4a823990da76.com.samsung.health.exercise.live_data.json,,,com.sec.android.app.shealth,,,,,2021-08-26 12:57:39.610,6241f198-ac36-db7e-9bb6-4a823990da76,,
09467d7f-5cc0-2c00-4f9c-a722fdaee9a9.live_data_internal.json,0,,,,,0.22454682,0,,,,,1,0,,,,,0,10,,0.0,,,,,,9109,,,,,2021-08-26 12:15:13.340,15003,,,,78.0,,,,,80.0,2021-08-26 12:15:24.122,2021-08-26 12:15:24.122,,,,,76.0,,,,,0.1857967,,,,UTC+0530,S7Wp0spWno,,,09467d7f-5cc0-2c00-4f9c-a722fdaee9a9.com.samsung.health.exercise.live_data.json,,,com.sec.android.app.shealth,,,,,2021-08-26 12:15:24.350,09467d7f-5cc0-2c00-4f9c-a722fdaee9a9,,
4cc92a82-2e4b-3c8f-e6a2-fd8578afa650.live_data_internal.json,0,,,,,523.4005,0,,,,,1,0,,,,,1,3478,,0.0,,,,,,3601839,,,,,2021-08-26 03:42:00.740,15005,,,0.0,128.0,30001,,,,150.0,2021-08-26 04:45:23.629,2021-08-26 04:42:11.704,,,3.296,107.49509,88.0,,6453,5088.429,,523.211,169.139,0.0,,UTC+0530,S7Wp0spWno,,,4cc92a82-2e4b-3c8f-e6a2-fd8578afa650.com.samsung.health.exercise.live_data.json,,1.4127308,com.sec.android.app.shealth,,,,,2021-08-26 04:42:11.870,4cc92a82-2e4b-3c8f-e6a2-fd8578afa650,,
42408e6f-0d34-a52f-e705-34d237c3122b.live_data_internal.json,0,,,,,503.6318,0,,,,,1,0,,,,,1,3269,,0.0,,,,,,3350849,,,,,2021-08-27 03:44:31.000,15002,,,,135.0,,,,,150.0,2021-08-27 04:54:10.944,2021-08-27 04:40:23.599,,,,,113.0,,,,,503.59,,,,UTC+0530,S7Wp0spWno,,,42408e6f-0d34-a52f-e705-34d237c3122b.com.samsung.health.exercise.live_data.json,,,com.sec.android.app.shealth,,,,,2021-08-27 04:40:23.900,42408e6f-0d34-a52f-e705-34d237c3122b,,
b8d45593-4ddf-2932-1799-a955106ee900.live_data_internal.json,0,,,,,587.9424,0,,,,,1,0,,,,,1,3842,,0.0,,,,,,3941240,,,,,2021-08-28 04:21:04.410,15002,,,,140.0,,,,,161.0,2021-08-28 05:31:28.314,2021-08-28 05:26:47.278,,,,,115.0,,,,,587.904,,,,UTC+0530,S7Wp0spWno,,,b8d45593-4ddf-2932-1799-a955106ee900.com.samsung.health.exercise.live_data.json,,,com.sec.android.app.shealth,,,,,2021-08-28 05:26:47.540,b8d45593-4ddf-2932-1799-a955106ee900,,
,0,,,,,80.0,0,,,,,4,0,,,,,0,,,0.0,,,,,,1118788,,,,,2021-08-28 04:01:26.580,1001,,,,,30001,,,,,2021-08-28 04:21:05.434,2021-08-28 04:21:05.434,,,1.5626211,,,,1702,1312.492,,80.0,,,,UTC+0530,S7Wp0spWno,,,ebcb8531-d570-e810-d12a-2498a5ac4621.com.samsung.health.exercise.live_data.json,,1.4481274,com.sec.android.app.shealth,,,,,2021-08-28 04:20:05.368,ebcb8531-d570-e810-d12a-2498a5ac4621,,
,0,,,,,53.0,0,,,,,4,0,,,,,0,,,0.0,,,,,,825920,,,,13655954-535d-5242-55d6-c45d95ab03af.com.samsung.health.exercise.location_data.json,2021-08-28 13:40:35.460,1001,,,,,30001,,,,,2021-08-28 13:55:22.324,2021-08-28 13:55:22.324,,,1.514147,,,,1129,850.27,,53.0,,,,UTC+0530,S7Wp0spWno,,,13655954-535d-5242-55d6-c45d95ab03af.com.samsung.health.exercise.live_data.json,,1.3911734,com.sec.android.app.shealth,,,,,2021-08-28 13:54:21.380,13655954-535d-5242-55d6-c45d95ab03af,,
4f76c607-cb64-06c3-9c5e-b6cda7fe0350.live_data_internal.json,0,,,,,270.72098,0,,,,,1,0,,,,,1,1755,,0.0,,,,,,1814390,,,,,2021-08-31 04:41:30.990,15002,,,,120.0,,,,,143.0,2021-08-31 05:15:04.849,2021-08-31 05:11:46.983,,,,,87.0,,,,,270.683,,,,UTC+0530,S7Wp0spWno,,,4f76c607-cb64-06c3-9c5e-b6cda7fe0350.com.samsung.health.exercise.live_data.json,,,com.sec.android.app.shealth,,,,,2021-08-31 05:11:47.250,4f76c607-cb64-06c3-9c5e-b6cda7fe0350,,
,0,,,,,70.0,0,,,,,4,0,,,,,0,,,0.0,,,,,,960560,,,,,2021-08-31 03:49:21.900,1001,,,,,30001,,,,,2021-08-31 04:06:26.618,2021-08-31 04:06:26.618,,,2.4669538,,,,1426,1139.019,,70.0,,,,UTC+0530,S7Wp0spWno,,,1abab889-6ea9-f587-d999-029b032b7cf6.com.samsung.health.exercise.live_data.json,,1.6308093,com.sec.android.app.shealth,,,,,2021-08-31 04:05:22.460,1abab889-6ea9-f587-d999-029b032b7cf6,,
91b8b6c3-9862-30a1-5010-c3af0e695668.live_data_internal.json,0,,,,,483.15213,0,,,,,1,0,,,,,1,3153,,0.0,,,,,,3238680,,,,,2021-09-02 03:52:42.940,15002,,,,114.0,,,,,144.0,2021-09-02 04:53:13.924,2021-09-02 04:46:43.696,,,,,81.0,,,,,483.117,,,,UTC+0530,S7Wp0spWno,,,91b8b6c3-9862-30a1-5010-c3af0e695668.com.samsung.health.exercise.live_data.json,,,com.sec.android.app.shealth,,,,,2021-09-02 04:46:43.350,91b8b6c3-9862-30a1-5010-c3af0e695668,,
,0,,,,,52.0,0,,,,,4,0,,,,,0,,,0.0,,,,,,744800,,,,,2021-09-02 03:38:41.300,1001,,,,,30001,,,,,2021-09-02 03:52:09.430,2021-09-02 03:52:09.430,,,1.5277778,,,,1059,816.612,,52.0,,,,UTC+0530,S7Wp0spWno,,,06804b56-bfd6-be62-f468-e89f3c51d0b7.com.samsung.health.exercise.live_data.json,,1.435851,com.sec.android.app.shealth,,,,,2021-09-02 03:51:06.100,06804b56-bfd6-be62-f468-e89f3c51d0b7,,
2d764254-06ea-402c-d215-25c486cfebee.live_data_internal.json,0,,,,,465.64758,0,,,,,1,0,,,,,1,3013,,0.0,,,,,,3121369,,,,,2021-09-01 04:06:01.940,15002,,,,127.0,,,,,147.0,2021-09-01 05:40:13.300,2021-09-01 04:58:05.251,,,,,87.0,,,,,465.609,,,,UTC+0530,S7Wp0spWno,,,2d764254-06ea-402c-d215-25c486cfebee.com.samsung.health.exercise.live_data.json,,,com.sec.android.app.shealth,,,,,2021-09-01 04:58:05.210,2d764254-06ea-402c-d215-25c486cfebee,,
d80be82f-1b5d-d134-cdcd-c845266db8da.live_data_internal.json,0,,,,,364.90363,0,,,,,1,0,,,,,1,2297,,0.0,,,,,,2364940,,,,,2021-09-03 04:01:43.640,15002,,,,123.0,,,,,145.0,2021-09-03 05:02:33.729,2021-09-03 04:51:00.022,,,,,109.0,,,,,352.9,,,,UTC+0530,S7Wp0spWno,,,d80be82f-1b5d-d134-cdcd-c845266db8da.com.samsung.health.exercise.live_data.json,,,com.sec.android.app.shealth,,,,,2021-09-03 04:50:59.840,d80be82f-1b5d-d134-cdcd-c845266db8da,,
,0,,,,,171.76,0,,,,,4,0,,,,,0,,,0.0,,,,,,710560,,,,,2021-09-03 13:52:11.215,11007,,,,,,,,,,2021-09-03 14:06:10.246,2021-09-03 14:06:10.246,,,,,,,,,,171.76,,,,UTC+0530,S7Wp0spWno,,,,,,com.sec.android.app.shealth,,,,,2021-09-03 14:04:01.775,1ac04244-22ef-d6c9-324e-952b297ace44,,
864504fd-5f10-0f7d-0f17-7d5a44c6abf4.live_data_internal.json,0,,,,,415.7707,0,,,,,1,0,,,,,1,2682,,0.0,,,,,,2786890,,,,,2021-09-04 03:48:58.430,15002,,,,134.0,,,,,158.0,2021-09-04 04:41:41.034,2021-09-04 04:35:26.781,,,,,103.0,,,,,415.738,,,,UTC+0530,S7Wp0spWno,,,864504fd-5f10-0f7d-0f17-7d5a44c6abf4.com.samsung.health.exercise.live_data.json,,,com.sec.android.app.shealth,,,,,2021-09-04 04:35:26.930,864504fd-5f10-0f7d-0f17-7d5a44c6abf4,,
f09f1ff1-c8c8-7a9a-50d3-bda8ca1968ab.live_data_internal.json,0,,,,,95.96869,0,,,,,1,0,,,,,1,587,,0.0,,,,,,600713,,,,,2021-09-04 04:35:44.290,15005,,,0.0,137.0,30001,,,,142.0,2021-09-04 04:53:28.198,2021-09-04 04:45:46.804,,,1.713,105.37478,129.0,,1055,822.046,,95.932,131.186,0.0,,UTC+0530,S7Wp0spWno,,,f09f1ff1-c8c8-7a9a-50d3-bda8ca1968ab.com.samsung.health.exercise.live_data.json,,1.3684505,com.sec.android.app.shealth,,,,,2021-09-04 04:45:46.810,f09f1ff1-c8c8-7a9a-50d3-bda8ca1968ab,,
e231ef23-3fcb-caee-33ad-45ce4f6abc27.live_data_internal.json,0,,,,,58.819134,0,,,,,1,0,,,,,1,391,,0.0,,,,,,399801,,,,,2021-09-06 04:43:28.230,15005,,,0.0,131.0,30001,,,,139.0,2021-09-06 04:50:27.948,2021-09-06 04:50:10.130,,,1.791,117.058235,115.0,,780,616.937,,58.782,133.84,0.0,,UTC+0530,S7Wp0spWno,,,e231ef23-3fcb-caee-33ad-45ce4f6abc27.com.samsung.health.exercise.live_data.json,,1.5431103,com.sec.android.app.shealth,,,,,2021-09-06 04:50:09.860,e231ef23-3fcb-caee-33ad-45ce4f6abc27,,
34a2cd6b-dcef-57c7-1572-80b66aa5d7c9.live_data_internal.json,0,,,,,472.0195,0,,,,,1,0,,,,,1,3036,,0.0,,,,,,3164030,,,,,2021-09-06 03:50:21.690,15002,,,,124.0,,,,,155.0,2021-09-06 04:47:49.967,2021-09-06 04:43:07.412,,,,,100.0,,,,,471.985,,,,UTC+0530,S7Wp0spWno,,,34a2cd6b-dcef-57c7-1572-80b66aa5d7c9.com.samsung.health.exercise.live_data.json,,,com.sec.android.app.shealth,,,,,2021-09-06 04:43:07.420,34a2cd6b-dcef-57c7-1572-80b66aa5d7c9,,
2ec378da-f171-4936-55a7-1f0f1599cd52.live_data_internal.json,0,,,,,95.29584,0,,,,,1,0,,,,,1,622,,0.0,,,,,,633390,,,,,2021-09-07 04:42:45.190,15005,,,0.0,131.0,30001,,,,137.0,2021-09-07 05:02:30.382,2021-09-07 04:53:20.998,,,1.745,109.79018,124.0,,1159,907.828,,95.253,131.58,0.0,,UTC+0530,S7Wp0spWno,,,2ec378da-f171-4936-55a7-1f0f1599cd52.com.samsung.health.exercise.live_data.json,,1.4332844,com.sec.android.app.shealth,,,,,2021-09-07 04:53:20.690,2ec378da-f171-4936-55a7-1f0f1599cd52,,
641f27d7-4c94-f7d8-fc66-64e7fb04e3b2.live_data_internal.json,0,,,,,491.7268,0,,,,,1,0,,,,,1,3210,,0.0,,,,,,3296160,,,,,2021-09-07 03:47:30.610,15002,,,,123.0,,,,,154.0,2021-09-07 05:13:39.682,2021-09-07 04:42:29.069,,,,,67.0,,,,,491.687,,,,UTC+0530,S7Wp0spWno,,,641f27d7-4c94-f7d8-fc66-64e7fb04e3b2.com.samsung.health.exercise.live_data.json,,,com.sec.android.app.shealth,,,,,2021-09-07 04:42:28.730,641f27d7-4c94-f7d8-fc66-64e7fb04e3b2,,
60780c49-bd5d-1715-2391-be3ba6cac84d.live_data_internal.json,0,,,,,603.9074,0,,,,,1,0,,,,,1,3942,,0.0,,,,,,4048419,,,,,2021-09-09 03:53:55.780,15002,,,,125.0,,,,,144.0,2021-09-09 05:05:06.963,2021-09-09 05:01:25.529,,,,,89.0,,,,,603.879,,,,UTC+0530,S7Wp0spWno,,,60780c49-bd5d-1715-2391-be3ba6cac84d.com.samsung.health.exercise.live_data.json,,,com.sec.android.app.shealth,,,,,2021-09-09 05:01:25.600,60780c49-bd5d-1715-2391-be3ba6cac84d,,
,0,,,,,48.0,0,,,,,4,0,,,,,0,,,0.0,,,,,,600000,,,,,2021-09-09 03:43:09.060,1001,,,,,30001,,,,,2021-09-09 03:53:56.680,2021-09-09 03:53:56.680,,,1.5435371,,,,986,727.75,,48.0,,,,UTC+0530,S7Wp0spWno,,,68c29c7c-22b4-4c40-19f6-ebf6dbf733d3.com.samsung.health.exercise.live_data.json,,1.4228979,com.sec.android.app.shealth,,,,,2021-09-09 03:53:09.060,68c29c7c-22b4-4c40-19f6-ebf6dbf733d3,,
53033bbc-70f0-779b-b229-3beaa18243bc.live_data_internal.json,0,,,,,235.0091,0,,,,,1,0,,,,,1,1524,,0.0,,,,,,1574960,,,,,2021-09-08 04:11:48.210,15002,,,,118.0,,,,,135.0,2021-09-08 04:43:59.244,2021-09-08 04:38:05.030,,,,,100.0,,,,,234.976,,,,UTC+0530,S7Wp0spWno,,,53033bbc-70f0-779b-b229-3beaa18243bc.com.samsung.health.exercise.live_data.json,,,com.sec.android.app.shealth,,,,,2021-09-08 04:38:04.800,53033bbc-70f0-779b-b229-3beaa18243bc,,
,0,,,,,103.0,0,,,,,4,0,,,,,0,,,0.0,,,,,,1429390,,,,c9b35603-ab62-68b6-6f22-2fa2761088ce.com.samsung.health.exercise.location_data.json,2021-09-09 14:12:56.590,1001,,,,,30001,,,,,2021-09-09 14:37:47.352,2021-09-09 14:37:47.352,,,1.5523597,,,,2492,1919.243,,103.0,,,,UTC+0530,S7Wp0spWno,,,c9b35603-ab62-68b6-6f22-2fa2761088ce.com.samsung.health.exercise.live_data.json,,1.4606723,com.sec.android.app.shealth,,,,,2021-09-09 14:36:45.980,c9b35603-ab62-68b6-6f22-2fa2761088ce,,
bbe4b32d-467d-41b9-cef9-62effb6e64a5.live_data_internal.json,0,,,,,173.7497,0,,,,,1,0,,,,,1,1154,,0.0,,,,,,1200660,,,,,2021-09-08 04:38:34.870,15005,,,0.0,129.0,30001,,,,141.0,2021-09-08 05:00:35.402,2021-09-08 04:58:38.298,,,1.818,110.58917,119.0,,2213,1756.421,,173.703,135.546,0.0,,UTC+0530,S7Wp0spWno,,,bbe4b32d-467d-41b9-cef9-62effb6e64a5.com.samsung.health.exercise.live_data.json,,1.4628795,com.sec.android.app.shealth,,,,,2021-09-08 04:58:37.830,bbe4b32d-467d-41b9-cef9-62effb6e64a5,,
ad0f8a00-0fa4-98fd-1334-e13281f755d6.live_data_internal.json,0,,,,,578.3227,0,,,,,1,0,,,,,1,3177,,0.0,,,,,,3601216,,,,,2021-09-10 04:05:19.050,15005,,,0.0,141.0,30001,,,,155.0,2021-09-10 05:10:37.004,2021-09-10 05:05:25.566,,,2.31,112.528625,85.0,,6754,5372.125,,578.239,143.055,0.0,,UTC+0530,S7Wp0spWno,,,ad0f8a00-0fa4-98fd-1334-e13281f755d6.com.samsung.health.exercise.live_data.json,,1.4917526,com.sec.android.app.shealth,,,,,2021-09-10 05:05:24.390,ad0f8a00-0fa4-98fd-1334-e13281f755d6,,
8b041dc5-d839-6f4b-2195-dcfc213bb727.live_data_internal.json,0,,,,,409.0765,0,,,,,1,0,,,,,1,2472,,0.0,,,,,,2740910,,,,,2021-09-11 04:25:10.020,15002,,,,138.0,,,,,168.0,2021-09-11 05:18:41.774,2021-09-11 05:10:59.451,,,,,84.0,,,,,408.907,,,,UTC+0530,S7Wp0spWno,,,8b041dc5-d839-6f4b-2195-dcfc213bb727.com.samsung.health.exercise.live_data.json,,,com.sec.android.app.shealth,,,,,2021-09-11 05:10:59.280,8b041dc5-d839-6f4b-2195-dcfc213bb727,,
175605c2-9f92-62b9-c7d7-6674164b319b.live_data_internal.json,0,,,,,522.0258,0,,,,,1,0,,,,,1,3413,,0.0,,,,,,3516950,,,,,2021-09-14 03:51:35.790,15002,,,,124.0,,,,,149.0,2021-09-14 04:55:02.961,2021-09-14 04:50:14.026,,,,,84.0,,,,,521.992,,,,UTC+0530,S7Wp0spWno,,,175605c2-9f92-62b9-c7d7-6674164b319b.com.samsung.health.exercise.live_data.json,,,com.sec.android.app.shealth,,,,,2021-09-14 04:50:14.410,175605c2-9f92-62b9-c7d7-6674164b319b,,
,0,,,,,76.0,0,,,,,4,0,,,,,0,,,0.0,,,,,,1165000,,,,dee05325-55c3-b55d-e513-248484db07f4.com.samsung.health.exercise.location_data.json,2021-09-12 07:30:11.380,1001,,,,,30001,,,,,2021-09-12 07:50:39.400,2021-09-12 07:50:39.400,,,1.8333334,,,,1511,1127.573,,76.0,,,,UTC+0530,S7Wp0spWno,,,dee05325-55c3-b55d-e513-248484db07f4.com.samsung.health.exercise.live_data.json,,1.3827444,com.sec.android.app.shealth,,,,,2021-09-12 07:49:36.380,dee05325-55c3-b55d-e513-248484db07f4,,
96f26149-8f06-e8e0-3ead-2905caf9e8d7.live_data_internal.json,0,,,,,453.55682,0,,,,,1,0,,,,,1,2972,,0.0,,,,,,3055030,,,,,2021-09-15 03:52:20.130,15002,,,,116.0,,,,,148.0,2021-09-15 04:48:49.370,2021-09-15 04:43:19.689,,,,,81.0,,,,,453.471,,,,UTC+0530,S7Wp0spWno,,,96f26149-8f06-e8e0-3ead-2905caf9e8d7.com.samsung.health.exercise.live_data.json,,,com.sec.android.app.shealth,,,,,2021-09-15 04:43:19.400,96f26149-8f06-e8e0-3ead-2905caf9e8d7,,
1c1f19bd-4da7-036c-ea68-9b284f6d75a8.live_data_internal.json,0,,,,,435.3299,0,,,,,1,0,,,,,1,2842,,0.0,,,,,,2932519,,,,,2021-09-16 03:36:18.440,15002,,,,125.0,,,,,153.0,2021-09-16 04:30:09.378,2021-09-16 04:25:13.464,,,,,80.0,,,,,435.288,,,,UTC+0530,S7Wp0spWno,,,1c1f19bd-4da7-036c-ea68-9b284f6d75a8.com.samsung.health.exercise.live_data.json,,,com.sec.android.app.shealth,,,,,2021-09-16 04:25:13.030,1c1f19bd-4da7-036c-ea68-9b284f6d75a8,,
,0,,,,,78.0,0,,,,,4,0,,,,,0,,,0.0,,,,,,1182880,,,,40d55f11-5409-7ca2-c5f0-fcf45b304a50.com.samsung.health.exercise.location_data.json,2021-09-15 04:43:33.920,1001,,,,,30001,,,,,2021-09-15 05:04:19.430,2021-09-15 05:04:19.430,,,1.5232862,,,,1677,1282.968,,78.0,,,,UTC+0530,S7Wp0spWno,,,40d55f11-5409-7ca2-c5f0-fcf45b304a50.com.samsung.health.exercise.live_data.json,,1.3842881,com.sec.android.app.shealth,,,,,2021-09-15 05:03:16.800,40d55f11-5409-7ca2-c5f0-fcf45b304a50,,
,0,,,,,77.0,0,,,,,4,0,,,,,0,,,0.0,,,,,,1174060,,,,843827f2-6c4b-b4f3-2fdd-e2f92e900094.com.samsung.health.exercise.location_data.json,2021-09-16 04:25:37.400,1001,,,,,30001,,,,,2021-09-16 04:46:15.310,2021-09-16 04:46:15.310,,,1.8048388,,,,1696,1310.017,,77.0,,,,UTC+0530,S7Wp0spWno,,,843827f2-6c4b-b4f3-2fdd-e2f92e900094.com.samsung.health.exercise.live_data.json,,1.4568256,com.sec.android.app.shealth,,,,,2021-09-16 04:45:11.460,843827f2-6c4b-b4f3-2fdd-e2f92e900094,,
,0,,,,,59.0,0,,,,,4,0,,,,,0,,,0.0,,,,,,887660,,,,,2021-09-17 03:35:47.860,1001,,,,,30001,,,,,2021-09-17 03:51:42.550,2021-09-17 03:51:42.550,,,1.7875072,,,,1154,853.248,,59.0,,,,UTC+0530,S7Wp0spWno,,,2719383e-5392-edc8-5974-76c2a029eb50.com.samsung.health.exercise.live_data.json,,1.4567904,com.sec.android.app.shealth,,,,,2021-09-17 03:50:35.520,2719383e-5392-edc8-5974-76c2a029eb50,,
f41d4e9c-920a-b881-9bb1-40fd8269b7f9.live_data_internal.json,0,,,,,443.05362,0,,,,,1,0,,,,,1,2901,,0.0,,,,,,2984550,,,,,2021-09-17 03:52:23.860,15002,,,,128.0,,,,,148.0,2021-09-17 04:48:17.286,2021-09-17 04:42:10.573,,,,,81.0,,,,,443.017,,,,UTC+0530,S7Wp0spWno,,,f41d4e9c-920a-b881-9bb1-40fd8269b7f9.com.samsung.health.exercise.live_data.json,,,com.sec.android.app.shealth,,,,,2021-09-17 04:42:10.220,f41d4e9c-920a-b881-9bb1-40fd8269b7f9,,
,0,,,,,117.0,0,,,,,4,0,,,,,0,,,0.0,,,,,,1810893,,,,,2021-09-18 03:31:36.240,1001,,,,,30001,,,,,2021-09-18 04:02:47.175,2021-09-18 04:02:47.175,,,2.3704245,,,,2348,1778.772,,117.0,,,,UTC+0530,S7Wp0spWno,,,47bc1e70-d92b-6424-388c-0960f8441a10.com.samsung.health.exercise.live_data.json,,1.4717853,com.sec.android.app.shealth,,,,,2021-09-18 04:01:47.133,47bc1e70-d92b-6424-388c-0960f8441a10,,
1f79e648-9ade-2bc5-339a-a416fcd9dd18.live_data_internal.json,0,,,,,471.42233,0,,,,,1,0,,,,,1,3052,,0.0,,,,,,3175190,,,,,2021-09-18 04:02:46.490,15002,,,,125.0,,,,,159.0,2021-09-18 05:00:38.639,2021-09-18 04:55:46.914,,,,,90.0,,,,,471.31,,,,UTC+0530,S7Wp0spWno,,,1f79e648-9ade-2bc5-339a-a416fcd9dd18.com.samsung.health.exercise.live_data.json,,,com.sec.android.app.shealth,,,,,2021-09-18 04:55:47.230,1f79e648-9ade-2bc5-339a-a416fcd9dd18,,
15e8e509-7f81-6277-4473-bef490157f37.live_data_internal.json,0,,,,,345.97226,0,,,,,1,0,,,,,1,2153,,0.0,,,,,,2330390,,,,,2021-09-20 03:59:23.710,15002,,,,129.0,,,,,151.0,2021-09-20 04:43:47.744,2021-09-20 04:38:15.775,,,,,81.0,,,,,345.933,,,,UTC+0530,S7Wp0spWno,,,15e8e509-7f81-6277-4473-bef490157f37.com.samsung.health.exercise.live_data.json,,,com.sec.android.app.shealth,,,,,2021-09-20 04:38:16.040,15e8e509-7f81-6277-4473-bef490157f37,,
e0206145-5a6b-9588-3483-28dda13066e7.live_data_internal.json,0,,,,,443.71423,0,,,,,1,0,,,,,1,2892,,0.0,,,,,,2989200,,,,,2021-09-22 03:56:53.480,15002,,,,118.0,,,,,134.0,2021-09-22 04:55:06.782,2021-09-22 04:46:44.491,,,,,99.0,,,,,443.677,,,,UTC+0530,S7Wp0spWno,,,e0206145-5a6b-9588-3483-28dda13066e7.com.samsung.health.exercise.live_data.json,,,com.sec.android.app.shealth,,,,,2021-09-22 04:46:44.520,e0206145-5a6b-9588-3483-28dda13066e7,,
a7dfb8f7-143f-85b9-1004-0d7282c49ecc.live_data_internal.json,0,,,,,520.7588,0,,,,,1,0,,,,,1,3408,,0.0,,,,,,3508389,,,,,2021-09-21 03:47:51.270,15002,,,,114.0,,,,,138.0,2021-09-21 04:55:04.256,2021-09-21 04:46:21.991,,,,,82.0,,,,,520.725,,,,UTC+0530,S7Wp0spWno,,,a7dfb8f7-143f-85b9-1004-0d7282c49ecc.com.samsung.health.exercise.live_data.json,,,com.sec.android.app.shealth,,,,,2021-09-21 04:46:21.330,a7dfb8f7-143f-85b9-1004-0d7282c49ecc,,
,0,,,,,49.0,0,,,,,4,0,,,,,0,,,0.0,,,,,,720680,,,,,2021-09-24 03:40:33.820,1001,,,,,30001,,,,,2021-09-24 03:53:39.587,2021-09-24 03:53:39.587,,,1.6134079,,,,938,700.644,,49.0,,,,UTC+0530,S7Wp0spWno,,,a1ec1e45-7c53-deea-297a-1dd87fd95daa.com.samsung.health.exercise.live_data.json,,1.4113075,com.sec.android.app.shealth,,,,,2021-09-24 03:52:34.500,a1ec1e45-7c53-deea-297a-1dd87fd95daa,,
81612f57-a34d-7c6b-4a24-387051f5490b.live_data_internal.json,0,,,,,485.7354,0,,,,,1,0,,,,,1,2770,,0.0,,,,,,3608297,,,,,2021-09-23 03:46:06.590,15005,,,0.0,128.0,30001,,,,151.0,2021-09-23 04:46:28.198,2021-09-23 04:46:16.876,,,3.452,110.645,82.0,,6654,5335.421,,485.689,171.99,0.0,,UTC+0530,S7Wp0spWno,,,81612f57-a34d-7c6b-4a24-387051f5490b.com.samsung.health.exercise.live_data.json,,1.4786536,com.sec.android.app.shealth,,,,,2021-09-23 04:46:17.180,81612f57-a34d-7c6b-4a24-387051f5490b,,
e3b6c116-4f02-a930-52ef-9f5899513c57.live_data_internal.json,0,,,,,535.98114,0,,,,,1,0,,,,,1,3531,,0.0,,,,,,3610080,,,,,2021-09-24 03:56:57.870,15002,,,,121.0,,,,,146.0,2021-09-24 05:07:02.228,2021-09-24 04:57:09.829,,,,,102.0,,,,,535.933,,,,UTC+0530,S7Wp0spWno,,,e3b6c116-4f02-a930-52ef-9f5899513c57.com.samsung.health.exercise.live_data.json,,,com.sec.android.app.shealth,,,,,2021-09-24 04:57:10.330,e3b6c116-4f02-a930-52ef-9f5899513c57,,
,0,,,,,51.0,0,,,,,4,0,,,,,0,,,0.0,,,,,,810680,,,,,2021-09-25 04:09:09.520,1001,,,,,30001,,,,,2021-09-25 04:23:43.391,2021-09-25 04:23:43.391,,,1.5,,,,1047,805.322,,51.0,,,,UTC+0530,S7Wp0spWno,,,e54e45ca-1405-a798-20c5-ed3dfed40f7b.com.samsung.health.exercise.live_data.json,,1.4250528,com.sec.android.app.shealth,,,,,2021-09-25 04:22:40.200,e54e45ca-1405-a798-20c5-ed3dfed40f7b,,
088018a0-2c4b-6021-9b1b-c00d9088e3b8.live_data_internal.json,0,,,,,534.9314,0,,,,,1,0,,,,,1,3303,,0.0,,,,,,3603209,,,,,2021-09-25 04:24:03.980,15002,,,,134.0,,,,,155.0,2021-09-25 05:31:53.071,2021-09-25 05:24:11.992,,,,,86.0,,,,,534.849,,,,UTC+0530,S7Wp0spWno,,,088018a0-2c4b-6021-9b1b-c00d9088e3b8.com.samsung.health.exercise.live_data.json,,,com.sec.android.app.shealth,,,,,2021-09-25 05:24:11.260,088018a0-2c4b-6021-9b1b-c00d9088e3b8,,
,0,,,,,45.0,0,,,,,4,0,,,,,0,,,0.0,,,,,,648240,,,,6eea99d0-2993-7929-88fa-a17a8cf5a4a4.com.samsung.health.exercise.location_data.json,2021-09-27 14:27:30.460,1001,,,,,30001,,,,,2021-09-27 14:39:22.410,2021-09-27 14:39:22.410,,,1.4444444,,,,964,720.468,,45.0,,,,UTC+0530,S7Wp0spWno,,,6eea99d0-2993-7929-88fa-a17a8cf5a4a4.com.samsung.health.exercise.live_data.json,,1.3474631,com.sec.android.app.shealth,,,,,2021-09-27 14:38:18.700,6eea99d0-2993-7929-88fa-a17a8cf5a4a4,,
4cef2fe0-c98a-d5da-b421-d41fde1ced38.live_data_internal.json,0,,,,,691.2487,0,,,,,1,0,,,,,1,3216,,0.0,,,,,,4542200,,,,,2021-09-28 03:38:31.700,15002,,,,120.0,,,,,140.0,2021-09-28 05:18:16.343,2021-09-28 05:08:16.556,,,,,83.0,,,,,674.203,,,,UTC+0530,S7Wp0spWno,,,4cef2fe0-c98a-d5da-b421-d41fde1ced38.com.samsung.health.exercise.live_data.json,,,com.sec.android.app.shealth,,,,,2021-09-28 05:08:16.090,4cef2fe0-c98a-d5da-b421-d41fde1ced38,,
7a553f11-1eda-4a27-30c5-f277d93cb6ef.live_data_internal.json,0,,,,,405.53415,0,,,,,1,0,,,,,1,2654,,0.0,,,,,,2731900,,,,,2021-09-29 04:36:05.940,15002,,,,125.0,,,,,156.0,2021-09-29 05:23:12.765,2021-09-29 05:21:39.697,,,,,89.0,,,,,405.488,,,,UTC+0530,S7Wp0spWno,,,7a553f11-1eda-4a27-30c5-f277d93cb6ef.com.samsung.health.exercise.live_data.json,,,com.sec.android.app.shealth,,,,,2021-09-29 05:21:40.120,7a553f11-1eda-4a27-30c5-f277d93cb6ef,,
70e6669a-6dea-f2d2-0af6-ce6991023e45.live_data_internal.json,0,,,,,380.06967,0,,,,,1,0,,,,,1,2482,,0.0,,,,,,2560060,,,,,2021-09-30 03:47:19.460,15002,,,,119.0,,,,,144.0,2021-09-30 04:36:38.345,2021-09-30 04:30:01.039,,,,,80.0,,,,,380.03,,,,UTC+0530,S7Wp0spWno,,,70e6669a-6dea-f2d2-0af6-ce6991023e45.com.samsung.health.exercise.live_data.json,,,com.sec.android.app.shealth,,,,,2021-09-30 04:30:01.480,70e6669a-6dea-f2d2-0af6-ce6991023e45,,
,0,,,,,79.0,0,,,,,4,0,,,,,0,,,0.0,,,,,,1207090,,,,42159c1d-f661-f9bf-f537-bf9770e120b3.com.samsung.health.exercise.location_data.json,2021-09-30 04:30:17.650,1001,,,,,30001,,,,,2021-09-30 04:51:27.026,2021-09-30 04:51:27.026,,,1.5555556,,,,1615,1244.436,,79.0,,,,UTC+0530,S7Wp0spWno,,,42159c1d-f661-f9bf-f537-bf9770e120b3.com.samsung.health.exercise.live_data.json,,1.4205772,com.sec.android.app.shealth,,,,,2021-09-30 04:50:24.740,42159c1d-f661-f9bf-f537-bf9770e120b3,,
0c8e4e40-f9b3-565d-c055-2e212e5e9279.live_data_internal.json,0,,,,,664.3584,0,,,,,1,0,,,,,1,4364,,0.0,,,,,,4474050,,,,,2021-10-01 03:57:19.350,15002,,,,116.0,,,,,132.0,2021-10-01 05:19:32.075,2021-10-01 05:12:02.304,,,,,85.0,,,,,664.171,,,,UTC+0530,S7Wp0spWno,,,0c8e4e40-f9b3-565d-c055-2e212e5e9279.com.samsung.health.exercise.live_data.json,,,com.sec.android.app.shealth,,,,,2021-10-01 05:12:02.660,0c8e4e40-f9b3-565d-c055-2e212e5e9279,,
d038a616-77f1-21d3-c7c6-c803d73edf99.live_data_internal.json,0,,,,,438.13663,0,,,,,1,0,,,,,1,2773,,0.0,,,,,,2951560,,,,,2021-10-02 04:11:13.320,15002,,,,142.0,,,,,167.0,2021-10-02 05:05:15.882,2021-10-02 05:00:26.695,,,,,113.0,,,,,438.1,,,,UTC+0530,S7Wp0spWno,,,d038a616-77f1-21d3-c7c6-c803d73edf99.com.samsung.health.exercise.live_data.json,,,com.sec.android.app.shealth,,,,,2021-10-02 05:00:26.690,d038a616-77f1-21d3-c7c6-c803d73edf99,,
e543b1b4-faca-8546-ba86-f8e4a1ce9664.live_data_internal.json,0,,,,,535.8241,0,,,,,1,0,,,,,1,2548,,0.0,,,,,,3609810,,,,,2021-10-05 03:53:02.190,15002,,,,127.0,,,,,146.0,2021-10-05 04:55:03.721,2021-10-05 04:53:14.297,,,,,109.0,,,,,535.784,,,,UTC+0530,S7Wp0spWno,,,e543b1b4-faca-8546-ba86-f8e4a1ce9664.com.samsung.health.exercise.live_data.json,,,com.sec.android.app.shealth,,,,,2021-10-05 04:53:13.980,e543b1b4-faca-8546-ba86-f8e4a1ce9664,,
cb5cc48b-00e7-33fd-ccf4-af66fd82fcdc.live_data_internal.json,0,,,,,536.1949,0,,,,,1,0,,,,,1,3463,,0.0,,,,,,3612220,,,,,2021-10-04 03:46:22.830,15002,,,,117.0,,,,,136.0,2021-10-04 04:52:34.157,2021-10-04 04:46:36.865,,,,,82.0,,,,,536.152,,,,UTC+0530,S7Wp0spWno,,,cb5cc48b-00e7-33fd-ccf4-af66fd82fcdc.com.samsung.health.exercise.live_data.json,,,com.sec.android.app.shealth,,,,,2021-10-04 04:46:37.170,cb5cc48b-00e7-33fd-ccf4-af66fd82fcdc,,
af53b876-b4bb-b75f-8a60-188645a47aa1.live_data_internal.json,0,,,,,391.62274,0,,,,,1,0,,,,,1,2508,,0.0,,,,,,2635199,,,,,2021-10-06 03:59:08.780,15002,,,,130.0,,,,,154.0,2021-10-06 04:50:33.017,2021-10-06 04:43:25.714,,,,,79.0,,,,,391.189,,,,UTC+0530,S7Wp0spWno,,,af53b876-b4bb-b75f-8a60-188645a47aa1.com.samsung.health.exercise.live_data.json,,,com.sec.android.app.shealth,,,,,2021-10-06 04:43:25.410,af53b876-b4bb-b75f-8a60-188645a47aa1,,
,0,,,,,62.0,0,,,,,4,0,,,,,0,,,0.0,,,,,,860320,,,,e0729236-1600-1e06-2a8d-06a70367c382.com.samsung.health.exercise.location_data.json,2021-10-06 03:43:21.320,1001,,,,,30001,,,,,2021-10-06 03:58:46.462,2021-10-06 03:58:46.462,,,1.6666666,,,,1351,1057.303,,62.0,,,,UTC+0530,S7Wp0spWno,,,e0729236-1600-1e06-2a8d-06a70367c382.com.samsung.health.exercise.live_data.json,,1.5481782,com.sec.android.app.shealth,,,,,2021-10-06 03:57:41.640,e0729236-1600-1e06-2a8d-06a70367c382,,
a239cc0d-0ac5-81d1-aa79-871d4a2e3f69.live_data_internal.json,0,,,,,94.863304,0,,,,,1,0,,,,,1,557,,0.0,,,,,,715777,,,,,2021-10-07 03:41:51.600,15005,,,0.0,124.0,30001,,,,139.0,2021-10-07 03:56:08.893,2021-10-07 03:53:58.441,,,1.878,116.68439,90.0,,1392,1111.298,,94.64,137.859,0.0,,UTC+0530,S7Wp0spWno,,,a239cc0d-0ac5-81d1-aa79-871d4a2e3f69.com.samsung.health.exercise.live_data.json,,1.5525757,com.sec.android.app.shealth,,,,,2021-10-07 03:53:58.410,a239cc0d-0ac5-81d1-aa79-871d4a2e3f69,,
49386e99-f704-aad0-882e-51bbb21edd8e.live_data_internal.json,0,,,,,54.21516,0,,,,,1,0,,,,,1,420,,0.0,,,,,,441277,,,,,2021-10-08 03:51:25.860,15005,,,0.0,117.0,30001,,,,124.0,2021-10-08 04:09:47.301,2021-10-08 03:58:48.818,,,1.607,17.268064,106.0,,127,93.373,,54.173,123.821,0.0,,UTC+0530,S7Wp0spWno,,,49386e99-f704-aad0-882e-51bbb21edd8e.com.samsung.health.exercise.live_data.json,,0.21159725,com.sec.android.app.shealth,,,,,2021-10-08 03:58:49.220,49386e99-f704-aad0-882e-51bbb21edd8e,,
258809e5-24df-465f-e8fa-39825408e2d3.live_data_internal.json,0,,,,,494.81406,0,,,,,1,0,,,,,1,3254,,0.0,,,,,,3332460,,,,,2021-10-08 03:59:02.020,15002,,,,117.0,,,,,140.0,2021-10-08 05:02:09.833,2021-10-08 04:54:37.759,,,,,93.0,,,,,494.741,,,,UTC+0530,S7Wp0spWno,,,258809e5-24df-465f-e8fa-39825408e2d3.com.samsung.health.exercise.live_data.json,,,com.sec.android.app.shealth,,,,,2021-10-08 04:54:38.090,258809e5-24df-465f-e8fa-39825408e2d3,,
,0,,,,,57.0,0,,,,,4,0,,,,,0,,,0.0,,,,,,822000,,,,3c9ea490-a323-cf83-bbd5-2a97a7e102d5.com.samsung.health.exercise.location_data.json,2021-10-09 16:47:39.380,1001,,,,,30001,,,,,2021-10-09 17:02:23.477,2021-10-09 17:02:23.477,,,1.4722222,,,,1257,948.17,,57.0,,,,UTC+0530,S7Wp0spWno,,,3c9ea490-a323-cf83-bbd5-2a97a7e102d5.com.samsung.health.exercise.live_data.json,,1.3930646,com.sec.android.app.shealth,,,,,2021-10-09 17:01:21.380,3c9ea490-a323-cf83-bbd5-2a97a7e102d5,,
9484c729-0c5a-6234-289a-450426cfa982.live_data_internal.json,0,,,,,416.33386,0,,,,,1,0,,,,,1,2701,,0.0,,,,,,2804700,,,,,2021-10-09 04:41:46.630,15002,,,,131.0,,,,,159.0,2021-10-09 05:32:45.790,2021-10-09 05:28:32.998,,,,,86.0,,,,,416.296,,,,UTC+0530,S7Wp0spWno,,,9484c729-0c5a-6234-289a-450426cfa982.com.samsung.health.exercise.live_data.json,,,com.sec.android.app.shealth,,,,,2021-10-09 05:28:33.200,9484c729-0c5a-6234-289a-450426cfa982,,
,0,,,,,105.0,0,,,,,4,0,,,,,0,,,0.0,,,,,,1526640,,,,18829397-2dc5-7fec-c096-5bf2522299fa.com.samsung.health.exercise.location_data.json,2021-10-11 14:23:39.560,1001,,,,,30001,,,,,2021-10-11 14:50:09.555,2021-10-11 14:50:09.555,,,1.5277778,,,,2308,1751.934,,105.0,,,,UTC+0530,S7Wp0spWno,,,18829397-2dc5-7fec-c096-5bf2522299fa.com.samsung.health.exercise.live_data.json,,1.3860842,com.sec.android.app.shealth,,,,,2021-10-11 14:49:06.200,18829397-2dc5-7fec-c096-5bf2522299fa,,
06125d48-f688-7304-c48a-0fa842f3d9dc.live_data_internal.json,0,,,,,499.15967,0,,,,,1,0,,,,,1,3280,,0.0,,,,,,3362770,,,,,2021-10-12 03:52:08.800,15002,,,,126.0,,,,,144.0,2021-10-12 04:54:42.696,2021-10-12 04:48:13.343,,,,,88.0,,,,,499.119,,,,UTC+0530,S7Wp0spWno,,,06125d48-f688-7304-c48a-0fa842f3d9dc.com.samsung.health.exercise.live_data.json,,,com.sec.android.app.shealth,,,,,2021-10-12 04:48:13.580,06125d48-f688-7304-c48a-0fa842f3d9dc,,
,0,,,,,122.69,0,,,,,4,0,,,,,0,,,0.0,,,,,,600000,,,,,2021-10-12 13:31:49.219,11007,,,,,,,,,,2021-10-12 13:42:07.159,2021-10-12 13:42:07.159,,,,,,,,,,122.69,,,,UTC+0530,S7Wp0spWno,,,,,,com.sec.android.app.shealth,,,,,2021-10-12 13:41:49.219,eb34627f-f5f9-ac9b-6a73-454e25915c09,,
64823749-9e0a-08e0-fb96-8176c6d98aff.live_data_internal.json,0,,,,,516.7233,0,,,,,1,0,,,,,1,3384,,0.0,,,,,,3480989,,,,,2021-10-13 03:37:57.250,15002,,,,126.0,,,,,153.0,2021-10-13 04:45:15.993,2021-10-13 04:36:00.670,,,,,86.0,,,,,516.681,,,,UTC+0530,S7Wp0spWno,,,64823749-9e0a-08e0-fb96-8176c6d98aff.com.samsung.health.exercise.live_data.json,,,com.sec.android.app.shealth,,,,,2021-10-13 04:36:00.330,64823749-9e0a-08e0-fb96-8176c6d98aff,,
6dfb3756-d5ab-dcae-d845-3cb90cf6b092.live_data_internal.json,0,,,,,415.96527,0,,,,,1,0,,,,,1,2715,,0.0,,,,,,2801940,,,,,2021-10-14 03:47:26.040,15002,,,,127.0,,,,,150.0,2021-10-14 04:39:22.140,2021-10-14 04:34:09.631,,,,,111.0,,,,,415.926,,,,UTC+0530,S7Wp0spWno,,,6dfb3756-d5ab-dcae-d845-3cb90cf6b092.com.samsung.health.exercise.live_data.json,,,com.sec.android.app.shealth,,,,,2021-10-14 04:34:09.920,6dfb3756-d5ab-dcae-d845-3cb90cf6b092,,
,0,,,,,63.0,0,,,,,4,0,,,,,0,,,0.0,,,,,,934670,,,,,2021-10-14 04:34:24.610,1001,,,,,30001,,,,,2021-10-14 04:51:02.454,2021-10-14 04:51:02.454,,,1.5833334,,,,1346,1043.61,,63.0,,,,UTC+0530,S7Wp0spWno,,,46c18b0f-23fa-9df1-5b61-d65c496a0170.com.samsung.health.exercise.live_data.json,,1.4694039,com.sec.android.app.shealth,,,,,2021-10-14 04:49:59.280,46c18b0f-23fa-9df1-5b61-d65c496a0170,,
,0,,,,,111.0,0,,,,,4,0,,,,,0,,,0.0,,,,,,1620560,,,,2561c1b4-e6c9-fa38-f31e-69594f31bb23.com.samsung.health.exercise.location_data.json,2021-10-17 14:32:06.640,1001,,,,,30001,,,,,2021-10-17 15:00:08.591,2021-10-17 15:00:08.591,,,1.559617,,,,2427,1842.244,,111.0,,,,UTC+0530,S7Wp0spWno,,,2561c1b4-e6c9-fa38-f31e-69594f31bb23.com.samsung.health.exercise.live_data.json,,1.4471372,com.sec.android.app.shealth,,,,,2021-10-17 14:59:07.200,2561c1b4-e6c9-fa38-f31e-69594f31bb23,,
,0,,,,,55.0,0,,,,,4,0,,,,,0,,,0.0,,,,,,922550,,,,f7012a65-7137-9a90-72ee-f480cf623f4c.com.samsung.health.exercise.location_data.json,2021-10-16 13:59:00.860,1001,,,,,30001,,,,,2021-10-16 14:15:27.352,2021-10-16 14:15:27.352,,,1.6666666,,,,1102,828.33,,55.0,,,,UTC+0530,S7Wp0spWno,,,f7012a65-7137-9a90-72ee-f480cf623f4c.com.samsung.health.exercise.live_data.json,,1.3475217,com.sec.android.app.shealth,,,,,2021-10-16 14:14:23.410,f7012a65-7137-9a90-72ee-f480cf623f4c,,
,0,,,,,60.0,0,,,,,4,0,,,,,0,,,0.0,,,,,,869470,,,,e4657032-c2d0-0f69-67ad-62be4444f356.com.samsung.health.exercise.location_data.json,2021-10-17 14:15:51.040,1001,,,,,30001,,,,,2021-10-17 14:31:25.535,2021-10-17 14:31:25.535,,,1.5314876,,,,1370,1044.626,,60.0,,,,UTC+0530,S7Wp0spWno,,,e4657032-c2d0-0f69-67ad-62be4444f356.com.samsung.health.exercise.live_data.json,,1.4258151,com.sec.android.app.shealth,,,,,2021-10-17 14:30:20.510,e4657032-c2d0-0f69-67ad-62be4444f356,,
6beeaafe-b275-0eed-c5f4-09db2c649647.live_data_internal.json,0,,,,,449.23856,0,,,,,1,0,,,,,1,2919,,0.0,,,,,,3026540,,,,,2021-10-18 03:47:16.940,15002,,,,127.0,,,,,147.0,2021-10-18 04:42:48.712,2021-10-18 04:37:44.884,,,,,87.0,,,,,449.208,,,,UTC+0530,S7Wp0spWno,,,6beeaafe-b275-0eed-c5f4-09db2c649647.com.samsung.health.exercise.live_data.json,,,com.sec.android.app.shealth,,,,,2021-10-18 04:37:44.990,6beeaafe-b275-0eed-c5f4-09db2c649647,,
,0,,,,,46.0,0,,,,,4,0,,,,,0,,,0.0,,,,,,651310,,,,2b75f7cc-8c56-4216-1181-da5eb6204c1b.com.samsung.health.exercise.location_data.json,2021-10-18 04:37:54.450,1001,,,,,30001,,,,,2021-10-18 04:49:50.938,2021-10-18 04:49:50.938,,,1.5651356,,,,1032,798.027,,46.0,,,,UTC+0530,S7Wp0spWno,,,2b75f7cc-8c56-4216-1181-da5eb6204c1b.com.samsung.health.exercise.live_data.json,,1.4245441,com.sec.android.app.shealth,,,,,2021-10-18 04:48:45.760,2b75f7cc-8c56-4216-1181-da5eb6204c1b,,
b228dc35-b020-6ab2-1086-243f9c713770.live_data_internal.json,0,,,,,375.36798,0,,,,,1,0,,,,,1,2454,,0.0,,,,,,2528710,,,,,2021-10-19 03:47:54.340,15002,,,,120.0,,,,,146.0,2021-10-19 04:37:46.620,2021-10-19 04:30:04.308,,,,,100.0,,,,,375.337,,,,UTC+0530,S7Wp0spWno,,,b228dc35-b020-6ab2-1086-243f9c713770.com.samsung.health.exercise.live_data.json,,,com.sec.android.app.shealth,,,,,2021-10-19 04:30:04.580,b228dc35-b020-6ab2-1086-243f9c713770,,
,0,,,,,112.0,0,,,,,4,0,,,,,0,,,0.0,,,,,,1727390,,,,b7876b06-e3b5-879d-0612-6650abb67777.com.samsung.health.exercise.location_data.json,2021-10-19 04:30:24.470,1001,,,,,30001,,,,,2021-10-19 05:00:18.508,2021-10-19 05:00:18.508,,,1.692435,,,,2329,1821.438,,112.0,,,,UTC+0530,S7Wp0spWno,,,b7876b06-e3b5-879d-0612-6650abb67777.com.samsung.health.exercise.live_data.json,,1.4923044,com.sec.android.app.shealth,,,,,2021-10-19 04:59:11.860,b7876b06-e3b5-879d-0612-6650abb67777,,
,0,,,,,43.0,0,,,,,4,0,,,,,0,,,0.0,,,,,,658900,,,,5b8a1526-03de-528e-c3ea-fe589e37e833.com.samsung.health.exercise.location_data.json,2021-10-20 04:37:12.260,1001,,,,,30001,,,,,2021-10-20 04:49:13.377,2021-10-20 04:49:13.377,,,1.5277778,,,,888,687.334,,43.0,,,,UTC+0530,S7Wp0spWno,,,5b8a1526-03de-528e-c3ea-fe589e37e833.com.samsung.health.exercise.live_data.json,,1.4728545,com.sec.android.app.shealth,,,,,2021-10-20 04:48:11.160,5b8a1526-03de-528e-c3ea-fe589e37e833,,
c9d2b160-5332-4352-f2dd-2ee267b20e24.live_data_internal.json,0,,,,,415.7278,0,,,,,1,0,,,,,1,2723,,0.0,,,,,,2800580,,,,,2021-10-20 03:50:20.180,15002,,,,132.0,,,,,152.0,2021-10-20 04:42:55.832,2021-10-20 04:37:02.822,,,,,112.0,,,,,415.692,,,,UTC+0530,S7Wp0spWno,,,c9d2b160-5332-4352-f2dd-2ee267b20e24.com.samsung.health.exercise.live_data.json,,,com.sec.android.app.shealth,,,,,2021-10-20 04:37:02.530,c9d2b160-5332-4352-f2dd-2ee267b20e24,,
a5cb411c-3ce2-f5cd-0d5d-4b1ce620c87a.live_data_internal.json,0,,,,,534.9387,0,,,,,1,0,,,,,1,3326,,0.0,,,,,,3603340,,,,,2021-10-22 03:35:40.280,15002,,,,122.0,,,,,145.0,2021-10-22 04:40:42.427,2021-10-22 04:35:47.631,,,,,85.0,,,,,534.861,,,,UTC+0530,S7Wp0spWno,,,a5cb411c-3ce2-f5cd-0d5d-4b1ce620c87a.com.samsung.health.exercise.live_data.json,,,com.sec.android.app.shealth,,,,,2021-10-22 04:35:47.460,a5cb411c-3ce2-f5cd-0d5d-4b1ce620c87a,,
,0,,,,,190.17,0,,,,,4,0,,,,,0,,,0.0,,,,,,807840,,,,,2021-10-22 14:21:58.197,11007,,,,,,,,,,2021-10-22 14:37:45.365,2021-10-22 14:37:45.365,,,,,,,,,,190.17,,,,UTC+0530,S7Wp0spWno,,,,,,com.sec.android.app.shealth,,,,,2021-10-22 14:35:26.037,13bf520f-050e-30a5-cd6f-3f6b8c76b19e,,
8a5c91d6-a234-7b7b-4f8c-30a20377795d.live_data_internal.json,0,,,,,577.94574,0,,,,,1,0,,,,,1,3778,,0.0,,,,,,3893810,,,,,2021-10-23 04:12:22.260,15002,,,,134.0,,,,,155.0,2021-10-23 05:24:02.534,2021-10-23 05:17:17.579,,,,,98.0,,,,,577.915,,,,UTC+0530,S7Wp0spWno,,,8a5c91d6-a234-7b7b-4f8c-30a20377795d.com.samsung.health.exercise.live_data.json,,,com.sec.android.app.shealth,,,,,2021-10-23 05:17:17.590,8a5c91d6-a234-7b7b-4f8c-30a20377795d,,
,0,,,,,51.0,0,,,,,4,0,,,,,0,,,0.0,,,,,,681800,,,,2070a03e-ada8-a957-bf0d-6b0687ecd882.com.samsung.health.exercise.location_data.json,2021-10-23 17:34:00.260,1001,,,,,30001,,,,,2021-10-23 17:46:24.344,2021-10-23 17:46:24.344,,,1.4408114,,,,1148,879.053,,51.0,,,,UTC+0530,S7Wp0spWno,,,2070a03e-ada8-a957-bf0d-6b0687ecd882.com.samsung.health.exercise.live_data.json,,1.4009254,com.sec.android.app.shealth,,,,,2021-10-23 17:45:22.060,2070a03e-ada8-a957-bf0d-6b0687ecd882,,
e0473d6d-a863-752e-22b2-b059d2920eb8.live_data_internal.json,0,,,,,535.7616,0,,,,,1,0,,,,,1,3371,,0.0,,,,,,3609560,,,,,2021-10-26 03:37:56.380,15002,,,,128.0,,,,,154.0,2021-10-26 04:38:46.549,2021-10-26 04:38:07.175,,,,,88.0,,,,,535.728,,,,UTC+0530,S7Wp0spWno,,,e0473d6d-a863-752e-22b2-b059d2920eb8.com.samsung.health.exercise.live_data.json,,,com.sec.android.app.shealth,,,,,2021-10-26 04:38:07.600,e0473d6d-a863-752e-22b2-b059d2920eb8,,
22aa1245-7d4e-4383-faa4-f6b856a653f7.live_data_internal.json,0,,,,,535.65344,0,,,,,1,0,,,,,1,3490,,0.0,,,,,,3608639,,,,,2021-10-25 03:48:08.540,15002,,,,119.0,,,,,139.0,2021-10-25 04:55:03.534,2021-10-25 04:48:18.906,,,,,80.0,,,,,535.618,,,,UTC+0530,S7Wp0spWno,,,22aa1245-7d4e-4383-faa4-f6b856a653f7.com.samsung.health.exercise.live_data.json,,,com.sec.android.app.shealth,,,,,2021-10-25 04:48:18.930,22aa1245-7d4e-4383-faa4-f6b856a653f7,,
4edeb9c8-62b2-15cb-bacb-37a79ed08684.live_data_internal.json,0,,,,,382.40057,0,,,,,1,0,,,,,1,2504,,0.0,,,,,,2576150,,,,,2021-10-27 03:56:47.150,15002,,,,123.0,,,,,144.0,2021-10-27 04:49:05.206,2021-10-27 04:39:45.184,,,,,105.0,,,,,382.368,,,,UTC+0530,S7Wp0spWno,,,4edeb9c8-62b2-15cb-bacb-37a79ed08684.com.samsung.health.exercise.live_data.json,,,com.sec.android.app.shealth,,,,,2021-10-27 04:39:44.910,4edeb9c8-62b2-15cb-bacb-37a79ed08684,,
1eb8610a-37ad-8bd2-c8a6-51f5c23fb27e.live_data_internal.json,0,,,,,454.68964,0,,,,,1,0,,,,,1,2878,,0.0,,,,,,3063179,,,,,2021-10-29 04:24:00.460,15002,,,,117.0,,,,,145.0,2021-10-29 05:20:37.624,2021-10-29 05:15:05.200,,,,,80.0,,,,,454.654,,,,UTC+0530,S7Wp0spWno,,,1eb8610a-37ad-8bd2-c8a6-51f5c23fb27e.com.samsung.health.exercise.live_data.json,,,com.sec.android.app.shealth,,,,,2021-10-29 05:15:05.400,1eb8610a-37ad-8bd2-c8a6-51f5c23fb27e,,
,0,,,,,48.0,0,,,,,4,0,,,,,0,,,0.0,,,,,,736620,,,,bd99ddb1-82f4-24d9-530e-6bafa1e69898.com.samsung.health.exercise.location_data.json,2021-10-29 05:15:32.480,1001,,,,,30001,,,,,2021-10-29 05:28:53.544,2021-10-29 05:28:53.544,,,1.6388888,,,,883,683.173,,48.0,,,,UTC+0530,S7Wp0spWno,,,bd99ddb1-82f4-24d9-530e-6bafa1e69898.com.samsung.health.exercise.live_data.json,,1.5088148,com.sec.android.app.shealth,,,,,2021-10-29 05:27:49.100,bd99ddb1-82f4-24d9-530e-6bafa1e69898,,
,0,,,,,41.0,0,,,,,4,0,,,,,0,,,0.0,,,,,,756540,,,,,2021-10-28 14:19:22.280,1001,,,,,30001,,,,,2021-10-28 14:33:03.532,2021-10-28 14:33:03.532,,,1.4526666,,,,948,698.199,,41.0,,,,UTC+0530,S7Wp0spWno,,,c20915d3-d958-d46f-0b00-3ea80691c56e.com.samsung.health.exercise.live_data.json,,1.2761863,com.sec.android.app.shealth,,,,,2021-10-28 14:31:58.820,c20915d3-d958-d46f-0b00-3ea80691c56e,,
97e4e610-aaeb-9482-c428-f3c06df32e31.live_data_internal.json,0,,,,,542.6437,0,,,,,1,0,,,,,1,3716,,0.0,,,,,,3820470,,,,,2021-10-28 03:40:10.860,15005,,,0.0,127.0,30001,,,,149.0,2021-10-28 04:54:56.424,2021-10-28 04:43:53.852,,,1.831,111.269035,107.0,,7085,5582.101,,542.604,134.363,0.0,,UTC+0530,S7Wp0spWno,,,97e4e610-aaeb-9482-c428-f3c06df32e31.com.samsung.health.exercise.live_data.json,,1.4611032,com.sec.android.app.shealth,,,,,2021-10-28 04:43:53.290,97e4e610-aaeb-9482-c428-f3c06df32e31,,
a6e3db65-145b-0591-7c5b-eefbde16bef8.live_data_internal.json,0,,,,,118.72025,0,,,,,1,0,,,,,1,760,,0.0,,,,,,798970,,,,,2021-10-30 04:24:48.140,15002,,,,137.0,,,,,155.0,2021-10-30 04:45:07.080,2021-10-30 04:38:09.029,,,,,118.0,,,,,118.682,,,,UTC+0530,S7Wp0spWno,,,a6e3db65-145b-0591-7c5b-eefbde16bef8.com.samsung.health.exercise.live_data.json,,,com.sec.android.app.shealth,,,,,2021-10-30 04:38:09.000,a6e3db65-145b-0591-7c5b-eefbde16bef8,,
9504bd60-5e42-1617-c508-b7db973149bf.live_data_internal.json,0,,,,,296.543,0,,,,,1,0,,,,,1,1908,,0.0,,,,,,1998379,,,,,2021-10-30 03:38:51.060,15002,,,,136.0,,,,,162.0,2021-10-30 04:15:45.226,2021-10-30 04:14:06.273,,,,,89.0,,,,,296.543,,,,UTC+0530,S7Wp0spWno,,,9504bd60-5e42-1617-c508-b7db973149bf.com.samsung.health.exercise.live_data.json,,,com.sec.android.app.shealth,,,,,2021-10-30 04:12:09.440,9504bd60-5e42-1617-c508-b7db973149bf,,
,0,,,,,165.63,0,,,,,4,0,,,,,0,,,0.0,,,,,,690080,,,,,2021-11-01 14:17:34.227,11007,,,,,,,,,,2021-11-01 14:31:19.258,2021-11-01 14:31:19.258,,,,,,,,,,165.63,,,,UTC+0530,S7Wp0spWno,,,,,,com.sec.android.app.shealth,,,,,2021-11-01 14:29:04.307,a996805f-3f2d-cc01-9b2e-dc2659d86d9a,,
7119ab2b-b8c2-49ed-d567-7d92992a1b86.live_data_internal.json,0,,,,,565.50464,0,,,,,1,0,,,,,1,3666,,0.0,,,,,,3809989,,,,,2021-11-01 03:42:59.180,15002,,,,118.0,,,,,154.0,2021-11-01 04:55:03.876,2021-11-01 04:46:31.243,,,,,83.0,,,,,565.469,,,,UTC+0530,S7Wp0spWno,,,7119ab2b-b8c2-49ed-d567-7d92992a1b86.com.samsung.health.exercise.live_data.json,,,com.sec.android.app.shealth,,,,,2021-11-01 04:46:30.930,7119ab2b-b8c2-49ed-d567-7d92992a1b86,,
7b60db7c-7dd9-5390-8f60-2775b854e689.live_data_internal.json,0,,,,,451.21555,0,,,,,1,0,,,,,1,2949,,0.0,,,,,,3039899,,,,,2021-11-02 03:53:00.550,15002,,,,127.0,,,,,155.0,2021-11-02 04:47:24.309,2021-11-02 04:43:42.294,,,,,100.0,,,,,451.187,,,,UTC+0530,S7Wp0spWno,,,7b60db7c-7dd9-5390-8f60-2775b854e689.com.samsung.health.exercise.live_data.json,,,com.sec.android.app.shealth,,,,,2021-11-02 04:43:41.860,7b60db7c-7dd9-5390-8f60-2775b854e689,,
58e4131f-e56e-f053-918e-86a07387b360.live_data_internal.json,0,,,,,325.08472,0,,,,,1,0,,,,,1,2115,,0.0,,,,,,2190000,,,,,2021-11-03 04:06:50.960,15002,,,,123.0,,,,,152.0,2021-11-03 04:48:49.997,2021-11-03 04:43:22.268,,,,,75.0,,,,,325.058,,,,UTC+0530,S7Wp0spWno,,,58e4131f-e56e-f053-918e-86a07387b360.com.samsung.health.exercise.live_data.json,,,com.sec.android.app.shealth,,,,,2021-11-03 04:43:22.280,58e4131f-e56e-f053-918e-86a07387b360,,
c1de4f77-ec8f-5e67-db33-c38f98d3740c.live_data_internal.json,0,,,,,544.00415,0,,,,,1,0,,,,,1,3568,,0.0,,,,,,3665160,,,,,2021-11-06 03:40:19.040,15002,,,,133.0,,,,,153.0,2021-11-06 04:47:02.331,2021-11-06 04:41:25.281,,,,,112.0,,,,,543.976,,,,UTC+0530,S7Wp0spWno,,,c1de4f77-ec8f-5e67-db33-c38f98d3740c.com.samsung.health.exercise.live_data.json,,,com.sec.android.app.shealth,,,,,2021-11-06 04:41:25.590,c1de4f77-ec8f-5e67-db33-c38f98d3740c,,
2ec3c053-cec4-96fc-e145-f0f8cac8f065.live_data_internal.json,0,,,,,481.6705,0,,,,,1,0,,,,,1,3149,,0.0,,,,,,3245190,,,,,2021-11-08 03:40:44.610,15002,,,,119.0,,,,,140.0,2021-11-08 04:44:09.769,2021-11-08 04:34:50.762,,,,,85.0,,,,,481.644,,,,UTC+0530,S7Wp0spWno,,,2ec3c053-cec4-96fc-e145-f0f8cac8f065.com.samsung.health.exercise.live_data.json,,,com.sec.android.app.shealth,,,,,2021-11-08 04:34:51.110,2ec3c053-cec4-96fc-e145-f0f8cac8f065,,
3fc80468-d097-4846-e3e3-543ed5e31ae2.live_data_internal.json,0,,,,,371.91385,0,,,,,1,0,,,,,1,2431,,0.0,,,,,,2505299,,,,,2021-11-09 03:52:47.440,15002,,,,127.0,,,,,144.0,2021-11-09 04:37:42.550,2021-11-09 04:34:33.997,,,,,101.0,,,,,371.875,,,,UTC+0530,S7Wp0spWno,,,3fc80468-d097-4846-e3e3-543ed5e31ae2.com.samsung.health.exercise.live_data.json,,,com.sec.android.app.shealth,,,,,2021-11-09 04:34:34.660,3fc80468-d097-4846-e3e3-543ed5e31ae2,,
,0,,,,,86.0,0,,,,,4,0,,,,,0,,,0.0,,,,,,1105080,,,,,2021-11-11 04:26:05.080,1001,,,,,30001,,,,,2021-11-11 04:45:32.292,2021-11-11 04:45:32.292,,,1.5557774,,,,1996,1496.106,,86.0,,,,UTC+0530,S7Wp0spWno,,,ee896144-5979-b2ce-4cf4-027524901ea0.com.samsung.health.exercise.live_data.json,,1.5058162,com.sec.android.app.shealth,,,,,2021-11-11 04:44:30.160,ee896144-5979-b2ce-4cf4-027524901ea0,,
073fd54a-b53d-20e6-9114-18e38f34f2df.live_data_internal.json,0,,,,,391.4688,0,,,,,1,0,,,,,1,2495,,0.0,,,,,,2637140,,,,,2021-11-11 03:41:39.640,15002,,,,119.0,,,,,146.0,2021-11-11 04:31:29.191,2021-11-11 04:25:38.200,,,,,100.0,,,,,391.434,,,,UTC+0530,S7Wp0spWno,,,073fd54a-b53d-20e6-9114-18e38f34f2df.com.samsung.health.exercise.live_data.json,,,com.sec.android.app.shealth,,,,,2021-11-11 04:25:38.500,073fd54a-b53d-20e6-9114-18e38f34f2df,,
c31b1c02-4d89-274f-755e-58aed66d7188.live_data_internal.json,0,,,,,404.60495,0,,,,,1,0,,,,,1,2626,,0.0,,,,,,2725760,,,,,2021-11-13 04:23:05.240,15002,,,,139.0,,,,,156.0,2021-11-13 05:15:02.886,2021-11-13 05:08:31.799,,,,,119.0,,,,,404.576,,,,UTC+0530,S7Wp0spWno,,,c31b1c02-4d89-274f-755e-58aed66d7188.com.samsung.health.exercise.live_data.json,,,com.sec.android.app.shealth,,,,,2021-11-13 05:08:32.430,c31b1c02-4d89-274f-755e-58aed66d7188,,
3381ce01-4aab-d39e-a5c9-456b412f5f35.live_data_internal.json,0,,,,,441.6656,0,,,,,1,0,,,,,1,2870,,0.0,,,,,,2975310,,,,,2021-11-12 03:55:21.520,15002,,,,111.0,,,,,133.0,2021-11-12 04:52:30.697,2021-11-12 04:44:58.352,,,,,82.0,,,,,441.632,,,,UTC+0530,S7Wp0spWno,,,3381ce01-4aab-d39e-a5c9-456b412f5f35.com.samsung.health.exercise.live_data.json,,,com.sec.android.app.shealth,,,,,2021-11-12 04:44:58.490,3381ce01-4aab-d39e-a5c9-456b412f5f35,,
ab722998-6748-776f-ad56-6ab1ffcc73fb.live_data_internal.json,0,,,,,537.9268,0,,,,,1,0,,,,,1,3491,,0.0,,,,,,3624110,,,,,2021-11-15 03:43:29.970,15002,,,,110.0,,,,,139.0,2021-11-15 04:54:56.571,2021-11-15 04:43:55.632,,,,,73.0,,,,,537.892,,,,UTC+0530,S7Wp0spWno,,,ab722998-6748-776f-ad56-6ab1ffcc73fb.com.samsung.health.exercise.live_data.json,,,com.sec.android.app.shealth,,,,,2021-11-15 04:43:55.800,ab722998-6748-776f-ad56-6ab1ffcc73fb,,
af3d9c91-1b4c-e015-b493-0ec59b6740c0.live_data_internal.json,0,,,,,551.5894,0,,,,,1,0,,,,,1,3172,,0.0,,,,,,3716220,,,,,2021-11-16 03:42:13.700,15002,,,,132.0,,,,,167.0,2021-11-16 04:46:26.669,2021-11-16 04:44:11.587,,,,,82.0,,,,,551.556,,,,UTC+0530,S7Wp0spWno,,,af3d9c91-1b4c-e015-b493-0ec59b6740c0.com.samsung.health.exercise.live_data.json,,,com.sec.android.app.shealth,,,,,2021-11-16 04:44:11.570,af3d9c91-1b4c-e015-b493-0ec59b6740c0,,
e83c2562-c055-29d5-b2ef-2fc70d075ba6.live_data_internal.json,0,,,,,463.69394,0,,,,,1,0,,,,,1,2892,,0.0,,,,,,2989510,,,,,2021-11-17 03:42:18.850,15002,,,,119.0,,,,,147.0,2021-11-17 04:55:42.236,2021-11-17 04:48:27.919,,,,,77.0,,,,,443.859,,,,UTC+0530,S7Wp0spWno,,,e83c2562-c055-29d5-b2ef-2fc70d075ba6.com.samsung.health.exercise.live_data.json,,,com.sec.android.app.shealth,,,,,2021-11-17 04:48:28.360,e83c2562-c055-29d5-b2ef-2fc70d075ba6,,
,0,,,,,49.0,0,,,,,4,0,,,,,0,,,0.0,,,,,,825380,,,,01bf9ce0-5dde-6332-17fd-e689d4bef42d.com.samsung.health.exercise.location_data.json,2021-11-19 04:57:08.160,1001,,,,,30001,,,,,2021-11-19 05:11:57.473,2021-11-19 05:11:57.473,,,1.6944444,,,,995,763.659,,49.0,,,,UTC+0530,S7Wp0spWno,,,01bf9ce0-5dde-6332-17fd-e689d4bef42d.com.samsung.health.exercise.live_data.json,,1.5119375,com.sec.android.app.shealth,,,,,2021-11-19 05:10:53.540,01bf9ce0-5dde-6332-17fd-e689d4bef42d,,
7c2fd7ab-f6d3-fb92-0cca-8978c61e4945.live_data_internal.json,0,,,,,541.15936,0,,,,,1,0,,,,,1,3449,,0.0,,,,,,3644770,,,,,2021-11-19 03:55:50.170,15002,,,,120.0,,,,,137.0,2021-11-19 05:02:38.604,2021-11-19 04:56:42.689,,,,,82.0,,,,,541.01,,,,UTC+0530,S7Wp0spWno,,,7c2fd7ab-f6d3-fb92-0cca-8978c61e4945.com.samsung.health.exercise.live_data.json,,,com.sec.android.app.shealth,,,,,2021-11-19 04:56:42.320,7c2fd7ab-f6d3-fb92-0cca-8978c61e4945,,
abebdd43-e496-6b9c-b525-ed4df8b2dea0.live_data_internal.json,0,,,,,463.66995,0,,,,,1,0,,,,,1,2984,,0.0,,,,,,3123880,,,,,2021-11-23 03:56:29.940,15002,,,,124.0,,,,,152.0,2021-11-23 04:54:09.103,2021-11-23 04:48:35.356,,,,,69.0,,,,,463.64,,,,UTC+0530,S7Wp0spWno,,,abebdd43-e496-6b9c-b525-ed4df8b2dea0.com.samsung.health.exercise.live_data.json,,,com.sec.android.app.shealth,,,,,2021-11-23 04:48:35.300,abebdd43-e496-6b9c-b525-ed4df8b2dea0,,
884f8219-82df-ef65-c4a2-8e628a9fc89e.live_data_internal.json,0,,,,,473.65616,0,,,,,1,0,,,,,1,3077,,0.0,,,,,,3191090,,,,,2021-11-24 03:46:16.650,15002,,,,124.0,,,,,142.0,2021-11-24 04:47:28.197,2021-11-24 04:39:28.740,,,,,88.0,,,,,473.626,,,,UTC+0530,S7Wp0spWno,,,884f8219-82df-ef65-c4a2-8e628a9fc89e.com.samsung.health.exercise.live_data.json,,,com.sec.android.app.shealth,,,,,2021-11-24 04:39:29.230,884f8219-82df-ef65-c4a2-8e628a9fc89e,,
3c606151-34c0-66a4-3f44-19ba65691ef4.live_data_internal.json,0,,,,,603.47876,0,,,,,1,0,,,,,1,3965,,0.0,,,,,,4065889,,,,,2021-11-26 03:50:24.670,15002,,,,124.0,,,,,147.0,2021-11-26 05:02:08.604,2021-11-26 04:58:12.625,,,,,67.0,,,,,603.449,,,,UTC+0530,S7Wp0spWno,,,3c606151-34c0-66a4-3f44-19ba65691ef4.com.samsung.health.exercise.live_data.json,,,com.sec.android.app.shealth,,,,,2021-11-26 04:58:12.030,3c606151-34c0-66a4-3f44-19ba65691ef4,,
,0,,,,,1.6208723,0,,,,,1,0,,,,,0,0,,0.0,,,,,,10140,,,,,2021-11-25 07:19:28.330,15002,,,,,,,,,,2021-11-25 07:19:40.638,2021-11-25 07:19:40.638,,,,,,,,,,1.581,,,,UTC+0530,S7Wp0spWno,,,,,,com.sec.android.app.shealth,,,,,2021-11-25 07:19:40.440,f937a46f-e012-d75d-0c81-9dd13662b92b,,
2476157e-a4c5-9f31-d9fe-accf93ea485b.live_data_internal.json,0,,,,,430.21594,0,,,,,1,0,,,,,1,2716,,0.0,,,,,,2789840,,,,,2021-11-27 04:37:03.390,15005,,,0.0,134.0,30001,,,,157.0,2021-11-27 05:29:53.502,2021-11-27 05:23:34.607,,,3.086,102.070366,108.0,,4746,3711.221,,430.186,163.618,0.0,,UTC+0530,S7Wp0spWno,,,2476157e-a4c5-9f31-d9fe-accf93ea485b.com.samsung.health.exercise.live_data.json,,1.330263,com.sec.android.app.shealth,,,,,2021-11-27 05:23:34.710,2476157e-a4c5-9f31-d9fe-accf93ea485b,,
7d231b90-1108-87f0-8e78-0eb2295df0a6.live_data_internal.json,0,,,,,505.50015,0,,,,,1,0,,,,,1,3274,,0.0,,,,,,3404280,,,,,2021-11-29 03:52:13.720,15002,,,,129.0,,,,,153.0,2021-11-29 05:05:06.797,2021-11-29 04:49:04.811,,,,,76.0,,,,,505.37,,,,UTC+0530,S7Wp0spWno,,,7d231b90-1108-87f0-8e78-0eb2295df0a6.com.samsung.health.exercise.live_data.json,,,com.sec.android.app.shealth,,,,,2021-11-29 04:49:04.430,7d231b90-1108-87f0-8e78-0eb2295df0a6,,
d85150f7-ab2c-762d-d7b3-b466d61eda92.live_data_internal.json,0,,,,,116.465996,0,,,,d85150f7-ab2c-762d-d7b3-b466d61eda92.sensing_status.json,7,0,,,,,0,64,,0.0,,,d85150f7-ab2c-762d-d7b3-b466d61eda92.location_data_internal.json,,,721260,,,,d85150f7-ab2c-762d-d7b3-b466d61eda92.com.samsung.health.exercise.location_data.json,2021-12-04 06:28:03.940,1001,,20.041103,,98.0,30001,,20.041103,,117.0,2021-12-04 07:00:47.022,2021-12-04 07:00:47.022,,,1.5149252,75.07101,81.0,,896,673.075,,91.343,75.07101,,,UTC+0530,S7Wp0spWno,,,d85150f7-ab2c-762d-d7b3-b466d61eda92.com.samsung.health.exercise.live_data.json,,0.9331933,com.sec.android.app.shealth,,,,,2021-12-04 07:00:46.470,d85150f7-ab2c-762d-d7b3-b466d61eda92,,
0cf73363-ae36-60b2-2c59-2f8290f2f097.live_data_internal.json,0,,,,,435.95688,0,,,,0cf73363-ae36-60b2-2c59-2f8290f2f097.sensing_status.json,1,0,,,,,1,2950,,0.0,,,,,,3004770,,,,,2021-12-01 03:49:04.900,15002,,,,128.0,,,,,160.0,2021-12-01 04:39:19.924,2021-12-01 04:39:12.025,,,,,105.0,,,,,435.9,,,,UTC+0530,S7Wp0spWno,,,0cf73363-ae36-60b2-2c59-2f8290f2f097.com.samsung.health.exercise.live_data.json,,,com.sec.android.app.shealth,,,,,2021-12-01 04:39:12.480,0cf73363-ae36-60b2-2c59-2f8290f2f097,,
0da8e40d-af4e-444c-ac97-716fb1621fe2.live_data_internal.json,0,,,,,360.68817,0,,,,0da8e40d-af4e-444c-ac97-716fb1621fe2.sensing_status.json,1,0,,,,,1,3429,,0.0,,,,,,3607948,,,,,2021-12-02 03:59:46.160,15005,,,0.0,127.0,30001,,,,139.0,2021-12-02 05:00:04.778,2021-12-02 04:59:55.716,,,1.848,106.78092,88.0,,6421,4967.201,,360.659,139.489,0.0,,UTC+0530,S7Wp0spWno,,,0da8e40d-af4e-444c-ac97-716fb1621fe2.com.samsung.health.exercise.live_data.json,,1.3767385,com.sec.android.app.shealth,,,,,2021-12-02 04:59:55.550,0da8e40d-af4e-444c-ac97-716fb1621fe2,,
ddc7d1bd-65f0-bd73-6a63-0469471684c3.live_data_internal.json,0,,,,,122.87,0,,,,,4,0,,,,,0,12,,0.0,,,,,,731040,,,,,2021-12-02 14:15:49.204,11007,,,,123.0,,,,,129.0,2021-12-02 14:30:22.064,2021-12-02 14:30:22.064,,,,,119.0,,,,,122.87,,,,UTC+0530,S7Wp0spWno,,,ddc7d1bd-65f0-bd73-6a63-0469471684c3.com.samsung.health.exercise.live_data.json,,,com.sec.android.app.shealth,,,,,2021-12-02 14:28:00.244,ddc7d1bd-65f0-bd73-6a63-0469471684c3,,
8ce1c215-5d7f-4c15-381b-c86671fca1d4.live_data_internal.json,0,,,,,531.16504,0,,,,8ce1c215-5d7f-4c15-381b-c86671fca1d4.sensing_status.json,1,0,,,,,1,4005,,0.0,,,,,,4116970,,,,,2021-12-03 03:44:15.660,15002,,,,119.0,,,,,147.0,2021-12-03 04:53:00.171,2021-12-03 04:52:54.236,,,,,104.0,,,,,531.13,,,,UTC+0530,S7Wp0spWno,,,8ce1c215-5d7f-4c15-381b-c86671fca1d4.com.samsung.health.exercise.live_data.json,,,com.sec.android.app.shealth,,,,,2021-12-03 04:52:54.360,8ce1c215-5d7f-4c15-381b-c86671fca1d4,,
ab94bb0a-0564-6ac5-7550-535be82f65d2.live_data_internal.json,0,,,,,539.7753,0,,,,,1,0,,,,,1,3479,,0.0,,,,,,3635880,,,,,2021-11-30 03:43:49.750,15002,,,,123.0,,,,,155.0,2021-11-30 04:59:56.350,2021-11-30 04:44:27.490,,,,,79.0,,,,,539.732,,,,UTC+0530,S7Wp0spWno,,,ab94bb0a-0564-6ac5-7550-535be82f65d2.com.samsung.health.exercise.live_data.json,,,com.sec.android.app.shealth,,,,,2021-11-30 04:44:27.770,ab94bb0a-0564-6ac5-7550-535be82f65d2,,
31710bf4-6d01-74fa-bdd4-7aa9a54098c8.live_data_internal.json,0,,,,,53.088448,0,,,,31710bf4-6d01-74fa-bdd4-7aa9a54098c8.sensing_status.json,7,0,,,,,0,64,,0.0,,,31710bf4-6d01-74fa-bdd4-7aa9a54098c8.location_data_internal.json,,,631620,,,,31710bf4-6d01-74fa-bdd4-7aa9a54098c8.com.samsung.health.exercise.location_data.json,2021-12-05 11:17:06.700,1001,,,,132.0,30001,,,,143.0,2021-12-05 11:27:42.802,2021-12-05 11:27:42.802,,,1.5277778,84.45486,116.0,,889,672.78,,53.0,,,,UTC+0530,S7Wp0spWno,,,31710bf4-6d01-74fa-bdd4-7aa9a54098c8.com.samsung.health.exercise.live_data.json,,1.0651658,com.sec.android.app.shealth,,,,,2021-12-05 11:27:42.690,31710bf4-6d01-74fa-bdd4-7aa9a54098c8,,
9a237b2d-c155-a4cc-00ca-e27cfa68e631.live_data_internal.json,0,,,,,517.9227,0,,,,9a237b2d-c155-a4cc-00ca-e27cfa68e631.sensing_status.json,1,0,,,,,1,3483,,0.0,,,,,,3611860,,,,,2021-12-06 03:50:02.630,15002,,,,128.0,,,,,153.0,2021-12-06 04:50:23.642,2021-12-06 04:50:16.694,,,,,88.0,,,,,517.88,,,,UTC+0530,S7Wp0spWno,,,9a237b2d-c155-a4cc-00ca-e27cfa68e631.com.samsung.health.exercise.live_data.json,,,com.sec.android.app.shealth,,,,,2021-12-06 04:50:16.600,9a237b2d-c155-a4cc-00ca-e27cfa68e631,,
056027e3-e9fc-32d4-9fbc-3c423c0eb135.live_data_internal.json,0,,,,,437.78827,0,,,,056027e3-e9fc-32d4-9fbc-3c423c0eb135.sensing_status.json,1,0,,,,,1,2923,,0.0,,,,,,3000310,,,,,2021-12-07 03:53:18.300,15002,,,,128.0,,,,,153.0,2021-12-07 04:43:26.432,2021-12-07 04:43:20.374,,,,,79.0,,,,,437.75,,,,UTC+0530,S7Wp0spWno,,,056027e3-e9fc-32d4-9fbc-3c423c0eb135.com.samsung.health.exercise.live_data.json,,,com.sec.android.app.shealth,,,,,2021-12-07 04:43:20.500,056027e3-e9fc-32d4-9fbc-3c423c0eb135,,
f716518c-a8c7-b037-9d93-05effd41e2c4.live_data_internal.json,0,,,,,579.06824,0,,,,f716518c-a8c7-b037-9d93-05effd41e2c4.sensing_status.json,1,0,,,,,1,3333,,0.0,,,,,,3510410,,,,,2021-12-08 03:43:58.880,15002,,,,139.0,,,,,165.0,2021-12-08 04:42:43.722,2021-12-08 04:42:35.634,,,,,117.0,,,,,578.93,,,,UTC+0530,S7Wp0spWno,,,f716518c-a8c7-b037-9d93-05effd41e2c4.com.samsung.health.exercise.live_data.json,,,com.sec.android.app.shealth,,,,,2021-12-08 04:42:36.120,f716518c-a8c7-b037-9d93-05effd41e2c4,,
5d2daeef-1251-d83b-94b5-2d1a153cf517.live_data_internal.json,0,,,,,117.71834,0,,,,5d2daeef-1251-d83b-94b5-2d1a153cf517.sensing_status.json,1,0,,,,,1,479,,0.0,,,,,,1138295,,,,,2021-12-09 03:56:39.020,15005,,,0.0,115.0,30001,,,,129.0,2021-12-09 04:15:45.097,2021-12-09 04:15:37.578,,,1.9,108.68887,71.0,,2062,1655.505,,117.698,138.087,0.0,,UTC+0530,S7Wp0spWno,,,5d2daeef-1251-d83b-94b5-2d1a153cf517.com.samsung.health.exercise.live_data.json,,1.4543725,com.sec.android.app.shealth,,,,,2021-12-09 04:15:38.320,5d2daeef-1251-d83b-94b5-2d1a153cf517,,
be0c77bc-38cd-4623-bdca-7cefa067b23c.live_data_internal.json,0,,,,,132.28824,0,,,,be0c77bc-38cd-4623-bdca-7cefa067b23c.sensing_status.json,1,0,,,,,1,1276,,0.0,,,,,,1321200,,,,,2021-12-09 04:16:02.130,15005,,,0.0,132.0,30001,,,,147.0,2021-12-09 04:38:12.977,2021-12-09 04:38:04.546,,,1.903,100.59681,111.0,,2214,1766.134,,132.251,138.007,0.0,,UTC+0530,S7Wp0spWno,,,be0c77bc-38cd-4623-bdca-7cefa067b23c.com.samsung.health.exercise.live_data.json,,1.336765,com.sec.android.app.shealth,,,,,2021-12-09 04:38:05.170,be0c77bc-38cd-4623-bdca-7cefa067b23c,,
c1e2b5e9-da16-f40a-f92e-f0fbfb2214b7.live_data_internal.json,0,,,,,390.67044,0,,,,c1e2b5e9-da16-f40a-f92e-f0fbfb2214b7.sensing_status.json,1,0,,,,,1,2425,,0.0,,,,,,2598450,,,,,2021-12-10 04:24:02.490,15002,,,,133.0,,,,,156.0,2021-12-10 05:07:31.993,2021-12-10 05:07:24.269,,,,,73.0,,,,,390.6,,,,UTC+0530,S7Wp0spWno,,,c1e2b5e9-da16-f40a-f92e-f0fbfb2214b7.com.samsung.health.exercise.live_data.json,,,com.sec.android.app.shealth,,,,,2021-12-10 05:07:24.420,c1e2b5e9-da16-f40a-f92e-f0fbfb2214b7,,
8f860ea5-a62b-95c0-1bb4-2a129aa7ed1b.live_data_internal.json,0,,,,,285.04514,0,,,,8f860ea5-a62b-95c0-1bb4-2a129aa7ed1b.sensing_status.json,1,0,,,,,1,1745,,0.0,,,,,,1811870,,,,,2021-12-13 04:12:30.740,15002,,,,137.0,,,,,161.0,2021-12-13 04:42:50.392,2021-12-13 04:42:44.840,,,,,61.0,,,,,285.0,,,,UTC+0530,S7Wp0spWno,,,8f860ea5-a62b-95c0-1bb4-2a129aa7ed1b.com.samsung.health.exercise.live_data.json,,,com.sec.android.app.shealth,,,,,2021-12-13 04:42:44.840,8f860ea5-a62b-95c0-1bb4-2a129aa7ed1b,,
020ebe62-6858-624c-3f38-070b06af22f0.live_data_internal.json,0,,,,,127.74295,0,,,,020ebe62-6858-624c-3f38-070b06af22f0.sensing_status.json,1,0,,,,,1,605,,0.0,,,,,,1408370,,,,,2021-12-13 03:48:27.620,15002,,,,123.0,,,,,139.0,2021-12-13 04:12:05.585,2021-12-13 04:11:59.100,,,,,112.0,,,,,127.68,,,,UTC+0530,S7Wp0spWno,,,020ebe62-6858-624c-3f38-070b06af22f0.com.samsung.health.exercise.live_data.json,,,com.sec.android.app.shealth,,,,,2021-12-13 04:11:59.100,020ebe62-6858-624c-3f38-070b06af22f0,,
31133dbf-c8ad-f9ec-fed7-a7674194f9d0.live_data_internal.json,0,,,,,413.91763,0,,,,31133dbf-c8ad-f9ec-fed7-a7674194f9d0.sensing_status.json,1,0,,,,,1,2399,,0.0,,,,,,2546540,,,,,2021-12-16 03:55:08.040,15002,,,,139.0,,,,,161.0,2021-12-16 04:37:44.133,2021-12-16 04:37:36.829,,,,,99.0,,,,,413.88,,,,UTC+0530,S7Wp0spWno,,,31133dbf-c8ad-f9ec-fed7-a7674194f9d0.com.samsung.health.exercise.live_data.json,,,com.sec.android.app.shealth,,,,,2021-12-16 04:37:36.440,31133dbf-c8ad-f9ec-fed7-a7674194f9d0,,
efadc3aa-2e6b-2341-dfdc-563ddcc23f1b.live_data_internal.json,0,,,,,64.0,0,,,,,4,0,,,,,0,37,,0.0,,,,,,636740,,,,,2021-12-20 04:46:17.340,1001,,,,112.0,30001,,,,134.0,2021-12-20 04:58:24.648,2021-12-20 04:58:24.648,,,1.6705477,,82.0,,1030,814.252,,64.0,,,,UTC+0530,S7Wp0spWno,,,efadc3aa-2e6b-2341-dfdc-563ddcc23f1b.com.samsung.health.exercise.live_data.json,,1.5149276,com.sec.android.app.shealth,,,,,2021-12-20 04:56:54.080,efadc3aa-2e6b-2341-dfdc-563ddcc23f1b,,
9db5f770-f956-1fd6-735e-c9ae37dd0307.live_data_internal.json,0,,,,,316.7662,0,,,,9db5f770-f956-1fd6-735e-c9ae37dd0307.sensing_status.json,1,0,,,,,1,2087,,0.0,,,,,,2181900,,,,,2021-12-20 03:48:29.560,15002,,,,129.0,,,,,149.0,2021-12-20 04:25:24.455,2021-12-20 04:25:16.477,,,,,99.0,,,,,316.26,,,,UTC+0530,S7Wp0spWno,,,9db5f770-f956-1fd6-735e-c9ae37dd0307.com.samsung.health.exercise.live_data.json,,,com.sec.android.app.shealth,,,,,2021-12-20 04:25:16.470,9db5f770-f956-1fd6-735e-c9ae37dd0307,,
592613dc-5bec-030c-33e1-50743f59d61b.live_data_internal.json,0,,,,,517.46014,0,,,,592613dc-5bec-030c-33e1-50743f59d61b.sensing_status.json,1,0,,,,,1,3525,,0.0,,,,,,3607200,,,,,2021-12-21 03:50:50.150,15002,,,,129.0,,,,,153.0,2021-12-21 04:51:05.883,2021-12-21 04:50:58.208,,,,,111.0,,,,,517.43,,,,UTC+0530,S7Wp0spWno,,,592613dc-5bec-030c-33e1-50743f59d61b.com.samsung.health.exercise.live_data.json,,,com.sec.android.app.shealth,,,,,2021-12-21 04:50:58.840,592613dc-5bec-030c-33e1-50743f59d61b,,
3feace31-5393-418e-4b3b-464bb2a4df1d.live_data_internal.json,0,,,,,252.08914,0,,,,3feace31-5393-418e-4b3b-464bb2a4df1d.sensing_status.json,1,0,,,,,1,1969,,0.0,,,,,,2058540,,,,,2021-12-22 04:05:35.920,15002,,,,115.0,,,,,137.0,2021-12-22 04:40:03.219,2021-12-22 04:39:55.841,,,,,72.0,,,,,252.06,,,,UTC+0530,S7Wp0spWno,,,3feace31-5393-418e-4b3b-464bb2a4df1d.com.samsung.health.exercise.live_data.json,,,com.sec.android.app.shealth,,,,,2021-12-22 04:39:55.900,3feace31-5393-418e-4b3b-464bb2a4df1d,,
242237ea-c53a-a457-b313-c78d9a7dc377.live_data_internal.json,0,,,,,456.03183,0,,,,242237ea-c53a-a457-b313-c78d9a7dc377.sensing_status.json,1,0,,,,,1,3482,,0.0,,,,,,3607400,,,,,2021-12-24 03:56:18.350,15002,,,,118.0,,,,,148.0,2021-12-24 04:56:35.184,2021-12-24 04:56:27.626,,,,,76.0,,,,,455.98,,,,UTC+0530,S7Wp0spWno,,,242237ea-c53a-a457-b313-c78d9a7dc377.com.samsung.health.exercise.live_data.json,,,com.sec.android.app.shealth,,,,,2021-12-24 04:56:28.310,242237ea-c53a-a457-b313-c78d9a7dc377,,
752e08ab-d064-cb72-75fa-21b172a9cbde.live_data_internal.json,0,,,,,426.61414,0,,,,752e08ab-d064-cb72-75fa-21b172a9cbde.sensing_status.json,1,0,,,,,1,3349,,0.0,,,,,,3423160,,,,,2021-12-25 04:06:49.900,15002,,,,116.0,,,,,143.0,2021-12-25 05:04:02.758,2021-12-25 05:03:54.809,,,,,98.0,,,,,426.57,,,,UTC+0530,S7Wp0spWno,,,752e08ab-d064-cb72-75fa-21b172a9cbde.com.samsung.health.exercise.live_data.json,,,com.sec.android.app.shealth,,,,,2021-12-25 05:03:55.240,752e08ab-d064-cb72-75fa-21b172a9cbde,,
3be11113-7287-74d3-9802-749ac2159eac.live_data_internal.json,0,,,,,420.26477,0,,,,3be11113-7287-74d3-9802-749ac2159eac.sensing_status.json,1,0,,,,,1,2778,,0.0,,,,,,2838680,,,,,2021-12-28 03:59:10.940,15002,,,,131.0,,,,,166.0,2021-12-28 04:46:39.990,2021-12-28 04:46:32.173,,,,,109.0,,,,,420.2,,,,UTC+0530,S7Wp0spWno,,,3be11113-7287-74d3-9802-749ac2159eac.com.samsung.health.exercise.live_data.json,,,com.sec.android.app.shealth,,,,,2021-12-28 04:46:32.820,3be11113-7287-74d3-9802-749ac2159eac,,
eeb0fa4c-5c83-f6ec-1d15-12ea0c198664.live_data_internal.json,0,,,,,459.54715,0,,,,eeb0fa4c-5c83-f6ec-1d15-12ea0c198664.sensing_status.json,1,0,,,,,1,2792,,0.0,,,,,,2881600,,,,,2021-12-29 03:51:32.740,15002,,,,136.0,,,,,167.0,2021-12-29 04:39:43.446,2021-12-29 04:39:36.766,,,,,99.0,,,,,459.5,,,,UTC+0530,S7Wp0spWno,,,eeb0fa4c-5c83-f6ec-1d15-12ea0c198664.com.samsung.health.exercise.live_data.json,,,com.sec.android.app.shealth,,,,,2021-12-29 04:39:36.670,eeb0fa4c-5c83-f6ec-1d15-12ea0c198664,,
a04c3301-41d0-c440-62f3-ed37e76d2ece.live_data_internal.json,0,,,,,367.14032,0,,,,a04c3301-41d0-c440-62f3-ed37e76d2ece.sensing_status.json,1,0,,,,,1,2671,,0.0,,,,,,2719770,,,,,2021-12-30 03:52:32.170,15002,,,,121.0,,,,,142.0,2021-12-30 04:47:14.062,2021-12-30 04:47:05.782,,,,,107.0,,,,,355.92,,,,UTC+0530,S7Wp0spWno,,,a04c3301-41d0-c440-62f3-ed37e76d2ece.com.samsung.health.exercise.live_data.json,,,com.sec.android.app.shealth,,,,,2021-12-30 04:47:06.310,a04c3301-41d0-c440-62f3-ed37e76d2ece,,
cdfe55c1-918b-57ed-72b5-39ac6b615820.live_data_internal.json,0,,,,,263.7725,0,,,,cdfe55c1-918b-57ed-72b5-39ac6b615820.sensing_status.json,1,0,,,,,1,2121,,0.0,,,,,,2140740,,,,,2021-12-31 03:51:51.880,15002,,,,116.0,,,,,137.0,2021-12-31 04:27:41.700,2021-12-31 04:27:34.436,,,,,101.0,,,,,263.73,,,,UTC+0530,S7Wp0spWno,,,cdfe55c1-918b-57ed-72b5-39ac6b615820.com.samsung.health.exercise.live_data.json,,,com.sec.android.app.shealth,,,,,2021-12-31 04:27:34.720,cdfe55c1-918b-57ed-72b5-39ac6b615820,,
,0,,,,,4.622775,0,,,,75e83471-db99-2a70-6d77-4342ea0718b8.sensing_status.json,1,0,,,,,0,0,,0.0,,,,,,14830,,,,,2021-12-31 13:08:48.200,15006,,,,,,,,,,2021-12-31 13:11:42.229,2021-12-31 13:11:42.229,,,,,,,,,,1.4,,,,UTC+0530,S7Wp0spWno,,,,,,com.sec.android.app.shealth,,,,,2021-12-31 13:11:42.260,75e83471-db99-2a70-6d77-4342ea0718b8,,
,0,,,,,174.0,0,,,,,4,0,,,,,0,,,0.0,,,,,,657750,,,,,2022-01-07 06:20:15.660,0,,,,,,,,,,2022-01-07 06:32:15.681,2022-01-07 06:32:15.681,,,,,,,,,,174.0,,,,UTC+0530,S7Wp0spWno,,,,,,com.sec.android.app.shealth,,,,,2022-01-07 06:31:13.410,04563fa1-74ae-4c75-dcbe-553790c18eac,,
,0,,,,,81.06,0,,,,,4,0,,,,,0,,,0.0,,,,,,600000,,,,,2022-01-10 12:19:23.530,11007,,,,,,,,,,2022-01-10 12:30:34.575,2022-01-10 12:30:34.575,,,,,,,,,,81.06,,,,UTC+0530,S7Wp0spWno,,,,,,com.sec.android.app.shealth,,,,,2022-01-10 12:29:23.530,f1350d3d-b2f3-cb5c-cf81-0e9457c9db93,,
e7c6a397-c6cd-1ccc-72dc-629bb324134d.live_data_internal.json,0,,,,,483.30563,0,,,,e7c6a397-c6cd-1ccc-72dc-629bb324134d.sensing_status.json,1,0,,,,,1,2971,,0.0,,,,,,3419990,,,,,2022-01-19 03:45:45.240,15002,,,,130.0,,,,,158.0,2022-01-19 04:42:55.092,2022-01-19 04:42:46.726,,,,,92.0,,,,,483.27,,,,UTC+0530,S7Wp0spWno,,,e7c6a397-c6cd-1ccc-72dc-629bb324134d.com.samsung.health.exercise.live_data.json,,,com.sec.android.app.shealth,,,,,2022-01-19 04:42:46.990,e7c6a397-c6cd-1ccc-72dc-629bb324134d,,
1d64168c-b98b-8625-a8d8-88e2a13c0e46.live_data_internal.json,0,,,,,242.48988,0,,,,1d64168c-b98b-8625-a8d8-88e2a13c0e46.sensing_status.json,1,0,,,,,1,1739,,0.0,,,,,,1806300,,,,,2022-01-20 03:54:51.340,15002,,,,121.0,,,,,144.0,2022-01-20 04:25:06.450,2022-01-20 04:24:59.445,,,,,81.0,,,,,242.45,,,,UTC+0530,S7Wp0spWno,,,1d64168c-b98b-8625-a8d8-88e2a13c0e46.com.samsung.health.exercise.live_data.json,,,com.sec.android.app.shealth,,,,,2022-01-20 04:24:59.610,1d64168c-b98b-8625-a8d8-88e2a13c0e46,,
,0,,,,,128.0,0,,,,,4,0,,,,,0,,,0.0,,,,,,636070,,,,,2022-01-23 06:32:18.000,0,,,,,,,,,,2022-01-23 06:43:58.143,2022-01-23 06:43:58.143,,,,,,,,,,128.0,,,,UTC+0530,S7Wp0spWno,,,,,,com.sec.android.app.shealth,,,,,2022-01-23 06:42:54.070,053d4d9f-d3a4-b814-3585-bc36122f59a8,,
,0,,,,,382.0,0,,,,,4,0,,,,,0,,,0.0,,,,,,1269680,,,,,2022-01-23 05:47:46.560,0,,,,,,,,,,2022-01-23 06:10:04.415,2022-01-23 06:10:04.415,,,,,,,,,,382.0,,,,UTC+0530,S7Wp0spWno,,,,,,com.sec.android.app.shealth,,,,,2022-01-23 06:08:56.240,cfd532c8-ccf7-5c77-8532-5beedd565ccc,,
acd8f144-61af-b64f-3079-90bf73d34a0c.live_data_internal.json,0,,,,,215.91,0,,,,acd8f144-61af-b64f-3079-90bf73d34a0c.sensing_status.json,1,0,,,,,1,797,,0.0,,,,,,2921830,,,,,2022-01-24 03:49:42.830,15002,,,,122.0,,,,,146.0,2022-01-24 04:38:31.355,2022-01-24 04:38:24.744,,,,,101.0,,,,,215.91,,,,UTC+0530,S7Wp0spWno,,,acd8f144-61af-b64f-3079-90bf73d34a0c.com.samsung.health.exercise.live_data.json,,,com.sec.android.app.shealth,,,,,2022-01-24 04:38:24.660,acd8f144-61af-b64f-3079-90bf73d34a0c,,
6dd24f36-fcb2-8a0e-fcf0-d44594bb197b.live_data_internal.json,0,,,,,64.0,0,,,,,4,0,,,,,0,53,,0.0,,,,,,701212,,,,,2022-01-24 03:38:02.900,1001,,,,130.0,30001,,,,134.0,2022-01-24 03:49:44.719,2022-01-24 03:49:44.719,,,1.6944444,,118.0,,1254,992.236,,64.0,,,,UTC+0530,S7Wp0spWno,,,6dd24f36-fcb2-8a0e-fcf0-d44594bb197b.com.samsung.health.exercise.live_data.json,,1.6148067,com.sec.android.app.shealth,,,,,2022-01-24 03:49:44.112,6dd24f36-fcb2-8a0e-fcf0-d44594bb197b,,
e279aef4-8070-d113-3556-f0dbd1976ffe.live_data_internal.json,0,,,,,60.0,0,,,,,4,0,,,,,0,47,,0.0,,,e279aef4-8070-d113-3556-f0dbd1976ffe.location_data_internal.json,,,646130,,,,e279aef4-8070-d113-3556-f0dbd1976ffe.com.samsung.health.exercise.location_data.json,2022-01-24 04:39:31.420,1001,,,,112.0,30001,,,,127.0,2022-01-24 04:51:55.736,2022-01-24 04:51:55.736,,,1.5833334,,84.0,,769,595.968,,60.0,,,,UTC+0530,S7Wp0spWno,,,e279aef4-8070-d113-3556-f0dbd1976ffe.com.samsung.health.exercise.live_data.json,,1.4098816,com.sec.android.app.shealth,,,,,2022-01-24 04:50:17.550,e279aef4-8070-d113-3556-f0dbd1976ffe,,
4bfb028f-8235-a5dd-3fa8-c59c1b2ce356.live_data_internal.json,0,,,,,111.0,0,,,,,4,0,,,,,0,101,,0.0,,,4bfb028f-8235-a5dd-3fa8-c59c1b2ce356.location_data_internal.json,,,1196170,,,,4bfb028f-8235-a5dd-3fa8-c59c1b2ce356.com.samsung.health.exercise.location_data.json,2022-01-25 06:31:03.380,1001,,,,88.0,30001,,,,114.0,2022-01-25 06:52:38.660,2022-01-25 06:52:38.660,,,1.5289023,,69.0,,1376,1046.866,,111.0,,,,UTC+0530,S7Wp0spWno,,,4bfb028f-8235-a5dd-3fa8-c59c1b2ce356.com.samsung.health.exercise.live_data.json,,1.3366463,com.sec.android.app.shealth,,,,,2022-01-25 06:50:59.550,4bfb028f-8235-a5dd-3fa8-c59c1b2ce356,,
9f5693a4-b620-b299-657d-de6ae6f1e4e7.live_data_internal.json,0,,,,,70.0,0,,,,,4,0,,,,,0,56,,0.0,,,9f5693a4-b620-b299-657d-de6ae6f1e4e7.location_data_internal.json,,,771340,,,,9f5693a4-b620-b299-657d-de6ae6f1e4e7.com.samsung.health.exercise.location_data.json,2022-01-25 04:48:14.590,1001,,,,103.0,30001,,,,122.0,2022-01-25 05:02:44.633,2022-01-25 05:02:44.633,,,1.5675,,87.0,,906,696.149,,70.0,,,,UTC+0530,S7Wp0spWno,,,9f5693a4-b620-b299-657d-de6ae6f1e4e7.com.samsung.health.exercise.live_data.json,,1.4759848,com.sec.android.app.shealth,,,,,2022-01-25 05:01:05.930,9f5693a4-b620-b299-657d-de6ae6f1e4e7,,
ada8ca59-3b64-536d-868b-2a52421bb8ee.live_data_internal.json,0,,,,,452.5827,0,,,,ada8ca59-3b64-536d-868b-2a52421bb8ee.sensing_status.json,1,0,,,,,1,2967,,0.0,,,,,,3051610,,,,,2022-01-27 03:51:41.290,15002,,,,131.0,,,,,157.0,2022-01-27 04:42:41.842,2022-01-27 04:42:34.553,,,,,105.0,,,,,452.54,,,,UTC+0530,S7Wp0spWno,,,ada8ca59-3b64-536d-868b-2a52421bb8ee.com.samsung.health.exercise.live_data.json,,,com.sec.android.app.shealth,,,,,2022-01-27 04:42:35.010,ada8ca59-3b64-536d-868b-2a52421bb8ee,,
41f5faba-03e6-d9e5-8342-2fc457c37050.live_data_internal.json,0,,,,,67.0,0,,,,,4,0,,,,,0,49,,0.0,,,41f5faba-03e6-d9e5-8342-2fc457c37050.location_data_internal.json,,,636150,,,,41f5faba-03e6-d9e5-8342-2fc457c37050.com.samsung.health.exercise.location_data.json,2022-01-31 04:38:57.530,1001,,,,122.0,30001,,,,137.0,2022-01-31 04:51:05.055,2022-01-31 04:51:05.055,,,1.582382,,112.0,,725,548.07,,67.0,,,,UTC+0530,S7Wp0spWno,,,41f5faba-03e6-d9e5-8342-2fc457c37050.com.samsung.health.exercise.live_data.json,,1.4230838,com.sec.android.app.shealth,,,,,2022-01-31 04:49:33.680,41f5faba-03e6-d9e5-8342-2fc457c37050,,
f8987fa4-f7ab-5e6d-0ee6-66d0a0725a19.live_data_internal.json,0,,,,,78.0,0,,,,,4,0,,,,,0,72,,0.0,,,,,,899601,,,,,2022-01-31 03:33:52.200,1001,,,,116.0,30001,,,,124.0,2022-01-31 03:48:52.241,2022-01-31 03:48:52.241,,,1.6111112,,106.0,,1355,1063.978,,78.0,,,,UTC+0530,S7Wp0spWno,,,f8987fa4-f7ab-5e6d-0ee6-66d0a0725a19.com.samsung.health.exercise.live_data.json,,1.4632849,com.sec.android.app.shealth,,,,,2022-01-31 03:48:51.801,f8987fa4-f7ab-5e6d-0ee6-66d0a0725a19,,
49b22e38-a9e8-bf0b-93bf-593e4e9c3f51.live_data_internal.json,0,,,,,361.23602,0,,,,49b22e38-a9e8-bf0b-93bf-593e4e9c3f51.sensing_status.json,1,0,,,,,1,2433,,0.0,,,,,,2994530,,,,,2022-01-31 03:48:51.060,15002,,,,121.0,,,,,143.0,2022-01-31 04:38:53.935,2022-01-31 04:38:46.744,,,,,106.0,,,,,361.2,,,,UTC+0530,S7Wp0spWno,,,49b22e38-a9e8-bf0b-93bf-593e4e9c3f51.com.samsung.health.exercise.live_data.json,,,com.sec.android.app.shealth,,,,,2022-01-31 04:38:47.370,49b22e38-a9e8-bf0b-93bf-593e4e9c3f51,,
bd592cad-9f38-57f1-72c9-61aa4b1ccfa2.live_data_internal.json,0,,,,,257.21844,0,,,,bd592cad-9f38-57f1-72c9-61aa4b1ccfa2.sensing_status.json,1,0,,,,,1,2397,,0.0,,,,,,2476990,,,,,2022-02-03 04:01:02.570,15005,,,0.0,125.0,30001,,,,142.0,2022-02-03 04:42:30.572,2022-02-03 04:42:21.436,,,1.795,112.152794,113.0,,4629,3643.007,,257.18,132.907,0.0,,UTC+0530,S7Wp0spWno,,,bd592cad-9f38-57f1-72c9-61aa4b1ccfa2.com.samsung.health.exercise.live_data.json,,1.4707395,com.sec.android.app.shealth,,,,,2022-02-03 04:42:21.460,bd592cad-9f38-57f1-72c9-61aa4b1ccfa2,,
b51e45ff-eda9-ac09-1759-5f2bb46eb96b.live_data_internal.json,0,,,,,410.15875,0,,,,b51e45ff-eda9-ac09-1759-5f2bb46eb96b.sensing_status.json,1,0,,,,,1,2721,,0.0,,,,,,2773180,,,,,2022-02-01 03:47:33.820,15002,,,,130.0,,,,,151.0,2022-02-01 04:33:56.325,2022-02-01 04:33:48.606,,,,,109.0,,,,,410.13,,,,UTC+0530,S7Wp0spWno,,,b51e45ff-eda9-ac09-1759-5f2bb46eb96b.com.samsung.health.exercise.live_data.json,,,com.sec.android.app.shealth,,,,,2022-02-01 04:33:48.420,b51e45ff-eda9-ac09-1759-5f2bb46eb96b,,
8883b373-d529-cc7b-95c4-f8bc9a1ce1bd.live_data_internal.json,0,,,,,455.10428,0,,,,8883b373-d529-cc7b-95c4-f8bc9a1ce1bd.sensing_status.json,1,0,,,,,1,2978,,0.0,,,,,,3140290,,,,,2022-02-02 03:44:28.190,15002,,,,129.0,,,,,149.0,2022-02-02 04:36:59.578,2022-02-02 04:36:51.553,,,,,87.0,,,,,455.03,,,,UTC+0530,S7Wp0spWno,,,8883b373-d529-cc7b-95c4-f8bc9a1ce1bd.com.samsung.health.exercise.live_data.json,,,com.sec.android.app.shealth,,,,,2022-02-02 04:36:52.150,8883b373-d529-cc7b-95c4-f8bc9a1ce1bd,,
d96ae347-f2e6-fb42-8b83-91b01c768223.live_data_internal.json,0,,,,,259.69278,0,,,,d96ae347-f2e6-fb42-8b83-91b01c768223.sensing_status.json,1,0,,,,,1,1936,,0.0,,,,,,1977400,,,,,2022-02-04 04:10:28.090,15002,,,,121.0,,,,,149.0,2022-02-04 04:43:35.456,2022-02-04 04:43:27.026,,,,,99.0,,,,,259.66,,,,UTC+0530,S7Wp0spWno,,,d96ae347-f2e6-fb42-8b83-91b01c768223.com.samsung.health.exercise.live_data.json,,,com.sec.android.app.shealth,,,,,2022-02-04 04:43:27.110,d96ae347-f2e6-fb42-8b83-91b01c768223,,
499ac3c6-5f0c-a39b-0451-7349d2b22311.live_data_internal.json,0,,,,,388.48764,0,,,,499ac3c6-5f0c-a39b-0451-7349d2b22311.sensing_status.json,1,0,,,,,1,2721,,0.0,,,,,,2783640,,,,,2022-02-05 03:55:12.990,15002,,,,126.0,,,,,154.0,2022-02-05 04:41:45.799,2022-02-05 04:41:38.587,,,,,106.0,,,,,388.45,,,,UTC+0530,S7Wp0spWno,,,499ac3c6-5f0c-a39b-0451-7349d2b22311.com.samsung.health.exercise.live_data.json,,,com.sec.android.app.shealth,,,,,2022-02-05 04:41:38.490,499ac3c6-5f0c-a39b-0451-7349d2b22311,,
f0793aa2-61bb-7201-7583-42e6c89a2556.live_data_internal.json,0,,,,,555.581,0,,,,f0793aa2-61bb-7201-7583-42e6c89a2556.sensing_status.json,1,0,,,,,1,3462,,0.0,,,,,,3606070,,,,,2022-02-08 03:46:00.680,15002,,,,134.0,,,,,161.0,2022-02-08 07:31:54.077,2022-02-08 04:46:08.907,,,,,108.0,,,,,555.55,,,,UTC+0530,S7Wp0spWno,,,f0793aa2-61bb-7201-7583-42e6c89a2556.com.samsung.health.exercise.live_data.json,,,com.sec.android.app.shealth,,,,,2022-02-08 04:46:08.280,f0793aa2-61bb-7201-7583-42e6c89a2556,,
f3d3baac-51ff-9da2-ec14-82a8569b8c9b.live_data_internal.json,0,,,,,429.439,0,,,,f3d3baac-51ff-9da2-ec14-82a8569b8c9b.sensing_status.json,1,0,,,,,1,2779,,0.0,,,,,,2923630,,,,,2022-02-09 03:52:48.910,15002,,,,125.0,,,,,158.0,2022-02-09 04:41:42.503,2022-02-09 04:41:34.359,,,,,33.0,,,,,429.39,,,,UTC+0530,S7Wp0spWno,,,f3d3baac-51ff-9da2-ec14-82a8569b8c9b.com.samsung.health.exercise.live_data.json,,,com.sec.android.app.shealth,,,,,2022-02-09 04:41:34.960,f3d3baac-51ff-9da2-ec14-82a8569b8c9b,,
ee8cfd2e-3d2c-5eb7-f052-b8201b5403b2.live_data_internal.json,0,,,,,501.129,0,,,,ee8cfd2e-3d2c-5eb7-f052-b8201b5403b2.sensing_status.json,1,0,,,,,1,3476,,0.0,,,,,,3607200,,,,,2022-02-11 03:56:18.230,15002,,,,126.0,,,,,149.0,2022-02-11 04:56:35.114,2022-02-11 04:56:27.841,,,,,79.0,,,,,501.08002,,,,UTC+0530,S7Wp0spWno,,,ee8cfd2e-3d2c-5eb7-f052-b8201b5403b2.com.samsung.health.exercise.live_data.json,,,com.sec.android.app.shealth,,,,,2022-02-11 04:56:27.850,ee8cfd2e-3d2c-5eb7-f052-b8201b5403b2,,
ddd15211-c537-8700-3105-ff0dee3e825a.live_data_internal.json,0,,,,,441.17096,0,,,,ddd15211-c537-8700-3105-ff0dee3e825a.sensing_status.json,1,0,,,,,1,3442,,0.0,,,,,,3525700,,,,,2022-02-12 04:05:45.170,15002,,,,117.0,,,,,137.0,2022-02-12 05:04:38.794,2022-02-12 05:04:31.662,,,,,100.0,,,,,441.14,,,,UTC+0530,S7Wp0spWno,,,ddd15211-c537-8700-3105-ff0dee3e825a.com.samsung.health.exercise.live_data.json,,,com.sec.android.app.shealth,,,,,2022-02-12 05:04:32.400,ddd15211-c537-8700-3105-ff0dee3e825a,,
1ef626f9-7c33-7ec4-5f2a-d067264025a2.live_data_internal.json,0,,,,,90.0,0,,,,,4,0,,,,,0,87,,0.0,,,,,,863400,,,,,2022-02-10 04:34:59.470,1001,,,,131.0,30001,,,,142.0,2022-02-10 04:50:55.426,2022-02-10 04:50:55.426,,,1.5862066,,122.0,,1618,1261.131,,90.0,,,,UTC+0530,S7Wp0spWno,,,1ef626f9-7c33-7ec4-5f2a-d067264025a2.com.samsung.health.exercise.live_data.json,,1.5297699,com.sec.android.app.shealth,,,,,2022-02-10 04:49:22.870,1ef626f9-7c33-7ec4-5f2a-d067264025a2,,
ba7ad185-af7c-db67-05a0-e7fa1ee1965f.live_data_internal.json,0,,,,,252.09846,0,,,,ba7ad185-af7c-db67-05a0-e7fa1ee1965f.sensing_status.json,1,0,,,,,1,1482,,0.0,,,,,,2158880,,,,,2022-02-10 03:58:05.480,15002,,,,125.0,,,,,145.0,2022-02-10 04:34:14.116,2022-02-10 04:34:05.841,,,,,112.0,,,,,252.06,,,,UTC+0530,S7Wp0spWno,,,ba7ad185-af7c-db67-05a0-e7fa1ee1965f.com.samsung.health.exercise.live_data.json,,,com.sec.android.app.shealth,,,,,2022-02-10 04:34:06.260,ba7ad185-af7c-db67-05a0-e7fa1ee1965f,,
5a05e97b-901e-79dc-515a-5d8e4b39bb6c.live_data_internal.json,0,,,,,340.82986,0,,,,5a05e97b-901e-79dc-515a-5d8e4b39bb6c.sensing_status.json,1,0,,,,,1,2380,,0.0,,,,,,2436460,,,,,2022-02-15 03:59:24.080,15002,,,,126.0,,,,,147.0,2022-02-15 04:40:10.082,2022-02-15 04:40:02.037,,,,,106.0,,,,,340.79,,,,UTC+0530,S7Wp0spWno,,,5a05e97b-901e-79dc-515a-5d8e4b39bb6c.com.samsung.health.exercise.live_data.json,,,com.sec.android.app.shealth,,,,,2022-02-15 04:40:02.510,5a05e97b-901e-79dc-515a-5d8e4b39bb6c,,
d6293171-d9fe-d5de-84e5-e200d979a7a1.live_data_internal.json,0,,,,,91.680046,0,,,,d6293171-d9fe-d5de-84e5-e200d979a7a1.sensing_status.json,7,0,,,,,0,443,,0.0,,,d6293171-d9fe-d5de-84e5-e200d979a7a1.location_data_internal.json,,,1046040,,,,d6293171-d9fe-d5de-84e5-e200d979a7a1.com.samsung.health.exercise.location_data.json,2022-02-15 13:10:38.100,1001,,-27.194815,,120.0,30001,,-28.155296,,135.0,2022-02-15 13:30:06.314,2022-02-15 13:30:06.314,,,1.509,64.372635,86.0,,1122,591.812,,89.211,120.339,,,UTC+0530,S7Wp0spWno,,,d6293171-d9fe-d5de-84e5-e200d979a7a1.com.samsung.health.exercise.live_data.json,,0.5657642,com.sec.android.app.shealth,,,,,2022-02-15 13:30:06.130,d6293171-d9fe-d5de-84e5-e200d979a7a1,,
dd82865c-e9d4-3357-64ef-f77648eaac14.live_data_internal.json,0,,,,,248.80283,0,,,,dd82865c-e9d4-3357-64ef-f77648eaac14.sensing_status.json,1,0,,,,,1,1658,,0.0,,,,,,2271470,,,,,2022-02-17 03:49:31.850,15002,,,,115.0,,,,,139.0,2022-02-17 04:27:34.854,2022-02-17 04:27:26.011,,,,,78.0,,,,,248.75,,,,UTC+0530,S7Wp0spWno,,,dd82865c-e9d4-3357-64ef-f77648eaac14.com.samsung.health.exercise.live_data.json,,,com.sec.android.app.shealth,,,,,2022-02-17 04:27:25.930,dd82865c-e9d4-3357-64ef-f77648eaac14,,
49ae38a6-8084-9d1b-1546-40db087616ce.live_data_internal.json,0,,,,,374.5988,0,,,,49ae38a6-8084-9d1b-1546-40db087616ce.sensing_status.json,1,0,,,,,1,2440,,0.0,,,,,,2583090,,,,,2022-02-16 03:38:48.660,15002,,,,128.0,,,,,151.0,2022-02-16 04:22:02.158,2022-02-16 04:21:54.398,,,,,93.0,,,,,374.55,,,,UTC+0530,S7Wp0spWno,,,49ae38a6-8084-9d1b-1546-40db087616ce.com.samsung.health.exercise.live_data.json,,,com.sec.android.app.shealth,,,,,2022-02-16 04:21:54.160,49ae38a6-8084-9d1b-1546-40db087616ce,,
b9d4cc77-be98-f0ef-d814-5db4b1a67fb4.live_data_internal.json,0,,,,,318.83047,0,,,,b9d4cc77-be98-f0ef-d814-5db4b1a67fb4.sensing_status.json,1,0,,,,,1,2007,,0.0,,,,,,2926380,,,,,2022-02-21 03:47:24.040,15002,,,,116.0,,,,,135.0,2022-02-21 17:14:09.283,2022-02-21 04:36:11.815,,,,,101.0,,,,,318.79,,,,UTC+0530,S7Wp0spWno,,,b9d4cc77-be98-f0ef-d814-5db4b1a67fb4.com.samsung.health.exercise.live_data.json,,,com.sec.android.app.shealth,,,,,2022-02-21 04:36:12.420,b9d4cc77-be98-f0ef-d814-5db4b1a67fb4,,
2163d79c-880f-0e48-1e21-90ff7da8042e.live_data_internal.json,0,,,,,489.92847,0,,,,2163d79c-880f-0e48-1e21-90ff7da8042e.sensing_status.json,1,0,,,,,1,3810,,0.0,,,,,,3874740,,,,,2022-02-18 03:45:16.720,15002,,,,118.0,,,,,145.0,2022-02-21 17:14:08.854,2022-02-18 04:49:52.755,,,,,92.0,,,,,489.89,,,,UTC+0530,S7Wp0spWno,,,2163d79c-880f-0e48-1e21-90ff7da8042e.com.samsung.health.exercise.live_data.json,,,com.sec.android.app.shealth,,,,,2022-02-18 04:49:53.360,2163d79c-880f-0e48-1e21-90ff7da8042e,,
,0,,,,,80.11,0,,,,,4,0,,,,,0,,,0.0,,,,,,600000,,,,,2022-02-20 09:09:23.037,11007,,,,,,,,,,2022-02-20 09:20:47.961,2022-02-20 09:20:47.961,,,,,,,,,,80.11,,,,UTC+0530,S7Wp0spWno,,,,,,com.sec.android.app.shealth,,,,,2022-02-20 09:19:23.037,b13ffff0-7b18-1ffb-daea-9fbc5899624c,,
710d8253-6518-696f-97d6-8f1b8eed3872.live_data_internal.json,0,,,,,353.52353,0,,,,710d8253-6518-696f-97d6-8f1b8eed3872.sensing_status.json,1,0,,,,,1,2424,,0.0,,,,,,2465270,,,,,2022-02-22 03:50:54.880,15002,,,,127.0,,,,,152.0,2022-02-22 04:32:09.915,2022-02-22 04:32:01.806,,,,,103.0,,,,,353.48,,,,UTC+0530,S7Wp0spWno,,,710d8253-6518-696f-97d6-8f1b8eed3872.com.samsung.health.exercise.live_data.json,,,com.sec.android.app.shealth,,,,,2022-02-22 04:32:02.300,710d8253-6518-696f-97d6-8f1b8eed3872,,
6806c813-8d87-29d2-8df6-f7a55184c69c.live_data_internal.json,0,,,,,332.0615,0,,,,6806c813-8d87-29d2-8df6-f7a55184c69c.sensing_status.json,1,0,,,,,1,2463,,0.0,,,,,,2552840,,,,,2022-02-23 03:50:34.000,15002,,,,120.0,,,,,147.0,2022-02-23 04:33:16.799,2022-02-23 04:33:08.424,,,,,88.0,,,,,332.02,,,,UTC+0530,S7Wp0spWno,,,6806c813-8d87-29d2-8df6-f7a55184c69c.com.samsung.health.exercise.live_data.json,,,com.sec.android.app.shealth,,,,,2022-02-23 04:33:08.890,6806c813-8d87-29d2-8df6-f7a55184c69c,,
b38c6a2d-7f4e-e174-d83d-9d1f5bc1128c.live_data_internal.json,0,,,,,79.0,0,,,,,4,0,,,,,0,62,,0.0,,,b38c6a2d-7f4e-e174-d83d-9d1f5bc1128c.location_data_internal.json,,,816480,,,,b38c6a2d-7f4e-e174-d83d-9d1f5bc1128c.com.samsung.health.exercise.location_data.json,2022-02-23 04:34:33.320,1001,,,,94.0,30001,,,,126.0,2022-02-23 04:49:42.515,2022-02-23 04:49:42.515,,,1.5686283,,67.0,,1058,821.25,,79.0,,,,UTC+0530,S7Wp0spWno,,,b38c6a2d-7f4e-e174-d83d-9d1f5bc1128c.com.samsung.health.exercise.live_data.json,,1.3939279,com.sec.android.app.shealth,,,,,2022-02-23 04:48:09.800,b38c6a2d-7f4e-e174-d83d-9d1f5bc1128c,,
4babd1cb-9032-5dd8-b592-dee6fe5ddf4a.live_data_internal.json,0,,,,,447.7509,0,,,,4babd1cb-9032-5dd8-b592-dee6fe5ddf4a.sensing_status.json,1,0,,,,,1,3506,,0.0,,,,,,3606150,,,,,2022-02-26 04:06:22.140,15002,,,,115.0,,,,,141.0,2022-02-26 05:06:36.420,2022-02-26 05:06:30.222,,,,,65.0,,,,,447.71,,,,UTC+0530,S7Wp0spWno,,,4babd1cb-9032-5dd8-b592-dee6fe5ddf4a.com.samsung.health.exercise.live_data.json,,,com.sec.android.app.shealth,,,,,2022-02-26 05:06:30.310,4babd1cb-9032-5dd8-b592-dee6fe5ddf4a,,
55bd0835-d025-05cb-60a4-39fb2b202655.live_data_internal.json,0,,,,,87.0,0,,,,,4,0,,,,,0,68,,0.0,,,,,,849660,,,,,2022-02-26 03:47:32.240,1001,,,,120.0,30001,,,,127.0,2022-02-26 04:03:16.194,2022-02-26 04:03:16.194,,,1.6371208,,115.0,,1526,1201.658,,87.0,,,,UTC+0530,S7Wp0spWno,,,55bd0835-d025-05cb-60a4-39fb2b202655.com.samsung.health.exercise.live_data.json,,1.5373182,com.sec.android.app.shealth,,,,,2022-02-26 04:01:41.900,55bd0835-d025-05cb-60a4-39fb2b202655,,
de1a0e5a-d5aa-f8da-0fb7-e3daa975ed2e.live_data_internal.json,0,,,,,401.8328,0,,,,de1a0e5a-d5aa-f8da-0fb7-e3daa975ed2e.sensing_status.json,1,0,,,,,1,3151,,0.0,,,,,,3187710,,,,,2022-02-25 04:04:17.000,15002,,,,115.0,,,,,137.0,2022-02-25 04:57:34.844,2022-02-25 04:57:26.513,,,,,100.0,,,,,401.8,,,,UTC+0530,S7Wp0spWno,,,de1a0e5a-d5aa-f8da-0fb7-e3daa975ed2e.com.samsung.health.exercise.live_data.json,,,com.sec.android.app.shealth,,,,,2022-02-25 04:57:26.330,de1a0e5a-d5aa-f8da-0fb7-e3daa975ed2e,,
225f9447-b6e8-4b7f-c0fb-52769555e6d9.live_data_internal.json,0,,,,,76.0,0,,,,,4,0,,,,,0,80,,0.0,,,225f9447-b6e8-4b7f-c0fb-52769555e6d9.location_data_internal.json,,,800710,,,,225f9447-b6e8-4b7f-c0fb-52769555e6d9.com.samsung.health.exercise.location_data.json,2022-02-25 04:59:32.280,1001,,,,121.0,30001,,,,143.0,2022-02-25 05:14:26.669,2022-02-25 05:14:26.669,,,1.5706667,,104.0,,978,758.401,,76.0,,,,UTC+0530,S7Wp0spWno,,,225f9447-b6e8-4b7f-c0fb-52769555e6d9.com.samsung.health.exercise.live_data.json,,1.4553026,com.sec.android.app.shealth,,,,,2022-02-25 05:12:52.990,225f9447-b6e8-4b7f-c0fb-52769555e6d9,,
66e12743-afca-1199-1018-f4ae31ec4c08.live_data_internal.json,0,,,,,255.17,0,,,,66e12743-afca-1199-1018-f4ae31ec4c08.sensing_status.json,1,0,,,,,1,1335,,0.0,,,,,,2567090,,,,,2022-02-28 03:58:01.330,15002,,,,123.0,,,,,147.0,2022-02-28 04:40:59.094,2022-02-28 04:40:48.879,,,,,81.0,,,,,255.17,,,,UTC+0530,S7Wp0spWno,,,66e12743-afca-1199-1018-f4ae31ec4c08.com.samsung.health.exercise.live_data.json,,,com.sec.android.app.shealth,,,,,2022-02-28 04:40:48.420,66e12743-afca-1199-1018-f4ae31ec4c08,,
29279996-9a9e-19d2-a465-866aece4451b.live_data_internal.json,0,,,,,357.18088,0,,,,29279996-9a9e-19d2-a465-866aece4451b.sensing_status.json,1,0,,,,,1,2336,,0.0,,,,,,2392460,,,,,2022-03-01 03:58:08.340,15002,,,,132.0,,,,,153.0,2022-03-01 04:38:10.193,2022-03-01 04:38:02.421,,,,,112.0,,,,,357.14,,,,UTC+0530,S7Wp0spWno,,,29279996-9a9e-19d2-a465-866aece4451b.com.samsung.health.exercise.live_data.json,,,com.sec.android.app.shealth,,,,,2022-03-01 04:38:02.820,29279996-9a9e-19d2-a465-866aece4451b,,
f40224e3-31c2-5e47-a900-98495a0cac70.live_data_internal.json,0,,,,,313.0,0,,,,,4,0,,,,,0,291,,0.0,,,f40224e3-31c2-5e47-a900-98495a0cac70.location_data_internal.json,,,3089200,,,,f40224e3-31c2-5e47-a900-98495a0cac70.com.samsung.health.exercise.location_data.json,2022-03-02 03:44:48.360,1001,,,,122.0,30001,,,,135.0,2022-03-02 04:37:51.781,2022-03-02 04:37:51.781,,,1.732506,,91.0,,5355,4229.429,,313.0,,,,UTC+0530,S7Wp0spWno,,,f40224e3-31c2-5e47-a900-98495a0cac70.com.samsung.health.exercise.live_data.json,,1.5823874,com.sec.android.app.shealth,,,,,2022-03-02 04:36:17.560,f40224e3-31c2-5e47-a900-98495a0cac70,,
97163260-ce85-94ee-f423-1dc675feea2f.live_data_internal.json,0,,,,,502.19858,0,,,,97163260-ce85-94ee-f423-1dc675feea2f.sensing_status.json,1,0,,,,,1,3875,,0.0,,,,,,3926960,,,,,2022-03-03 03:48:45.540,15002,,,,116.0,,,,,143.0,2022-03-03 04:54:23.147,2022-03-03 04:54:15.001,,,,,94.0,,,,,502.15,,,,UTC+0530,S7Wp0spWno,,,97163260-ce85-94ee-f423-1dc675feea2f.com.samsung.health.exercise.live_data.json,,,com.sec.android.app.shealth,,,,,2022-03-03 04:54:14.900,97163260-ce85-94ee-f423-1dc675feea2f,,
43fa3b62-fc7a-00e7-d4da-daabb04f760d.live_data_internal.json,0,,,,,394.82385,0,,,,43fa3b62-fc7a-00e7-d4da-daabb04f760d.sensing_status.json,1,0,,,,,1,3037,,0.0,,,,,,3106900,,,,,2022-03-04 03:59:42.690,15002,,,,118.0,,,,,138.0,2022-03-04 04:51:38.807,2022-03-04 04:51:32.300,,,,,103.0,,,,,394.77,,,,UTC+0530,S7Wp0spWno,,,43fa3b62-fc7a-00e7-d4da-daabb04f760d.com.samsung.health.exercise.live_data.json,,,com.sec.android.app.shealth,,,,,2022-03-04 04:51:32.250,43fa3b62-fc7a-00e7-d4da-daabb04f760d,,
2caeb75c-5fed-917d-c787-a53084b43f32.live_data_internal.json,0,,,,,90.0,0,,,,,4,0,,,,,0,88,,0.0,,,,,,1057742,,,,,2022-03-04 03:42:06.120,1001,,,,115.0,30001,,,,122.0,2022-03-04 03:59:44.497,2022-03-04 03:59:44.497,,,1.7222222,,105.0,,1315,1010.881,,90.0,,,,UTC+0530,S7Wp0spWno,,,2caeb75c-5fed-917d-c787-a53084b43f32.com.samsung.health.exercise.live_data.json,,1.395178,com.sec.android.app.shealth,,,,,2022-03-04 03:59:43.862,2caeb75c-5fed-917d-c787-a53084b43f32,,
e9a4dc3f-f84a-e68a-f6a2-cadf5a72ee48.live_data_internal.json,0,,,,,61.0,0,,,,,4,0,,,,,0,38,,0.0,,,e9a4dc3f-f84a-e68a-f6a2-cadf5a72ee48.location_data_internal.json,,,607360,,,,e9a4dc3f-f84a-e68a-f6a2-cadf5a72ee48.com.samsung.health.exercise.location_data.json,2022-03-05 12:34:15.140,1001,,,,91.0,30001,,,,118.0,2022-03-05 12:45:54.478,2022-03-05 12:45:54.478,,,1.6666666,,80.0,,905,715.229,,61.0,,,,UTC+0530,S7Wp0spWno,,,e9a4dc3f-f84a-e68a-f6a2-cadf5a72ee48.com.samsung.health.exercise.live_data.json,,1.5387266,com.sec.android.app.shealth,,,,,2022-03-05 12:44:22.500,e9a4dc3f-f84a-e68a-f6a2-cadf5a72ee48,,
ed50b323-3d67-3116-e8c9-a05201be0ea4.live_data_internal.json,0,,,,,61.0,0,,,,,4,0,,,,,0,52,,0.0,,,ed50b323-3d67-3116-e8c9-a05201be0ea4.location_data_internal.json,,,698290,,,,ed50b323-3d67-3116-e8c9-a05201be0ea4.com.samsung.health.exercise.location_data.json,2022-03-07 04:45:47.080,1001,,,,115.0,30001,,,,133.0,2022-03-07 04:59:00.307,2022-03-07 04:59:00.307,,,1.5413185,,89.0,,732,555.959,,61.0,,,,UTC+0530,S7Wp0spWno,,,ed50b323-3d67-3116-e8c9-a05201be0ea4.com.samsung.health.exercise.live_data.json,,1.3468292,com.sec.android.app.shealth,,,,,2022-03-07 04:57:25.370,ed50b323-3d67-3116-e8c9-a05201be0ea4,,
5e047565-b9a0-b243-9a2a-a59a362f1180.live_data_internal.json,0,,,,,393.61667,0,,,,5e047565-b9a0-b243-9a2a-a59a362f1180.sensing_status.json,1,0,,,,,1,2507,,0.0,,,,,,3405590,,,,,2022-03-07 03:47:29.100,15002,,,,122.0,,,,,147.0,2022-03-07 04:44:26.040,2022-03-07 04:44:17.598,,,,,108.0,,,,,393.56,,,,UTC+0530,S7Wp0spWno,,,5e047565-b9a0-b243-9a2a-a59a362f1180.com.samsung.health.exercise.live_data.json,,,com.sec.android.app.shealth,,,,,2022-03-07 04:44:17.490,5e047565-b9a0-b243-9a2a-a59a362f1180,,
d1e214a6-a869-d6a6-fb51-d7b1bf1dda82.live_data_internal.json,0,,,,,63.0,0,,,,,4,0,,,,,0,59,,0.0,,,,,,768144,,,,,2022-03-08 03:40:40.160,1001,,,,104.0,30001,,,,125.0,2022-03-08 03:53:29.270,2022-03-08 03:53:29.270,,,1.5078334,,66.0,,1028,797.794,,63.0,,,,UTC+0530,S7Wp0spWno,,,d1e214a6-a869-d6a6-fb51-d7b1bf1dda82.com.samsung.health.exercise.live_data.json,,1.380777,com.sec.android.app.shealth,,,,,2022-03-08 03:53:28.304,d1e214a6-a869-d6a6-fb51-d7b1bf1dda82,,
59f93a5c-7fcc-8f45-62ec-1d3d467f4d8c.live_data_internal.json,0,,,,,410.64554,0,,,,59f93a5c-7fcc-8f45-62ec-1d3d467f4d8c.sensing_status.json,1,0,,,,,1,3011,,0.0,,,,,,3083920,,,,,2022-03-08 03:53:27.220,15002,,,,122.0,,,,,146.0,2022-03-08 04:45:00.407,2022-03-08 04:44:53.182,,,,,104.0,,,,,410.6,,,,UTC+0530,S7Wp0spWno,,,59f93a5c-7fcc-8f45-62ec-1d3d467f4d8c.com.samsung.health.exercise.live_data.json,,,com.sec.android.app.shealth,,,,,2022-03-08 04:44:53.390,59f93a5c-7fcc-8f45-62ec-1d3d467f4d8c,,
b03e630e-12d6-0f9c-68f3-02db2a4895f5.live_data_internal.json,0,,,,,326.17172,0,,,,b03e630e-12d6-0f9c-68f3-02db2a4895f5.sensing_status.json,1,0,,,,,1,3295,,0.0,,,,,,3388596,,,,,2022-03-10 04:01:08.310,15005,,,0.0,119.0,30001,,,,137.0,2022-03-10 04:57:51.268,2022-03-10 04:57:44.016,,,1.905,90.8872,97.0,,5133,4079.835,,326.034,137.44,0.0,,UTC+0530,S7Wp0spWno,,,b03e630e-12d6-0f9c-68f3-02db2a4895f5.com.samsung.health.exercise.live_data.json,,1.2039897,com.sec.android.app.shealth,,,,,2022-03-10 04:57:43.710,b03e630e-12d6-0f9c-68f3-02db2a4895f5,,
cf557795-60be-2886-0d0b-4003e12a8033.live_data_internal.json,0,,,,,471.87796,0,,,,cf557795-60be-2886-0d0b-4003e12a8033.sensing_status.json,1,0,,,,,1,3656,,0.0,,,,,,3741450,,,,,2022-03-11 03:48:44.230,15002,,,,115.0,,,,,143.0,2022-03-11 04:51:16.798,2022-03-11 04:51:08.052,,,,,92.0,,,,,471.83002,,,,UTC+0530,S7Wp0spWno,,,cf557795-60be-2886-0d0b-4003e12a8033.com.samsung.health.exercise.live_data.json,,,com.sec.android.app.shealth,,,,,2022-03-11 04:51:08.050,cf557795-60be-2886-0d0b-4003e12a8033,,
a7b54933-48bc-8bce-25bd-653a28ea9ec2.live_data_internal.json,0,,,,,434.56302,0,,,,a7b54933-48bc-8bce-25bd-653a28ea9ec2.sensing_status.json,1,0,,,,,1,3333,,0.0,,,,,,3451070,,,,,2022-03-12 04:08:50.650,15002,,,,115.0,,,,,142.0,2022-03-12 05:09:12.888,2022-03-12 05:09:04.301,,,,,87.0,,,,,431.27,,,,UTC+0530,S7Wp0spWno,,,a7b54933-48bc-8bce-25bd-653a28ea9ec2.com.samsung.health.exercise.live_data.json,,,com.sec.android.app.shealth,,,,,2022-03-12 05:09:04.420,a7b54933-48bc-8bce-25bd-653a28ea9ec2,,
c760de00-ad57-3904-89c2-904877e43a0d.live_data_internal.json,0,,,,,467.61954,0,,,,c760de00-ad57-3904-89c2-904877e43a0d.sensing_status.json,1,0,,,,,1,3081,,0.0,,,,,,3186830,,,,,2022-03-09 04:01:25.560,15002,,,,127.0,,,,,150.0,2022-03-09 04:54:40.599,2022-03-09 04:54:33.730,,,,,93.0,,,,,467.59,,,,UTC+0530,S7Wp0spWno,,,c760de00-ad57-3904-89c2-904877e43a0d.com.samsung.health.exercise.live_data.json,,,com.sec.android.app.shealth,,,,,2022-03-09 04:54:33.850,c760de00-ad57-3904-89c2-904877e43a0d,,
568dbad5-b470-aa93-818e-567b30b84e80.live_data_internal.json,0,,,,,94.0,0,,,,,4,0,,,,,0,54,,0.0,,,568dbad5-b470-aa93-818e-567b30b84e80.location_data_internal.json,,,958840,,,,568dbad5-b470-aa93-818e-567b30b84e80.com.samsung.health.exercise.location_data.json,2022-03-10 13:37:55.600,1001,,,,118.0,30001,,,,139.0,2022-03-10 13:55:28.297,2022-03-10 13:55:28.297,,,1.4953814,,97.0,,1592,1228.311,,94.0,,,,UTC+0530,S7Wp0spWno,,,568dbad5-b470-aa93-818e-567b30b84e80.com.samsung.health.exercise.live_data.json,,1.4099683,com.sec.android.app.shealth,,,,,2022-03-10 13:53:54.440,568dbad5-b470-aa93-818e-567b30b84e80,,
adc12a5a-f40d-d9e6-32ef-95785efc8874.live_data_internal.json,0,,,,,416.4854,0,,,,adc12a5a-f40d-d9e6-32ef-95785efc8874.sensing_status.json,1,0,,,,,1,2416,,0.0,,,,,,3604720,,,,,2022-03-14 03:46:58.920,15002,,,,127.0,,,,,143.0,2022-03-14 04:47:12.683,2022-03-14 04:47:05.606,,,,,103.0,,,,,416.45,,,,UTC+0530,S7Wp0spWno,,,adc12a5a-f40d-d9e6-32ef-95785efc8874.com.samsung.health.exercise.live_data.json,,,com.sec.android.app.shealth,,,,,2022-03-14 04:47:05.390,adc12a5a-f40d-d9e6-32ef-95785efc8874,,
eed32be4-0aff-18a7-6913-551fb8a84869.live_data_internal.json,0,,,,,72.0,0,,,,,4,0,,,,,0,58,,0.0,,,eed32be4-0aff-18a7-6913-551fb8a84869.location_data_internal.json,,,756140,,,,eed32be4-0aff-18a7-6913-551fb8a84869.com.samsung.health.exercise.location_data.json,2022-03-15 14:36:02.260,1001,,,,116.0,30001,,,,129.0,2022-03-15 14:50:14.089,2022-03-15 14:50:14.089,,,1.6105938,,104.0,,922,693.592,,72.0,,,,UTC+0530,S7Wp0spWno,,,eed32be4-0aff-18a7-6913-551fb8a84869.com.samsung.health.exercise.live_data.json,,1.4166613,com.sec.android.app.shealth,,,,,2022-03-15 14:48:38.400,eed32be4-0aff-18a7-6913-551fb8a84869,,
30b0e5f9-6ca9-e1eb-619d-6ceab2575671.live_data_internal.json,0,,,,,58.0,0,,,,,4,0,,,,,0,44,,0.0,,,30b0e5f9-6ca9-e1eb-619d-6ceab2575671.location_data_internal.json,,,617820,,,,30b0e5f9-6ca9-e1eb-619d-6ceab2575671.com.samsung.health.exercise.location_data.json,2022-03-16 11:45:59.680,1001,,,,98.0,30001,,,,120.0,2022-03-16 11:57:51.605,2022-03-16 11:57:51.605,,,1.600068,,76.0,,693,535.81,,58.0,,,,UTC+0530,S7Wp0spWno,,,30b0e5f9-6ca9-e1eb-619d-6ceab2575671.com.samsung.health.exercise.live_data.json,,1.3773822,com.sec.android.app.shealth,,,,,2022-03-16 11:56:17.500,30b0e5f9-6ca9-e1eb-619d-6ceab2575671,,
a8ef6fc3-13cf-2660-b9b5-119020665899.live_data_internal.json,0,,,,,0.093710035,0,,,,a8ef6fc3-13cf-2660-b9b5-119020665899.sensing_status.json,1,0,,,,,0,0,,0.0,,,,,,2740,,,,,2022-03-16 10:52:44.170,1002,,,0.0,,30001,,,,,2022-03-16 10:52:48.325,2022-03-16 10:52:48.325,,,,,,,0,0.0,,0.05545691,,0.0,,UTC+0530,S7Wp0spWno,,,a8ef6fc3-13cf-2660-b9b5-119020665899.com.samsung.health.exercise.live_data.json,,0.0,com.sec.android.app.shealth,,,,,2022-03-16 10:52:48.800,a8ef6fc3-13cf-2660-b9b5-119020665899,,
673fc9b9-38dc-f31a-c541-3550641aef6c.live_data_internal.json,0,,,,,437.54565,0,,,,673fc9b9-38dc-f31a-c541-3550641aef6c.sensing_status.json,1,0,,,,,1,2972,,0.0,,,,,,3043370,,,,,2022-03-17 03:50:13.060,15002,,,,127.0,,,,,156.0,2022-03-17 04:41:02.486,2022-03-17 04:40:59.191,,,,,101.0,,,,,437.49,,,,UTC+0530,S7Wp0spWno,,,673fc9b9-38dc-f31a-c541-3550641aef6c.com.samsung.health.exercise.live_data.json,,,com.sec.android.app.shealth,,,,,2022-03-17 04:40:59.180,673fc9b9-38dc-f31a-c541-3550641aef6c,,
,0,,,,,0.08197098,0,,,,2509b25c-dd62-0e7a-5619-2aa083e57ebf.sensing_status.json,1,0,,,,,0,0,,0.0,,,,,,2250,,,,,2022-03-24 06:02:26.540,15003,,,,,,,,,,2022-03-24 06:02:30.268,2022-03-24 06:02:30.268,,,,,,,,,,0.045539435,,,,UTC+0530,S7Wp0spWno,,,,,,com.sec.android.app.shealth,,,,,2022-03-24 06:02:30.590,2509b25c-dd62-0e7a-5619-2aa083e57ebf,,
2dc92aeb-81dc-65f2-e4a9-ad2b2f734316.live_data_internal.json,0,,,,,489.08142,0,,,,2dc92aeb-81dc-65f2-e4a9-ad2b2f734316.sensing_status.json,1,0,,,,,1,3429,,0.0,,,,,,3600740,,,,,2022-03-23 03:42:31.100,15002,,,,123.0,,,,,156.0,2022-03-23 04:42:41.496,2022-03-23 04:42:34.477,,,,,84.0,,,,,489.03,,,,UTC+0530,S7Wp0spWno,,,2dc92aeb-81dc-65f2-e4a9-ad2b2f734316.com.samsung.health.exercise.live_data.json,,,com.sec.android.app.shealth,,,,,2022-03-23 04:42:34.380,2dc92aeb-81dc-65f2-e4a9-ad2b2f734316,,
5d2060cf-2204-6dbf-55ef-2d0c1da724b2.live_data_internal.json,0,,,,,443.16785,0,,,,5d2060cf-2204-6dbf-55ef-2d0c1da724b2.sensing_status.json,1,0,,,,,1,2770,,0.0,,,,,,3894630,,,,,2022-03-21 03:37:10.870,15002,,,,122.0,,,,,144.0,2022-03-21 04:42:14.430,2022-03-21 04:42:07.067,,,,,106.0,,,,,443.13,,,,UTC+0530,S7Wp0spWno,,,5d2060cf-2204-6dbf-55ef-2d0c1da724b2.com.samsung.health.exercise.live_data.json,,,com.sec.android.app.shealth,,,,,2022-03-21 04:42:07.370,5d2060cf-2204-6dbf-55ef-2d0c1da724b2,,
48cc643f-23f5-1650-29b8-85b0ee5ae15a.live_data_internal.json,0,,,,,305.9018,0,,,,48cc643f-23f5-1650-29b8-85b0ee5ae15a.sensing_status.json,1,0,,,,,1,2917,,0.0,,,,,,3002630,,,,,2022-03-24 03:45:31.070,15005,,,0.0,132.0,30001,,,,158.0,2022-03-24 04:35:51.934,2022-03-24 04:35:43.814,,,2.109,101.35051,114.0,,5071,4053.203,,305.699,148.928,0.0,,UTC+0530,S7Wp0spWno,,,48cc643f-23f5-1650-29b8-85b0ee5ae15a.com.samsung.health.exercise.live_data.json,,1.3498843,com.sec.android.app.shealth,,,,,2022-03-24 04:35:43.720,48cc643f-23f5-1650-29b8-85b0ee5ae15a,,
9e2f8d9b-887f-6601-a3fb-d78786805156.live_data_internal.json,0,,,,,322.13422,0,,,,9e2f8d9b-887f-6601-a3fb-d78786805156.sensing_status.json,1,0,,,,,1,2283,,0.0,,,,,,2348380,,,,,2022-03-22 04:02:20.620,15002,,,,125.0,,,,,145.0,2022-03-22 04:41:38.610,2022-03-22 04:41:30.858,,,,,104.0,,,,,322.1,,,,UTC+0530,S7Wp0spWno,,,9e2f8d9b-887f-6601-a3fb-d78786805156.com.samsung.health.exercise.live_data.json,,,com.sec.android.app.shealth,,,,,2022-03-22 04:41:30.690,9e2f8d9b-887f-6601-a3fb-d78786805156,,
5fd683c1-eb78-09b8-b667-410ad7e67ae9.live_data_internal.json,0,,,,,370.0015,0,,,,5fd683c1-eb78-09b8-b667-410ad7e67ae9.sensing_status.json,1,0,,,,,1,2108,,0.0,,,,,,3448270,,,,,2022-03-28 03:54:27.440,15002,,,,123.0,,,,,156.0,2022-03-28 04:52:05.070,2022-03-28 04:51:57.205,,,,,75.0,,,,,369.96,,,,UTC+0530,S7Wp0spWno,,,5fd683c1-eb78-09b8-b667-410ad7e67ae9.com.samsung.health.exercise.live_data.json,,,com.sec.android.app.shealth,,,,,2022-03-28 04:51:57.760,5fd683c1-eb78-09b8-b667-410ad7e67ae9,,
6d033c4d-b3d7-d00c-3a5b-53e44b0b853c.live_data_internal.json,0,,,,,435.82007,0,,,,6d033c4d-b3d7-d00c-3a5b-53e44b0b853c.sensing_status.json,1,0,,,,,1,3390,,0.0,,,,,,3450150,,,,,2022-03-25 03:58:16.340,15002,,,,116.0,,,,,145.0,2022-03-26 04:03:30.798,2022-03-25 04:55:48.471,,,,,99.0,,,,,435.78,,,,UTC+0530,S7Wp0spWno,,,6d033c4d-b3d7-d00c-3a5b-53e44b0b853c.com.samsung.health.exercise.live_data.json,,,com.sec.android.app.shealth,,,,,2022-03-25 04:55:48.470,6d033c4d-b3d7-d00c-3a5b-53e44b0b853c,,
59f1694b-b7eb-fb8f-f156-981a8e48966f.live_data_internal.json,0,,,,,91.0,0,,,,,4,0,,,,,0,73,,0.0,,,,,,900030,,,,,2022-03-28 03:35:25.460,1001,,,,122.0,30001,,,,133.0,2022-03-28 03:51:58.055,2022-03-28 03:51:58.055,,,1.6388888,,113.0,,1419,1106.635,,91.0,,,,UTC+0530,S7Wp0spWno,,,59f1694b-b7eb-fb8f-f156-981a8e48966f.com.samsung.health.exercise.live_data.json,,1.469845,com.sec.android.app.shealth,,,,,2022-03-28 03:50:25.490,59f1694b-b7eb-fb8f-f156-981a8e48966f,,
16a8bd12-c24b-8280-a784-22212786b921.live_data_internal.json,0,,,,,113.0,0,,,,,4,0,,,,,0,87,,0.0,,,,,,1038130,,,,,2022-03-25 03:39:05.960,1001,,,,115.0,30001,,,,124.0,2022-03-25 03:57:56.907,2022-03-25 03:57:56.907,,,1.5555556,,102.0,,1497,1124.032,,113.0,,,,UTC+0530,S7Wp0spWno,,,16a8bd12-c24b-8280-a784-22212786b921.com.samsung.health.exercise.live_data.json,,1.411635,com.sec.android.app.shealth,,,,,2022-03-25 03:56:24.090,16a8bd12-c24b-8280-a784-22212786b921,,
b028e93b-362d-4627-aed7-ecb761bb20d3.live_data_internal.json,0,,,,,412.34372,0,,,,b028e93b-362d-4627-aed7-ecb761bb20d3.sensing_status.json,1,0,,,,,1,2864,,0.0,,,,,,2922860,,,,,2022-03-29 03:51:25.840,15002,,,,127.0,,,,,148.0,2022-03-29 04:40:18.864,2022-03-29 04:40:11.205,,,,,112.0,,,,,412.3,,,,UTC+0530,S7Wp0spWno,,,b028e93b-362d-4627-aed7-ecb761bb20d3.com.samsung.health.exercise.live_data.json,,,com.sec.android.app.shealth,,,,,2022-03-29 04:40:10.860,b028e93b-362d-4627-aed7-ecb761bb20d3,,
c8c1c73f-6134-280d-29f5-b05f92be200d.live_data_internal.json,0,,,,,94.0,0,,,,,4,0,,,,,0,85,,0.0,,,,,,1021200,,,,,2022-04-06 03:46:41.600,1001,,,,107.0,30001,,,,128.0,2022-04-06 04:03:43.124,2022-04-06 04:03:43.124,,,1.6370597,,78.0,,1760,1398.753,,94.0,,,,UTC+0530,S7Wp0spWno,,,c8c1c73f-6134-280d-29f5-b05f92be200d.com.samsung.health.exercise.live_data.json,,1.5516087,com.sec.android.app.shealth,,,,,2022-04-06 04:03:42.800,c8c1c73f-6134-280d-29f5-b05f92be200d,,
69bf5ec0-32ca-f281-1cf8-3308f12a2aff.live_data_internal.json,0,,,,,329.53027,0,,,,69bf5ec0-32ca-f281-1cf8-3308f12a2aff.sensing_status.json,1,0,,,,,1,2234,,0.0,,,,,,2299030,,,,,2022-04-06 04:03:41.660,15002,,,,129.0,,,,,147.0,2022-04-06 04:42:10.857,2022-04-06 04:42:02.415,,,,,111.0,,,,,329.49,,,,UTC+0530,S7Wp0spWno,,,69bf5ec0-32ca-f281-1cf8-3308f12a2aff.com.samsung.health.exercise.live_data.json,,,com.sec.android.app.shealth,,,,,2022-04-06 04:42:02.680,69bf5ec0-32ca-f281-1cf8-3308f12a2aff,,
733429bf-1b2e-365c-da8d-33f85cae25ee.live_data_internal.json,0,,,,,204.77481,0,,,,733429bf-1b2e-365c-da8d-33f85cae25ee.sensing_status.json,1,0,,,,,1,1511,,0.0,,,,,,1825760,,,,,2022-04-05 09:23:32.410,15003,,,,94.0,,,,,117.0,2022-04-05 09:54:06.748,2022-04-05 09:54:00.152,,,,,54.0,,,,,204.74,,,,UTC+0530,S7Wp0spWno,,,733429bf-1b2e-365c-da8d-33f85cae25ee.com.samsung.health.exercise.live_data.json,,,com.sec.android.app.shealth,,,,,2022-04-05 09:53:59.890,733429bf-1b2e-365c-da8d-33f85cae25ee,,
,0,,,,,0.15685806,0,,,,1d794eb2-5875-bfee-6718-30338f54f1a6.sensing_status.json,1,0,,,,,0,0,,0.0,,,,,,6170,,,,,2022-04-07 11:46:22.100,15006,,,,,,,,,,2022-04-07 11:46:29.019,2022-04-07 11:46:29.019,,,,,,,,,,0.12487925,,,,UTC+0530,S7Wp0spWno,,,,,,com.sec.android.app.shealth,,,,,2022-04-07 11:46:29.850,1d794eb2-5875-bfee-6718-30338f54f1a6,,
356e2f8a-07c7-f950-1b8a-c67c1f91182b.live_data_internal.json,0,,,,,268.0946,0,,,,356e2f8a-07c7-f950-1b8a-c67c1f91182b.sensing_status.json,1,0,,,,,1,1825,,0.0,,,,,,2354310,,,,,2022-04-07 03:54:43.000,15002,,,,118.0,,,,,134.0,2022-04-07 04:36:15.863,2022-04-07 04:36:07.744,,,,,103.0,,,,,265.46,,,,UTC+0530,S7Wp0spWno,,,356e2f8a-07c7-f950-1b8a-c67c1f91182b.com.samsung.health.exercise.live_data.json,,,com.sec.android.app.shealth,,,,,2022-04-07 04:36:07.480,356e2f8a-07c7-f950-1b8a-c67c1f91182b,,
69507f25-0bde-80c0-0a3d-fa03e8bf55a5.live_data_internal.json,0,,,,,458.5729,0,,,,69507f25-0bde-80c0-0a3d-fa03e8bf55a5.sensing_status.json,1,0,,,,,1,3521,,0.0,,,,,,3613400,,,,,2022-04-08 03:49:13.070,15002,,,,118.0,,,,,136.0,2022-04-08 04:49:37.068,2022-04-08 04:49:28.346,,,,,98.0,,,,,458.53,,,,UTC+0530,S7Wp0spWno,,,69507f25-0bde-80c0-0a3d-fa03e8bf55a5.com.samsung.health.exercise.live_data.json,,,com.sec.android.app.shealth,,,,,2022-04-08 04:49:28.590,69507f25-0bde-80c0-0a3d-fa03e8bf55a5,,
55aa3231-8ab7-3445-2f93-b2b7f214257d.live_data_internal.json,0,,,,,88.0,0,,,,,4,0,,,,,0,79,,0.0,,,55aa3231-8ab7-3445-2f93-b2b7f214257d.location_data_internal.json,,,968550,,,,55aa3231-8ab7-3445-2f93-b2b7f214257d.com.samsung.health.exercise.location_data.json,2022-04-08 16:56:07.960,1001,,,,88.0,30001,,,,100.0,2022-04-08 17:13:49.927,2022-04-08 17:13:49.927,,,1.6388888,,77.0,,1021,782.205,,88.0,,,,UTC+0530,S7Wp0spWno,,,55aa3231-8ab7-3445-2f93-b2b7f214257d.com.samsung.health.exercise.live_data.json,,1.3705609,com.sec.android.app.shealth,,,,,2022-04-08 17:12:16.510,55aa3231-8ab7-3445-2f93-b2b7f214257d,,
85270c3c-224f-47b1-c29c-c321143e8fa9.live_data_internal.json,0,,,,,25.18357,0,,,,85270c3c-224f-47b1-c29c-c321143e8fa9.sensing_status.json,1,0,,,,,1,193,,0.0,,,,,,207090,,,,,2022-04-09 16:12:56.380,1002,,,0.0,89.0,30001,,,,102.0,2022-04-09 16:18:40.079,2022-04-09 16:18:32.809,,,0.0,,71.0,,0,0.0,,22.569,0.0,0.0,,UTC+0530,S7Wp0spWno,,,85270c3c-224f-47b1-c29c-c321143e8fa9.com.samsung.health.exercise.live_data.json,,0.0,com.sec.android.app.shealth,,,,,2022-04-09 16:18:32.650,85270c3c-224f-47b1-c29c-c321143e8fa9,,
b292fb18-1a20-2fce-7b7c-f5e3089b5184.live_data_internal.json,0,,,,,135.0,0,,,,,4,0,,,,,0,84,,0.0,,,b292fb18-1a20-2fce-7b7c-f5e3089b5184.location_data_internal.json,,,1339300,,,,b292fb18-1a20-2fce-7b7c-f5e3089b5184.com.samsung.health.exercise.location_data.json,2022-04-09 04:36:04.800,1001,,,,120.0,30001,,,,138.0,2022-04-09 04:59:55.226,2022-04-09 04:59:55.226,,,1.6111112,,97.0,,2208,1718.068,,135.0,,,,UTC+0530,S7Wp0spWno,,,b292fb18-1a20-2fce-7b7c-f5e3089b5184.com.samsung.health.exercise.live_data.json,,1.508979,com.sec.android.app.shealth,,,,,2022-04-09 04:58:24.100,b292fb18-1a20-2fce-7b7c-f5e3089b5184,,
7ae89824-2ef6-559e-1207-b0bb9c25a6c6.live_data_internal.json,0,,,,,339.78122,0,,,,7ae89824-2ef6-559e-1207-b0bb9c25a6c6.sensing_status.json,1,0,,,,,1,2516,,0.0,,,,,,2584010,,,,,2022-04-09 03:51:29.980,15002,,,,121.0,,,,,142.0,2022-04-09 04:36:01.684,2022-04-09 04:35:53.540,,,,,99.0,,,,,338.16,,,,UTC+0530,S7Wp0spWno,,,7ae89824-2ef6-559e-1207-b0bb9c25a6c6.com.samsung.health.exercise.live_data.json,,,com.sec.android.app.shealth,,,,,2022-04-09 04:35:54.090,7ae89824-2ef6-559e-1207-b0bb9c25a6c6,,
6885e7a3-5bab-0ca8-62ec-03872561e922.live_data_internal.json,0,,,,,420.9202,0,,,,6885e7a3-5bab-0ca8-62ec-03872561e922.sensing_status.json,1,0,,,,,1,2557,,0.0,,,,,,3399770,,,,,2022-04-11 03:45:46.430,15002,,,,127.0,,,,,144.0,2022-04-11 04:42:37.230,2022-04-11 04:42:28.180,,,,,107.0,,,,,420.87,,,,UTC+0530,S7Wp0spWno,,,6885e7a3-5bab-0ca8-62ec-03872561e922.com.samsung.health.exercise.live_data.json,,,com.sec.android.app.shealth,,,,,2022-04-11 04:42:28.680,6885e7a3-5bab-0ca8-62ec-03872561e922,,
f9dceeff-436e-ef24-2d76-e6149fbc7bf5.live_data_internal.json,0,,,,,472.8537,0,,,,f9dceeff-436e-ef24-2d76-e6149fbc7bf5.sensing_status.json,1,0,,,,,1,3059,,0.0,,,,,,3243730,,,,,2022-04-14 03:42:00.850,15002,,,,129.0,,,,,151.0,2022-04-14 04:36:26.014,2022-04-14 04:36:16.508,,,,,108.0,,,,,472.61002,,,,UTC+0530,S7Wp0spWno,,,f9dceeff-436e-ef24-2d76-e6149fbc7bf5.com.samsung.health.exercise.live_data.json,,,com.sec.android.app.shealth,,,,,2022-04-14 04:36:16.620,f9dceeff-436e-ef24-2d76-e6149fbc7bf5,,
24950034-f85e-835f-b8e0-571a0397955f.live_data_internal.json,0,,,,,358.95816,0,,,,24950034-f85e-835f-b8e0-571a0397955f.sensing_status.json,1,0,,,,,1,2544,,0.0,,,,,,2608780,,,,,2022-04-15 03:59:46.720,15002,,,,124.0,,,,,147.0,2022-04-15 04:43:28.071,2022-04-15 04:43:20.003,,,,,105.0,,,,,358.86002,,,,UTC+0530,S7Wp0spWno,,,24950034-f85e-835f-b8e0-571a0397955f.com.samsung.health.exercise.live_data.json,,,com.sec.android.app.shealth,,,,,2022-04-15 04:43:20.350,24950034-f85e-835f-b8e0-571a0397955f,,
eb599b13-3ba2-d219-326f-79a52d4adb0d.live_data_internal.json,0,,,,,93.0,0,,,,,4,0,,,,,0,77,,0.0,,,eb599b13-3ba2-d219-326f-79a52d4adb0d.location_data_internal.json,,,939030,,,,eb599b13-3ba2-d219-326f-79a52d4adb0d.com.samsung.health.exercise.location_data.json,2022-04-15 04:43:43.470,1001,,,,121.0,30001,,,,139.0,2022-04-15 05:00:54.050,2022-04-15 05:00:54.050,,,1.6309363,,93.0,,1204,874.219,,93.0,,,,UTC+0530,S7Wp0spWno,,,eb599b13-3ba2-d219-326f-79a52d4adb0d.com.samsung.health.exercise.live_data.json,,1.4506732,com.sec.android.app.shealth,,,,,2022-04-15 04:59:22.500,eb599b13-3ba2-d219-326f-79a52d4adb0d,,
3d30b6e9-e5f7-d59d-3709-e8c80312b357.live_data_internal.json,0,,,,,458.64447,0,,,,3d30b6e9-e5f7-d59d-3709-e8c80312b357.sensing_status.json,1,0,,,,,1,2909,,0.0,,,,,,3699630,,,,,2022-04-18 03:43:40.820,15002,,,,126.0,,,,,147.0,2022-04-18 04:45:36.650,2022-04-18 04:45:28.536,,,,,105.0,,,,,458.47,,,,UTC+0530,S7Wp0spWno,,,3d30b6e9-e5f7-d59d-3709-e8c80312b357.com.samsung.health.exercise.live_data.json,,,com.sec.android.app.shealth,,,,,2022-04-18 04:45:29.070,3d30b6e9-e5f7-d59d-3709-e8c80312b357,,
0f389c90-b7bf-d4b3-ecb2-cabf02c9db83.live_data_internal.json,0,,,,,500.1841,0,,,,0f389c90-b7bf-d4b3-ecb2-cabf02c9db83.sensing_status.json,1,0,,,,,1,3472,,0.0,,,,,,3611730,,,,,2022-04-16 04:02:17.630,15002,,,,127.0,,,,,155.0,2022-04-16 05:02:40.010,2022-04-16 05:02:31.496,,,,,82.0,,,,,500.14,,,,UTC+0530,S7Wp0spWno,,,0f389c90-b7bf-d4b3-ecb2-cabf02c9db83.com.samsung.health.exercise.live_data.json,,,com.sec.android.app.shealth,,,,,2022-04-16 05:02:31.540,0f389c90-b7bf-d4b3-ecb2-cabf02c9db83,,
2fb4050e-165a-0e1e-11af-2977210c06c8.live_data_internal.json,0,,,,,56.493244,0,,,,2fb4050e-165a-0e1e-11af-2977210c06c8.sensing_status.json,7,0,,,,,0,66,,0.0,,,,,,663370,,,,,2022-04-19 03:39:37.460,1001,,,,112.0,30001,,,,122.0,2022-04-19 03:51:05.012,2022-04-19 03:51:05.012,,,1.8888888,86.47019,87.0,,956,743.631,,56.0,,,,UTC+0530,S7Wp0spWno,,,2fb4050e-165a-0e1e-11af-2977210c06c8.com.samsung.health.exercise.live_data.json,,1.1209898,com.sec.android.app.shealth,,,,,2022-04-19 03:51:05.200,2fb4050e-165a-0e1e-11af-2977210c06c8,,
30bbb73f-20df-98ff-9d63-58575579a0b0.live_data_internal.json,0,,,,,436.5016,0,,,,30bbb73f-20df-98ff-9d63-58575579a0b0.sensing_status.json,1,0,,,,,1,3098,,0.0,,,,,,3182430,,,,,2022-04-19 03:53:53.420,15002,,,,123.0,,,,,145.0,2022-04-19 04:51:02.911,2022-04-19 04:50:55.587,,,,,98.0,,,,,431.64,,,,UTC+0530,S7Wp0spWno,,,30bbb73f-20df-98ff-9d63-58575579a0b0.com.samsung.health.exercise.live_data.json,,,com.sec.android.app.shealth,,,,,2022-04-19 04:50:56.050,30bbb73f-20df-98ff-9d63-58575579a0b0,,
7f4de5d8-69d7-3829-3a6c-f94ed8f50ed2.live_data_internal.json,0,,,,,493.50183,0,,,,7f4de5d8-69d7-3829-3a6c-f94ed8f50ed2.sensing_status.json,1,0,,,,,1,3425,,0.0,,,,,,3607680,,,,,2022-04-20 03:50:31.780,15002,,,,126.0,,,,,147.0,2022-04-20 04:50:47.932,2022-04-20 04:50:42.604,,,,,101.0,,,,,493.45,,,,UTC+0530,S7Wp0spWno,,,7f4de5d8-69d7-3829-3a6c-f94ed8f50ed2.com.samsung.health.exercise.live_data.json,,,com.sec.android.app.shealth,,,,,2022-04-20 04:50:42.020,7f4de5d8-69d7-3829-3a6c-f94ed8f50ed2,,
b805a3d5-5871-ddd3-e027-10f7cba2bf70.live_data_internal.json,0,,,,,351.00815,0,,,,b805a3d5-5871-ddd3-e027-10f7cba2bf70.sensing_status.json,1,0,,,,,1,1127,,0.0,,,,,,3479460,,,,,2022-04-21 03:42:00.320,15005,,,0.0,108.0,30001,,,,126.0,2022-04-21 04:40:10.148,2022-04-21 04:40:02.465,,,1.746,106.75401,66.0,,6190,4930.234,,350.962,132.473,0.0,,UTC+0530,S7Wp0spWno,,,b805a3d5-5871-ddd3-e027-10f7cba2bf70.com.samsung.health.exercise.live_data.json,,1.4169538,com.sec.android.app.shealth,,,,,2022-04-21 04:40:02.060,b805a3d5-5871-ddd3-e027-10f7cba2bf70,,
301746bc-8df6-8303-5647-a1b25427a4cb.live_data_internal.json,0,,,,,559.9846,0,,,,301746bc-8df6-8303-5647-a1b25427a4cb.sensing_status.json,1,0,,,,,1,3526,,0.0,,,,,,3623680,,,,,2022-04-22 03:51:24.000,15002,,,,135.0,,,,,160.0,2022-04-22 04:51:57.112,2022-04-22 04:51:49.471,,,,,111.0,,,,,559.95,,,,UTC+0530,S7Wp0spWno,,,301746bc-8df6-8303-5647-a1b25427a4cb.com.samsung.health.exercise.live_data.json,,,com.sec.android.app.shealth,,,,,2022-04-22 04:51:49.390,301746bc-8df6-8303-5647-a1b25427a4cb,,
89f47ee6-22a5-cd2c-ce95-35cba826eb33.live_data_internal.json,0,,,,,78.0,0,,,,,4,0,,,,,0,71,,0.0,,,89f47ee6-22a5-cd2c-ce95-35cba826eb33.location_data_internal.json,,,888750,,,,89f47ee6-22a5-cd2c-ce95-35cba826eb33.com.samsung.health.exercise.location_data.json,2022-04-23 03:36:47.520,1001,,,,120.0,30001,,,,127.0,2022-04-23 03:51:36.766,2022-04-23 03:51:36.766,,,1.6691667,,111.0,,1227,967.854,,78.0,,,,UTC+0530,S7Wp0spWno,,,89f47ee6-22a5-cd2c-ce95-35cba826eb33.com.samsung.health.exercise.live_data.json,,1.5235227,com.sec.android.app.shealth,,,,,2022-04-23 03:51:36.270,89f47ee6-22a5-cd2c-ce95-35cba826eb33,,
bd0460f0-c064-9402-3815-c43d408980e6.live_data_internal.json,0,,,,,91.0,0,,,,,4,0,,,,,0,76,,0.0,,,bd0460f0-c064-9402-3815-c43d408980e6.location_data_internal.json,,,935080,,,,bd0460f0-c064-9402-3815-c43d408980e6.com.samsung.health.exercise.location_data.json,2022-04-23 04:38:28.160,1001,,,,121.0,30001,,,,139.0,2022-04-23 04:55:38.656,2022-04-23 04:55:38.656,,,1.6111112,,110.0,,1103,837.881,,91.0,,,,UTC+0530,S7Wp0spWno,,,bd0460f0-c064-9402-3815-c43d408980e6.com.samsung.health.exercise.live_data.json,,1.4594537,com.sec.android.app.shealth,,,,,2022-04-23 04:54:03.240,bd0460f0-c064-9402-3815-c43d408980e6,,
17117fd4-111d-d4ca-4a58-8730991c3b3f.live_data_internal.json,0,,,,,282.33084,0,,,,17117fd4-111d-d4ca-4a58-8730991c3b3f.sensing_status.json,1,0,,,,,1,2073,,0.0,,,,,,2122080,,,,,2022-04-23 03:51:35.630,15002,,,,120.0,,,,,139.0,2022-04-23 04:27:08.780,2022-04-23 04:27:00.552,,,,,102.0,,,,,282.26,,,,UTC+0530,S7Wp0spWno,,,17117fd4-111d-d4ca-4a58-8730991c3b3f.com.samsung.health.exercise.live_data.json,,,com.sec.android.app.shealth,,,,,2022-04-23 04:27:01.210,17117fd4-111d-d4ca-4a58-8730991c3b3f,,
2a479a16-11b9-0298-158e-1533a92b8d09.live_data_internal.json,0,,,,,385.59845,0,,,,2a479a16-11b9-0298-158e-1533a92b8d09.sensing_status.json,1,0,,,,,1,2664,,0.0,,,,,,3117950,,,,,2022-04-25 03:55:40.320,15002,,,,121.0,,,,,157.0,2022-04-25 04:47:50.580,2022-04-25 04:47:40.072,,,,,103.0,,,,,385.56,,,,UTC+0530,S7Wp0spWno,,,2a479a16-11b9-0298-158e-1533a92b8d09.com.samsung.health.exercise.live_data.json,,,com.sec.android.app.shealth,,,,,2022-04-25 04:47:40.170,2a479a16-11b9-0298-158e-1533a92b8d09,,
61dea573-8003-98e4-75de-618d25c23338.live_data_internal.json,0,,,,,69.0,0,,,,,4,0,,,,,0,51,,0.0,,,,,,689600,,,,,2022-04-25 03:40:09.880,1001,,,,99.0,30001,,,,122.0,2022-04-25 03:53:15.771,2022-04-25 03:53:15.771,,,1.5833334,,75.0,,1132,873.616,,69.0,,,,UTC+0530,S7Wp0spWno,,,61dea573-8003-98e4-75de-618d25c23338.com.samsung.health.exercise.live_data.json,,1.5212021,com.sec.android.app.shealth,,,,,2022-04-25 03:51:39.480,61dea573-8003-98e4-75de-618d25c23338,,
d23a42c2-77d9-bffb-c5dd-0dbd53213571.live_data_internal.json,0,,,,,601.1832,0,,,,d23a42c2-77d9-bffb-c5dd-0dbd53213571.sensing_status.json,1,0,,,,,1,3714,,0.0,,,,,,3806140,,,,,2022-04-26 04:00:59.940,15002,,,,137.0,,,,,156.0,2022-04-26 05:04:34.764,2022-04-26 05:04:27.110,,,,,118.0,,,,,601.15,,,,UTC+0530,S7Wp0spWno,,,d23a42c2-77d9-bffb-c5dd-0dbd53213571.com.samsung.health.exercise.live_data.json,,,com.sec.android.app.shealth,,,,,2022-04-26 05:04:27.720,d23a42c2-77d9-bffb-c5dd-0dbd53213571,,
16918283-9065-3a3b-35fa-5a969484fc21.live_data_internal.json,0,,,,,414.25,0,,,,16918283-9065-3a3b-35fa-5a969484fc21.sensing_status.json,1,0,,,,,1,2822,,0.0,,,,,,2955500,,,,,2022-04-27 03:52:27.060,15002,,,,126.0,,,,,151.0,2022-04-27 04:41:50.167,2022-04-27 04:41:42.523,,,,,86.0,,,,,414.25,,,,UTC+0530,S7Wp0spWno,,,16918283-9065-3a3b-35fa-5a969484fc21.com.samsung.health.exercise.live_data.json,,,com.sec.android.app.shealth,,,,,2022-04-27 04:41:42.560,16918283-9065-3a3b-35fa-5a969484fc21,,
a9313138-cb30-5f10-4a3a-6baf50b7bde8.live_data_internal.json,0,,,,,117.0,0,,,,,4,0,,,,,0,102,,0.0,,,a9313138-cb30-5f10-4a3a-6baf50b7bde8.location_data_internal.json,,,1196800,,,,a9313138-cb30-5f10-4a3a-6baf50b7bde8.com.samsung.health.exercise.location_data.json,2022-04-27 03:28:17.080,1001,,,,115.0,30001,,,,135.0,2022-04-27 03:49:47.095,2022-04-27 03:49:47.095,,,1.8055556,,90.0,,1607,1265.84,,117.0,,,,UTC+0530,S7Wp0spWno,,,a9313138-cb30-5f10-4a3a-6baf50b7bde8.com.samsung.health.exercise.live_data.json,,1.4756546,com.sec.android.app.shealth,,,,,2022-04-27 03:48:13.880,a9313138-cb30-5f10-4a3a-6baf50b7bde8,,
d117d4cb-ec5c-581d-1cff-bd4eda92c5b5.live_data_internal.json,0,,,,,547.36237,0,,,,d117d4cb-ec5c-581d-1cff-bd4eda92c5b5.sensing_status.json,1,0,,,,,1,3828,,0.0,,,,,,3930810,,,,,2022-04-29 03:48:23.330,15002,,,,125.0,,,,,152.0,2022-04-29 04:54:08.115,2022-04-29 04:53:56.175,,,,,103.0,,,,,547.33,,,,UTC+0530,S7Wp0spWno,,,d117d4cb-ec5c-581d-1cff-bd4eda92c5b5.com.samsung.health.exercise.live_data.json,,,com.sec.android.app.shealth,,,,,2022-04-29 04:53:55.740,d117d4cb-ec5c-581d-1cff-bd4eda92c5b5,,
,0,,,,,77.32,0,,,,,4,0,,,,,0,,,0.0,,,,,,600000,,,,,2022-04-29 13:37:10.177,11007,,,,,,,,,,2022-04-29 13:47:33.760,2022-04-29 13:47:33.760,,,,,,,,,,77.32,,,,UTC+0530,S7Wp0spWno,,,,,,com.sec.android.app.shealth,,,,,2022-04-29 13:47:10.177,bb5892c7-b031-2aea-1c4a-2012d6078e4b,,
08912528-26ed-9892-a7c9-421185704b81.live_data_internal.json,0,,,,,112.83,0,,,,,4,0,,,,,0,12,,0.0,,,,,,720800,,,,,2022-04-30 07:41:30.189,11007,,,,110.0,,,,,114.0,2022-04-30 07:55:50.238,2022-04-30 07:55:50.238,,,,,105.0,,,,,112.83,,,,UTC+0530,S7Wp0spWno,,,08912528-26ed-9892-a7c9-421185704b81.com.samsung.health.exercise.live_data.json,,,com.sec.android.app.shealth,,,,,2022-04-30 07:53:30.989,08912528-26ed-9892-a7c9-421185704b81,,
6a6cf8b2-4d92-645a-f9c2-501a65faf469.live_data_internal.json,0,,,,,462.96997,0,,,,6a6cf8b2-4d92-645a-f9c2-501a65faf469.sensing_status.json,1,0,,,,,1,3427,,0.0,,,,,,3490080,,,,,2022-04-30 03:54:21.130,15002,,,,121.0,,,,,148.0,2022-04-30 04:52:40.779,2022-04-30 04:52:32.776,,,,,104.0,,,,,462.94,,,,UTC+0530,S7Wp0spWno,,,6a6cf8b2-4d92-645a-f9c2-501a65faf469.com.samsung.health.exercise.live_data.json,,,com.sec.android.app.shealth,,,,,2022-04-30 04:52:32.690,6a6cf8b2-4d92-645a-f9c2-501a65faf469,,
a07a3d31-2c89-25d4-3c94-7f5dc558a798.live_data_internal.json,0,,,,,557.912,0,,,,a07a3d31-2c89-25d4-3c94-7f5dc558a798.sensing_status.json,1,0,,,,,1,3504,,0.0,,,,,,4680380,,,,,2022-05-02 03:46:19.020,15002,,,,123.0,,,,,144.0,2022-05-02 05:04:27.879,2022-05-02 05:04:20.312,,,,,71.0,,,,,557.88,,,,UTC+0530,S7Wp0spWno,,,a07a3d31-2c89-25d4-3c94-7f5dc558a798.com.samsung.health.exercise.live_data.json,,,com.sec.android.app.shealth,,,,,2022-05-02 05:04:20.980,a07a3d31-2c89-25d4-3c94-7f5dc558a798,,
e4d3797e-cd2c-d110-5ef7-bbbab7628b4b.live_data_internal.json,0,,,,,103.0,0,,,,,4,0,,,,,0,29,,0.0,,,e4d3797e-cd2c-d110-5ef7-bbbab7628b4b.location_data_internal.json,,,1137720,,,,e4d3797e-cd2c-d110-5ef7-bbbab7628b4b.com.samsung.health.exercise.location_data.json,2022-05-05 03:50:43.860,1001,,,,102.0,30001,,,,119.0,2022-05-05 04:11:15.370,2022-05-05 04:11:15.370,,,1.630731,,83.0,,1304,957.243,,103.0,,,,UTC+0530,S7Wp0spWno,,,e4d3797e-cd2c-d110-5ef7-bbbab7628b4b.com.samsung.health.exercise.live_data.json,,1.3976368,com.sec.android.app.shealth,,,,,2022-05-05 04:09:41.580,e4d3797e-cd2c-d110-5ef7-bbbab7628b4b,,
c443eafc-0a0f-fd52-9f34-aba32d17dd8f.live_data_internal.json,0,,,,,54.0,0,,,,,4,0,,,,,0,43,,0.0,,,c443eafc-0a0f-fd52-9f34-aba32d17dd8f.location_data_internal.json,,,613470,,,,c443eafc-0a0f-fd52-9f34-aba32d17dd8f.com.samsung.health.exercise.location_data.json,2022-05-06 11:10:41.520,1001,,,,133.0,30001,,,,146.0,2022-05-06 11:22:31.311,2022-05-06 11:22:31.311,,,1.6666666,,127.0,,678,503.713,,54.0,,,,UTC+0530,S7Wp0spWno,,,c443eafc-0a0f-fd52-9f34-aba32d17dd8f.com.samsung.health.exercise.live_data.json,,1.3270469,com.sec.android.app.shealth,,,,,2022-05-06 11:20:54.990,c443eafc-0a0f-fd52-9f34-aba32d17dd8f,,
3ecb15f3-b09c-eb67-e296-ab21b61f060b.live_data_internal.json,0,,,,,120.54,0,,,,,4,0,,,,,0,29,,0.0,,,,,,889760,,,,,2022-05-13 06:30:45.290,11007,,,,98.0,,,,,115.0,2022-05-13 06:47:50.659,2022-05-13 06:47:50.659,,,,,90.0,,,,,120.54,,,,UTC+0530,S7Wp0spWno,,,3ecb15f3-b09c-eb67-e296-ab21b61f060b.com.samsung.health.exercise.live_data.json,,,com.sec.android.app.shealth,,,,,2022-05-13 06:45:35.050,3ecb15f3-b09c-eb67-e296-ab21b61f060b,,
fdeb527d-07ac-ccea-97a4-e152226710cb.live_data_internal.json,0,,,,,344.8247,0,,,,fdeb527d-07ac-ccea-97a4-e152226710cb.sensing_status.json,1,0,,,,,1,2739,,0.0,,,,,,2819290,,,,,2022-05-14 03:51:55.240,15002,,,,112.0,,,,,133.0,2022-05-14 04:39:09.752,2022-05-14 04:39:01.488,,,,,90.0,,,,,344.68,,,,UTC+0530,S7Wp0spWno,,,fdeb527d-07ac-ccea-97a4-e152226710cb.com.samsung.health.exercise.live_data.json,,,com.sec.android.app.shealth,,,,,2022-05-14 04:39:01.680,fdeb527d-07ac-ccea-97a4-e152226710cb,,
4ec44201-7c80-0d4f-fb2f-809c861f96b1.live_data_internal.json,0,,,,,279.48428,0,,,,4ec44201-7c80-0d4f-fb2f-809c861f96b1.sensing_status.json,1,0,,,,,1,1557,,0.0,,,,,,2187830,,,,,2022-05-16 04:02:15.020,15002,,,,133.0,,,,,149.0,2022-05-16 04:40:52.005,2022-05-16 04:40:44.006,,,,,90.0,,,,,277.03,,,,UTC+0530,S7Wp0spWno,,,4ec44201-7c80-0d4f-fb2f-809c861f96b1.com.samsung.health.exercise.live_data.json,,,com.sec.android.app.shealth,,,,,2022-05-16 04:40:44.110,4ec44201-7c80-0d4f-fb2f-809c861f96b1,,
e8113d05-7b63-d1bc-d4b1-b295a4f9bdbe.live_data_internal.json,0,,,,,114.0,0,,,,,4,0,,,,,0,108,,0.0,,,,,,1252576,,,,,2022-05-16 03:41:23.550,1001,,,,115.0,30001,,,,132.0,2022-05-16 04:02:16.501,2022-05-16 04:02:16.501,,,1.6383333,,103.0,,1876,1490.398,,114.0,,,,UTC+0530,S7Wp0spWno,,,e8113d05-7b63-d1bc-d4b1-b295a4f9bdbe.com.samsung.health.exercise.live_data.json,,1.5148141,com.sec.android.app.shealth,,,,,2022-05-16 04:02:16.126,e8113d05-7b63-d1bc-d4b1-b295a4f9bdbe,,
2768bccf-96a9-d357-516c-d0def8d30216.live_data_internal.json,0,,,,,254.4044,0,,,,2768bccf-96a9-d357-516c-d0def8d30216.sensing_status.json,1,0,,,,,1,1835,,0.0,,,,,,1869760,,,,,2022-05-18 03:49:05.040,15002,,,,125.0,,,,,142.0,2022-05-18 04:20:24.856,2022-05-18 04:20:16.536,,,,,107.0,,,,,254.37001,,,,UTC+0530,S7Wp0spWno,,,2768bccf-96a9-d357-516c-d0def8d30216.com.samsung.health.exercise.live_data.json,,,com.sec.android.app.shealth,,,,,2022-05-18 04:20:16.500,2768bccf-96a9-d357-516c-d0def8d30216,,
f2f5c85c-db79-ce3a-04a1-48fe4850cda5.live_data_internal.json,0,,,,,358.0034,0,,,,f2f5c85c-db79-ce3a-04a1-48fe4850cda5.sensing_status.json,1,0,,,,,1,2419,,0.0,,,,,,2470810,,,,,2022-05-19 03:46:27.900,15002,,,,128.0,,,,,147.0,2022-05-19 04:27:48.042,2022-05-19 04:27:40.195,,,,,103.0,,,,,357.97,,,,UTC+0530,S7Wp0spWno,,,f2f5c85c-db79-ce3a-04a1-48fe4850cda5.com.samsung.health.exercise.live_data.json,,,com.sec.android.app.shealth,,,,,2022-05-19 04:27:40.360,f2f5c85c-db79-ce3a-04a1-48fe4850cda5,,
b735ff4b-5dab-6a8c-8c4b-ccb52438aef7.live_data_internal.json,0,,,,,342.65292,0,,,,b735ff4b-5dab-6a8c-8c4b-ccb52438aef7.sensing_status.json,1,0,,,,,1,2460,,0.0,,,,,,2540470,,,,,2022-05-20 03:42:35.410,15002,,,,125.0,,,,,142.0,2022-05-20 04:25:07.119,2022-05-20 04:24:58.211,,,,,106.0,,,,,342.61002,,,,UTC+0530,S7Wp0spWno,,,b735ff4b-5dab-6a8c-8c4b-ccb52438aef7.com.samsung.health.exercise.live_data.json,,,com.sec.android.app.shealth,,,,,2022-05-20 04:24:58.000,b735ff4b-5dab-6a8c-8c4b-ccb52438aef7,,
df825c03-e3a1-f991-4604-635368ba6a72.live_data_internal.json,0,,,,,284.38724,0,,,,df825c03-e3a1-f991-4604-635368ba6a72.sensing_status.json,1,0,,,,,1,1640,,0.0,,,,,,2333980,,,,,2022-05-25 03:57:08.000,15002,,,,128.0,,,,,147.0,2022-05-25 04:36:10.846,2022-05-25 04:36:03.418,,,,,99.0,,,,,284.35,,,,UTC+0530,S7Wp0spWno,,,df825c03-e3a1-f991-4604-635368ba6a72.com.samsung.health.exercise.live_data.json,,,com.sec.android.app.shealth,,,,,2022-05-25 04:36:03.820,df825c03-e3a1-f991-4604-635368ba6a72,,
09360e5f-8da4-e48f-cd4b-db7e9af6be29.live_data_internal.json,0,,,,,368.16162,0,,,,09360e5f-8da4-e48f-cd4b-db7e9af6be29.sensing_status.json,1,0,,,,,1,2427,,0.0,,,,,,2497730,,,,,2022-05-30 04:01:10.880,15002,,,,130.0,,,,,162.0,2022-05-30 04:42:58.042,2022-05-30 04:42:50.905,,,,,112.0,,,,,368.11002,,,,UTC+0530,S7Wp0spWno,,,09360e5f-8da4-e48f-cd4b-db7e9af6be29.com.samsung.health.exercise.live_data.json,,,com.sec.android.app.shealth,,,,,2022-05-30 04:42:51.160,09360e5f-8da4-e48f-cd4b-db7e9af6be29,,
5a370ea0-2232-ab47-df54-96efa512ac5e.live_data_internal.json,0,,,,,391.5709,0,,,,5a370ea0-2232-ab47-df54-96efa512ac5e.sensing_status.json,1,0,,,,,1,2991,,0.0,,,,,,3064400,,,,,2022-05-27 03:53:05.990,15002,,,,119.0,,,,,146.0,2022-05-27 04:44:20.499,2022-05-27 04:44:12.228,,,,,100.0,,,,,391.53,,,,UTC+0530,S7Wp0spWno,,,5a370ea0-2232-ab47-df54-96efa512ac5e.com.samsung.health.exercise.live_data.json,,,com.sec.android.app.shealth,,,,,2022-05-27 04:44:12.410,5a370ea0-2232-ab47-df54-96efa512ac5e,,
176a7d38-bb05-8ed5-a103-9439b1d63d06.live_data_internal.json,0,,,,,117.0,0,,,,,4,0,,,,,0,74,,0.0,,,176a7d38-bb05-8ed5-a103-9439b1d63d06.location_data_internal.json,,,1129810,,,,176a7d38-bb05-8ed5-a103-9439b1d63d06.com.samsung.health.exercise.location_data.json,2022-06-01 07:42:43.460,1001,,,,132.0,30001,,,,148.0,2022-06-01 08:03:11.020,2022-06-01 08:03:11.020,,,2.0555556,,107.0,,1585,1132.99,,117.0,,,,UTC+0530,S7Wp0spWno,,,176a7d38-bb05-8ed5-a103-9439b1d63d06.com.samsung.health.exercise.live_data.json,,1.4511213,com.sec.android.app.shealth,,,,,2022-06-01 08:01:33.270,176a7d38-bb05-8ed5-a103-9439b1d63d06,,
1d3ff1ac-ecf4-f9b4-9f57-9934845a402c.live_data_internal.json,0,,,,,462.9442,0,,,,1d3ff1ac-ecf4-f9b4-9f57-9934845a402c.sensing_status.json,1,0,,,,,1,2949,,0.0,,,,,,3012180,,,,,2022-06-01 04:03:16.830,15002,,,,132.0,,,,,156.0,2022-06-01 04:53:38.225,2022-06-01 04:53:30.525,,,,,109.0,,,,,462.91,,,,UTC+0530,S7Wp0spWno,,,1d3ff1ac-ecf4-f9b4-9f57-9934845a402c.com.samsung.health.exercise.live_data.json,,,com.sec.android.app.shealth,,,,,2022-06-01 04:53:30.700,1d3ff1ac-ecf4-f9b4-9f57-9934845a402c,,
3956a004-b6f2-82e6-3655-633d171a7030.live_data_internal.json,0,,,,,373.5134,0,,,,3956a004-b6f2-82e6-3655-633d171a7030.sensing_status.json,1,0,,,,,1,2740,,0.0,,,,,,2818290,,,,,2022-06-02 04:03:50.950,15002,,,,120.0,,,,,157.0,2022-06-02 04:50:58.842,2022-06-02 04:50:51.382,,,,,98.0,,,,,373.48,,,,UTC+0530,S7Wp0spWno,,,3956a004-b6f2-82e6-3655-633d171a7030.com.samsung.health.exercise.live_data.json,,,com.sec.android.app.shealth,,,,,2022-06-02 04:50:50.890,3956a004-b6f2-82e6-3655-633d171a7030,,
ad981b91-51d0-999e-fa2b-02ed0159bce7.live_data_internal.json,0,,,,,512.813,0,,,,ad981b91-51d0-999e-fa2b-02ed0159bce7.sensing_status.json,1,0,,,,,1,3747,,0.0,,,,,,3818040,,,,,2022-06-03 03:54:06.870,15002,,,,122.0,,,,,141.0,2022-06-05 04:59:05.856,2022-06-03 04:57:46.054,,,,,101.0,,,,,512.78,,,,UTC+0530,S7Wp0spWno,,,ad981b91-51d0-999e-fa2b-02ed0159bce7.com.samsung.health.exercise.live_data.json,,,com.sec.android.app.shealth,,,,,2022-06-03 04:57:46.540,ad981b91-51d0-999e-fa2b-02ed0159bce7,,
ee3db00b-58e0-0ec0-a62b-7d97867c0f44.live_data_internal.json,0,,,,,113.0,0,,,,,4,0,,,,,0,101,,0.0,,,ee3db00b-58e0-0ec0-a62b-7d97867c0f44.location_data_internal.json,,,1218930,,,,ee3db00b-58e0-0ec0-a62b-7d97867c0f44.com.samsung.health.exercise.location_data.json,2022-06-06 03:33:07.940,1001,,,,126.0,30001,,,,135.0,2022-06-06 03:55:01.367,2022-06-06 03:55:01.367,,,1.7545642,,100.0,,1582,1232.546,,113.0,,,,UTC+0530,S7Wp0spWno,,,ee3db00b-58e0-0ec0-a62b-7d97867c0f44.com.samsung.health.exercise.live_data.json,,1.4603145,com.sec.android.app.shealth,,,,,2022-06-06 03:53:26.870,ee3db00b-58e0-0ec0-a62b-7d97867c0f44,,
e4f2586f-7466-792c-e3dd-a92dd85577bc.live_data_internal.json,0,,,,,76.0,0,,,,,4,0,,,,,0,29,,0.0,,,e4f2586f-7466-792c-e3dd-a92dd85577bc.location_data_internal.json,,,783750,,,,e4f2586f-7466-792c-e3dd-a92dd85577bc.com.samsung.health.exercise.location_data.json,2022-06-06 10:46:23.120,1001,,,,88.0,30001,,,,118.0,2022-06-06 11:00:57.836,2022-06-06 11:00:57.836,,,2.1388888,,69.0,,952,655.572,,76.0,,,,UTC+0530,S7Wp0spWno,,,e4f2586f-7466-792c-e3dd-a92dd85577bc.com.samsung.health.exercise.live_data.json,,1.4403732,com.sec.android.app.shealth,,,,,2022-06-06 10:59:26.870,e4f2586f-7466-792c-e3dd-a92dd85577bc,,
16866fbf-5e18-4679-d9dd-d26ad1ae9d90.live_data_internal.json,0,,,,,65.0,0,,,,,4,0,,,,,0,67,,0.0,,,16866fbf-5e18-4679-d9dd-d26ad1ae9d90.location_data_internal.json,,,669760,,,,16866fbf-5e18-4679-d9dd-d26ad1ae9d90.com.samsung.health.exercise.location_data.json,2022-06-08 04:50:11.090,1001,,,,135.0,30001,,,,144.0,2022-06-08 05:02:56.554,2022-06-08 05:02:56.554,,,1.6666666,,128.0,,891,701.737,,65.0,,,,UTC+0530,S7Wp0spWno,,,16866fbf-5e18-4679-d9dd-d26ad1ae9d90.com.samsung.health.exercise.live_data.json,,1.4816234,com.sec.android.app.shealth,,,,,2022-06-08 05:01:20.850,16866fbf-5e18-4679-d9dd-d26ad1ae9d90,,
b4ced4f8-9d5a-db8b-e86d-6fe50a812394.live_data_internal.json,0,,,,,648.06,0,,,,b4ced4f8-9d5a-db8b-e86d-6fe50a812394.sensing_status.json,1,0,,,,,1,4050,,0.0,,,,,,5435690,,,,,2022-06-07 03:57:46.030,15002,,,,125.0,,,,,151.0,2022-06-07 05:28:30.426,2022-06-07 05:28:21.723,,,,,80.0,,,,,648.06,,,,UTC+0530,S7Wp0spWno,,,b4ced4f8-9d5a-db8b-e86d-6fe50a812394.com.samsung.health.exercise.live_data.json,,,com.sec.android.app.shealth,,,,,2022-06-07 05:28:21.720,b4ced4f8-9d5a-db8b-e86d-6fe50a812394,,
cb62b12e-4fb9-50ab-d4ae-a5370c7fea73.live_data_internal.json,0,,,,,375.3563,0,,,,cb62b12e-4fb9-50ab-d4ae-a5370c7fea73.sensing_status.json,1,0,,,,,1,2404,,0.0,,,,,,2481160,,,,,2022-06-08 04:08:37.070,15002,,,,133.0,,,,,152.0,2022-06-08 04:50:08.871,2022-06-08 04:50:01.825,,,,,108.0,,,,,375.28,,,,UTC+0530,S7Wp0spWno,,,cb62b12e-4fb9-50ab-d4ae-a5370c7fea73.com.samsung.health.exercise.live_data.json,,,com.sec.android.app.shealth,,,,,2022-06-08 04:50:02.000,cb62b12e-4fb9-50ab-d4ae-a5370c7fea73,,
9b141786-ebb5-c5b0-c35a-84b7763f9470.live_data_internal.json,0,,,,,467.93375,0,,,,9b141786-ebb5-c5b0-c35a-84b7763f9470.sensing_status.json,1,0,,,,,1,3513,,0.0,,,,,,3587300,,,,,2022-06-09 03:54:24.710,15002,,,,119.0,,,,,138.0,2022-06-09 04:54:22.745,2022-06-09 04:54:14.407,,,,,98.0,,,,,467.87,,,,UTC+0530,S7Wp0spWno,,,9b141786-ebb5-c5b0-c35a-84b7763f9470.com.samsung.health.exercise.live_data.json,,,com.sec.android.app.shealth,,,,,2022-06-09 04:54:15.160,9b141786-ebb5-c5b0-c35a-84b7763f9470,,
14038178-4c92-aee7-72fa-fa409dcffadb.live_data_internal.json,0,,,,,232.60756,0,,,,14038178-4c92-aee7-72fa-fa409dcffadb.sensing_status.json,1,0,,,,,1,1723,,0.0,,,,,,1754940,,,,,2022-06-10 04:01:49.850,15002,,,,120.0,,,,,132.0,2022-06-10 04:31:14.947,2022-06-10 04:31:06.503,,,,,105.0,,,,,232.56,,,,UTC+0530,S7Wp0spWno,,,14038178-4c92-aee7-72fa-fa409dcffadb.com.samsung.health.exercise.live_data.json,,,com.sec.android.app.shealth,,,,,2022-06-10 04:31:07.140,14038178-4c92-aee7-72fa-fa409dcffadb,,
2ad3904b-79be-e180-de72-1d126a7f477f.live_data_internal.json,0,,,,,54.0,0,,,,,4,0,,,,,0,43,,0.0,,,2ad3904b-79be-e180-de72-1d126a7f477f.location_data_internal.json,,,601330,,,,2ad3904b-79be-e180-de72-1d126a7f477f.com.samsung.health.exercise.location_data.json,2022-06-13 08:49:49.820,1001,,,,98.0,30001,,,,108.0,2022-06-13 09:01:24.203,2022-06-13 09:01:24.203,,,1.5664676,,82.0,,670,509.009,,54.0,,,,UTC+0530,S7Wp0spWno,,,2ad3904b-79be-e180-de72-1d126a7f477f.com.samsung.health.exercise.live_data.json,,1.3884454,com.sec.android.app.shealth,,,,,2022-06-13 08:59:51.150,2ad3904b-79be-e180-de72-1d126a7f477f,,
781c73c5-5d82-0516-22b0-73c9ddeedb17.live_data_internal.json,0,,,,,469.50906,0,,,,781c73c5-5d82-0516-22b0-73c9ddeedb17.sensing_status.json,1,0,,,,,1,3013,,0.0,,,,,,4174000,,,,,2022-06-13 03:52:07.520,15002,,,,121.0,,,,,139.0,2022-06-13 05:01:50.875,2022-06-13 05:01:43.600,,,,,97.0,,,,,469.47,,,,UTC+0530,S7Wp0spWno,,,781c73c5-5d82-0516-22b0-73c9ddeedb17.com.samsung.health.exercise.live_data.json,,,com.sec.android.app.shealth,,,,,2022-06-13 05:01:43.450,781c73c5-5d82-0516-22b0-73c9ddeedb17,,
4518404d-9911-a704-3ea3-2978e57c7495.live_data_internal.json,0,,,,,102.0,0,,,,,4,0,,,,,0,87,,0.0,,,4518404d-9911-a704-3ea3-2978e57c7495.location_data_internal.json,,,1100540,,,,4518404d-9911-a704-3ea3-2978e57c7495.com.samsung.health.exercise.location_data.json,2022-06-13 03:32:07.080,1001,,,,113.0,30001,,,,130.0,2022-06-13 03:52:01.538,2022-06-13 03:52:01.538,,,1.6314296,,80.0,,1311,1022.578,,102.0,,,,UTC+0530,S7Wp0spWno,,,4518404d-9911-a704-3ea3-2978e57c7495.com.samsung.health.exercise.live_data.json,,1.4180117,com.sec.android.app.shealth,,,,,2022-06-13 03:50:27.620,4518404d-9911-a704-3ea3-2978e57c7495,,
95d32487-41ff-9d68-84ed-c11e9843814e.live_data_internal.json,0,,,,,62.0,0,,,,,4,0,,,,,0,45,,0.0,,,,,,630450,,,,,2022-06-14 03:47:16.040,1001,,,,102.0,30001,,,,130.0,2022-06-14 03:59:19.718,2022-06-14 03:59:19.718,,,1.5118333,,67.0,,1032,804.873,,62.0,,,,UTC+0530,S7Wp0spWno,,,95d32487-41ff-9d68-84ed-c11e9843814e.com.samsung.health.exercise.live_data.json,,1.3910944,com.sec.android.app.shealth,,,,,2022-06-14 03:57:46.490,95d32487-41ff-9d68-84ed-c11e9843814e,,
a6d4ed49-f81f-4e02-c804-324c588df408.live_data_internal.json,0,,,,,490.06674,0,,,,a6d4ed49-f81f-4e02-c804-324c588df408.sensing_status.json,1,0,,,,,1,3721,,0.0,,,,,,3818030,,,,,2022-06-14 03:59:41.070,15002,,,,120.0,,,,,147.0,2022-06-14 05:03:29.432,2022-06-14 05:03:21.722,,,,,74.0,,,,,490.02,,,,UTC+0530,S7Wp0spWno,,,a6d4ed49-f81f-4e02-c804-324c588df408.com.samsung.health.exercise.live_data.json,,,com.sec.android.app.shealth,,,,,2022-06-14 05:03:21.410,a6d4ed49-f81f-4e02-c804-324c588df408,,
9e7b4b69-2ca9-d724-3cd2-e58a68380085.live_data_internal.json,0,,,,,306.51288,0,,,,9e7b4b69-2ca9-d724-3cd2-e58a68380085.sensing_status.json,1,0,,,,,1,2987,,0.0,,,,,,3053950,,,,,2022-06-15 03:51:43.510,15005,,,0.0,122.0,30001,,,,138.0,2022-06-15 04:42:46.951,2022-06-15 04:42:39.172,,,1.85,103.676674,95.0,,5275,4213.976,,306.473,135.684,0.0,,UTC+0530,S7Wp0spWno,,,9e7b4b69-2ca9-d724-3cd2-e58a68380085.com.samsung.health.exercise.live_data.json,,1.3798444,com.sec.android.app.shealth,,,,,2022-06-15 04:42:39.430,9e7b4b69-2ca9-d724-3cd2-e58a68380085,,
265c90b6-f907-7f39-1076-a2e4c509dd14.live_data_internal.json,0,,,,,57.0,0,,,,,4,0,,,,,0,50,,0.0,,,265c90b6-f907-7f39-1076-a2e4c509dd14.location_data_internal.json,,,675019,,,,265c90b6-f907-7f39-1076-a2e4c509dd14.com.samsung.health.exercise.location_data.json,2022-06-15 03:40:29.340,1001,,,,111.0,30001,,,,125.0,2022-06-15 03:51:44.670,2022-06-15 03:51:44.670,,,1.691738,,88.0,,806,633.787,,57.0,,,,UTC+0530,S7Wp0spWno,,,265c90b6-f907-7f39-1076-a2e4c509dd14.com.samsung.health.exercise.live_data.json,,1.4882826,com.sec.android.app.shealth,,,,,2022-06-15 03:51:44.359,265c90b6-f907-7f39-1076-a2e4c509dd14,,
,0,,,,,125.25,0,,,,,4,0,,,,,0,,,0.0,,,,,,741280,,,,,2022-06-16 13:49:33.192,11007,,,,,,,,,,2022-06-16 14:04:06.357,2022-06-16 14:04:06.357,,,,,,,,,,125.25,,,,UTC+0530,S7Wp0spWno,,,,,,com.sec.android.app.shealth,,,,,2022-06-16 14:01:54.472,b42194c1-9316-5ac8-feb4-072bfc174a0e,,
b171bb30-5bfa-87b0-b663-757aa3fdd9e3.live_data_internal.json,0,,,,,491.43402,0,,,,b171bb30-5bfa-87b0-b663-757aa3fdd9e3.sensing_status.json,1,0,,,,,1,3452,,0.0,,,,,,3546180,,,,,2022-06-17 03:57:50.810,15002,,,,125.0,,,,,143.0,2022-06-17 04:57:06.249,2022-06-17 04:56:58.646,,,,,111.0,,,,,491.4,,,,UTC+0530,S7Wp0spWno,,,b171bb30-5bfa-87b0-b663-757aa3fdd9e3.com.samsung.health.exercise.live_data.json,,,com.sec.android.app.shealth,,,,,2022-06-17 04:56:58.670,b171bb30-5bfa-87b0-b663-757aa3fdd9e3,,
ebdd355b-801b-1495-3866-63748a8c7f48.live_data_internal.json,0,,,,,85.76869,0,,,,ebdd355b-801b-1495-3866-63748a8c7f48.sensing_status.json,1,0,,,,,1,577,,0.0,,,,,,730910,,,,,2022-06-18 14:03:12.360,15006,,,,110.0,,,,,125.0,2022-06-18 14:15:37.604,2022-06-18 14:15:25.720,,,,,63.0,,,,,85.71,,,,UTC+0530,S7Wp0spWno,,,ebdd355b-801b-1495-3866-63748a8c7f48.com.samsung.health.exercise.live_data.json,,,com.sec.android.app.shealth,,,,,2022-06-18 14:15:26.170,ebdd355b-801b-1495-3866-63748a8c7f48,,
aba29405-ad25-0610-3703-b8f488fc01d8.live_data_internal.json,0,,,,,544.35333,0,,,,aba29405-ad25-0610-3703-b8f488fc01d8.sensing_status.json,1,0,,,,,1,3993,,0.0,,,,,,4094160,,,,,2022-06-18 03:54:57.430,15002,,,,122.0,,,,,141.0,2022-06-18 05:03:22.105,2022-06-18 05:03:13.308,,,,,99.0,,,,,544.31,,,,UTC+0530,S7Wp0spWno,,,aba29405-ad25-0610-3703-b8f488fc01d8.com.samsung.health.exercise.live_data.json,,,com.sec.android.app.shealth,,,,,2022-06-18 05:03:13.730,aba29405-ad25-0610-3703-b8f488fc01d8,,
9136d4c4-0ed8-fa33-9493-53cb836ab7b5.live_data_internal.json,0,,,,,439.35306,0,,,,9136d4c4-0ed8-fa33-9493-53cb836ab7b5.sensing_status.json,1,0,,,,,1,3522,,0.0,,,,,,3572150,,,,,2022-06-21 03:58:12.210,15002,,,,115.0,,,,,132.0,2022-06-21 04:57:57.281,2022-06-21 04:57:47.583,,,,,101.0,,,,,439.28,,,,UTC+0530,S7Wp0spWno,,,9136d4c4-0ed8-fa33-9493-53cb836ab7b5.com.samsung.health.exercise.live_data.json,,,com.sec.android.app.shealth,,,,,2022-06-21 04:57:47.970,9136d4c4-0ed8-fa33-9493-53cb836ab7b5,,
d927edac-078a-0497-bea7-5857c7f92418.live_data_internal.json,0,,,,,342.90384,0,,,,d927edac-078a-0497-bea7-5857c7f92418.sensing_status.json,1,0,,,,,1,2670,,0.0,,,,,,2724440,,,,,2022-06-24 04:06:24.970,15002,,,,118.0,,,,,136.0,2022-06-24 04:52:00.290,2022-06-24 04:51:51.574,,,,,84.0,,,,,342.85,,,,UTC+0530,S7Wp0spWno,,,d927edac-078a-0497-bea7-5857c7f92418.com.samsung.health.exercise.live_data.json,,,com.sec.android.app.shealth,,,,,2022-06-24 04:51:52.070,d927edac-078a-0497-bea7-5857c7f92418,,
bafa2088-b829-4a62-4da3-067c6805bb65.live_data_internal.json,0,,,,,69.0,0,,,,,4,0,,,,,0,51,,0.0,,,bafa2088-b829-4a62-4da3-067c6805bb65.location_data_internal.json,,,692650,,,,bafa2088-b829-4a62-4da3-067c6805bb65.com.samsung.health.exercise.location_data.json,2022-06-24 03:50:35.550,1001,,,,102.0,30001,,,,121.0,2022-06-24 04:03:42.696,2022-06-24 04:03:42.696,,,1.5,,74.0,,970,755.178,,69.0,,,,UTC+0530,S7Wp0spWno,,,bafa2088-b829-4a62-4da3-067c6805bb65.com.samsung.health.exercise.live_data.json,,1.4306898,com.sec.android.app.shealth,,,,,2022-06-24 04:02:08.200,bafa2088-b829-4a62-4da3-067c6805bb65,,
8aa62922-1a60-e4fa-bb40-4aebd4db7af3.live_data_internal.json,0,,,,,76.0,0,,,,,4,0,,,,,0,61,,0.0,,,8aa62922-1a60-e4fa-bb40-4aebd4db7af3.location_data_internal.json,,,808140,,,,8aa62922-1a60-e4fa-bb40-4aebd4db7af3.com.samsung.health.exercise.location_data.json,2022-06-24 03:35:11.840,1001,,,,116.0,30001,,,,129.0,2022-06-24 03:50:19.209,2022-06-24 03:50:19.209,,,1.6944444,,94.0,,1181,916.884,,76.0,,,,UTC+0530,S7Wp0spWno,,,8aa62922-1a60-e4fa-bb40-4aebd4db7af3.com.samsung.health.exercise.live_data.json,,1.4866812,com.sec.android.app.shealth,,,,,2022-06-24 03:48:39.980,8aa62922-1a60-e4fa-bb40-4aebd4db7af3,,
a0e29cec-d03b-3cf7-a836-85de60c975f0.live_data_internal.json,0,,,,,333.93515,0,,,,a0e29cec-d03b-3cf7-a836-85de60c975f0.sensing_status.json,1,0,,,,,1,2458,,0.0,,,,,,2506540,,,,,2022-06-25 03:59:59.090,15002,,,,121.0,,,,,144.0,2022-06-25 04:48:15.818,2022-06-25 04:48:07.636,,,,,102.0,,,,,326.19,,,,UTC+0530,S7Wp0spWno,,,a0e29cec-d03b-3cf7-a836-85de60c975f0.com.samsung.health.exercise.live_data.json,,,com.sec.android.app.shealth,,,,,2022-06-25 04:48:08.300,a0e29cec-d03b-3cf7-a836-85de60c975f0,,
767d737f-0589-6a00-f9d4-a2f56ad6a47e.live_data_internal.json,0,,,,,107.0,0,,,,,4,0,,,,,0,100,,0.0,,,,,,1180005,,,,,2022-06-25 03:40:19.890,1001,,,,114.0,30001,,,,128.0,2022-06-25 04:00:00.206,2022-06-25 04:00:00.206,,,1.5166509,,71.0,,1695,1292.152,,107.0,,,,UTC+0530,S7Wp0spWno,,,767d737f-0589-6a00-f9d4-a2f56ad6a47e.com.samsung.health.exercise.live_data.json,,1.4250939,com.sec.android.app.shealth,,,,,2022-06-25 03:59:59.895,767d737f-0589-6a00-f9d4-a2f56ad6a47e,,
27fc0f7b-2453-06d3-b3b2-1456217209fb.live_data_internal.json,0,,,,,443.65048,0,,,,27fc0f7b-2453-06d3-b3b2-1456217209fb.sensing_status.json,1,0,,,,,1,2974,,0.0,,,,,,3374180,,,,,2022-06-29 03:50:37.460,15002,,,,126.0,,,,,143.0,2022-06-29 04:47:01.421,2022-06-29 04:46:53.265,,,,,109.0,,,,,443.61002,,,,UTC+0530,S7Wp0spWno,,,27fc0f7b-2453-06d3-b3b2-1456217209fb.com.samsung.health.exercise.live_data.json,,,com.sec.android.app.shealth,,,,,2022-06-29 04:46:53.640,27fc0f7b-2453-06d3-b3b2-1456217209fb,,
7b2167f6-1872-83b1-7385-e0f929cf92ed.live_data_internal.json,0,,,,,81.0,0,,,,,4,0,,,,,0,80,,0.0,,,7b2167f6-1872-83b1-7385-e0f929cf92ed.location_data_internal.json,,,1003648,,,,7b2167f6-1872-83b1-7385-e0f929cf92ed.com.samsung.health.exercise.location_data.json,2022-06-30 03:35:03.680,1001,,,,124.0,30001,,,,140.0,2022-06-30 03:51:48.030,2022-06-30 03:51:48.030,,,1.6336997,,114.0,,1261,974.713,,81.0,,,,UTC+0530,S7Wp0spWno,,,7b2167f6-1872-83b1-7385-e0f929cf92ed.com.samsung.health.exercise.live_data.json,,1.437281,com.sec.android.app.shealth,,,,,2022-06-30 03:51:47.328,7b2167f6-1872-83b1-7385-e0f929cf92ed,,
ecf33378-93a6-9d37-7ce5-a0124f0c8cdd.live_data_internal.json,0,,,,,468.7501,0,,,,ecf33378-93a6-9d37-7ce5-a0124f0c8cdd.sensing_status.json,1,0,,,,,1,3083,,0.0,,,,,,3154650,,,,,2022-06-30 03:51:46.410,15002,,,,131.0,,,,,155.0,2022-06-30 04:44:29.630,2022-06-30 04:44:22.610,,,,,112.0,,,,,468.71,,,,UTC+0530,S7Wp0spWno,,,ecf33378-93a6-9d37-7ce5-a0124f0c8cdd.com.samsung.health.exercise.live_data.json,,,com.sec.android.app.shealth,,,,,2022-06-30 04:44:23.040,ecf33378-93a6-9d37-7ce5-a0124f0c8cdd,,
77096250-6906-50d1-eb08-48b768634154.live_data_internal.json,0,,,,,0.14835736,0,,,,77096250-6906-50d1-eb08-48b768634154.sensing_status.json,1,0,,,,,0,0,,0.0,,,,,,1080,,,,,2022-07-01 07:48:51.560,1002,,,0.0,,30001,,,,,2022-07-01 07:48:58.733,2022-07-01 07:48:58.733,,,0.0,,,,0,0.0,,0.021858929,0.0,0.0,,UTC+0530,S7Wp0spWno,,,77096250-6906-50d1-eb08-48b768634154.com.samsung.health.exercise.live_data.json,,0.0,com.sec.android.app.shealth,,,,,2022-07-01 07:48:58.890,77096250-6906-50d1-eb08-48b768634154,,
434b116f-3d2f-dc66-0812-a7869cbad33e.live_data_internal.json,0,,,,,342.06894,0,,,,434b116f-3d2f-dc66-0812-a7869cbad33e.sensing_status.json,1,0,,,,,1,2626,,0.0,,,,,,2725310,,,,,2022-07-01 03:56:13.570,15002,,,,120.0,,,,,137.0,2022-07-01 04:41:48.322,2022-07-01 04:41:40.234,,,,,106.0,,,,,342.04,,,,UTC+0530,S7Wp0spWno,,,434b116f-3d2f-dc66-0812-a7869cbad33e.com.samsung.health.exercise.live_data.json,,,com.sec.android.app.shealth,,,,,2022-07-01 04:41:40.310,434b116f-3d2f-dc66-0812-a7869cbad33e,,
38d9b90a-da1e-4d27-50ae-43d69b343155.live_data_internal.json,0,,,,,192.43399,0,,,,38d9b90a-da1e-4d27-50ae-43d69b343155.sensing_status.json,1,0,,,,,0,0,,0.0,,,38d9b90a-da1e-4d27-50ae-43d69b343155.location_data_internal.json,,,77649,,,,38d9b90a-da1e-4d27-50ae-43d69b343155.com.samsung.health.exercise.location_data.json,2022-07-01 10:37:34.380,1002,,15.348599,0.0,,30001,,4.7798095,,,2022-07-01 11:14:47.240,2022-07-01 11:14:47.240,,,0.0,,,,0,0.0,,148.823,0.0,0.0,,UTC+0530,S7Wp0spWno,,,38d9b90a-da1e-4d27-50ae-43d69b343155.com.samsung.health.exercise.live_data.json,,0.0,com.sec.android.app.shealth,,,,,2022-07-01 11:14:46.750,38d9b90a-da1e-4d27-50ae-43d69b343155,,
,0,,,,,102.64,0,,,,,4,0,,,,,0,,,0.0,,,,,,600000,,,,,2022-07-02 13:41:42.198,11007,,,,,,,,,,2022-07-02 13:53:57.439,2022-07-02 13:53:57.439,,,,,,,,,,102.64,,,,UTC+0530,S7Wp0spWno,,,,,,com.sec.android.app.shealth,,,,,2022-07-02 13:51:42.198,2b2b64d0-80f1-66cf-0df9-7fa82e112f7d,,
dd16ad06-477c-5237-97aa-55b0ab06a361.live_data_internal.json,0,,,,,128.44,0,,,,,4,0,,,,,0,29,,0.0,,,,,,884640,,,,,2022-07-02 15:23:57.208,11007,,,,116.0,,,,,132.0,2022-07-02 15:40:52.729,2022-07-02 15:40:52.729,,,,,107.0,,,,,128.44,,,,UTC+0530,S7Wp0spWno,,,dd16ad06-477c-5237-97aa-55b0ab06a361.com.samsung.health.exercise.live_data.json,,,com.sec.android.app.shealth,,,,,2022-07-02 15:38:41.848,dd16ad06-477c-5237-97aa-55b0ab06a361,,
8d5ad431-b40a-25bf-7e5e-cbc9e050ed1a.live_data_internal.json,0,,,,,351.91373,0,,,,8d5ad431-b40a-25bf-7e5e-cbc9e050ed1a.sensing_status.json,1,0,,,,,1,2392,,0.0,,,,,,2475960,,,,,2022-07-02 04:05:05.960,15002,,,,127.0,,,,,148.0,2022-07-02 04:46:30.828,2022-07-02 04:46:23.786,,,,,85.0,,,,,351.87,,,,UTC+0530,S7Wp0spWno,,,8d5ad431-b40a-25bf-7e5e-cbc9e050ed1a.com.samsung.health.exercise.live_data.json,,,com.sec.android.app.shealth,,,,,2022-07-02 04:46:24.080,8d5ad431-b40a-25bf-7e5e-cbc9e050ed1a,,
4dd62d3d-58a9-70e5-b6e9-66da8ddb7e04.live_data_internal.json,0,,,,,71.0,0,,,,,4,0,,,,,0,38,,0.0,,,4dd62d3d-58a9-70e5-b6e9-66da8ddb7e04.location_data_internal.json,,,673260,,,,4dd62d3d-58a9-70e5-b6e9-66da8ddb7e04.com.samsung.health.exercise.location_data.json,2022-07-03 05:34:32.900,1001,,,,83.0,30001,,,,113.0,2022-07-03 05:47:18.268,2022-07-03 05:47:18.268,,,1.3888888,,60.0,,813,558.102,,71.0,,,,UTC+0530,S7Wp0spWno,,,4dd62d3d-58a9-70e5-b6e9-66da8ddb7e04.com.samsung.health.exercise.live_data.json,,1.2804449,com.sec.android.app.shealth,,,,,2022-07-03 05:45:46.160,4dd62d3d-58a9-70e5-b6e9-66da8ddb7e04,,
319ac9ac-f027-e4da-8f37-c15a0fdd92e9.live_data_internal.json,0,,,,,70.0,0,,,,,4,0,,,,,0,56,,0.0,,,319ac9ac-f027-e4da-8f37-c15a0fdd92e9.location_data_internal.json,,,739250,,,,319ac9ac-f027-e4da-8f37-c15a0fdd92e9.com.samsung.health.exercise.location_data.json,2022-07-04 07:32:29.900,1001,,,,119.0,30001,,,,134.0,2022-07-04 07:46:23.448,2022-07-04 07:46:23.448,,,1.6944444,,105.0,,764,598.922,,70.0,,,,UTC+0530,S7Wp0spWno,,,319ac9ac-f027-e4da-8f37-c15a0fdd92e9.com.samsung.health.exercise.live_data.json,,1.4764063,com.sec.android.app.shealth,,,,,2022-07-04 07:44:49.150,319ac9ac-f027-e4da-8f37-c15a0fdd92e9,,
4018bfa9-2ee8-6a10-da8e-b6de96dcf5e8.live_data_internal.json,0,,,,,432.55493,0,,,,4018bfa9-2ee8-6a10-da8e-b6de96dcf5e8.sensing_status.json,1,0,,,,,1,3179,,0.0,,,,,,3254870,,,,,2022-07-05 03:58:11.600,15002,,,,122.0,,,,,142.0,2022-07-05 04:52:38.020,2022-07-05 04:52:28.395,,,,,104.0,,,,,432.51,,,,UTC+0530,S7Wp0spWno,,,4018bfa9-2ee8-6a10-da8e-b6de96dcf5e8.com.samsung.health.exercise.live_data.json,,,com.sec.android.app.shealth,,,,,2022-07-05 04:52:28.690,4018bfa9-2ee8-6a10-da8e-b6de96dcf5e8,,
09e40b16-61e0-650b-3e41-c6f1969f2d53.live_data_internal.json,0,,,,,110.0,0,,,,,4,0,,,,,0,104,,0.0,,,09e40b16-61e0-650b-3e41-c6f1969f2d53.location_data_internal.json,,,1223871,,,,09e40b16-61e0-650b-3e41-c6f1969f2d53.com.samsung.health.exercise.location_data.json,2022-07-06 03:38:51.200,1001,,,,111.0,30001,,,,124.0,2022-07-06 03:59:15.378,2022-07-06 03:59:15.378,,,2.2777777,,78.0,,1675,1318.755,,110.0,,,,UTC+0530,S7Wp0spWno,,,09e40b16-61e0-650b-3e41-c6f1969f2d53.com.samsung.health.exercise.live_data.json,,1.5041641,com.sec.android.app.shealth,,,,,2022-07-06 03:59:15.071,09e40b16-61e0-650b-3e41-c6f1969f2d53,,
5d75a0ec-e27d-c1dd-2087-af87a26343ff.live_data_internal.json,0,,,,,398.8904,0,,,,5d75a0ec-e27d-c1dd-2087-af87a26343ff.sensing_status.json,1,0,,,,,1,3202,,0.0,,,,,,3283250,,,,,2022-07-06 03:59:13.830,15002,,,,113.0,,,,,139.0,2022-07-06 05:04:51.095,2022-07-06 04:53:59.803,,,,,71.0,,,,,398.84,,,,UTC+0530,S7Wp0spWno,,,5d75a0ec-e27d-c1dd-2087-af87a26343ff.com.samsung.health.exercise.live_data.json,,,com.sec.android.app.shealth,,,,,2022-07-06 04:53:59.570,5d75a0ec-e27d-c1dd-2087-af87a26343ff,,
13f7915d-435a-8e8a-12ac-94d9265da2b3.live_data_internal.json,0,,,,,380.77472,0,,,,13f7915d-435a-8e8a-12ac-94d9265da2b3.sensing_status.json,1,0,,,,,1,2462,,0.0,,,,,,3284460,,,,,2022-07-07 03:52:32.790,15002,,,,123.0,,,,,145.0,2022-07-07 04:47:27.193,2022-07-07 04:47:19.345,,,,,96.0,,,,,380.73,,,,UTC+0530,S7Wp0spWno,,,13f7915d-435a-8e8a-12ac-94d9265da2b3.com.samsung.health.exercise.live_data.json,,,com.sec.android.app.shealth,,,,,2022-07-07 04:47:19.460,13f7915d-435a-8e8a-12ac-94d9265da2b3,,
62579301-73e9-e9d3-2085-b6d0fc5096af.live_data_internal.json,0,,,,,329.4723,0,,,,62579301-73e9-e9d3-2085-b6d0fc5096af.sensing_status.json,1,0,,,,,1,2660,,0.0,,,,,,2754310,,,,,2022-07-09 04:14:58.360,15002,,,,110.0,,,,,134.0,2022-07-09 05:01:02.704,2022-07-09 05:00:54.082,,,,,93.0,,,,,329.43,,,,UTC+0530,S7Wp0spWno,,,62579301-73e9-e9d3-2085-b6d0fc5096af.com.samsung.health.exercise.live_data.json,,,com.sec.android.app.shealth,,,,,2022-07-09 05:00:54.760,62579301-73e9-e9d3-2085-b6d0fc5096af,,
5970d7ae-d014-94ff-c695-7b928456d742.live_data_internal.json,0,,,,,50.484344,0,,,,5970d7ae-d014-94ff-c695-7b928456d742.sensing_status.json,1,0,,,,,1,66,,0.0,,,,,,640350,,,,,2022-07-08 04:01:46.100,15002,,,,107.0,,,,,112.0,2022-07-08 04:12:55.824,2022-07-08 04:12:47.106,,,,,102.0,,,,,50.05,,,,UTC+0530,S7Wp0spWno,,,5970d7ae-d014-94ff-c695-7b928456d742.com.samsung.health.exercise.live_data.json,,,com.sec.android.app.shealth,,,,,2022-07-08 04:12:47.910,5970d7ae-d014-94ff-c695-7b928456d742,,
ade7670b-a12f-e75b-c9aa-856fc8caf1e2.live_data_internal.json,0,,,,,295.1846,0,,,,ade7670b-a12f-e75b-c9aa-856fc8caf1e2.sensing_status.json,1,0,,,,,1,2387,,0.0,,,,,,2446990,,,,,2022-07-08 04:13:01.850,15002,,,,112.0,,,,,134.0,2022-07-08 04:54:02.625,2022-07-08 04:53:54.799,,,,,97.0,,,,,295.05,,,,UTC+0530,S7Wp0spWno,,,ade7670b-a12f-e75b-c9aa-856fc8caf1e2.com.samsung.health.exercise.live_data.json,,,com.sec.android.app.shealth,,,,,2022-07-08 04:53:55.490,ade7670b-a12f-e75b-c9aa-856fc8caf1e2,,
1f13fd7f-e35f-9e20-e945-506718873c11.live_data_internal.json,0,,,,,375.11963,0,,,,1f13fd7f-e35f-9e20-e945-506718873c11.sensing_status.json,1,0,,,,,1,2288,,0.0,,,,,,3359630,,,,,2022-07-11 03:55:46.200,15002,,,,123.0,,,,,142.0,2022-07-11 04:52:05.506,2022-07-11 04:51:57.709,,,,,104.0,,,,,374.88,,,,UTC+0530,S7Wp0spWno,,,1f13fd7f-e35f-9e20-e945-506718873c11.com.samsung.health.exercise.live_data.json,,,com.sec.android.app.shealth,,,,,2022-07-11 04:51:57.670,1f13fd7f-e35f-9e20-e945-506718873c11,,
,0,,,,,82.57,0,,,,,4,0,,,,,0,,,0.0,,,,,,600000,,,,,2022-07-12 15:58:31.188,11007,,,,,,,,,,2022-07-12 16:09:48.543,2022-07-12 16:09:48.543,,,,,,,,,,82.57,,,,UTC+0530,S7Wp0spWno,,,,,,com.sec.android.app.shealth,,,,,2022-07-12 16:08:31.188,7c51e976-ad44-b3f7-b412-7bc80bfc4c74,,
427f0ee2-cb40-8751-e5e7-b3d5f9e685cd.live_data_internal.json,0,,,,,340.40323,0,,,,427f0ee2-cb40-8751-e5e7-b3d5f9e685cd.sensing_status.json,1,0,,,,,1,2329,,0.0,,,,,,2388400,,,,,2022-07-14 03:53:29.880,15002,,,,127.0,,,,,159.0,2022-07-14 04:33:28.543,2022-07-14 04:33:20.137,,,,,103.0,,,,,340.35,,,,UTC+0530,S7Wp0spWno,,,427f0ee2-cb40-8751-e5e7-b3d5f9e685cd.com.samsung.health.exercise.live_data.json,,,com.sec.android.app.shealth,,,,,2022-07-14 04:33:20.910,427f0ee2-cb40-8751-e5e7-b3d5f9e685cd,,
264d1837-1eab-bece-2ab6-4e882877ce60.live_data_internal.json,0,,,,,56.0,0,,,,,4,0,,,,,0,42,,0.0,,,264d1837-1eab-bece-2ab6-4e882877ce60.location_data_internal.json,,,614320,,,,264d1837-1eab-bece-2ab6-4e882877ce60.com.samsung.health.exercise.location_data.json,2022-07-14 03:39:11.270,1001,,,,114.0,30001,,,,130.0,2022-07-14 03:50:59.324,2022-07-14 03:50:59.324,,,1.6944444,,100.0,,651,490.999,,56.0,,,,UTC+0530,S7Wp0spWno,,,264d1837-1eab-bece-2ab6-4e882877ce60.com.samsung.health.exercise.live_data.json,,1.4073853,com.sec.android.app.shealth,,,,,2022-07-14 03:49:25.590,264d1837-1eab-bece-2ab6-4e882877ce60,,
118fb3d8-6ab8-abf6-c1e6-4f2e7a032b54.live_data_internal.json,0,,,,,184.21585,0,,,,118fb3d8-6ab8-abf6-c1e6-4f2e7a032b54.sensing_status.json,1,0,,,,,1,1373,,0.0,,,,,,1423950,,,,,2022-07-15 03:55:59.440,15002,,,,121.0,,,,,146.0,2022-07-15 04:19:58.149,2022-07-15 04:19:50.913,,,,,106.0,,,,,184.06,,,,UTC+0530,S7Wp0spWno,,,118fb3d8-6ab8-abf6-c1e6-4f2e7a032b54.com.samsung.health.exercise.live_data.json,,,com.sec.android.app.shealth,,,,,2022-07-15 04:19:51.090,118fb3d8-6ab8-abf6-c1e6-4f2e7a032b54,,
82e78500-447d-108f-4f35-cfce84a3b0f6.live_data_internal.json,0,,,,,71.0,0,,,,,4,0,,,,,0,52,,0.0,,,82e78500-447d-108f-4f35-cfce84a3b0f6.location_data_internal.json,,,715020,,,,82e78500-447d-108f-4f35-cfce84a3b0f6.com.samsung.health.exercise.location_data.json,2022-07-15 04:21:16.900,1001,,,,96.0,30001,,,,116.0,2022-07-15 04:34:45.020,2022-07-15 04:34:45.020,,,1.7606051,,72.0,,1006,792.461,,71.0,,,,UTC+0530,S7Wp0spWno,,,82e78500-447d-108f-4f35-cfce84a3b0f6.com.samsung.health.exercise.live_data.json,,1.5745394,com.sec.android.app.shealth,,,,,2022-07-15 04:33:11.920,82e78500-447d-108f-4f35-cfce84a3b0f6,,
ef1969b9-ef8b-1cf3-612f-fbffb37b8007.live_data_internal.json,0,,,,,78.0,0,,,,,4,0,,,,,0,58,,0.0,,,ef1969b9-ef8b-1cf3-612f-fbffb37b8007.location_data_internal.json,,,812760,,,,ef1969b9-ef8b-1cf3-612f-fbffb37b8007.com.samsung.health.exercise.location_data.json,2022-07-16 05:32:26.380,1001,,,,127.0,30001,,,,151.0,2022-07-16 05:47:31.806,2022-07-16 05:47:31.806,,,1.4722222,,118.0,,835,613.654,,78.0,,,,UTC+0530,S7Wp0spWno,,,ef1969b9-ef8b-1cf3-612f-fbffb37b8007.com.samsung.health.exercise.live_data.json,,1.2801816,com.sec.android.app.shealth,,,,,2022-07-16 05:45:59.140,ef1969b9-ef8b-1cf3-612f-fbffb37b8007,,
a831a25b-498c-493d-2d6d-0254b216a58b.live_data_internal.json,0,,,,,59.0,0,,,,,4,0,,,,,0,44,,0.0,,,a831a25b-498c-493d-2d6d-0254b216a58b.location_data_internal.json,,,631110,,,,a831a25b-498c-493d-2d6d-0254b216a58b.com.samsung.health.exercise.location_data.json,2022-07-15 05:21:32.300,1001,,,,106.0,30001,,,,118.0,2022-07-15 05:33:36.559,2022-07-15 05:33:36.559,,,1.5277778,,76.0,,919,704.162,,59.0,,,,UTC+0530,S7Wp0spWno,,,a831a25b-498c-493d-2d6d-0254b216a58b.com.samsung.health.exercise.live_data.json,,1.4231733,com.sec.android.app.shealth,,,,,2022-07-15 05:32:03.410,a831a25b-498c-493d-2d6d-0254b216a58b,,
3eddcf86-9441-99ec-9a86-cfebf224b891.live_data_internal.json,0,,,,,97.44,0,,,,,4,0,,,,,0,5,,0.0,,,,,,649120,,,,,2022-07-17 12:25:46.166,11007,,,,107.0,,,,,113.0,2022-07-17 12:38:46.202,2022-07-17 12:38:46.202,,,,,104.0,,,,,97.44,,,,UTC+0530,S7Wp0spWno,,,3eddcf86-9441-99ec-9a86-cfebf224b891.com.samsung.health.exercise.live_data.json,,,com.sec.android.app.shealth,,,,,2022-07-17 12:36:35.286,3eddcf86-9441-99ec-9a86-cfebf224b891,,
f1c75409-dd54-7e87-c164-829e4a1ce866.live_data_internal.json,0,,,,,457.87216,0,,,,f1c75409-dd54-7e87-c164-829e4a1ce866.sensing_status.json,1,0,,,,,1,3488,,0.0,,,,,,3617660,,,,,2022-07-19 04:00:16.260,15002,,,,117.0,,,,,139.0,2022-07-19 05:01:54.305,2022-07-19 05:01:47.015,,,,,88.0,,,,,456.39,,,,UTC+0530,S7Wp0spWno,,,f1c75409-dd54-7e87-c164-829e4a1ce866.com.samsung.health.exercise.live_data.json,,,com.sec.android.app.shealth,,,,,2022-07-19 05:01:47.150,f1c75409-dd54-7e87-c164-829e4a1ce866,,
98f5a547-2e2b-9226-69d3-05e6078def14.live_data_internal.json,0,,,,,106.0,0,,,,,4,0,,,,,0,96,,0.0,,,,,,1130930,,,,,2022-07-19 03:38:40.780,1001,,,,112.0,30001,,,,121.0,2022-07-19 03:59:04.216,2022-07-19 03:59:04.216,,,1.5591598,,103.0,,1564,1185.676,,106.0,,,,UTC+0530,S7Wp0spWno,,,98f5a547-2e2b-9226-69d3-05e6078def14.com.samsung.health.exercise.live_data.json,,1.4510332,com.sec.android.app.shealth,,,,,2022-07-19 03:57:31.710,98f5a547-2e2b-9226-69d3-05e6078def14,,
,0,,,,,77.45,0,,,,,4,0,,,,,0,,,0.0,,,,,,600000,,,,,2022-07-19 06:27:54.206,11007,,,,,,,,,,2022-07-19 06:38:52.739,2022-07-19 06:38:52.739,,,,,,,,,,77.45,,,,UTC+0530,S7Wp0spWno,,,,,,com.sec.android.app.shealth,,,,,2022-07-19 06:37:54.206,e7534f89-c43c-b92c-e35a-8411fe122b3c,,
ea29b929-f5ee-601f-d0b4-43a4513cca8d.live_data_internal.json,0,,,,,358.80002,0,,,,ea29b929-f5ee-601f-d0b4-43a4513cca8d.sensing_status.json,1,0,,,,,1,2288,,0.0,,,,,,2388320,,,,,2022-07-20 03:56:05.300,15002,,,,133.0,,,,,151.0,2022-07-20 04:36:05.544,2022-07-20 04:35:56.874,,,,,112.0,,,,,358.73,,,,UTC+0530,S7Wp0spWno,,,ea29b929-f5ee-601f-d0b4-43a4513cca8d.com.samsung.health.exercise.live_data.json,,,com.sec.android.app.shealth,,,,,2022-07-20 04:35:57.080,ea29b929-f5ee-601f-d0b4-43a4513cca8d,,
9015a343-d808-c3e4-9cb5-68a419dac1c9.live_data_internal.json,0,,,,,506.5619,0,,,,9015a343-d808-c3e4-9cb5-68a419dac1c9.sensing_status.json,1,0,,,,,1,3497,,0.0,,,,,,4127560,,,,,2022-07-21 03:49:59.400,15002,,,,122.0,,,,,159.0,2022-07-21 04:58:56.543,2022-07-21 04:58:48.898,,,,,103.0,,,,,506.52,,,,UTC+0530,S7Wp0spWno,,,9015a343-d808-c3e4-9cb5-68a419dac1c9.com.samsung.health.exercise.live_data.json,,,com.sec.android.app.shealth,,,,,2022-07-21 04:58:49.030,9015a343-d808-c3e4-9cb5-68a419dac1c9,,
c16953a5-8516-fb49-c37c-6b57e879a014.live_data_internal.json,0,,,,,300.38467,0,,,,c16953a5-8516-fb49-c37c-6b57e879a014.sensing_status.json,1,0,,,,,1,1901,,0.0,,,,,,2527810,,,,,2022-07-22 03:55:59.830,15002,,,,123.0,,,,,140.0,2022-07-22 04:38:18.141,2022-07-22 04:38:10.855,,,,,102.0,,,,,300.31,,,,UTC+0530,S7Wp0spWno,,,c16953a5-8516-fb49-c37c-6b57e879a014.com.samsung.health.exercise.live_data.json,,,com.sec.android.app.shealth,,,,,2022-07-22 04:38:11.330,c16953a5-8516-fb49-c37c-6b57e879a014,,
9142272e-61b7-57bc-2693-f4fe456990d6.live_data_internal.json,0,,,,,63.0,0,,,,,4,0,,,,,0,59,,0.0,,,,,,773124,,,,,2022-07-22 03:43:07.590,1001,,,,121.0,30001,,,,133.0,2022-07-22 03:56:01.508,2022-07-22 03:56:01.508,,,1.687762,,88.0,,816,586.016,,63.0,,,,UTC+0530,S7Wp0spWno,,,9142272e-61b7-57bc-2693-f4fe456990d6.com.samsung.health.exercise.live_data.json,,1.4770998,com.sec.android.app.shealth,,,,,2022-07-22 03:56:00.714,9142272e-61b7-57bc-2693-f4fe456990d6,,
b8962901-8b31-8c3c-1fdc-f6eaa614639f.live_data_internal.json,0,,,,,111.37,0,,,,,4,0,,,,,0,12,,0.0,,,,,,710560,,,,,2022-07-23 15:46:05.193,11007,,,,123.0,,,,,129.0,2022-07-23 16:00:06.811,2022-07-23 16:00:06.811,,,,,114.0,,,,,111.37,,,,UTC+0530,S7Wp0spWno,,,b8962901-8b31-8c3c-1fdc-f6eaa614639f.com.samsung.health.exercise.live_data.json,,,com.sec.android.app.shealth,,,,,2022-07-23 15:57:55.753,b8962901-8b31-8c3c-1fdc-f6eaa614639f,,
32009648-8a4b-e6f9-12d6-412d7974703f.live_data_internal.json,0,,,,,357.35822,0,,,,32009648-8a4b-e6f9-12d6-412d7974703f.sensing_status.json,1,0,,,,,1,2734,,0.0,,,,,,2808990,,,,,2022-07-23 04:13:36.080,15002,,,,119.0,,,,,135.0,2022-07-23 05:21:15.861,2022-07-23 05:00:27.950,,,,,104.0,,,,,357.29,,,,UTC+0530,S7Wp0spWno,,,32009648-8a4b-e6f9-12d6-412d7974703f.com.samsung.health.exercise.live_data.json,,,com.sec.android.app.shealth,,,,,2022-07-23 05:00:28.440,32009648-8a4b-e6f9-12d6-412d7974703f,,
da0823a4-538f-fdad-4af9-37a50aa7477e.live_data_internal.json,0,,,,,63.0,0,,,,,4,0,,,,,0,49,,0.0,,,,,,659280,,,,,2022-07-23 03:57:43.220,1001,,,,118.0,30001,,,,129.0,2022-07-23 04:10:15.356,2022-07-23 04:10:15.356,,,1.5383333,,112.0,,1011,773.604,,63.0,,,,UTC+0530,S7Wp0spWno,,,da0823a4-538f-fdad-4af9-37a50aa7477e.com.samsung.health.exercise.live_data.json,,1.4464397,com.sec.android.app.shealth,,,,,2022-07-23 04:08:42.500,da0823a4-538f-fdad-4af9-37a50aa7477e,,
880ce2f2-31f3-5b57-93b0-6aaed0451bde.live_data_internal.json,0,,,,,47.0,0,,,,,4,0,,,,,0,44,,0.0,,,880ce2f2-31f3-5b57-93b0-6aaed0451bde.location_data_internal.json,,,610420,,,,880ce2f2-31f3-5b57-93b0-6aaed0451bde.com.samsung.health.exercise.location_data.json,2022-07-24 12:38:42.460,1001,,,,99.0,30001,,,,113.0,2022-07-24 12:50:27.526,2022-07-24 12:50:27.526,,,2.3888888,,77.0,,573,429.604,,47.0,,,,UTC+0530,S7Wp0spWno,,,880ce2f2-31f3-5b57-93b0-6aaed0451bde.com.samsung.health.exercise.live_data.json,,1.4378548,com.sec.android.app.shealth,,,,,2022-07-24 12:48:52.880,880ce2f2-31f3-5b57-93b0-6aaed0451bde,,
dfbce1f5-97ea-5e2b-4d79-96aeb7353e73.live_data_internal.json,0,,,,,234.39,0,,,,dfbce1f5-97ea-5e2b-4d79-96aeb7353e73.sensing_status.json,1,0,,,,,1,1207,,0.0,,,,,,2441490,,,,,2022-07-25 03:57:28.760,15002,,,,122.0,,,,,144.0,2022-07-25 04:38:17.630,2022-07-25 04:38:10.096,,,,,110.0,,,,,234.39,,,,UTC+0530,S7Wp0spWno,,,dfbce1f5-97ea-5e2b-4d79-96aeb7353e73.com.samsung.health.exercise.live_data.json,,,com.sec.android.app.shealth,,,,,2022-07-25 04:38:10.250,dfbce1f5-97ea-5e2b-4d79-96aeb7353e73,,
4cfce541-6a95-d1f2-220b-7cc5647104c1.live_data_internal.json,0,,,,,61.88681,0,,,,4cfce541-6a95-d1f2-220b-7cc5647104c1.sensing_status.json,7,0,,,,,0,70,,0.0,,,,,,638289,,,,,2022-07-25 03:46:17.120,1001,,,,120.0,30001,,,,131.0,2022-07-25 03:57:16.975,2022-07-25 03:57:16.975,,,1.6388888,88.21937,112.0,,937,631.538,,61.447,88.21937,,,UTC+0530,S7Wp0spWno,,,4cfce541-6a95-d1f2-220b-7cc5647104c1.com.samsung.health.exercise.live_data.json,,0.9894217,com.sec.android.app.shealth,,,,,2022-07-25 03:57:17.140,4cfce541-6a95-d1f2-220b-7cc5647104c1,,
,0,,,,,126.0,0,,,,,4,0,,,,,0,,,0.0,,,,,,960320,,,,,2022-07-25 07:56:57.620,0,,,,,,,,,,2022-07-25 08:14:05.772,2022-07-25 08:14:05.772,,,,,,,,,,126.0,,,,UTC+0530,S7Wp0spWno,,,,,,com.sec.android.app.shealth,,,,,2022-07-25 08:12:57.940,c33950e6-1ee5-bb95-9e06-0c634165a615,,
90c1a004-cee7-8ed2-852e-cf7aa090d032.live_data_internal.json,0,,,,,567.17523,0,,,,90c1a004-cee7-8ed2-852e-cf7aa090d032.sensing_status.json,1,0,,,,,1,3988,,0.0,,,,,,4063700,,,,,2022-07-26 03:55:19.970,15002,,,,124.0,,,,,146.0,2022-07-26 05:03:24.218,2022-07-26 05:03:16.108,,,,,99.0,,,,,566.92,,,,UTC+0530,S7Wp0spWno,,,90c1a004-cee7-8ed2-852e-cf7aa090d032.com.samsung.health.exercise.live_data.json,,,com.sec.android.app.shealth,,,,,2022-07-26 05:03:16.280,90c1a004-cee7-8ed2-852e-cf7aa090d032,,
64bdebbc-94e2-b5e7-99ae-ec1d6a5337cb.live_data_internal.json,0,,,,,453.08694,0,,,,64bdebbc-94e2-b5e7-99ae-ec1d6a5337cb.sensing_status.json,1,0,,,,,1,2913,,0.0,,,,,,2974450,,,,,2022-07-27 03:51:13.960,15002,,,,132.0,,,,,152.0,2022-07-27 04:40:59.024,2022-07-27 04:40:50.930,,,,,112.0,,,,,453.04,,,,UTC+0530,S7Wp0spWno,,,64bdebbc-94e2-b5e7-99ae-ec1d6a5337cb.com.samsung.health.exercise.live_data.json,,,com.sec.android.app.shealth,,,,,2022-07-27 04:40:50.730,64bdebbc-94e2-b5e7-99ae-ec1d6a5337cb,,
5f8dfc1c-4358-fb6a-4ee6-4ba2cec70a9f.live_data_internal.json,0,,,,,309.24594,0,,,,5f8dfc1c-4358-fb6a-4ee6-4ba2cec70a9f.sensing_status.json,1,0,,,,,1,2302,,0.0,,,,,,2388260,,,,,2022-07-30 04:04:15.920,15002,,,,121.0,,,,,138.0,2022-07-30 04:44:13.865,2022-07-30 04:44:06.484,,,,,101.0,,,,,309.2,,,,UTC+0530,S7Wp0spWno,,,5f8dfc1c-4358-fb6a-4ee6-4ba2cec70a9f.com.samsung.health.exercise.live_data.json,,,com.sec.android.app.shealth,,,,,2022-07-30 04:44:06.450,5f8dfc1c-4358-fb6a-4ee6-4ba2cec70a9f,,
ba9a14e6-a573-3bf3-2bd4-b1e800451ea4.live_data_internal.json,0,,,,,157.0,0,,,,,4,0,,,,,0,152,,0.0,,,ba9a14e6-a573-3bf3-2bd4-b1e800451ea4.location_data_internal.json,,,1704070,,,,ba9a14e6-a573-3bf3-2bd4-b1e800451ea4.com.samsung.health.exercise.location_data.json,2022-07-30 03:33:50.680,1001,,,,111.0,30001,,,,124.0,2022-07-30 04:03:47.987,2022-07-30 04:03:47.987,,,1.481,,85.0,,2102,1582.599,,157.0,,,,UTC+0530,S7Wp0spWno,,,ba9a14e6-a573-3bf3-2bd4-b1e800451ea4.com.samsung.health.exercise.live_data.json,,1.3729011,com.sec.android.app.shealth,,,,,2022-07-30 04:02:14.750,ba9a14e6-a573-3bf3-2bd4-b1e800451ea4,,
b9246c07-abfa-5e23-c2f1-739120300815.live_data_internal.json,0,,,,,498.00363,0,,,,b9246c07-abfa-5e23-c2f1-739120300815.sensing_status.json,1,0,,,,,1,3780,,0.0,,,,,,3842280,,,,,2022-07-29 04:00:25.750,15002,,,,119.0,,,,,138.0,2022-07-29 05:04:38.108,2022-07-29 05:04:30.442,,,,,99.0,,,,,497.95,,,,UTC+0530,S7Wp0spWno,,,b9246c07-abfa-5e23-c2f1-739120300815.com.samsung.health.exercise.live_data.json,,,com.sec.android.app.shealth,,,,,2022-07-29 05:04:30.680,b9246c07-abfa-5e23-c2f1-739120300815,,
,0,,,,,90.85,0,,,,,4,0,,,,,0,,,0.0,,,,,,600000,,,,,2022-07-31 14:19:36.177,11007,,,,,,,,,,2022-07-31 14:30:21.237,2022-07-31 14:30:21.237,,,,,,,,,,90.85,,,,UTC+0530,S7Wp0spWno,,,,,,com.sec.android.app.shealth,,,,,2022-07-31 14:29:36.177,fee4e933-d4ec-a2e7-eee6-e548b0675240,,
8d7b4110-a4b7-c9f1-a516-575c677cde53.live_data_internal.json,0,,,,,55.0,0,,,,,4,0,,,,,0,47,,0.0,,,,,,650333,,,,,2022-08-02 03:48:18.400,1001,,,,121.0,30001,,,,127.0,2022-08-02 03:59:09.151,2022-08-02 03:59:09.151,,,1.7222222,,109.0,,993,765.373,,55.0,,,,UTC+0530,S7Wp0spWno,,,8d7b4110-a4b7-c9f1-a516-575c677cde53.com.samsung.health.exercise.live_data.json,,1.5063632,com.sec.android.app.shealth,,,,,2022-08-02 03:59:08.733,8d7b4110-a4b7-c9f1-a516-575c677cde53,,
e3ec4150-9dd3-c563-7fef-fbbf5bf09973.live_data_internal.json,0,,,,,478.00797,0,,,,e3ec4150-9dd3-c563-7fef-fbbf5bf09973.sensing_status.json,1,0,,,,,1,3439,,0.0,,,,,,3517830,,,,,2022-08-02 03:59:07.100,15002,,,,124.0,,,,,144.0,2022-08-02 04:57:56.000,2022-08-02 04:57:47.520,,,,,107.0,,,,,477.96,,,,UTC+0530,S7Wp0spWno,,,e3ec4150-9dd3-c563-7fef-fbbf5bf09973.com.samsung.health.exercise.live_data.json,,,com.sec.android.app.shealth,,,,,2022-08-02 04:57:47.300,e3ec4150-9dd3-c563-7fef-fbbf5bf09973,,
1c496e49-c7f9-ea84-6a15-bd08d442565b.live_data_internal.json,0,,,,,219.68274,0,,,,1c496e49-c7f9-ea84-6a15-bd08d442565b.sensing_status.json,1,0,,,,,1,1243,,0.0,,,,,,1276590,,,,,2022-08-03 04:35:43.560,15002,,,,139.0,,,,,155.0,2022-08-03 05:03:13.626,2022-08-03 05:03:04.604,,,,,118.0,,,,,212.31,,,,UTC+0530,S7Wp0spWno,,,1c496e49-c7f9-ea84-6a15-bd08d442565b.com.samsung.health.exercise.live_data.json,,,com.sec.android.app.shealth,,,,,2022-08-03 05:03:04.420,1c496e49-c7f9-ea84-6a15-bd08d442565b,,
0be7baea-a1d2-4ed8-b60d-8e7e5f5af85b.live_data_internal.json,0,,,,,75.0,0,,,,,4,0,,,,,0,28,,0.0,,,0be7baea-a1d2-4ed8-b60d-8e7e5f5af85b.location_data_internal.json,,,701970,,,,0be7baea-a1d2-4ed8-b60d-8e7e5f5af85b.com.samsung.health.exercise.location_data.json,2022-08-02 14:41:19.440,1001,,,,99.0,30001,,,,129.0,2022-08-02 14:54:38.400,2022-08-02 14:54:38.400,,,1.4444444,,70.0,,885,560.925,,75.0,,,,UTC+0530,S7Wp0spWno,,,0be7baea-a1d2-4ed8-b60d-8e7e5f5af85b.com.samsung.health.exercise.live_data.json,,1.3105466,com.sec.android.app.shealth,,,,,2022-08-02 14:53:01.410,0be7baea-a1d2-4ed8-b60d-8e7e5f5af85b,,
,0,,,,,86.9,0,,,,,4,0,,,,,0,,,0.0,,,,,,600000,,,,,2022-08-02 17:09:04.287,11007,,,,,,,,,,2022-08-02 17:20:57.246,2022-08-02 17:20:57.246,,,,,,,,,,86.9,,,,UTC+0530,S7Wp0spWno,,,,,,com.sec.android.app.shealth,,,,,2022-08-02 17:19:04.287,01fc5e0d-3eba-1135-ec15-ec6ae0115177,,
2b2ec7d0-06a7-01c2-4a6b-11f68fa33844.live_data_internal.json,0,,,,,1.32,0,,,,2b2ec7d0-06a7-01c2-4a6b-11f68fa33844.sensing_status.json,1,0,,,,,0,2,,0.0,,,,,,4280,,,,,2022-08-03 04:04:12.970,15002,,,,101.0,,,,,101.0,2022-08-03 04:04:21.910,2022-08-03 04:04:21.910,,,,,101.0,,,,,1.32,,,,UTC+0530,S7Wp0spWno,,,2b2ec7d0-06a7-01c2-4a6b-11f68fa33844.com.samsung.health.exercise.live_data.json,,,com.sec.android.app.shealth,,,,,2022-08-03 04:04:17.250,2b2ec7d0-06a7-01c2-4a6b-11f68fa33844,,
2289e7e1-53c0-5f9b-6102-6948bdf9f4b5.live_data_internal.json,0,,,,,67.0,0,,,,,4,0,,,,,0,48,,0.0,,,,,,669830,,,,,2022-08-05 03:42:16.220,1001,,,,115.0,30001,,,,121.0,2022-08-05 03:55:00.928,2022-08-05 03:55:00.928,,,1.4166666,,87.0,,1051,757.364,,67.0,,,,UTC+0530,S7Wp0spWno,,,2289e7e1-53c0-5f9b-6102-6948bdf9f4b5.com.samsung.health.exercise.live_data.json,,1.3394424,com.sec.android.app.shealth,,,,,2022-08-05 03:53:26.050,2289e7e1-53c0-5f9b-6102-6948bdf9f4b5,,
c0876212-3448-077c-31c0-c2e7f0f20ffc.live_data_internal.json,0,,,,,60.84,0,,,,c0876212-3448-077c-31c0-c2e7f0f20ffc.sensing_status.json,1,0,,,,,1,420,,0.0,,,,,,440120,,,,,2022-08-06 04:01:44.850,15002,,,,127.0,,,,,146.0,2022-08-06 05:04:35.630,2022-08-06 04:09:09.851,,,,,112.0,,,,,60.84,,,,UTC+0530,S7Wp0spWno,,,c0876212-3448-077c-31c0-c2e7f0f20ffc.com.samsung.health.exercise.live_data.json,,,com.sec.android.app.shealth,,,,,2022-08-06 04:09:04.970,c0876212-3448-077c-31c0-c2e7f0f20ffc,,
e6c44e17-60fc-25e2-0b9a-14b215904c55.live_data_internal.json,0,,,,,70.0,0,,,,,4,0,,,,,0,73,,0.0,,,e6c44e17-60fc-25e2-0b9a-14b215904c55.location_data_internal.json,,,905850,,,,e6c44e17-60fc-25e2-0b9a-14b215904c55.com.samsung.health.exercise.location_data.json,2022-08-06 03:46:40.060,1001,,,,114.0,30001,,,,129.0,2022-08-06 04:01:46.246,2022-08-06 04:01:46.246,,,1.75,,86.0,,1123,851.998,,70.0,,,,UTC+0530,S7Wp0spWno,,,e6c44e17-60fc-25e2-0b9a-14b215904c55.com.samsung.health.exercise.live_data.json,,1.4310501,com.sec.android.app.shealth,,,,,2022-08-06 04:01:45.910,e6c44e17-60fc-25e2-0b9a-14b215904c55,,
,0,,,,,0.09168606,0,,,,3c55d635-f968-3048-60c3-437762669211.sensing_status.json,1,0,,,,,0,0,,0.0,,,,,,2400,,,,,2022-08-08 09:43:31.950,15003,,,,,,,,,,2022-08-08 09:43:36.220,2022-08-08 09:43:36.220,,,,,,,,,,0.048575398,,,,UTC+0530,S7Wp0spWno,,,,,,com.sec.android.app.shealth,,,,,2022-08-08 09:43:36.480,3c55d635-f968-3048-60c3-437762669211,,
23acdd5c-5eca-208e-438d-c2ac00aa532d.live_data_internal.json,0,,,,,0.0,0,,,,23acdd5c-5eca-208e-438d-c2ac00aa532d.sensing_status.json,1,0,,,,,0,5,,0.0,,,,,,9630,,,,,2022-08-08 03:56:55.680,15002,,,,114.0,,,,,114.0,2022-08-08 03:57:08.787,2022-08-08 03:57:08.787,,,,,114.0,,,,,0.0,,,,UTC+0530,S7Wp0spWno,,,23acdd5c-5eca-208e-438d-c2ac00aa532d.com.samsung.health.exercise.live_data.json,,,com.sec.android.app.shealth,,,,,2022-08-08 03:57:05.310,23acdd5c-5eca-208e-438d-c2ac00aa532d,,
9d424721-c598-238c-04b4-73cb68790033.live_data_internal.json,0,,,,,69.0,0,,,,,4,0,,,,,0,51,,0.0,,,9d424721-c598-238c-04b4-73cb68790033.location_data_internal.json,,,719690,,,,9d424721-c598-238c-04b4-73cb68790033.com.samsung.health.exercise.location_data.json,2022-08-08 03:41:28.040,1001,,,,111.0,30001,,,,129.0,2022-08-08 03:55:02.920,2022-08-08 03:55:02.920,,,1.5,,86.0,,990,750.868,,69.0,,,,UTC+0530,S7Wp0spWno,,,9d424721-c598-238c-04b4-73cb68790033.com.samsung.health.exercise.live_data.json,,1.4034017,com.sec.android.app.shealth,,,,,2022-08-08 03:53:27.730,9d424721-c598-238c-04b4-73cb68790033,,
356af15b-792a-735a-a450-d1739898b14d.live_data_internal.json,0,,,,,3.0500002,0,,,,356af15b-792a-735a-a450-d1739898b14d.sensing_status.json,1,0,,,,,0,24,,0.0,,,,,,53340,,,,,2022-08-09 04:28:11.660,15002,,,,94.0,,,,,106.0,2022-08-09 04:29:07.858,2022-08-09 04:29:07.858,,,,,89.0,,,,,3.0500002,,,,UTC+0530,S7Wp0spWno,,,356af15b-792a-735a-a450-d1739898b14d.com.samsung.health.exercise.live_data.json,,,com.sec.android.app.shealth,,,,,2022-08-09 04:29:05.000,356af15b-792a-735a-a450-d1739898b14d,,
8abeddea-0c26-a95c-dd21-ee01cd5dd7d5.live_data_internal.json,0,,,,,104.0,0,,,,,4,0,,,,,0,,,0.0,,,,,,1229265,,,,,2022-08-10 03:50:31.450,1001,,,,,30001,,,,,2022-08-10 04:11:27.970,2022-08-10 04:11:27.970,,,1.4444444,,,,1578,1168.324,,104.0,,,,UTC+0530,S7Wp0spWno,,,8abeddea-0c26-a95c-dd21-ee01cd5dd7d5.com.samsung.health.exercise.live_data.json,,1.3455129,com.sec.android.app.shealth,,,,,2022-08-10 04:11:00.715,8abeddea-0c26-a95c-dd21-ee01cd5dd7d5,,
2bb8ef4d-f0cf-bce8-c63c-a73858981687.live_data_internal.json,0,,,,,70.0,0,,,,,4,0,,,,,0,56,,0.0,,,,,,741830,,,,,2022-08-12 03:43:46.910,1001,,,,115.0,30001,,,,123.0,2022-08-12 03:57:40.638,2022-08-12 03:57:40.638,,,1.4731667,,107.0,,1108,810.734,,70.0,,,,UTC+0530,S7Wp0spWno,,,2bb8ef4d-f0cf-bce8-c63c-a73858981687.com.samsung.health.exercise.live_data.json,,1.3896762,com.sec.android.app.shealth,,,,,2022-08-12 03:56:08.740,2bb8ef4d-f0cf-bce8-c63c-a73858981687,,
,0,,,,,88.42,0,,,,,4,0,,,,,0,,,0.0,,,,,,600000,,,,,2022-08-16 12:37:06.211,11007,,,,,,,,,,2022-08-16 12:47:49.763,2022-08-16 12:47:49.763,,,,,,,,,,88.42,,,,UTC+0530,S7Wp0spWno,,,,,,com.sec.android.app.shealth,,,,,2022-08-16 12:47:06.211,ebdf645b-0b90-5d44-c0fe-89dbd8fc5e13,,
e70887bf-01fb-ce7c-7652-676da8d1367d.live_data_internal.json,0,,,,,526.19403,0,,,,e70887bf-01fb-ce7c-7652-676da8d1367d.sensing_status.json,1,0,,,,,1,3535,,0.0,,,,,,3612560,,,,,2022-08-17 04:03:54.640,15002,,,,130.0,,,,,147.0,2022-08-17 05:04:19.243,2022-08-17 05:04:09.914,,,,,113.0,,,,,526.14,,,,UTC+0530,S7Wp0spWno,,,e70887bf-01fb-ce7c-7652-676da8d1367d.com.samsung.health.exercise.live_data.json,,,com.sec.android.app.shealth,,,,,2022-08-17 05:04:09.870,e70887bf-01fb-ce7c-7652-676da8d1367d,,
c6297b09-9f3b-6957-5c6c-972162dc3afa.live_data_internal.json,0,,,,,446.48352,0,,,,c6297b09-9f3b-6957-5c6c-972162dc3afa.sensing_status.json,1,0,,,,,1,2887,,0.0,,,,,,3838960,,,,,2022-08-18 03:56:40.140,15002,,,,121.0,,,,,151.0,2022-08-18 05:00:48.306,2022-08-18 05:00:40.854,,,,,84.0,,,,,446.44,,,,UTC+0530,S7Wp0spWno,,,c6297b09-9f3b-6957-5c6c-972162dc3afa.com.samsung.health.exercise.live_data.json,,,com.sec.android.app.shealth,,,,,2022-08-18 05:00:41.250,c6297b09-9f3b-6957-5c6c-972162dc3afa,,
492b312a-d281-d562-0a2f-44cb15e42282.live_data_internal.json,0,,,,,432.31635,0,,,,492b312a-d281-d562-0a2f-44cb15e42282.sensing_status.json,1,0,,,,,1,3342,,0.0,,,,,,3400070,,,,,2022-08-19 03:58:45.730,15002,,,,116.0,,,,,136.0,2022-08-19 04:55:35.531,2022-08-19 04:55:28.231,,,,,99.0,,,,,432.27,,,,UTC+0530,S7Wp0spWno,,,492b312a-d281-d562-0a2f-44cb15e42282.com.samsung.health.exercise.live_data.json,,,com.sec.android.app.shealth,,,,,2022-08-19 04:55:28.090,492b312a-d281-d562-0a2f-44cb15e42282,,
83647274-f22e-5d15-6785-57b4813bd1cd.live_data_internal.json,0,,,,,57.0,0,,,,,4,0,,,,,0,49,,0.0,,,83647274-f22e-5d15-6785-57b4813bd1cd.location_data_internal.json,,,674300,,,,83647274-f22e-5d15-6785-57b4813bd1cd.com.samsung.health.exercise.location_data.json,2022-08-20 07:09:16.500,1001,,,,105.0,30001,,,,119.0,2022-08-20 07:22:03.645,2022-08-20 07:22:03.645,,,1.7875402,,76.0,,611,454.027,,57.0,,,,UTC+0530,S7Wp0spWno,,,83647274-f22e-5d15-6785-57b4813bd1cd.com.samsung.health.exercise.live_data.json,,1.3486516,com.sec.android.app.shealth,,,,,2022-08-20 07:20:30.800,83647274-f22e-5d15-6785-57b4813bd1cd,,
822f88a6-93c3-a5f4-39b0-170ee977d62e.live_data_internal.json,0,,,,,104.0,0,,,,,4,0,,,,,0,44,,0.0,,,822f88a6-93c3-a5f4-39b0-170ee977d62e.location_data_internal.json,,,997360,,,,822f88a6-93c3-a5f4-39b0-170ee977d62e.com.samsung.health.exercise.location_data.json,2022-08-20 16:54:29.500,1001,,,,95.0,30001,,,,120.0,2022-08-20 17:12:40.873,2022-08-20 17:12:40.873,,,1.5,,73.0,,1635,1130.0,,104.0,,,,UTC+0530,S7Wp0spWno,,,822f88a6-93c3-a5f4-39b0-170ee977d62e.com.samsung.health.exercise.live_data.json,,1.3083234,com.sec.android.app.shealth,,,,,2022-08-20 17:11:06.860,822f88a6-93c3-a5f4-39b0-170ee977d62e,,
,,,,,,,1,,,,,4,0,,0,,,,,,,,,,,,778000,,,,,2022-08-22 03:51:02.000,1001,,,,,30001,,,,,2022-08-22 04:29:49.459,2022-08-22 04:29:49.459,,,1.4841592,,,,1405,1078.82,,56.71,,,,UTC+0530,aqfQc5yGC4,,,967235dd-6133-47c2-ba63-3d759434f548.com.samsung.health.exercise.live_data.json,,1.3866581,com.sec.android.app.shealth,,,,,2022-08-22 04:04:00.000,967235dd-6133-47c2-ba63-3d759434f548,,
,0,,,,,153.71,0,,,,,4,0,,,,,0,,,0.0,,,,,,879520,,,,,2022-08-24 14:09:01.226,11007,,,,,,,,,,2022-08-24 14:25:55.575,2022-08-24 14:25:55.575,,,,,,,,,,153.71,,,,UTC+0530,S7Wp0spWno,,,,,,com.sec.android.app.shealth,,,,,2022-08-24 14:23:40.746,70d00387-c2e7-e1d0-f23e-67870c6bb40f,,
a6901cfd-2596-11a5-0774-c1b57c74e08c.live_data_internal.json,0,,,,,76.0,0,,,,,4,0,,,,,0,56,,0.0,,,,,,738500,,,,,2022-08-24 03:44:49.980,1001,,,,123.0,30001,,,,131.0,2022-08-24 03:58:44.435,2022-08-24 03:58:44.435,,,1.9878716,,85.0,,1295,1003.41,,76.0,,,,UTC+0530,S7Wp0spWno,,,a6901cfd-2596-11a5-0774-c1b57c74e08c.com.samsung.health.exercise.live_data.json,,1.5807611,com.sec.android.app.shealth,,,,,2022-08-24 03:57:08.480,a6901cfd-2596-11a5-0774-c1b57c74e08c,,
ad6913c0-c109-2826-d3b2-d673080741cb.live_data_internal.json,0,,,,,510.21036,0,,,,ad6913c0-c109-2826-d3b2-d673080741cb.sensing_status.json,1,0,,,,,1,3391,,0.0,,,,,,3608090,,,,,2022-08-26 04:03:12.610,15002,,,,127.0,,,,,169.0,2022-08-26 05:03:29.142,2022-08-26 05:03:22.180,,,,,95.0,,,,,510.18,,,,UTC+0530,S7Wp0spWno,,,ad6913c0-c109-2826-d3b2-d673080741cb.com.samsung.health.exercise.live_data.json,,,com.sec.android.app.shealth,,,,,2022-08-26 05:03:22.200,ad6913c0-c109-2826-d3b2-d673080741cb,,
,0,,,,,87.21,0,,,,,4,0,,,,,0,,,0.0,,,,,,600000,,,,,2022-08-29 13:50:18.248,11007,,,,,,,,,,2022-08-29 14:01:36.102,2022-08-29 14:01:36.102,,,,,,,,,,87.21,,,,UTC+0530,S7Wp0spWno,,,,,,com.sec.android.app.shealth,,,,,2022-08-29 14:00:18.248,cb8737b9-9569-efb3-d3d4-be56c1723bbb,,
8c77242f-0c13-0dee-19d6-959b7c9e17b4.live_data_internal.json,0,,,,,164.0,0,,,,,4,0,,,,,0,27,,0.0,,,,,,888410,,,,,2022-09-08 09:40:09.760,0,,,,173.0,,,,,180.0,2022-09-08 09:55:59.969,2022-09-08 09:55:59.969,,,,,164.0,,,,,164.0,,,,UTC+0530,S7Wp0spWno,,,8c77242f-0c13-0dee-19d6-959b7c9e17b4.com.samsung.health.exercise.live_data.json,,,com.sec.android.app.shealth,,,,,2022-09-08 09:54:58.170,8c77242f-0c13-0dee-19d6-959b7c9e17b4,,
,0,,,,,95.87,0,,,,,4,0,,,,,0,,,0.0,,,,,,600000,,,,,2022-09-13 15:42:44.279,11007,,,,,,,,,,2022-09-13 15:54:51.626,2022-09-13 15:54:51.626,,,,,,,,,,95.87,,,,UTC+0530,S7Wp0spWno,,,,,,com.sec.android.app.shealth,,,,,2022-09-13 15:52:44.279,07063c94-2a7d-7628-d108-2f8910664bae,,
2ffcc84f-c72b-40da-d9ad-f67a8d399cc6.live_data_internal.json,0,,,,,441.47644,0,,,,2ffcc84f-c72b-40da-d9ad-f67a8d399cc6.sensing_status.json,1,0,,,,,1,3525,,0.0,,,,,,3606250,,,,,2022-09-16 03:58:40.640,15002,,,,113.0,,,,,136.0,2022-09-16 04:58:55.876,2022-09-16 04:58:48.329,,,,,97.0,,,,,441.44,,,,UTC+0530,S7Wp0spWno,,,2ffcc84f-c72b-40da-d9ad-f67a8d399cc6.com.samsung.health.exercise.live_data.json,,,com.sec.android.app.shealth,,,,,2022-09-16 04:58:48.690,2ffcc84f-c72b-40da-d9ad-f67a8d399cc6,,
,0,,,,,91.73,0,,,,,4,0,,,,,0,,,0.0,,,,,,603040,,,,,2022-09-30 15:32:44.023,11007,,,,,,,,,,2022-09-30 15:44:59.426,2022-09-30 15:44:59.426,,,,,,,,,,91.73,,,,UTC+0530,S7Wp0spWno,,,,,,com.sec.android.app.shealth,,,,,2022-09-30 15:42:47.063,60216d39-722c-64fd-94d0-66d43f1fa332,,
7066ada9-ef76-ae69-f12f-00952f140b00.live_data_internal.json,0,,,,,112.53,0,,,,,4,0,,,,,0,9,,0.0,,,,,,684960,,,,,2022-09-30 14:01:02.262,11007,,,,129.0,,,,,139.0,2022-09-30 14:14:37.619,2022-09-30 14:14:37.619,,,,,119.0,,,,,112.53,,,,UTC+0530,S7Wp0spWno,,,7066ada9-ef76-ae69-f12f-00952f140b00.com.samsung.health.exercise.live_data.json,,,com.sec.android.app.shealth,,,,,2022-09-30 14:12:27.222,7066ada9-ef76-ae69-f12f-00952f140b00,,
5d8d7fa0-11f6-1ef0-c858-ed2175727013.live_data_internal.json,0,,,,,60.0,0,,,,,4,0,,,,,0,13,,0.0,,,5d8d7fa0-11f6-1ef0-c858-ed2175727013.location_data_internal.json,,,711240,,,,5d8d7fa0-11f6-1ef0-c858-ed2175727013.com.samsung.health.exercise.location_data.json,2022-10-05 05:28:26.210,1001,,,,112.0,30001,,,,139.0,2022-10-05 05:41:51.584,2022-10-05 05:41:51.584,,,1.3888888,,100.0,,856,600.919,,60.0,,,,UTC+0530,S7Wp0spWno,,,5d8d7fa0-11f6-1ef0-c858-ed2175727013.com.samsung.health.exercise.live_data.json,,1.2194169,com.sec.android.app.shealth,,,,,2022-10-05 05:40:17.450,5d8d7fa0-11f6-1ef0-c858-ed2175727013,,
,0,,,,,97.24,0,,,,,4,0,,,,,0,,,0.0,,,,,,600000,,,,,2022-10-10 16:12:26.201,11007,,,,,,,,,,2022-10-10 16:22:32.626,2022-10-10 16:22:32.626,,,,,,,,,,97.24,,,,UTC+0530,S7Wp0spWno,,,,,,com.sec.android.app.shealth,,,,,2022-10-10 16:22:26.201,e66d5bff-064c-2f0c-42f9-7a383d634306,,
,0,,,,,87.03,0,,,,,4,0,,,,,0,,,0.0,,,,,,600000,,,,,2022-10-18 13:51:53.220,11007,,,,,,,,,,2022-10-18 14:02:34.383,2022-10-18 14:02:34.383,,,,,,,,,,87.03,,,,UTC+0530,S7Wp0spWno,,,,,,com.sec.android.app.shealth,,,,,2022-10-18 14:01:53.220,f15c1344-170d-1951-6fdf-f317d26fe01a,,
,0,,,,,86.2,0,,,,,4,0,,,,,0,,,0.0,,,,,,600000,,,,,2022-10-18 15:37:57.068,11007,,,,,,,,,,2022-10-18 15:48:42.166,2022-10-18 15:48:42.166,,,,,,,,,,86.2,,,,UTC+0530,S7Wp0spWno,,,,,,com.sec.android.app.shealth,,,,,2022-10-18 15:47:57.068,a8e95a57-e926-a63c-9f71-5f16c7d9f1d9,,
,0,,,,,154.0,0,,,,,4,0,,,,,0,,,0.0,,,,,,688400,,,,,2022-10-22 05:28:00.770,0,,,,,,,,,,2022-10-22 05:40:32.436,2022-10-22 05:40:32.436,,,,,,,,,,154.0,,,,UTC+0530,S7Wp0spWno,,,,,,com.sec.android.app.shealth,,,,,2022-10-22 05:39:29.170,ae7494cd-d6de-6691-2a5b-fba7ad41f1a7,,
7230f9d2-2d97-45d3-7395-8bd58f9b52d2.live_data_internal.json,0,,,,,57.554184,0,,,,7230f9d2-2d97-45d3-7395-8bd58f9b52d2.sensing_status.json,7,0,,,,,0,143,,0.0,,,7230f9d2-2d97-45d3-7395-8bd58f9b52d2.location_data_internal.json,,,726900,,,,7230f9d2-2d97-45d3-7395-8bd58f9b52d2.com.samsung.health.exercise.location_data.json,2022-11-01 02:53:52.050,1001,,-14.711777,,114.0,30001,,-15.337178,,124.0,2022-11-01 03:06:16.049,2022-11-01 03:06:16.049,,,1.561,78.20091,85.0,,947,659.206,,57.218,122.295,,,UTC+0530,S7Wp0spWno,,,7230f9d2-2d97-45d3-7395-8bd58f9b52d2.com.samsung.health.exercise.live_data.json,,0.90687305,com.sec.android.app.shealth,,,,,2022-11-01 03:06:15.560,7230f9d2-2d97-45d3-7395-8bd58f9b52d2,,
d25a19bf-c2f6-8ba0-c723-04f8c8879087.live_data_internal.json,0,,,,,61.0,0,,,,,4,0,,,,,0,43,,0.0,,,d25a19bf-c2f6-8ba0-c723-04f8c8879087.location_data_internal.json,,,601220,,,,d25a19bf-c2f6-8ba0-c723-04f8c8879087.com.samsung.health.exercise.location_data.json,2022-11-02 05:13:25.480,1001,,,,100.0,30001,,,,107.0,2022-11-02 05:25:01.156,2022-11-02 05:25:01.156,,,1.4722222,,86.0,,930,700.12,,61.0,,,,UTC+0530,S7Wp0spWno,,,d25a19bf-c2f6-8ba0-c723-04f8c8879087.com.samsung.health.exercise.live_data.json,,1.3644726,com.sec.android.app.shealth,,,,,2022-11-02 05:23:26.700,d25a19bf-c2f6-8ba0-c723-04f8c8879087,,
,0,,,,,96.4,0,,,,,4,0,,,,,0,,,0.0,,,,,,600000,,,,,2022-11-04 04:47:23.199,11007,,,,,,,,,,2022-11-04 04:59:29.504,2022-11-04 04:59:29.504,,,,,,,,,,96.4,,,,UTC+0530,S7Wp0spWno,,,,,,com.sec.android.app.shealth,,,,,2022-11-04 04:57:23.199,a9531d21-9d15-6a1e-bddd-0e5bf5eb51ce,,
eb190347-9270-7dde-6bc5-524a64e7f037.live_data_internal.json,0,,,,,75.0,0,,,,,4,0,,,,,0,67,,0.0,,,eb190347-9270-7dde-6bc5-524a64e7f037.location_data_internal.json,,,846270,,,,eb190347-9270-7dde-6bc5-524a64e7f037.com.samsung.health.exercise.location_data.json,2022-11-08 13:57:21.120,1001,,,,104.0,30001,,,,107.0,2022-11-08 14:13:07.827,2022-11-08 14:13:07.827,,,1.2536592,,95.0,,946,686.16,,75.0,,,,UTC+0530,S7Wp0spWno,,,eb190347-9270-7dde-6bc5-524a64e7f037.com.samsung.health.exercise.live_data.json,,1.1600279,com.sec.android.app.shealth,,,,,2022-11-08 14:11:27.390,eb190347-9270-7dde-6bc5-524a64e7f037,,
6f7b6c7e-de5b-8b49-bd7c-a432cb0c5ddd.live_data_internal.json,0,,,,,125.09,0,,,,,4,0,,,,,0,27,,0.0,,,,,,864160,,,,,2022-11-26 05:46:26.220,11007,,,,129.0,,,,,136.0,2022-11-26 06:03:04.380,2022-11-26 06:03:04.380,,,,,121.0,,,,,125.09,,,,UTC+0530,S7Wp0spWno,,,6f7b6c7e-de5b-8b49-bd7c-a432cb0c5ddd.com.samsung.health.exercise.live_data.json,,,com.sec.android.app.shealth,,,,,2022-11-26 06:00:50.380,6f7b6c7e-de5b-8b49-bd7c-a432cb0c5ddd,,
a366e677-a9f9-ad1e-fd22-9edcdd8586a8.live_data_internal.json,0,,,,,144.6,0,,,,,4,0,,,,,0,48,,0.0,,,,,,1074080,,,,,2022-11-26 06:25:30.210,11007,,,,113.0,,,,,123.0,2022-11-26 06:45:40.202,2022-11-26 06:45:40.202,,,,,105.0,,,,,144.6,,,,UTC+0530,S7Wp0spWno,,,a366e677-a9f9-ad1e-fd22-9edcdd8586a8.com.samsung.health.exercise.live_data.json,,,com.sec.android.app.shealth,,,,,2022-11-26 06:43:24.290,a366e677-a9f9-ad1e-fd22-9edcdd8586a8,,
,0,,,,,101.27,0,,,,,4,0,,,,,0,,,0.0,,,,,,600000,,,,,2022-11-30 06:33:51.202,11007,,,,,,,,,,2022-11-30 06:44:34.757,2022-11-30 06:44:34.757,,,,,,,,,,101.27,,,,UTC+0530,S7Wp0spWno,,,,,,com.sec.android.app.shealth,,,,,2022-11-30 06:43:51.202,09c5af37-f9e4-f5b4-8349-c4a209e44757,,
,0,,,,,203.88,0,,,,,4,0,,,,,0,,,0.0,,,,,,1330080,,,,,2022-12-03 07:14:46.121,11007,,,,,,,,,,2022-12-03 07:39:11.787,2022-12-03 07:39:11.787,,,,,,,,,,203.88,,,,UTC+0530,S7Wp0spWno,,,,,,com.sec.android.app.shealth,,,,,2022-12-03 07:36:56.201,ff672d3e-41e6-e282-b39b-2cd5211ca731,,
,0,,,,,101.47,0,,,,,4,0,,,,,0,,,0.0,,,,,,600000,,,,,2022-12-03 15:11:59.071,11007,,,,,,,,,,2022-12-03 15:23:51.522,2022-12-03 15:23:51.522,,,,,,,,,,101.47,,,,UTC+0530,S7Wp0spWno,,,,,,com.sec.android.app.shealth,,,,,2022-12-03 15:21:59.071,ac9a357f-db46-4116-6081-15df6cba0794,,
,0,,,,,98.64,0,,,,,4,0,,,,,0,,,0.0,,,,,,600000,,,,,2022-12-03 13:39:31.175,11007,,,,,,,,,,2022-12-03 13:51:20.563,2022-12-03 13:51:20.563,,,,,,,,,,98.64,,,,UTC+0530,S7Wp0spWno,,,,,,com.sec.android.app.shealth,,,,,2022-12-03 13:49:31.175,eaf51eb6-06d7-fa39-83d8-e8b576c21b81,,
,0,,,,,84.74,0,,,,,4,0,,,,,0,,,0.0,,,,,,600000,,,,,2022-12-05 10:35:15.254,11007,,,,,,,,,,2022-12-05 10:46:50.589,2022-12-05 10:46:50.589,,,,,,,,,,84.74,,,,UTC+0530,S7Wp0spWno,,,,,,com.sec.android.app.shealth,,,,,2022-12-05 10:45:15.254,3d33d4fc-6d3b-0330-56bb-c9b7763ae084,,
eac4d1cd-7b74-93c5-3366-08648669b8d5.live_data_internal.json,0,,,,,56.0,0,,,,,4,0,,,,,0,45,,0.0,,,,,,616070,,,,,2022-12-11 09:50:17.740,1001,,,,111.0,30001,,,,117.0,2022-12-11 10:02:09.967,2022-12-11 10:02:09.967,,,1.6944444,,104.0,,755,566.769,,56.0,,,,UTC+0530,S7Wp0spWno,,,eac4d1cd-7b74-93c5-3366-08648669b8d5.com.samsung.health.exercise.live_data.json,,1.356769,com.sec.android.app.shealth,,,,,2022-12-11 10:00:33.810,eac4d1cd-7b74-93c5-3366-08648669b8d5,,
f2cc36b6-c3cc-90c5-9690-bd400bd76967.live_data_internal.json,0,,,,,90.0,0,,,,,4,0,,,,,0,83,,0.0,,,f2cc36b6-c3cc-90c5-9690-bd400bd76967.location_data_internal.json,,,1006210,,,,f2cc36b6-c3cc-90c5-9690-bd400bd76967.com.samsung.health.exercise.location_data.json,2022-12-13 14:18:26.620,1001,,,,103.0,30001,,,,120.0,2022-12-13 14:36:47.901,2022-12-13 14:36:47.901,,,1.4105233,,87.0,,1032,758.997,,90.0,,,,UTC+0530,S7Wp0spWno,,,f2cc36b6-c3cc-90c5-9690-bd400bd76967.com.samsung.health.exercise.live_data.json,,1.176805,com.sec.android.app.shealth,,,,,2022-12-13 14:35:12.830,f2cc36b6-c3cc-90c5-9690-bd400bd76967,,
d90f9840-440a-c995-eb22-68ae2f116e18.live_data_internal.json,0,,,,,168.0,0,,,,,4,0,,,,,0,30,,0.0,,,,,,888800,,,,,2022-12-19 06:09:14.540,0,,,,134.0,,,,,143.0,2022-12-19 06:25:10.576,2022-12-19 06:25:10.576,,,,,126.0,,,,,168.0,,,,UTC+0530,S7Wp0spWno,,,d90f9840-440a-c995-eb22-68ae2f116e18.com.samsung.health.exercise.live_data.json,,,com.sec.android.app.shealth,,,,,2022-12-19 06:24:03.340,d90f9840-440a-c995-eb22-68ae2f116e18,,
,0,,,,,81.89,0,,,,,4,0,,,,,0,,,0.0,,,,,,600000,,,,,2022-12-19 16:15:24.058,11007,,,,,,,,,,2022-12-19 16:25:29.372,2022-12-19 16:25:29.372,,,,,,,,,,81.89,,,,UTC+0530,S7Wp0spWno,,,,,,com.sec.android.app.shealth,,,,,2022-12-19 16:25:24.058,32ec6771-ad51-131c-ef9f-c5400568151d,,
,0,,,,,94.91,0,,,,,4,0,,,,,0,,,0.0,,,,,,600000,,,,,2022-12-19 14:30:09.250,11007,,,,,,,,,,2022-12-19 14:42:00.099,2022-12-19 14:42:00.099,,,,,,,,,,94.91,,,,UTC+0530,S7Wp0spWno,,,,,,com.sec.android.app.shealth,,,,,2022-12-19 14:40:09.250,4ccee0ec-5900-be6c-b581-7962a0e6277b,,
,0,,,,,90.33,0,,,,,4,0,,,,,0,,,0.0,,,,,,600000,,,,,2023-01-01 09:21:32.077,11007,,,,,,,,,,2023-01-01 09:33:30.450,2023-01-01 09:33:30.450,,,,,,,,,,90.33,,,,UTC+0530,S7Wp0spWno,,,,,,com.sec.android.app.shealth,,,,,2023-01-01 09:31:32.077,d2f0c5eb-12e7-abdd-af35-a59f76256547,,
,0,,,,,90.45,0,,,,,4,0,,,,,0,,,0.0,,,,,,600000,,,,,2023-01-05 16:21:40.203,11007,,,,,,,,,,2023-01-05 16:32:37.002,2023-01-05 16:32:37.002,,,,,,,,,,90.45,,,,UTC+0530,S7Wp0spWno,,,,,,com.sec.android.app.shealth,,,,,2023-01-05 16:31:40.203,61442c6b-dad5-8887-5896-738d4886016a,,
d8d1384e-af92-5968-86c7-da373bbab7e5.live_data_internal.json,0,,,,,64.0,0,,,,,4,0,,,,,0,47,,0.0,,,d8d1384e-af92-5968-86c7-da373bbab7e5.location_data_internal.json,,,646490,,,,d8d1384e-af92-5968-86c7-da373bbab7e5.com.samsung.health.exercise.location_data.json,2023-01-12 11:26:54.130,1001,,,,115.0,30001,,,,121.0,2023-01-12 11:39:15.666,2023-01-12 11:39:15.666,,,1.75,,109.0,,1036,796.46,,64.0,,,,UTC+0530,S7Wp0spWno,,,d8d1384e-af92-5968-86c7-da373bbab7e5.com.samsung.health.exercise.live_data.json,,1.4384905,com.sec.android.app.shealth,,,,,2023-01-12 11:37:40.620,d8d1384e-af92-5968-86c7-da373bbab7e5,,
e79c5995-e70c-129b-2ebb-61b1f66fd457.live_data_internal.json,0,,,,,60.0,0,,,,,4,0,,,,,0,49,,0.0,,,e79c5995-e70c-129b-2ebb-61b1f66fd457.location_data_internal.json,,,669810,,,,e79c5995-e70c-129b-2ebb-61b1f66fd457.com.samsung.health.exercise.location_data.json,2023-01-17 06:58:57.540,1001,,,,97.0,30001,,,,114.0,2023-01-17 07:11:42.474,2023-01-17 07:11:42.474,,,1.4722222,,83.0,,777,590.62,,60.0,,,,UTC+0530,S7Wp0spWno,,,e79c5995-e70c-129b-2ebb-61b1f66fd457.com.samsung.health.exercise.live_data.json,,1.346028,com.sec.android.app.shealth,,,,,2023-01-17 07:10:07.350,e79c5995-e70c-129b-2ebb-61b1f66fd457,,
,0,,,,,88.33,0,,,,,4,0,,,,,0,,,0.0,,,,,,600000,,,,,2023-01-22 16:22:40.194,11007,,,,,,,,,,2023-01-22 16:33:26.231,2023-01-22 16:33:26.231,,,,,,,,,,88.33,,,,UTC+0530,S7Wp0spWno,,,,,,com.sec.android.app.shealth,,,,,2023-01-22 16:32:40.194,6024bce8-db00-2d93-334c-e585a2716c94,,
8fcf1019-06ef-4808-c3bf-9996e071d6b2.live_data_internal.json,0,,,,,528.60046,0,,,,8fcf1019-06ef-4808-c3bf-9996e071d6b2.sensing_status.json,1,0,,,,,1,4025,,0.0,,,,,,4209070,,,,,2023-01-23 03:38:13.600,15002,,,,113.0,,,,,136.0,2023-01-23 04:48:32.763,2023-01-23 04:48:25.064,,,,,66.0,,,,,528.55,,,,UTC+0530,S7Wp0spWno,,,8fcf1019-06ef-4808-c3bf-9996e071d6b2.com.samsung.health.exercise.live_data.json,,,com.sec.android.app.shealth,,,,,2023-01-23 04:48:25.170,8fcf1019-06ef-4808-c3bf-9996e071d6b2,,
d031cfa1-f45e-2084-9ed8-37fc2e7daabb.live_data_internal.json,0,,,,,60.0,0,,,,,4,0,,,,,0,44,,0.0,,,d031cfa1-f45e-2084-9ed8-37fc2e7daabb.location_data_internal.json,,,664300,,,,d031cfa1-f45e-2084-9ed8-37fc2e7daabb.com.samsung.health.exercise.location_data.json,2023-01-24 04:36:26.350,1001,,,,101.0,30001,,,,116.0,2023-01-24 04:49:05.503,2023-01-24 04:49:05.503,,,1.4722222,,91.0,,664,504.832,,60.0,,,,UTC+0530,S7Wp0spWno,,,d031cfa1-f45e-2084-9ed8-37fc2e7daabb.com.samsung.health.exercise.live_data.json,,1.3425771,com.sec.android.app.shealth,,,,,2023-01-24 04:47:30.650,d031cfa1-f45e-2084-9ed8-37fc2e7daabb,,
350fbcab-fa78-b89f-c681-e348be0303e4.live_data_internal.json,0,,,,,66.0,0,,,,,4,0,,,,,0,46,,0.0,,,,,,669890,,,,,2023-01-25 03:41:34.340,1001,,,,115.0,30001,,,,135.0,2023-01-25 03:54:19.023,2023-01-25 03:54:19.023,,,1.5161667,,79.0,,1001,765.09,,66.0,,,,UTC+0530,S7Wp0spWno,,,350fbcab-fa78-b89f-c681-e348be0303e4.com.samsung.health.exercise.live_data.json,,1.4564502,com.sec.android.app.shealth,,,,,2023-01-25 03:52:44.230,350fbcab-fa78-b89f-c681-e348be0303e4,,
dbb627f8-5e28-a5d1-9db6-6e201656ae9a.live_data_internal.json,0,,,,,62.0,0,,,,,4,0,,,,,0,45,,0.0,,,,,,622140,,,,,2023-01-25 04:31:48.960,1001,,,,125.0,30001,,,,133.0,2023-01-25 04:43:44.546,2023-01-25 04:43:44.546,,,1.9166666,,118.0,,907,703.12,,62.0,,,,UTC+0530,S7Wp0spWno,,,dbb627f8-5e28-a5d1-9db6-6e201656ae9a.com.samsung.health.exercise.live_data.json,,1.555895,com.sec.android.app.shealth,,,,,2023-01-25 04:42:11.100,dbb627f8-5e28-a5d1-9db6-6e201656ae9a,,
8a2b6595-b4ae-840b-d211-e46dc818abef.live_data_internal.json,0,,,,,120.24,0,,,,8a2b6595-b4ae-840b-d211-e46dc818abef.sensing_status.json,1,0,,,,,1,279,,0.0,,,,,,1539520,,,,,2023-01-29 14:02:49.180,15006,,,,105.0,,,,,123.0,2023-01-29 14:28:35.260,2023-01-29 14:28:28.609,,,,,86.0,,,,,120.24,,,,UTC+0530,S7Wp0spWno,,,8a2b6595-b4ae-840b-d211-e46dc818abef.com.samsung.health.exercise.live_data.json,,,com.sec.android.app.shealth,,,,,2023-01-29 14:28:28.700,8a2b6595-b4ae-840b-d211-e46dc818abef,,
e76d0b0e-f707-0ef8-de2f-8c90e12a6a62.live_data_internal.json,0,,,,,162.87,0,,,,,4,0,,,,,0,60,,0.0,,,,,,1196960,,,,,2023-02-02 15:06:08.266,11007,,,,108.0,,,,,112.0,2023-02-02 15:28:23.223,2023-02-02 15:28:23.223,,,,,102.0,,,,,162.87,,,,UTC+0530,S7Wp0spWno,,,e76d0b0e-f707-0ef8-de2f-8c90e12a6a62.com.samsung.health.exercise.live_data.json,,,com.sec.android.app.shealth,,,,,2023-02-02 15:26:05.226,e76d0b0e-f707-0ef8-de2f-8c90e12a6a62,,
,0,,,,,82.31,0,,,,,4,0,,,,,0,,,0.0,,,,,,600000,,,,,2023-02-03 14:38:48.226,11007,,,,,,,,,,2023-02-03 14:48:58.712,2023-02-03 14:48:58.712,,,,,,,,,,82.31,,,,UTC+0530,S7Wp0spWno,,,,,,com.sec.android.app.shealth,,,,,2023-02-03 14:48:48.226,526d6aa4-62ad-b4d6-843a-c5e2d879b43d,,
,0,,,,,91.12,0,,,,,4,0,,,,,0,,,0.0,,,,,,600000,,,,,2023-02-04 15:48:47.220,11007,,,,,,,,,,2023-02-04 15:59:52.940,2023-02-04 15:59:52.940,,,,,,,,,,91.12,,,,UTC+0530,S7Wp0spWno,,,,,,com.sec.android.app.shealth,,,,,2023-02-04 15:58:47.220,e0c68b93-4fa8-41c3-287b-58a3eabe565c,,
d2c1ee2b-e699-6200-e4b5-57fdd4921026.live_data_internal.json,0,,,,,75.0,0,,,,,4,0,,,,,0,21,,0.0,,,d2c1ee2b-e699-6200-e4b5-57fdd4921026.location_data_internal.json,,,866530,,,,d2c1ee2b-e699-6200-e4b5-57fdd4921026.com.samsung.health.exercise.location_data.json,2023-02-06 05:01:01.290,1001,,,,113.0,30001,,,,135.0,2023-02-06 05:17:00.300,2023-02-06 05:17:00.300,,,1.4327043,,90.0,,843,598.631,,75.0,,,,UTC+0530,S7Wp0spWno,,,d2c1ee2b-e699-6200-e4b5-57fdd4921026.com.samsung.health.exercise.live_data.json,,1.2959968,com.sec.android.app.shealth,,,,,2023-02-06 05:15:27.820,d2c1ee2b-e699-6200-e4b5-57fdd4921026,,
74825f3a-fbca-4fd5-f3a4-2bd71d3774a7.live_data_internal.json,0,,,,,57.0,0,,,,,4,0,,,,,0,17,,0.0,,,74825f3a-fbca-4fd5-f3a4-2bd71d3774a7.location_data_internal.json,,,624210,,,,74825f3a-fbca-4fd5-f3a4-2bd71d3774a7.com.samsung.health.exercise.location_data.json,2023-02-08 03:01:16.840,1001,,,,97.0,30001,,,,130.0,2023-02-08 03:13:14.631,2023-02-08 03:13:14.631,,,1.726679,,83.0,,666,502.041,,57.0,,,,UTC+0530,S7Wp0spWno,,,74825f3a-fbca-4fd5-f3a4-2bd71d3774a7.com.samsung.health.exercise.live_data.json,,1.4618318,com.sec.android.app.shealth,,,,,2023-02-08 03:11:41.050,74825f3a-fbca-4fd5-f3a4-2bd71d3774a7,,
5b3fc32c-2d77-d86f-be4a-5d63837f6b60.live_data_internal.json,0,,,,,78.0,0,,,,,4,0,,,,,0,21,,0.0,,,5b3fc32c-2d77-d86f-be4a-5d63837f6b60.location_data_internal.json,,,840340,,,,5b3fc32c-2d77-d86f-be4a-5d63837f6b60.com.samsung.health.exercise.location_data.json,2023-02-06 07:40:37.600,1001,,,,127.0,30001,,,,151.0,2023-02-06 07:56:10.380,2023-02-06 07:56:10.380,,,1.5833334,,102.0,,1088,789.772,,78.0,,,,UTC+0530,S7Wp0spWno,,,5b3fc32c-2d77-d86f-be4a-5d63837f6b60.com.samsung.health.exercise.live_data.json,,1.3408791,com.sec.android.app.shealth,,,,,2023-02-06 07:54:37.940,5b3fc32c-2d77-d86f-be4a-5d63837f6b60,,
,0,,,,,94.0,0,,,,,4,0,,,,,0,,,0.0,,,,,,600000,,,,,2023-02-12 07:19:24.244,11007,,,,,,,,,,2023-02-12 07:30:46.664,2023-02-12 07:30:46.664,,,,,,,,,,94.0,,,,UTC+0530,S7Wp0spWno,,,,,,com.sec.android.app.shealth,,,,,2023-02-12 07:29:24.244,a6c00fa7-e11f-8ff7-639b-228454161c0d,,
6df54b96-6f42-9971-bb54-af03ba55b112.live_data_internal.json,0,,,,,126.0,0,,,,,4,0,,,,,0,89,,0.0,,,6df54b96-6f42-9971-bb54-af03ba55b112.location_data_internal.json,,,1442790,,,,6df54b96-6f42-9971-bb54-af03ba55b112.com.samsung.health.exercise.location_data.json,2023-02-13 03:32:15.160,1001,,,,122.0,30001,,,,139.0,2023-02-13 03:58:01.797,2023-02-13 03:58:01.797,,,1.5697746,,87.0,,1550,1094.481,,126.0,,,,UTC+0530,S7Wp0spWno,,,6df54b96-6f42-9971-bb54-af03ba55b112.com.samsung.health.exercise.live_data.json,,1.4355963,com.sec.android.app.shealth,,,,,2023-02-13 03:56:17.950,6df54b96-6f42-9971-bb54-af03ba55b112,,
ee667a32-47fe-960d-3dbc-c38916acd4cd.live_data_internal.json,0,,,,,111.26,0,,,,,4,0,,,,,0,8,,0.0,,,,,,679840,,,,,2023-02-13 18:15:45.202,11007,,,,126.0,,,,,132.0,2023-02-13 18:29:15.979,2023-02-13 18:29:15.979,,,,,117.0,,,,,111.26,,,,UTC+0530,S7Wp0spWno,,,ee667a32-47fe-960d-3dbc-c38916acd4cd.com.samsung.health.exercise.live_data.json,,,com.sec.android.app.shealth,,,,,2023-02-13 18:27:05.042,ee667a32-47fe-960d-3dbc-c38916acd4cd,,
12b61040-76c4-8f76-ce84-09a80227bd4c.live_data_internal.json,0,,,,,59.0,0,,,,,4,0,,,,,0,45,,0.0,,,,,,622250,,,,,2023-02-14 03:54:11.960,1001,,,,101.0,30001,,,,118.0,2023-02-14 04:06:06.343,2023-02-14 04:06:06.343,,,1.6111112,,83.0,,636,484.089,,59.0,,,,UTC+0530,S7Wp0spWno,,,12b61040-76c4-8f76-ce84-09a80227bd4c.com.samsung.health.exercise.live_data.json,,1.3703666,com.sec.android.app.shealth,,,,,2023-02-14 04:04:34.210,12b61040-76c4-8f76-ce84-09a80227bd4c,,
56926d1e-957b-2125-f91d-b306aeb46861.live_data_internal.json,0,,,,,89.0,0,,,,,4,0,,,,,0,47,,0.0,,,56926d1e-957b-2125-f91d-b306aeb46861.location_data_internal.json,,,960430,,,,56926d1e-957b-2125-f91d-b306aeb46861.com.samsung.health.exercise.location_data.json,2023-02-20 03:50:45.920,1001,,,,105.0,30001,,,,123.0,2023-02-20 04:08:21.810,2023-02-20 04:08:21.810,,,1.7738894,,95.0,,1119,863.639,,89.0,,,,UTC+0530,S7Wp0spWno,,,56926d1e-957b-2125-f91d-b306aeb46861.com.samsung.health.exercise.live_data.json,,1.4902291,com.sec.android.app.shealth,,,,,2023-02-20 04:06:46.350,56926d1e-957b-2125-f91d-b306aeb46861,,
e3cad29a-8513-83fa-d7ab-e1ecb5572384.live_data_internal.json,0,,,,,94.0,0,,,,,4,0,,,,,0,40,,0.0,,,e3cad29a-8513-83fa-d7ab-e1ecb5572384.location_data_internal.json,,,1021980,,,,e3cad29a-8513-83fa-d7ab-e1ecb5572384.com.samsung.health.exercise.location_data.json,2023-02-23 13:44:17.600,1001,,,,134.0,30001,,,,162.0,2023-02-23 14:02:52.890,2023-02-23 14:02:52.890,,,1.501688,,115.0,,1606,1225.874,,94.0,,,,UTC+0530,S7Wp0spWno,,,e3cad29a-8513-83fa-d7ab-e1ecb5572384.com.samsung.health.exercise.live_data.json,,1.4276062,com.sec.android.app.shealth,,,,,2023-02-23 14:01:19.580,e3cad29a-8513-83fa-d7ab-e1ecb5572384,,
e445694d-858f-90a1-6201-7661315650e2.live_data_internal.json,0,,,,,98.0,0,,,,,4,0,,,,,0,37,,0.0,,,e445694d-858f-90a1-6201-7661315650e2.location_data_internal.json,,,1134680,,,,e445694d-858f-90a1-6201-7661315650e2.com.samsung.health.exercise.location_data.json,2023-02-28 03:44:51.060,1001,,,,139.0,30001,,,,157.0,2023-02-28 04:05:20.602,2023-02-28 04:05:20.602,,,1.5555556,,115.0,,1032,754.116,,98.0,,,,UTC+0530,S7Wp0spWno,,,e445694d-858f-90a1-6201-7661315650e2.com.samsung.health.exercise.live_data.json,,1.2929814,com.sec.android.app.shealth,,,,,2023-02-28 04:03:45.740,e445694d-858f-90a1-6201-7661315650e2,,
786956f4-76db-ea68-4592-5585745e326c.live_data_internal.json,0,,,,,66.0,0,,,,,4,0,,,,,0,11,,0.0,,,,,,697590,,,,,2023-03-04 05:25:04.920,1001,,,,124.0,30001,,,,202.0,2023-03-04 05:38:18.996,2023-03-04 05:38:18.996,,,1.6388888,,108.0,,762,550.662,,66.0,,,,UTC+0530,S7Wp0spWno,,,786956f4-76db-ea68-4592-5585745e326c.com.samsung.health.exercise.live_data.json,,1.3283708,com.sec.android.app.shealth,,,,,2023-03-04 05:36:42.510,786956f4-76db-ea68-4592-5585745e326c,,
8c7d57d3-3953-1627-7fbf-f936c9173646.live_data_internal.json,0,,,,,62.0,0,,,,,4,0,,,,,0,50,,0.0,,,8c7d57d3-3953-1627-7fbf-f936c9173646.location_data_internal.json,,,678030,,,,8c7d57d3-3953-1627-7fbf-f936c9173646.com.samsung.health.exercise.location_data.json,2023-03-09 14:11:40.640,1001,,,,111.0,30001,,,,133.0,2023-03-09 14:24:35.632,2023-03-09 14:24:35.632,,,1.4801768,,87.0,,830,597.56,,62.0,,,,UTC+0530,S7Wp0spWno,,,8c7d57d3-3953-1627-7fbf-f936c9173646.com.samsung.health.exercise.live_data.json,,1.2845668,com.sec.android.app.shealth,,,,,2023-03-09 14:22:58.670,8c7d57d3-3953-1627-7fbf-f936c9173646,,
bbfaf5d7-2685-3ce5-c515-5eeb93fdabc5.live_data_internal.json,0,,,,,82.28958,0,,,,bbfaf5d7-2685-3ce5-c515-5eeb93fdabc5.sensing_status.json,7,0,,,,,0,42,,0.0,,,,,,713279,,,,,2023-03-28 03:41:06.600,1001,,,,114.0,30001,,,,130.0,2023-03-28 03:56:26.568,2023-03-28 03:56:26.568,,,1.617,85.840645,91.0,,1020,744.054,,78.119,112.795,,,UTC+0530,S7Wp0spWno,,,bbfaf5d7-2685-3ce5-c515-5eeb93fdabc5.com.samsung.health.exercise.live_data.json,,1.0431443,com.sec.android.app.shealth,,,,,2023-03-28 03:56:26.610,bbfaf5d7-2685-3ce5-c515-5eeb93fdabc5,,
626131ad-aa56-2381-65ec-3d07ef32f721.live_data_internal.json,0,,,,,398.0,0,,,,,4,0,,,,,0,389,,0.0,,,,,,4099360,,,,,2023-03-30 02:56:41.600,1001,,,,122.0,30001,,,,141.0,2023-03-30 04:06:42.783,2023-03-30 04:06:42.783,,,1.6570596,,99.0,,6692,5182.58,,398.0,,,,UTC+0530,S7Wp0spWno,,,626131ad-aa56-2381-65ec-3d07ef32f721.com.samsung.health.exercise.live_data.json,,1.5142828,com.sec.android.app.shealth,,,,,2023-03-30 04:05:00.960,626131ad-aa56-2381-65ec-3d07ef32f721,,
,0,,,,,74.3,0,,,,,4,0,,,,,0,,,0.0,,,,,,600000,,,,,2023-03-31 13:53:39.212,11007,,,,,,,,,,2023-03-31 14:03:59.735,2023-03-31 14:03:59.735,,,,,,,,,,74.3,,,,UTC+0530,S7Wp0spWno,,,,,,com.sec.android.app.shealth,,,,,2023-03-31 14:03:39.212,38f44d6d-9a5f-4895-009e-bba76d518bbc,,
ad94f90d-9af3-90b8-fabb-64e158ebeff0.live_data_internal.json,0,,,,,114.44,0,,,,,4,0,,,,,0,15,,0.0,,,,,,756640,,,,,2023-03-31 07:22:19.285,11007,,,,126.0,,,,,134.0,2023-03-31 07:37:20.738,2023-03-31 07:37:20.738,,,,,121.0,,,,,114.44,,,,UTC+0530,S7Wp0spWno,,,ad94f90d-9af3-90b8-fabb-64e158ebeff0.com.samsung.health.exercise.live_data.json,,,com.sec.android.app.shealth,,,,,2023-03-31 07:34:55.925,ad94f90d-9af3-90b8-fabb-64e158ebeff0,,
d0da0018-52b9-6760-35cd-734ad550c911.live_data_internal.json,0,,,,,89.0,0,,,,,4,0,,,,,0,75,,0.0,,,,,,919830,,,,,2023-04-01 06:37:51.140,1001,,,,103.0,30001,,,,124.0,2023-04-01 06:54:45.829,2023-04-01 06:54:45.829,,,1.5158334,,75.0,,1430,1048.421,,89.0,,,,UTC+0530,S7Wp0spWno,,,d0da0018-52b9-6760-35cd-734ad550c911.com.samsung.health.exercise.live_data.json,,1.4366813,com.sec.android.app.shealth,,,,,2023-04-01 06:53:10.970,d0da0018-52b9-6760-35cd-734ad550c911,,
46e43b09-ce54-d052-e13f-119c0ac449ea.live_data_internal.json,0,,,,,95.0,0,,,,,4,0,,,,,0,85,,0.0,,,,,,1020510,,,,,2023-04-03 03:49:45.120,1001,,,,127.0,30001,,,,150.0,2023-04-03 04:08:32.105,2023-04-03 04:08:32.105,,,1.9166666,,111.0,,1175,891.18,,95.0,,,,UTC+0530,S7Wp0spWno,,,46e43b09-ce54-d052-e13f-119c0ac449ea.com.samsung.health.exercise.live_data.json,,1.4012232,com.sec.android.app.shealth,,,,,2023-04-03 04:06:45.630,46e43b09-ce54-d052-e13f-119c0ac449ea,,
e65111b0-d923-71d7-b060-243d8f67e177.live_data_internal.json,0,,,,,76.0,0,,,,,4,0,,,,,0,35,,0.0,,,,,,778030,,,,,2023-04-10 03:34:45.340,1001,,,,93.0,30001,,,,121.0,2023-04-10 03:49:20.590,2023-04-10 03:49:20.590,,,1.6388888,,63.0,,1094,847.999,,76.0,,,,UTC+0530,S7Wp0spWno,,,e65111b0-d923-71d7-b060-243d8f67e177.com.samsung.health.exercise.live_data.json,,1.495911,com.sec.android.app.shealth,,,,,2023-04-10 03:47:43.370,e65111b0-d923-71d7-b060-243d8f67e177,,
21d70c15-6428-f5cd-0c47-7679defc7ee7.live_data_internal.json,0,,,,,153.0,0,,,,,4,0,,,,,0,129,,0.0,,,,,,1540030,,,,,2023-04-12 03:44:33.420,1001,,,,123.0,30001,,,,149.0,2023-04-12 04:11:48.669,2023-04-12 04:11:48.669,,,1.6675366,,88.0,,2396,1772.058,,153.0,,,,UTC+0530,S7Wp0spWno,,,21d70c15-6428-f5cd-0c47-7679defc7ee7.com.samsung.health.exercise.live_data.json,,1.4326718,com.sec.android.app.shealth,,,,,2023-04-12 04:10:13.450,21d70c15-6428-f5cd-0c47-7679defc7ee7,,
142caec2-368b-3e37-c2a1-d79e1de9bd4d.live_data_internal.json,0,,,,,409.0,0,,,,,4,0,,,,,0,263,,0.0,,,142caec2-368b-3e37-c2a1-d79e1de9bd4d.location_data_internal.json,,,4140050,,,,142caec2-368b-3e37-c2a1-d79e1de9bd4d.com.samsung.health.exercise.location_data.json,2023-04-13 03:45:49.530,1001,,,,129.0,30001,,,,159.0,2023-04-13 04:56:23.685,2023-04-13 04:56:23.685,,,1.724584,,112.0,,6913,5070.132,,409.0,,,,UTC+0530,S7Wp0spWno,,,142caec2-368b-3e37-c2a1-d79e1de9bd4d.com.samsung.health.exercise.live_data.json,,1.5713902,com.sec.android.app.shealth,,,,,2023-04-13 04:54:49.580,142caec2-368b-3e37-c2a1-d79e1de9bd4d,,
23f3d5ef-af3e-a290-db3c-dc1a934d76d7.live_data_internal.json,0,,,,,65.0,0,,,,,4,0,,,,,0,46,,0.0,,,,,,636450,,,,,2023-04-15 03:35:18.020,1001,,,,114.0,30001,,,,129.0,2023-04-15 03:47:28.747,2023-04-15 03:47:28.747,,,1.82211,,100.0,,662,488.821,,65.0,,,,UTC+0530,S7Wp0spWno,,,23f3d5ef-af3e-a290-db3c-dc1a934d76d7.com.samsung.health.exercise.live_data.json,,1.4324219,com.sec.android.app.shealth,,,,,2023-04-15 03:45:54.470,23f3d5ef-af3e-a290-db3c-dc1a934d76d7,,
4e360953-b30b-7a96-2fdc-8712f9f45892.live_data_internal.json,0,,,,,60.0,0,,,,,4,0,,,,,0,43,,0.0,,,,,,601000,,,,,2023-04-17 03:41:50.640,1001,,,,93.0,30001,,,,108.0,2023-04-17 03:53:26.652,2023-04-17 03:53:26.652,,,1.5485,,83.0,,1068,819.43,,60.0,,,,UTC+0530,S7Wp0spWno,,,4e360953-b30b-7a96-2fdc-8712f9f45892.com.samsung.health.exercise.live_data.json,,1.4685463,com.sec.android.app.shealth,,,,,2023-04-17 03:51:51.640,4e360953-b30b-7a96-2fdc-8712f9f45892,,
855f3922-4ad8-28d3-e3ac-8d78657ecd0a.live_data_internal.json,0,,,,,112.0,0,,,,,4,0,,,,,0,16,,0.0,,,,,,1142440,,,,,2023-04-18 03:34:34.540,1001,,,,99.0,30001,,,,129.0,2023-04-18 03:55:10.488,2023-04-18 03:55:10.488,,,1.8888888,,83.0,,1762,1221.118,,112.0,,,,UTC+0530,S7Wp0spWno,,,855f3922-4ad8-28d3-e3ac-8d78657ecd0a.com.samsung.health.exercise.live_data.json,,1.4747517,com.sec.android.app.shealth,,,,,2023-04-18 03:53:36.980,855f3922-4ad8-28d3-e3ac-8d78657ecd0a,,
38f7fde2-3f04-0013-b92b-64b7daf2c30f.live_data_internal.json,0,,,,,150.0,0,,,,,4,0,,,,,0,62,,0.0,,,,,,1570790,,,,,2023-04-19 03:33:16.420,1001,,,,169.0,30001,,,,209.0,2023-04-19 04:01:00.434,2023-04-19 04:01:00.434,,,1.7003534,,120.0,,1871,1372.364,,150.0,,,,UTC+0530,S7Wp0spWno,,,38f7fde2-3f04-0013-b92b-64b7daf2c30f.com.samsung.health.exercise.live_data.json,,1.4143025,com.sec.android.app.shealth,,,,,2023-04-19 03:59:27.210,38f7fde2-3f04-0013-b92b-64b7daf2c30f,,
e2a25287-2234-7ec1-5ea0-f91b88cc7398.live_data_internal.json,0,,,,,89.109985,0,,,,e2a25287-2234-7ec1-5ea0-f91b88cc7398.sensing_status.json,7,0,,,,,0,242,,0.0,,,e2a25287-2234-7ec1-5ea0-f91b88cc7398.location_data_internal.json,,,833990,,,,e2a25287-2234-7ec1-5ea0-f91b88cc7398.com.samsung.health.exercise.location_data.json,2023-04-19 04:30:36.040,1001,,347.56934,,122.0,30001,,347.56934,,139.0,2023-04-19 04:45:51.581,2023-04-19 04:45:51.581,,,1.653,85.62776,85.0,,1189,821.597,,87.466,128.613,,,UTC+0530,S7Wp0spWno,,,e2a25287-2234-7ec1-5ea0-f91b88cc7398.com.samsung.health.exercise.live_data.json,,0.9851401,com.sec.android.app.shealth,,,,,2023-04-19 04:45:51.520,e2a25287-2234-7ec1-5ea0-f91b88cc7398,,
701ad8af-7cc5-1221-eb31-f356e07f0218.live_data_internal.json,0,,,,,330.0018,0,,,,701ad8af-7cc5-1221-eb31-f356e07f0218.sensing_status.json,1,0,,,,,1,3434,,0.0,,,,,,3718470,,,,,2023-04-20 03:45:13.880,15005,,,0.0,119.0,30001,,,,148.0,2023-04-20 04:47:23.934,2023-04-20 04:47:16.518,,,2.281,64.304825,72.0,,3984,2858.679,,329.931,161.255,0.0,,UTC+0530,S7Wp0spWno,,,701ad8af-7cc5-1221-eb31-f356e07f0218.com.samsung.health.exercise.live_data.json,,0.76877826,com.sec.android.app.shealth,,,,,2023-04-20 04:47:15.860,701ad8af-7cc5-1221-eb31-f356e07f0218,,
f8c5be31-f780-daa5-1e35-b8bfeb03ef11.live_data_internal.json,0,,,,,193.0,0,,,,,4,0,,,,,0,197,,0.0,,,f8c5be31-f780-daa5-1e35-b8bfeb03ef11.location_data_internal.json,,,2196510,,,,f8c5be31-f780-daa5-1e35-b8bfeb03ef11.com.samsung.health.exercise.location_data.json,2023-04-21 14:15:42.290,1001,,,,112.0,30001,,,,131.0,2023-04-21 14:53:52.879,2023-04-21 14:53:52.879,,,1.4722222,,82.0,,2781,1900.66,,193.0,,,,UTC+0530,S7Wp0spWno,,,f8c5be31-f780-daa5-1e35-b8bfeb03ef11.com.samsung.health.exercise.live_data.json,,1.2313005,com.sec.android.app.shealth,,,,,2023-04-21 14:52:18.800,f8c5be31-f780-daa5-1e35-b8bfeb03ef11,,
dbdf8e84-aa6e-d1fc-f321-54b876f71a3d.live_data_internal.json,0,,,,,93.0,0,,,,,4,0,,,,,0,35,,0.0,,,dbdf8e84-aa6e-d1fc-f321-54b876f71a3d.location_data_internal.json,,,892220,,,,dbdf8e84-aa6e-d1fc-f321-54b876f71a3d.com.samsung.health.exercise.location_data.json,2023-04-22 04:41:10.240,1001,,,,124.0,30001,,,,146.0,2023-04-22 04:57:40.542,2023-04-22 04:57:40.542,,,1.4670197,,107.0,,1182,743.351,,93.0,,,,UTC+0530,S7Wp0spWno,,,dbdf8e84-aa6e-d1fc-f321-54b876f71a3d.com.samsung.health.exercise.live_data.json,,1.322114,com.sec.android.app.shealth,,,,,2023-04-22 04:56:02.460,dbdf8e84-aa6e-d1fc-f321-54b876f71a3d,,
c23deb40-ca62-254b-c404-7fddac07d6e5.live_data_internal.json,0,,,,,87.0,0,,,,,4,0,,,,,0,65,,0.0,,,,,,989600,,,,,2023-04-22 03:48:34.880,1001,,,,95.0,30001,,,,117.0,2023-04-22 04:06:37.375,2023-04-22 04:06:37.375,,,2.4444444,,55.0,,972,710.675,,87.0,,,,UTC+0530,S7Wp0spWno,,,c23deb40-ca62-254b-c404-7fddac07d6e5.com.samsung.health.exercise.live_data.json,,1.4060215,com.sec.android.app.shealth,,,,,2023-04-22 04:05:04.480,c23deb40-ca62-254b-c404-7fddac07d6e5,,
b0bcc942-0773-10b9-8fd0-f0c165a4cefc.live_data_internal.json,0,,,,,71.0,0,,,,,4,0,,,,,0,45,,0.0,,,,,,628710,,,,,2023-04-26 06:36:42.090,1001,,,,112.0,30001,,,,124.0,2023-04-26 06:48:43.785,2023-04-26 06:48:43.785,,,1.3805681,,84.0,,675,466.524,,71.0,,,,UTC+0530,S7Wp0spWno,,,b0bcc942-0773-10b9-8fd0-f0c165a4cefc.com.samsung.health.exercise.live_data.json,,1.2461615,com.sec.android.app.shealth,,,,,2023-04-26 06:47:10.800,b0bcc942-0773-10b9-8fd0-f0c165a4cefc,,
4bab96c7-12c1-7572-3d65-3f2a2672e2c2.live_data_internal.json,0,,,,,59.0,0,,,,,4,0,,,,,0,23,,0.0,,,,,,619490,,,,,2023-04-26 03:52:21.770,1001,,,,112.0,30001,,,,131.0,2023-04-26 04:04:15.147,2023-04-26 04:04:15.147,,,1.5,,91.0,,891,583.523,,59.0,,,,UTC+0530,S7Wp0spWno,,,4bab96c7-12c1-7572-3d65-3f2a2672e2c2.com.samsung.health.exercise.live_data.json,,1.3736854,com.sec.android.app.shealth,,,,,2023-04-26 04:02:41.260,4bab96c7-12c1-7572-3d65-3f2a2672e2c2,,
77ce26ad-76b9-1055-6321-cbb84b570399.live_data_internal.json,0,,,,,324.0,0,,,,,4,0,,,,,0,312,,0.0,,,,,,3299900,,,,,2023-04-27 03:55:03.840,1001,,,,125.0,30001,,,,142.0,2023-04-27 04:51:39.498,2023-04-27 04:51:39.498,,,1.6681877,,91.0,,5565,4169.768,,324.0,,,,UTC+0530,S7Wp0spWno,,,77ce26ad-76b9-1055-6321-cbb84b570399.com.samsung.health.exercise.live_data.json,,1.5021439,com.sec.android.app.shealth,,,,,2023-04-27 04:50:03.740,77ce26ad-76b9-1055-6321-cbb84b570399,,
300fd929-cb7d-827d-b8cc-cda705887277.live_data_internal.json,0,,,,,155.94,0,,,,,4,0,,,,,0,28,,0.0,,,,,,1048480,,,,,2023-04-28 14:14:09.072,11007,,,,119.0,,,,,139.0,2023-04-28 14:34:05.058,2023-04-28 14:34:05.058,,,,,101.0,,,,,155.94,,,,UTC+0530,S7Wp0spWno,,,300fd929-cb7d-827d-b8cc-cda705887277.com.samsung.health.exercise.live_data.json,,,com.sec.android.app.shealth,,,,,2023-04-28 14:31:37.552,300fd929-cb7d-827d-b8cc-cda705887277,,
c4f93c72-9fbf-2ae3-f20c-31265574ab0c.live_data_internal.json,0,,,,,68.0,0,,,,,4,0,,,,,0,56,,0.0,,,,,,729650,,,,,2023-05-06 03:59:31.190,1001,,,,126.0,30001,,,,143.0,2023-05-06 04:13:14.467,2023-05-06 04:13:14.467,,,1.4722222,,114.0,,1095,800.987,,68.0,,,,UTC+0530,S7Wp0spWno,,,c4f93c72-9fbf-2ae3-f20c-31265574ab0c.com.samsung.health.exercise.live_data.json,,1.3620894,com.sec.android.app.shealth,,,,,2023-05-06 04:11:40.840,c4f93c72-9fbf-2ae3-f20c-31265574ab0c,,
,0,,,,,81.92,0,,,,,4,0,,,,,0,,,0.0,,,,,,600000,,,,,2023-05-12 16:35:49.106,11007,,,,,,,,,,2023-05-12 16:46:58.611,2023-05-12 16:46:58.611,,,,,,,,,,81.92,,,,UTC+0530,S7Wp0spWno,,,,,,com.sec.android.app.shealth,,,,,2023-05-12 16:45:49.106,3cbd54e9-ae58-ee2c-6f97-f4ea89f718ea,,
,0,,,,,103.54,0,,,,,4,0,,,,,0,,,0.0,,,,,,679840,,,,,2023-05-13 03:10:03.034,11007,,,,,,,,,,2023-05-13 03:23:37.029,2023-05-13 03:23:37.029,,,,,,,,,,103.54,,,,UTC+0530,S7Wp0spWno,,,,,,com.sec.android.app.shealth,,,,,2023-05-13 03:21:22.874,9761bcf6-828c-dbeb-5bdf-17f8cbf4754b,,
4bb57709-3563-a509-b9b8-ecbeb1e2e03f.live_data_internal.json,0,,,,,418.78986,0,,,,4bb57709-3563-a509-b9b8-ecbeb1e2e03f.sensing_status.json,7,0,,,,,0,50,,0.0,,,,,,4061560,,,,,2023-05-18 03:34:19.520,1001,,,,138.0,30001,,,,159.0,2023-05-18 04:46:56.078,2023-05-18 04:46:56.078,,,1.679,109.050606,105.0,,7379,5007.259,,412.848,131.641,,,UTC+0530,S7Wp0spWno,,,4bb57709-3563-a509-b9b8-ecbeb1e2e03f.com.samsung.health.exercise.live_data.json,,1.2328414,com.sec.android.app.shealth,,,,,2023-05-18 04:46:55.610,4bb57709-3563-a509-b9b8-ecbeb1e2e03f,,
b5d073c6-6b44-74d6-9a25-6f4b6309b389.live_data_internal.json,0,,,,,61.0,0,,,,,4,0,,,,,0,42,,0.0,,,,,,600000,,,,,2023-05-20 16:40:40.140,1001,,,,140.0,30001,,,,159.0,2023-05-20 16:51:54.260,2023-05-20 16:51:54.260,,,1.4166666,,126.0,,785,516.929,,61.0,,,,UTC+0530,S7Wp0spWno,,,b5d073c6-6b44-74d6-9a25-6f4b6309b389.com.samsung.health.exercise.live_data.json,,1.2674347,com.sec.android.app.shealth,,,,,2023-05-20 16:50:40.140,b5d073c6-6b44-74d6-9a25-6f4b6309b389,,
bc3cc075-8fbd-471c-5c10-321cc9b18026.live_data_internal.json,0,,,,,87.0,0,,,,,4,0,,,,,0,52,,0.0,,,,,,979500,,,,,2023-05-22 12:33:38.160,1001,,,,96.0,30001,,,,117.0,2023-05-22 12:51:43.951,2023-05-22 12:51:43.951,,,2.1388888,,81.0,,842,582.137,,87.0,,,,UTC+0530,S7Wp0spWno,,,bc3cc075-8fbd-471c-5c10-321cc9b18026.com.samsung.health.exercise.live_data.json,,1.3310071,com.sec.android.app.shealth,,,,,2023-05-22 12:49:57.660,bc3cc075-8fbd-471c-5c10-321cc9b18026,,
64016660-a512-5dda-11ce-68471a5d2526.live_data_internal.json,0,,,,,376.68195,0,,,,64016660-a512-5dda-11ce-68471a5d2526.sensing_status.json,1,0,,,,,1,3379,,0.0,,,,,,3644590,,,,,2023-05-25 03:45:36.960,15005,,,0.0,122.0,30001,,,,141.0,2023-05-25 04:46:46.756,2023-05-25 04:46:37.845,,,1.722,85.64047,88.0,,5201,3437.882,,376.362,129.647,0.0,,UTC+0530,S7Wp0spWno,,,64016660-a512-5dda-11ce-68471a5d2526.com.samsung.health.exercise.live_data.json,,0.9432836,com.sec.android.app.shealth,,,,,2023-05-25 04:46:37.410,64016660-a512-5dda-11ce-68471a5d2526,,
,0,,,,,116.85,0,,,,,4,0,,,,,0,,,0.0,,,,,,600000,,,,,2023-05-30 14:20:09.561,11007,,,,,,,,,,2023-05-30 14:32:09.935,2023-05-30 14:32:09.935,,,,,,,,,,116.85,,,,UTC+0530,S7Wp0spWno,,,,,,com.sec.android.app.shealth,,,,,2023-05-30 14:30:09.561,5febf068-d43b-e32f-cffd-ca2b3a71cf58,,
,0,,,,,128.5,0,,,,,4,0,,,,,0,,,0.0,,,,,,695200,,,,,2023-06-09 14:20:00.221,11007,,,,,,,,,,2023-06-09 14:33:43.596,2023-06-09 14:33:43.596,,,,,,,,,,128.5,,,,UTC+0000,S7Wp0spWno,,,,,,com.sec.android.app.shealth,,,,,2023-06-09 14:31:35.421,ac16c836-678f-9ec1-cc39-a98f8605d58e,,
b657b1c7-b7da-c43d-7955-28af2dbc5fb6.live_data_internal.json,0,,,,,76.0,0,,,,,4,0,,,,,0,59,,0.0,,,,,,764900,,,,,2023-06-16 14:19:48.920,1001,,,,110.0,30001,,,,136.0,2023-06-16 14:34:09.698,2023-06-16 14:34:09.698,,,1.5277778,,87.0,,966,677.93,,76.0,,,,UTC+0530,S7Wp0spWno,,,b657b1c7-b7da-c43d-7955-28af2dbc5fb6.com.samsung.health.exercise.live_data.json,,1.3488481,com.sec.android.app.shealth,,,,,2023-06-16 14:32:33.820,b657b1c7-b7da-c43d-7955-28af2dbc5fb6,,
d90df228-60a5-7cb3-a365-6c4857a70401.live_data_internal.json,0,,,,,143.34,0,,,,d90df228-60a5-7cb3-a365-6c4857a70401.sensing_status.json,1,0,,,,,1,1289,,0.0,,,,,,1337850,,,,,2023-06-17 10:04:17.250,15006,,,,104.0,,,,,129.0,2023-06-17 10:35:07.787,2023-06-17 10:26:35.066,,,,,77.0,,,,,143.34,,,,UTC+0530,S7Wp0spWno,,,d90df228-60a5-7cb3-a365-6c4857a70401.com.samsung.health.exercise.live_data.json,,,com.sec.android.app.shealth,,,,,2023-06-17 10:26:35.100,d90df228-60a5-7cb3-a365-6c4857a70401,,
6ed3124d-1f66-1b4e-22ce-af777f0fd91e.live_data_internal.json,0,,,,,645.59,0,,,,6ed3124d-1f66-1b4e-22ce-af777f0fd91e.sensing_status.json,1,0,,,,,1,2481,,0.0,,,,,,5265210,,,,,2023-06-17 11:24:48.520,15006,,,,121.0,,,,,172.0,2023-06-17 12:52:41.595,2023-06-17 12:52:33.833,,,,,62.0,,,,,645.59,,,,UTC+0530,S7Wp0spWno,,,6ed3124d-1f66-1b4e-22ce-af777f0fd91e.com.samsung.health.exercise.live_data.json,,,com.sec.android.app.shealth,,,,,2023-06-17 12:52:33.730,6ed3124d-1f66-1b4e-22ce-af777f0fd91e,,
977e1944-9d26-3c5b-a914-9cbc26329c21.live_data_internal.json,0,,,,,315.0,0,,,,,4,0,,,,,0,216,,0.0,,,977e1944-9d26-3c5b-a914-9cbc26329c21.location_data_internal.json,,,2981790,,,,977e1944-9d26-3c5b-a914-9cbc26329c21.com.samsung.health.exercise.location_data.json,2023-06-22 04:16:14.260,1001,,,,123.0,30001,,,,144.0,2023-06-22 05:07:27.149,2023-06-22 05:07:27.149,,,1.6709648,,80.0,,5273,3549.1,,315.0,,,,UTC+0530,S7Wp0spWno,,,977e1944-9d26-3c5b-a914-9cbc26329c21.com.samsung.health.exercise.live_data.json,,1.5378611,com.sec.android.app.shealth,,,,,2023-06-22 05:05:56.050,977e1944-9d26-3c5b-a914-9cbc26329c21,,
b8f4301f-7cff-9d7e-5041-3479b7a408f3.live_data_internal.json,0,,,,,62.0,0,,,,,4,0,,,,,0,52,,0.0,,,,,,684380,,,,,2023-06-28 08:16:28.500,1001,,,,106.0,30001,,,,126.0,2023-06-28 08:29:25.662,2023-06-28 08:29:25.662,,,1.4284656,,83.0,,867,599.679,,62.0,,,,UTC+0530,S7Wp0spWno,,,b8f4301f-7cff-9d7e-5041-3479b7a408f3.com.samsung.health.exercise.live_data.json,,1.3465358,com.sec.android.app.shealth,,,,,2023-06-28 08:27:52.880,b8f4301f-7cff-9d7e-5041-3479b7a408f3,,
b49045fc-58ff-912a-5588-47b16aa856ac.live_data_internal.json,0,,,,,509.598,0,,,,b49045fc-58ff-912a-5588-47b16aa856ac.sensing_status.json,1,0,,,,,1,4043,,0.0,,,,,,5509630,,,,,2023-07-06 03:51:43.990,15005,,,0.0,120.0,30001,,,,148.0,2023-07-06 05:24:06.260,2023-07-06 05:23:33.967,,,1.768,76.61335,93.0,,7003,5280.666,,509.598,131.847,0.0,,UTC+0530,S7Wp0spWno,,,b49045fc-58ff-912a-5588-47b16aa856ac.com.samsung.health.exercise.live_data.json,,0.9584429,com.sec.android.app.shealth,,,,,2023-07-06 05:23:33.620,b49045fc-58ff-912a-5588-47b16aa856ac,,
d9fb9d3e-a44a-e2ba-b774-6a8460ccfd6e.live_data_internal.json,0,,,,,184.0,0,,,,,4,0,,,,,0,185,,0.0,,,d9fb9d3e-a44a-e2ba-b774-6a8460ccfd6e.location_data_internal.json,,,2022140,,,,d9fb9d3e-a44a-e2ba-b774-6a8460ccfd6e.com.samsung.health.exercise.location_data.json,2023-07-09 14:11:12.810,1001,,,,106.0,30001,,,,123.0,2023-07-09 14:46:30.181,2023-07-09 14:46:30.181,,,1.5,,85.0,,2898,2161.299,,184.0,,,,UTC+0530,S7Wp0spWno,,,d9fb9d3e-a44a-e2ba-b774-6a8460ccfd6e.com.samsung.health.exercise.live_data.json,,1.303525,com.sec.android.app.shealth,,,,,2023-07-09 14:44:54.950,d9fb9d3e-a44a-e2ba-b774-6a8460ccfd6e,,
4443debf-413c-db58-f510-25b7c16f943e.live_data_internal.json,0,,,,,83.0,0,,,,,4,0,,,,,0,38,,0.0,,,,,,665270,,,,,2023-07-09 13:58:01.060,1001,,,,110.0,30001,,,,158.0,2023-07-09 14:10:40.515,2023-07-09 14:10:40.515,,,2.224643,,88.0,,1003,671.83,,83.0,,,,UTC+0530,S7Wp0spWno,,,4443debf-413c-db58-f510-25b7c16f943e.com.samsung.health.exercise.live_data.json,,1.3566768,com.sec.android.app.shealth,,,,,2023-07-09 14:09:06.330,4443debf-413c-db58-f510-25b7c16f943e,,
4ed17a53-916b-af37-7f34-d6691a8ffff7.live_data_internal.json,0,,,,,67.0,0,,,,,4,0,,,,,0,27,,0.0,,,,,,708760,,,,,2023-07-12 08:56:30.460,1001,,,,102.0,30001,,,,117.0,2023-07-12 09:09:51.954,2023-07-12 09:09:51.954,,,1.6111112,,74.0,,735,512.641,,67.0,,,,UTC+0530,S7Wp0spWno,,,4ed17a53-916b-af37-7f34-d6691a8ffff7.com.samsung.health.exercise.live_data.json,,1.3501511,com.sec.android.app.shealth,,,,,2023-07-12 09:08:19.220,4ed17a53-916b-af37-7f34-d6691a8ffff7,,
3883a657-2c66-95d1-440e-e955676dbf21.live_data_internal.json,0,,,,,494.328,0,,,,3883a657-2c66-95d1-440e-e955676dbf21.sensing_status.json,1,0,,,,,1,2964,,0.0,,,,,,5363850,,,,,2023-07-13 03:41:32.090,15005,,,0.0,121.0,30001,,,,141.0,2023-07-13 05:11:06.741,2023-07-13 05:10:56.470,,,2.055,79.277725,98.0,,7079,5104.781,,494.328,131.21,0.0,,UTC+0530,S7Wp0spWno,,,3883a657-2c66-95d1-440e-e955676dbf21.com.samsung.health.exercise.live_data.json,,0.9517009,com.sec.android.app.shealth,,,,,2023-07-13 05:10:55.940,3883a657-2c66-95d1-440e-e955676dbf21,,
8c6b986d-8a3f-ca4f-1e7b-d8a2b6c97c7b.live_data_internal.json,0,,,,,160.56,0,,,,8c6b986d-8a3f-ca4f-1e7b-d8a2b6c97c7b.sensing_status.json,1,0,,,,,0,906,,0.0,,,,,,2146960,,,,,2023-07-22 02:20:00.730,15006,,,,94.0,,,,,132.0,2023-07-22 02:55:47.497,2023-07-22 02:55:47.497,,,,,82.0,,,,,160.56,,,,UTC+0530,S7Wp0spWno,,,8c6b986d-8a3f-ca4f-1e7b-d8a2b6c97c7b.com.samsung.health.exercise.live_data.json,,,com.sec.android.app.shealth,,,,,2023-07-22 02:55:47.690,8c6b986d-8a3f-ca4f-1e7b-d8a2b6c97c7b,,
4c3595ed-499d-115a-aa36-8fda51e83759.live_data_internal.json,0,,,,,159.0,0,,,,,4,0,,,,,0,127,,0.0,,,,,,1508220,,,,,2023-07-21 06:43:48.360,1001,,,,127.0,30001,,,,157.0,2023-07-21 07:10:36.189,2023-07-21 07:10:36.189,,,1.5582213,,111.0,,2401,1787.646,,159.0,,,,UTC+0530,S7Wp0spWno,,,4c3595ed-499d-115a-aa36-8fda51e83759.com.samsung.health.exercise.live_data.json,,1.4843042,com.sec.android.app.shealth,,,,,2023-07-21 07:08:56.580,4c3595ed-499d-115a-aa36-8fda51e83759,,
55e48104-459c-52d0-e99a-15c808f209cf.live_data_internal.json,0,,,,,73.0,0,,,,,4,0,,,,,0,18,,0.0,,,55e48104-459c-52d0-e99a-15c808f209cf.location_data_internal.json,,,703310,,,,55e48104-459c-52d0-e99a-15c808f209cf.com.samsung.health.exercise.location_data.json,2023-07-26 07:27:26.290,1001,,,,105.0,30001,,,,132.0,2023-07-26 07:40:45.174,2023-07-26 07:40:45.174,,,1.5833334,,80.0,,866,636.28,,73.0,,,,UTC+0530,S7Wp0spWno,,,55e48104-459c-52d0-e99a-15c808f209cf.com.samsung.health.exercise.live_data.json,,1.4765337,com.sec.android.app.shealth,,,,,2023-07-26 07:39:09.600,55e48104-459c-52d0-e99a-15c808f209cf,,
1840d3ed-dea0-410e-85af-54688e977886.live_data_internal.json,0,,,,,370.0,0,,,,,4,0,,,,,0,102,,0.0,,,,,,3669420,,,,,2023-07-27 06:27:36.360,1001,,,,179.0,30001,,,,209.0,2023-07-27 07:30:17.203,2023-07-27 07:30:17.203,,,1.9744397,,87.0,,5984,4606.124,,370.0,,,,UTC+0530,S7Wp0spWno,,,1840d3ed-dea0-410e-85af-54688e977886.com.samsung.health.exercise.live_data.json,,1.6075641,com.sec.android.app.shealth,,,,,2023-07-27 07:28:45.780,1840d3ed-dea0-410e-85af-54688e977886,,
abd8f982-5bfe-0e85-ae5c-c46e7b2e31c5.live_data_internal.json,0,,,,,183.97542,0,,,,abd8f982-5bfe-0e85-ae5c-c46e7b2e31c5.sensing_status.json,7,0,,,,,0,681,,0.0,,,,,,1788650,,,,,2023-07-29 07:13:57.980,1001,,,,120.0,30001,,,,128.0,2023-07-29 07:45:03.410,2023-07-29 07:45:03.410,,,1.797,99.66209,77.0,,2969,2295.496,,182.443,131.899,,,UTC+0530,S7Wp0spWno,,,abd8f982-5bfe-0e85-ae5c-c46e7b2e31c5.com.samsung.health.exercise.live_data.json,,1.2833679,com.sec.android.app.shealth,,,,,2023-07-29 07:45:02.590,abd8f982-5bfe-0e85-ae5c-c46e7b2e31c5,,
eb683879-16e9-4caf-8caf-db2b640092b4.live_data_internal.json,0,,,,,155.02017,0,,0,,,1,0,,0,,,3,,,0.0,,,,,,1119592,,,,,2023-07-31 07:29:38.924,15005,,,,,30001,,,,,2023-07-31 07:48:26.778,2023-07-31 07:29:38.926,,,,,,,0,0.0,,155.0,,,,UTC+0530,aqfQc5yGC4,,,eb683879-16e9-4caf-8caf-db2b640092b4.com.samsung.health.exercise.live_data.json,,,com.sec.android.app.shealth,,,,,2023-07-31 07:48:19.638,eb683879-16e9-4caf-8caf-db2b640092b4,,
,0,,,,,122.15,0,,,,,4,0,,,,,0,,,0.0,,,,,,690080,,,,,2023-08-07 13:08:04.211,11007,,,,,,,,,,2023-08-07 13:21:46.166,2023-08-07 13:21:46.166,,,,,,,,,,122.15,,,,UTC+0530,S7Wp0spWno,,,,,,com.sec.android.app.shealth,,,,,2023-08-07 13:19:34.291,3ddf784c-f234-6fa8-571b-845ad66b3d08,,
760aa45e-5be6-eaa2-06df-1e53d3c48dbf.live_data_internal.json,0,,,,,170.138,0,,,,760aa45e-5be6-eaa2-06df-1e53d3c48dbf.sensing_status.json,1,0,,,,,0,738,,0.0,,,,,,2091560,,,,,2023-08-09 06:27:14.890,15005,,,0.0,118.0,30001,,,,142.0,2023-08-09 07:02:06.411,2023-08-09 07:02:06.411,,,1.747,37.57736,86.0,,1300,950.144,,170.138,126.253,0.0,,UTC+0530,S7Wp0spWno,,,760aa45e-5be6-eaa2-06df-1e53d3c48dbf.com.samsung.health.exercise.live_data.json,,0.45427528,com.sec.android.app.shealth,,,,,2023-08-09 07:02:06.450,760aa45e-5be6-eaa2-06df-1e53d3c48dbf,,
f6721503-cdb8-a1ab-6aac-be2e73adc438.live_data_internal.json,0,,,,,216.0,0,,,,,4,0,,,,,0,69,,0.0,,,,,,2195150,,,,,2023-08-10 06:42:10.180,1001,,,,106.0,30001,,,,123.0,2023-08-10 07:20:16.165,2023-08-10 07:20:16.165,,,1.9560095,,74.0,,3566,2768.741,,216.0,,,,UTC+0530,S7Wp0spWno,,,f6721503-cdb8-a1ab-6aac-be2e73adc438.com.samsung.health.exercise.live_data.json,,1.5786462,com.sec.android.app.shealth,,,,,2023-08-10 07:18:45.330,f6721503-cdb8-a1ab-6aac-be2e73adc438,,
,0,,,,,180.0,0,,,,,4,0,,,,,0,,,0.0,,,,,,708820,,,,,2023-08-11 07:58:52.580,0,,,,,,,,,,2023-08-11 08:11:46.159,2023-08-11 08:11:46.159,,,,,,,,,,180.0,,,,UTC+0530,S7Wp0spWno,,,,,,com.sec.android.app.shealth,,,,,2023-08-11 08:10:41.400,cb93d588-15c8-f856-5c0e-e05243ef67c4,,
c7ed3f88-5554-fa73-554f-ba29d15b9778.live_data_internal.json,0,,,,,226.0,0,,,,,4,0,,,,,0,200,,0.0,,,,,,2269250,,,,,2023-08-11 06:44:44.580,1001,,,,124.0,30001,,,,154.0,2023-08-11 07:24:08.034,2023-08-11 07:24:08.034,,,1.591384,,111.0,,3343,2411.8489,,226.0,,,,UTC+0530,S7Wp0spWno,,,c7ed3f88-5554-fa73-554f-ba29d15b9778.com.samsung.health.exercise.live_data.json,,1.4702562,com.sec.android.app.shealth,,,,,2023-08-11 07:22:33.830,c7ed3f88-5554-fa73-554f-ba29d15b9778,,
00a0a813-a17e-fb7d-e593-83c816b44385.live_data_internal.json,0,,,,,230.0,0,,,,,4,0,,,,,0,213,,0.0,,,,,,2309010,,,,,2023-08-14 07:16:32.160,1001,,,,121.0,30001,,,,139.0,2023-08-14 07:56:45.208,2023-08-14 07:56:45.208,,,1.6944444,,101.0,,3826,2922.5168,,230.0,,,,UTC+0530,S7Wp0spWno,,,00a0a813-a17e-fb7d-e593-83c816b44385.com.samsung.health.exercise.live_data.json,,1.4947399,com.sec.android.app.shealth,,,,,2023-08-14 07:55:01.170,00a0a813-a17e-fb7d-e593-83c816b44385,,
05740845-129a-e196-54d0-24935097f6d5.live_data_internal.json,0,,,,,100.0,0,,,,,4,0,,,,,0,76,,0.0,,,05740845-129a-e196-54d0-24935097f6d5.location_data_internal.json,,,933980,,,,05740845-129a-e196-54d0-24935097f6d5.com.samsung.health.exercise.location_data.json,2023-08-16 07:33:22.380,1001,,,,128.0,30001,,,,145.0,2023-08-16 07:50:27.852,2023-08-16 07:50:27.852,,,1.5862302,,88.0,,1628,1207.841,,100.0,,,,UTC+0530,S7Wp0spWno,,,05740845-129a-e196-54d0-24935097f6d5.com.samsung.health.exercise.live_data.json,,1.5324291,com.sec.android.app.shealth,,,,,2023-08-16 07:48:56.360,05740845-129a-e196-54d0-24935097f6d5,,
750a1d70-6a07-9d4d-d747-1bc21b7d0321.live_data_internal.json,0,,,,,122.79,0,,,,,4,0,,,,,0,13,,0.0,,,,,,736160,,,,,2023-08-17 14:02:18.189,11007,,,,135.0,,,,,139.0,2023-08-17 14:16:51.427,2023-08-17 14:16:51.427,,,,,123.0,,,,,122.79,,,,UTC+0530,S7Wp0spWno,,,750a1d70-6a07-9d4d-d747-1bc21b7d0321.com.samsung.health.exercise.live_data.json,,,com.sec.android.app.shealth,,,,,2023-08-17 14:14:34.349,750a1d70-6a07-9d4d-d747-1bc21b7d0321,,
5a97d5f4-238e-4ddc-337a-3256375cb100.live_data_internal.json,0,,,,,102.0,0,,,,,4,0,,,,,0,73,,0.0,,,,,,979780,,,,,2023-08-19 07:01:27.700,1001,,,,125.0,30001,,,,182.0,2023-08-19 07:19:19.668,2023-08-19 07:19:19.668,,,1.5833334,,87.0,,1497,1059.09,,102.0,,,,UTC+0530,S7Wp0spWno,,,5a97d5f4-238e-4ddc-337a-3256375cb100.com.samsung.health.exercise.live_data.json,,1.4714277,com.sec.android.app.shealth,,,,,2023-08-19 07:17:47.480,5a97d5f4-238e-4ddc-337a-3256375cb100,,
839dbcab-cf94-2971-6b38-efe3a10c5ce8.live_data_internal.json,0,,,,,169.0,0,,,,,4,0,,,,,0,159,,0.0,,,,,,1758740,,,,,2023-08-24 05:40:24.390,1001,,,,118.0,30001,,,,139.0,2023-08-24 06:11:18.621,2023-08-24 06:11:18.621,,,1.8273042,,81.0,,2687,1974.131,,169.0,,,,UTC+0530,S7Wp0spWno,,,839dbcab-cf94-2971-6b38-efe3a10c5ce8.com.samsung.health.exercise.live_data.json,,1.5640029,com.sec.android.app.shealth,,,,,2023-08-24 06:09:43.130,839dbcab-cf94-2971-6b38-efe3a10c5ce8,,
dd454902-725f-3284-73a7-e39b249216ab.live_data_internal.json,0,,,,,186.0,0,,,,,4,0,,,,,0,148,,0.0,,,,,,1842900,,,,,2023-08-25 07:11:46.400,1001,,,,123.0,30001,,,,139.0,2023-08-25 07:44:03.519,2023-08-25 07:44:03.519,,,1.5555556,,104.0,,2669,1956.411,,186.0,,,,UTC+0530,S7Wp0spWno,,,dd454902-725f-3284-73a7-e39b249216ab.com.samsung.health.exercise.live_data.json,,1.4644885,com.sec.android.app.shealth,,,,,2023-08-25 07:42:29.300,dd454902-725f-3284-73a7-e39b249216ab,,
df53b0be-88c6-6251-26eb-6dcf73e29fdc.live_data_internal.json,0,,,,,59.0,0,,,,,4,0,,,,,0,44,,0.0,,,df53b0be-88c6-6251-26eb-6dcf73e29fdc.location_data_internal.json,,,625800,,,,df53b0be-88c6-6251-26eb-6dcf73e29fdc.com.samsung.health.exercise.location_data.json,2023-08-26 07:59:13.020,1001,,,,102.0,30001,,,,119.0,2023-08-26 08:11:09.860,2023-08-26 08:11:09.860,,,1.5277778,,74.0,,653,446.082,,59.0,,,,UTC+0530,S7Wp0spWno,,,df53b0be-88c6-6251-26eb-6dcf73e29fdc.com.samsung.health.exercise.live_data.json,,1.3622553,com.sec.android.app.shealth,,,,,2023-08-26 08:09:38.820,df53b0be-88c6-6251-26eb-6dcf73e29fdc,,
04d6f21c-fb4f-6c49-a506-242ecea7bff2.live_data_internal.json,0,,,,,195.0,0,,,,,4,0,,,,,0,192,,0.0,,,,,,2103030,,,,,2023-08-28 06:15:19.650,1001,,,,121.0,30001,,,,151.0,2023-08-28 06:51:57.359,2023-08-28 06:51:57.359,,,1.6111112,,91.0,,2539,1903.037,,195.0,,,,UTC+0530,S7Wp0spWno,,,04d6f21c-fb4f-6c49-a506-242ecea7bff2.com.samsung.health.exercise.live_data.json,,1.448032,com.sec.android.app.shealth,,,,,2023-08-28 06:50:22.680,04d6f21c-fb4f-6c49-a506-242ecea7bff2,,
96cd167f-f590-bf75-b27c-71dbad01be27.live_data_internal.json,0,,,,,52.35307,0,,,,96cd167f-f590-bf75-b27c-71dbad01be27.sensing_status.json,1,0,,,,,0,188,,0.0,,,96cd167f-f590-bf75-b27c-71dbad01be27.location_data_internal.json,,,212339,,,,96cd167f-f590-bf75-b27c-71dbad01be27.com.samsung.health.exercise.location_data.json,2023-08-29 14:27:33.120,1002,,-17.823467,0.0,122.0,30001,,-21.697046,,140.0,2023-08-29 14:38:38.019,2023-08-29 14:38:38.019,,,0.342,,108.0,,0,2.413,,43.234,36.868,0.0,,UTC+0530,S7Wp0spWno,,,96cd167f-f590-bf75-b27c-71dbad01be27.com.samsung.health.exercise.live_data.json,,0.01136385,com.sec.android.app.shealth,,,,,2023-08-29 14:38:37.480,96cd167f-f590-bf75-b27c-71dbad01be27,,
cc3c5178-82c5-307f-1128-10b5c0dfb8a2.live_data_internal.json,0,,,,,69.0,0,,,,,4,0,,,,,0,53,,0.0,,,,,,707770,,,,,2023-08-31 06:06:30.280,1001,,,,120.0,30001,,,,140.0,2023-08-31 06:19:53.092,2023-08-31 06:19:53.092,,,1.5833334,,101.0,,1071,828.11,,69.0,,,,UTC+0530,S7Wp0spWno,,,cc3c5178-82c5-307f-1128-10b5c0dfb8a2.com.samsung.health.exercise.live_data.json,,1.4933428,com.sec.android.app.shealth,,,,,2023-08-31 06:18:18.050,cc3c5178-82c5-307f-1128-10b5c0dfb8a2,,
6cb98738-f97c-7e7b-c2f9-c0cf3bb6f1bc.live_data_internal.json,0,,,,,167.0,0,,,,,4,0,,,,,0,160,,0.0,,,,,,1773730,,,,,2023-08-31 07:02:41.080,1001,,,,119.0,30001,,,,142.0,2023-08-31 07:33:47.510,2023-08-31 07:33:47.510,,,1.5833334,,57.0,,2568,1842.551,,167.0,,,,UTC+0530,S7Wp0spWno,,,6cb98738-f97c-7e7b-c2f9-c0cf3bb6f1bc.com.samsung.health.exercise.live_data.json,,1.4668818,com.sec.android.app.shealth,,,,,2023-08-31 07:32:14.810,6cb98738-f97c-7e7b-c2f9-c0cf3bb6f1bc,,
,0,,,,,85.06,0,,,,,4,0,,,,,0,,,0.0,,,,,,600000,,,,,2023-08-31 13:49:27.173,11007,,,,,,,,,,2023-08-31 14:00:34.326,2023-08-31 14:00:34.326,,,,,,,,,,85.06,,,,UTC+0530,S7Wp0spWno,,,,,,com.sec.android.app.shealth,,,,,2023-08-31 13:59:27.173,1079999a-b8b8-3a22-f5b2-a6205c01d523,,
cc053f57-f27d-7c60-d3e7-9c064dc7fdaa.live_data_internal.json,0,,,,,56.926132,0,,,,cc053f57-f27d-7c60-d3e7-9c064dc7fdaa.sensing_status.json,7,0,,,,,0,74,,0.0,,,,,,695080,,,,,2023-09-01 07:11:39.960,1001,,,,127.0,30001,,,,148.0,2023-09-01 07:23:21.092,2023-09-01 07:23:21.092,,,1.6076703,71.13798,114.0,,823,583.336,,56.795,117.671,,,UTC+0530,S7Wp0spWno,,,cc053f57-f27d-7c60-d3e7-9c064dc7fdaa.com.samsung.health.exercise.live_data.json,,0.8392358,com.sec.android.app.shealth,,,,,2023-09-01 07:23:21.540,cc053f57-f27d-7c60-d3e7-9c064dc7fdaa,,
f57a6daa-0b94-5b86-5e86-944da751aea0.live_data_internal.json,0,,,,,111.0,0,,,,,4,0,,,,,0,25,,0.0,,,f57a6daa-0b94-5b86-5e86-944da751aea0.location_data_internal.json,,,1091130,,,,f57a6daa-0b94-5b86-5e86-944da751aea0.com.samsung.health.exercise.location_data.json,2023-09-01 07:23:30.610,1001,,,,98.0,30001,,,,129.0,2023-09-01 07:43:14.733,2023-09-01 07:43:14.733,,,1.5277778,,74.0,,1419,992.21796,,111.0,,,,UTC+0530,S7Wp0spWno,,,f57a6daa-0b94-5b86-5e86-944da751aea0.com.samsung.health.exercise.live_data.json,,1.4421221,com.sec.android.app.shealth,,,,,2023-09-01 07:41:41.740,f57a6daa-0b94-5b86-5e86-944da751aea0,,
9e4dab9c-6ab6-3386-6f07-2d7fa566aa42.live_data_internal.json,0,,,,,171.0,0,,,,,4,0,,,,,0,149,,0.0,,,9e4dab9c-6ab6-3386-6f07-2d7fa566aa42.location_data_internal.json,,,1674870,,,,9e4dab9c-6ab6-3386-6f07-2d7fa566aa42.com.samsung.health.exercise.location_data.json,2023-09-05 07:03:38.720,1001,,,,117.0,30001,,,,142.0,2023-09-05 07:33:11.827,2023-09-05 07:33:11.827,,,1.9166666,,66.0,,2147,1354.72,,171.0,,,,UTC+0530,S7Wp0spWno,,,9e4dab9c-6ab6-3386-6f07-2d7fa566aa42.com.samsung.health.exercise.live_data.json,,1.4631137,com.sec.android.app.shealth,,,,,2023-09-05 07:31:33.590,9e4dab9c-6ab6-3386-6f07-2d7fa566aa42,,
a51f67d6-0b3a-0cff-e6fa-8bcd35243ad1.live_data_internal.json,0,,,,,103.0,0,,,,,4,0,,,,,0,46,,0.0,,,a51f67d6-0b3a-0cff-e6fa-8bcd35243ad1.location_data_internal.json,,,1063540,,,,a51f67d6-0b3a-0cff-e6fa-8bcd35243ad1.com.samsung.health.exercise.location_data.json,2023-09-06 05:06:37.640,1001,,,,117.0,30001,,,,140.0,2023-09-06 05:25:51.854,2023-09-06 05:25:51.854,,,1.7222222,,88.0,,1541,1181.795,,103.0,,,,UTC+0530,S7Wp0spWno,,,a51f67d6-0b3a-0cff-e6fa-8bcd35243ad1.com.samsung.health.exercise.live_data.json,,1.509546,com.sec.android.app.shealth,,,,,2023-09-06 05:24:21.180,a51f67d6-0b3a-0cff-e6fa-8bcd35243ad1,,
4d0bf0cf-68aa-9a8f-e851-765b7fbdbcf1.live_data_internal.json,0,,,,,133.0,0,,,,,4,0,,,,,0,120,,0.0,,,,,,1384190,,,,,2023-09-07 05:54:20.200,1001,,,,121.0,30001,,,,133.0,2023-09-07 06:18:58.056,2023-09-07 06:18:58.056,,,1.7906044,,87.0,,1864,1456.439,,133.0,,,,UTC+0530,S7Wp0spWno,,,4d0bf0cf-68aa-9a8f-e851-765b7fbdbcf1.com.samsung.health.exercise.live_data.json,,1.5389274,com.sec.android.app.shealth,,,,,2023-09-07 06:17:24.390,4d0bf0cf-68aa-9a8f-e851-765b7fbdbcf1,,
46aa7df9-81f9-80fb-fc75-9ebb17a287ec.live_data_internal.json,0,,,,,163.0,0,,,,,4,0,,,,,0,8,,0.0,,,,,,1697350,,,,,2023-09-11 06:43:56.240,1001,,,,113.0,30001,,,,129.0,2023-09-11 07:13:47.428,2023-09-11 07:13:47.428,,,1.598644,,91.0,,2228,1645.179,,163.0,,,,UTC+0530,S7Wp0spWno,,,46aa7df9-81f9-80fb-fc75-9ebb17a287ec.com.samsung.health.exercise.live_data.json,,1.4809036,com.sec.android.app.shealth,,,,,2023-09-11 07:12:13.590,46aa7df9-81f9-80fb-fc75-9ebb17a287ec,,
43903081-7d77-453e-8f15-ac5ab95e42d4.live_data_internal.json,0,,,,,372.02017,0,,0,,,1,0,,0,,,3,,,0.0,,,,,,2676332,,,,,2023-09-14 04:25:01.712,15005,,,,,30001,,,,,2023-09-14 05:09:38.843,2023-09-14 04:25:01.716,,,,,,,0,0.0,,372.0,,,,UTC+0530,aqfQc5yGC4,,,43903081-7d77-453e-8f15-ac5ab95e42d4.com.samsung.health.exercise.live_data.json,,,com.sec.android.app.shealth,,,,,2023-09-14 05:09:38.515,43903081-7d77-453e-8f15-ac5ab95e42d4,,
c4489e96-ca51-7d9d-38c1-c30fdc504204.live_data_internal.json,0,,,,,95.0,0,,,,,4,0,,,,,0,51,,0.0,,,,,,919850,,,,,2023-10-04 04:53:59.040,1001,,,,124.0,30001,,,,153.0,2023-10-04 05:10:50.250,2023-10-04 05:10:50.250,,,1.5453596,,82.0,,1434,990.028,,95.0,,,,UTC+0530,S7Wp0spWno,,,c4489e96-ca51-7d9d-38c1-c30fdc504204.com.samsung.health.exercise.live_data.json,,1.480681,com.sec.android.app.shealth,,,,,2023-10-04 05:09:18.890,c4489e96-ca51-7d9d-38c1-c30fdc504204,,
,0,,,,,88.51,0,,,,,4,0,,,,,0,,,0.0,,,,,,600000,,,,,2023-10-13 13:47:03.220,11007,,,,,,,,,,2023-10-13 13:58:57.888,2023-10-13 13:58:57.888,,,,,,,,,,88.51,,,,UTC+0530,S7Wp0spWno,,,,,,com.sec.android.app.shealth,,,,,2023-10-13 13:57:03.220,46a044cd-a92c-5c29-d269-681315dc89f3,,
,0,,,,,204.89,0,,,,6ca1c6c8-c502-b82e-021d-7d705a987311.sensing_status.json,1,0,,,,,0,0,,0.0,,,,,,1205499,,,,,2023-10-13 05:47:22.680,15003,,,,,,,,,,2023-10-13 06:07:28.094,2023-10-13 06:07:28.094,,,,,,,,,,204.89,,,,UTC+0530,S7Wp0spWno,,,,,,com.sec.android.app.shealth,,,,,2023-10-13 06:07:28.180,6ca1c6c8-c502-b82e-021d-7d705a987311,,
f674671c-ba12-68fb-739b-08354b056692.live_data_internal.json,0,,,,,1342.31,0,,,,f674671c-ba12-68fb-739b-08354b056692.sensing_status.json,1,0,,,,,0,12738,,0.0,,,,,,13532950,,,,,2023-10-16 10:45:34.920,15006,,,,95.0,,,,,135.0,2023-10-16 14:31:08.165,2023-10-16 14:31:08.165,,,,,72.0,,,,,1342.31,,,,UTC+0530,S7Wp0spWno,,,f674671c-ba12-68fb-739b-08354b056692.com.samsung.health.exercise.live_data.json,,,com.sec.android.app.shealth,,,,,2023-10-16 14:31:07.870,f674671c-ba12-68fb-739b-08354b056692,,
bed49885-7b3f-7ad2-78b7-d9eef563231f.live_data_internal.json,0,,,,,311.0,0,,,,,4,0,,,,,0,291,,0.0,,,,,,3132490,,,,,2023-10-19 04:39:19.960,1001,,,,122.0,30001,,,,143.0,2023-10-19 05:33:07.513,2023-10-19 05:33:07.513,,,1.6666666,,78.0,,5226,3671.224,,311.0,,,,UTC+0530,S7Wp0spWno,,,bed49885-7b3f-7ad2-78b7-d9eef563231f.com.samsung.health.exercise.live_data.json,,1.5177053,com.sec.android.app.shealth,,,,,2023-10-19 05:31:32.450,bed49885-7b3f-7ad2-78b7-d9eef563231f,,
fc5b5d94-153f-463d-df13-bd3292f050d1.live_data_internal.json,0,,,,,64.0,0,,,,,4,0,,,,,0,51,,0.0,,,fc5b5d94-153f-463d-df13-bd3292f050d1.location_data_internal.json,,,688180,,,,fc5b5d94-153f-463d-df13-bd3292f050d1.com.samsung.health.exercise.location_data.json,2023-11-07 05:06:30.410,1001,,,,113.0,30001,,,,126.0,2023-11-07 05:19:35.243,2023-11-07 05:19:35.243,,,1.520034,,89.0,,988,757.861,,64.0,,,,UTC+0530,S7Wp0spWno,,,fc5b5d94-153f-463d-df13-bd3292f050d1.com.samsung.health.exercise.live_data.json,,1.4201113,com.sec.android.app.shealth,,,,,2023-11-07 05:17:58.590,fc5b5d94-153f-463d-df13-bd3292f050d1,,
5d7602e5-a0c1-6918-7493-cfcdc4b7aba4.live_data_internal.json,0,,,,,77.0,0,,,,,4,0,,,,,0,67,,0.0,,,5d7602e5-a0c1-6918-7493-cfcdc4b7aba4.location_data_internal.json,,,844360,,,,5d7602e5-a0c1-6918-7493-cfcdc4b7aba4.com.samsung.health.exercise.location_data.json,2023-11-08 13:42:12.320,1001,,,,111.0,30001,,,,121.0,2023-11-08 13:57:48.907,2023-11-08 13:57:48.907,,,1.4767464,,92.0,,1053,801.15,,77.0,,,,UTC+0530,S7Wp0spWno,,,5d7602e5-a0c1-6918-7493-cfcdc4b7aba4.com.samsung.health.exercise.live_data.json,,1.3974838,com.sec.android.app.shealth,,,,,2023-11-08 13:56:16.680,5d7602e5-a0c1-6918-7493-cfcdc4b7aba4,,
7c76d95d-a453-65cc-0176-9a4ce44b98b7.live_data_internal.json,0,,,,,67.0,0,,,,,4,0,,,,,0,50,,0.0,,,,,,673080,,,,,2023-11-08 03:58:51.340,1001,,,,110.0,30001,,,,121.0,2023-11-08 04:11:37.007,2023-11-08 04:11:37.007,,,1.5199968,,87.0,,1059,816.399,,67.0,,,,UTC+0530,S7Wp0spWno,,,7c76d95d-a453-65cc-0176-9a4ce44b98b7.com.samsung.health.exercise.live_data.json,,1.4248676,com.sec.android.app.shealth,,,,,2023-11-08 04:10:04.420,7c76d95d-a453-65cc-0176-9a4ce44b98b7,,
5dc02aa2-bca5-84b3-6af6-e1563c891e76.live_data_internal.json,0,,,,,93.11,0,,,,,4,0,,,,,0,3,,0.0,,,,,,623520,,,,,2023-11-09 14:49:42.219,11007,,,,111.0,,,,,113.0,2023-11-09 15:02:18.202,2023-11-09 15:02:18.202,,,,,110.0,,,,,93.11,,,,UTC+0530,S7Wp0spWno,,,5dc02aa2-bca5-84b3-6af6-e1563c891e76.com.samsung.health.exercise.live_data.json,,,com.sec.android.app.shealth,,,,,2023-11-09 15:00:05.739,5dc02aa2-bca5-84b3-6af6-e1563c891e76,,
cd926e5d-b786-5803-e099-59195be0b223.live_data_internal.json,0,,,,,131.50546,0,,,,cd926e5d-b786-5803-e099-59195be0b223.sensing_status.json,1,0,,,,,0,388,,0.0,,,cd926e5d-b786-5803-e099-59195be0b223.location_data_internal.json,,,412119,,,,cd926e5d-b786-5803-e099-59195be0b223.com.samsung.health.exercise.location_data.json,2023-11-10 14:19:59.570,1002,,-8.748,12.376,102.0,30001,,-37.266,,117.0,2023-11-10 14:44:55.389,2023-11-10 14:44:55.389,,,1.645,51.117496,92.0,,351,240.935,,109.704,124.191,24.472,,UTC+0530,S7Wp0spWno,,,cd926e5d-b786-5803-e099-59195be0b223.com.samsung.health.exercise.live_data.json,,0.5846234,com.sec.android.app.shealth,,,,,2023-11-10 14:44:55.890,cd926e5d-b786-5803-e099-59195be0b223,,
98d4c0f8-ef9c-7cce-5ded-adc97a99309d.live_data_internal.json,0,,,,,71.0,0,,,,,4,0,,,,,0,60,,0.0,,,98d4c0f8-ef9c-7cce-5ded-adc97a99309d.location_data_internal.json,,,776590,,,,98d4c0f8-ef9c-7cce-5ded-adc97a99309d.com.samsung.health.exercise.location_data.json,2023-11-16 03:57:01.340,1001,,,,109.0,30001,,,,121.0,2023-11-16 04:11:30.273,2023-11-16 04:11:30.273,,,2.1063225,,89.0,,801,612.799,,71.0,,,,UTC+0530,S7Wp0spWno,,,98d4c0f8-ef9c-7cce-5ded-adc97a99309d.com.samsung.health.exercise.live_data.json,,1.433014,com.sec.android.app.shealth,,,,,2023-11-16 04:09:57.930,98d4c0f8-ef9c-7cce-5ded-adc97a99309d,,
b18d7ece-606c-3363-8620-f5cb2cc9da34.live_data_internal.json,0,,,,,362.0,0,,,,,4,0,,,,,0,319,,0.0,,,b18d7ece-606c-3363-8620-f5cb2cc9da34.location_data_internal.json,,,3842160,,,,b18d7ece-606c-3363-8620-f5cb2cc9da34.com.samsung.health.exercise.location_data.json,2023-11-23 04:15:35.880,1001,,,,118.0,30001,,,,139.0,2023-11-23 05:21:09.070,2023-11-23 05:21:09.070,,,2.0,,66.0,,5181,3894.188,,362.0,,,,UTC+0530,S7Wp0spWno,,,b18d7ece-606c-3363-8620-f5cb2cc9da34.com.samsung.health.exercise.live_data.json,,1.5066532,com.sec.android.app.shealth,,,,,2023-11-23 05:19:38.040,b18d7ece-606c-3363-8620-f5cb2cc9da34,,
e806a102-7c65-04fc-0295-4ec3727e5920.live_data_internal.json,0,,,,,84.0,0,,,,,4,0,,,,,0,26,,0.0,,,,,,970030,,,,,2023-11-24 03:56:44.300,1001,,,,101.0,30001,,,,130.0,2023-11-24 04:14:27.663,2023-11-24 04:14:27.663,,,1.75,,86.0,,1112,756.248,,84.0,,,,UTC+0530,S7Wp0spWno,,,e806a102-7c65-04fc-0295-4ec3727e5920.com.samsung.health.exercise.live_data.json,,1.4489475,com.sec.android.app.shealth,,,,,2023-11-24 04:12:54.330,e806a102-7c65-04fc-0295-4ec3727e5920,,
3861447c-a621-2b0a-6737-ed9e88ca1731.live_data_internal.json,0,,,,,81.0,0,,,,,4,0,,,,,0,34,,0.0,,,3861447c-a621-2b0a-6737-ed9e88ca1731.location_data_internal.json,,,838780,,,,3861447c-a621-2b0a-6737-ed9e88ca1731.com.samsung.health.exercise.location_data.json,2023-11-28 12:12:31.360,1001,,,,116.0,30001,,,,135.0,2023-11-28 12:28:02.783,2023-11-28 12:28:02.783,,,1.4679979,,85.0,,1038,710.082,,81.0,,,,UTC+0530,S7Wp0spWno,,,3861447c-a621-2b0a-6737-ed9e88ca1731.com.samsung.health.exercise.live_data.json,,1.3898889,com.sec.android.app.shealth,,,,,2023-11-28 12:26:30.140,3861447c-a621-2b0a-6737-ed9e88ca1731,,
c80561ed-92fd-3b7e-6b88-774e65438f47.live_data_internal.json,0,,,,,110.0,0,,,,,4,0,,,,,0,43,,0.0,,,,,,1096370,,,,,2023-11-30 04:48:48.390,1001,,,,118.0,30001,,,,138.0,2023-11-30 05:08:47.290,2023-11-30 05:08:47.290,,,1.5473094,,86.0,,1589,1053.452,,110.0,,,,UTC+0530,S7Wp0spWno,,,c80561ed-92fd-3b7e-6b88-774e65438f47.com.samsung.health.exercise.live_data.json,,1.441176,com.sec.android.app.shealth,,,,,2023-11-30 05:07:04.760,c80561ed-92fd-3b7e-6b88-774e65438f47,,
3f26edfc-e838-3ac0-3369-5ed5294db710.live_data_internal.json,0,,,,,143.32,0,,,,,4,0,,,,,0,10,,0.0,,,,,,879520,,,,,2023-12-05 13:45:01.082,11007,,,,145.0,,,,,153.0,2023-12-05 14:01:50.750,2023-12-05 14:01:50.750,,,,,135.0,,,,,143.32,,,,UTC+0530,S7Wp0spWno,,,3f26edfc-e838-3ac0-3369-5ed5294db710.com.samsung.health.exercise.live_data.json,,,com.sec.android.app.shealth,,,,,2023-12-05 13:59:40.602,3f26edfc-e838-3ac0-3369-5ed5294db710,,
eb4ba984-4673-caf8-7702-3b7e229264a8.live_data_internal.json,0,,,,,185.18,0,,,,,4,0,,,,,0,33,,0.0,,,,,,1048480,,,,,2023-12-05 15:58:39.070,11007,,,,137.0,,,,,158.0,2023-12-05 16:18:24.551,2023-12-05 16:18:24.551,,,,,128.0,,,,,185.18,,,,UTC+0530,S7Wp0spWno,,,eb4ba984-4673-caf8-7702-3b7e229264a8.com.samsung.health.exercise.live_data.json,,,com.sec.android.app.shealth,,,,,2023-12-05 16:16:07.550,eb4ba984-4673-caf8-7702-3b7e229264a8,,
322815a6-dab2-a50c-dea9-0dcb2d3294b4.live_data_internal.json,0,,,,,63.0,0,,,,,4,0,,,,,0,54,,0.0,,,,,,706690,,,,,2023-12-09 14:13:24.740,1001,,,,114.0,30001,,,,131.0,2023-12-09 14:26:45.403,2023-12-09 14:26:45.403,,,1.4428585,,90.0,,901,674.414,,63.0,,,,UTC+0530,S7Wp0spWno,,,322815a6-dab2-a50c-dea9-0dcb2d3294b4.com.samsung.health.exercise.live_data.json,,1.3245642,com.sec.android.app.shealth,,,,,2023-12-09 14:25:11.430,322815a6-dab2-a50c-dea9-0dcb2d3294b4,,
90bfabce-5456-fbbc-52b5-20685704ce3e.live_data_internal.json,0,,,,,71.0,0,,,,,4,0,,,,,0,37,,0.0,,,90bfabce-5456-fbbc-52b5-20685704ce3e.location_data_internal.json,,,759090,,,,90bfabce-5456-fbbc-52b5-20685704ce3e.com.samsung.health.exercise.location_data.json,2023-12-09 15:08:01.860,1001,,,,138.0,30001,,,,155.0,2023-12-09 15:22:16.641,2023-12-09 15:22:16.641,,,1.6111112,,116.0,,770,580.76,,71.0,,,,UTC+0530,S7Wp0spWno,,,90bfabce-5456-fbbc-52b5-20685704ce3e.com.samsung.health.exercise.live_data.json,,1.3813685,com.sec.android.app.shealth,,,,,2023-12-09 15:20:40.950,90bfabce-5456-fbbc-52b5-20685704ce3e,,
ad538efa-99ed-8df5-6d00-53822c532a38.live_data_internal.json,0,,,,,107.0,0,,,,,4,0,,,,,0,93,,0.0,,,ad538efa-99ed-8df5-6d00-53822c532a38.location_data_internal.json,,,1100150,,,,ad538efa-99ed-8df5-6d00-53822c532a38.com.samsung.health.exercise.location_data.json,2023-12-11 03:56:06.900,1001,,,,158.0,30001,,,,189.0,2023-12-11 04:16:00.591,2023-12-11 04:16:00.591,,,1.5719028,,135.0,,1494,1118.611,,107.0,,,,UTC+0530,S7Wp0spWno,,,ad538efa-99ed-8df5-6d00-53822c532a38.com.samsung.health.exercise.live_data.json,,1.4456035,com.sec.android.app.shealth,,,,,2023-12-11 04:14:27.050,ad538efa-99ed-8df5-6d00-53822c532a38,,
dddfe958-6b04-83d4-4efe-5e0a6fe16a3e.live_data_internal.json,0,,,,,92.0,0,,,,,4,0,,,,,0,59,,0.0,,,,,,986750,,,,,2023-12-13 03:58:23.280,1001,,,,128.0,30001,,,,152.0,2023-12-13 04:16:22.377,2023-12-13 04:16:22.377,,,1.5555556,,104.0,,1074,797.464,,92.0,,,,UTC+0530,S7Wp0spWno,,,dddfe958-6b04-83d4-4efe-5e0a6fe16a3e.com.samsung.health.exercise.live_data.json,,1.3842491,com.sec.android.app.shealth,,,,,2023-12-13 04:14:50.030,dddfe958-6b04-83d4-4efe-5e0a6fe16a3e,,
bbcf3dbd-1b4d-ce2e-a692-86abfa870fbf.live_data_internal.json,0,,,,,81.0,0,,,,,4,0,,,,,0,34,,0.0,,,,,,823550,,,,,2023-12-16 03:59:32.510,1001,,,,135.0,30001,,,,154.0,2023-12-16 04:14:52.451,2023-12-16 04:14:52.451,,,1.5297729,,118.0,,1252,926.571,,81.0,,,,UTC+0530,S7Wp0spWno,,,bbcf3dbd-1b4d-ce2e-a692-86abfa870fbf.com.samsung.health.exercise.live_data.json,,1.3768913,com.sec.android.app.shealth,,,,,2023-12-16 04:13:16.060,bbcf3dbd-1b4d-ce2e-a692-86abfa870fbf,,
,0,,,,,257.0,0,,,,,4,0,,,,,0,,,0.0,,,,,,696930,,,,,2023-12-19 06:09:01.260,0,,,,,,,,,,2023-12-19 06:21:40.970,2023-12-19 06:21:40.970,,,,,,,,,,257.0,,,,UTC+0530,S7Wp0spWno,,,,,,com.sec.android.app.shealth,,,,,2023-12-19 06:20:38.190,c5024c62-d61f-f221-670a-4f16afdf982c,,
5e6232f3-1187-62df-7598-2e2cc6fb1780.live_data_internal.json,0,,,,,111.0,0,,,,,4,0,,,,,0,108,,0.0,,,5e6232f3-1187-62df-7598-2e2cc6fb1780.location_data_internal.json,,,1257240,,,,5e6232f3-1187-62df-7598-2e2cc6fb1780.com.samsung.health.exercise.location_data.json,2023-12-26 02:47:58.240,1001,,,,101.0,30001,,,,111.0,2023-12-26 03:10:27.127,2023-12-26 03:10:27.127,,,1.3611112,,94.0,,1394,1014.369,,111.0,,,,UTC+0530,S7Wp0spWno,,,5e6232f3-1187-62df-7598-2e2cc6fb1780.com.samsung.health.exercise.live_data.json,,1.1904957,com.sec.android.app.shealth,,,,,2023-12-26 03:08:55.480,5e6232f3-1187-62df-7598-2e2cc6fb1780,,
,0,,,,,84.99,0,,,,,4,0,,,,,0,,,0.0,,,,,,600000,,62600630,,,2023-12-28 05:21:38.068,11007,,,,,,,,62600630,,2023-12-28 05:31:44.641,2023-12-28 05:31:44.641,,,,,,,,,,84.99,,,,UTC+0530,S7Wp0spWno,,,,,,com.sec.android.app.shealth,,,,,2023-12-28 05:31:38.068,3f479f45-c84c-86f8-6bc3-6168a284f700,,
,0,,,,,121.46,0,,,,,4,0,,,,,0,,,0.0,,,,,,690080,,62600630,,,2023-12-28 10:50:53.217,11007,,,,,,,,62600630,,2023-12-28 11:04:38.533,2023-12-28 11:04:38.533,,,,,,,,,,121.46,,,,UTC+0530,S7Wp0spWno,,,,,,com.sec.android.app.shealth,,,,,2023-12-28 11:02:23.297,f2403afc-dfd2-319d-7391-ad2f3ffcfb4d,,
b32ebfbc-0e1d-7214-5bdc-a6aa44e361d2.live_data_internal.json,0,,,,,165.0,0,,,,,4,0,,,,,0,98,,0.0,,,b32ebfbc-0e1d-7214-5bdc-a6aa44e361d2.location_data_internal.json,,,1866960,,62600630,,b32ebfbc-0e1d-7214-5bdc-a6aa44e361d2.com.samsung.health.exercise.location_data.json,2023-12-31 02:53:10.900,1001,,,,130.0,30001,,,62600630,163.0,2023-12-31 03:25:52.916,2023-12-31 03:25:52.916,,,1.75,,64.0,,1929,1357.53,,165.0,,,,UTC+0530,S7Wp0spWno,,,b32ebfbc-0e1d-7214-5bdc-a6aa44e361d2.com.samsung.health.exercise.live_data.json,,1.222546,com.sec.android.app.shealth,,,,,2023-12-31 03:24:17.860,b32ebfbc-0e1d-7214-5bdc-a6aa44e361d2,,
68b3718c-6508-f50c-0f2f-19b7ac26d34b.live_data_internal.json,0,,,,,123.0,0,,,,,4,0,,,,,0,84,,0.0,,,68b3718c-6508-f50c-0f2f-19b7ac26d34b.location_data_internal.json,,,1306260,,62600630,,68b3718c-6508-f50c-0f2f-19b7ac26d34b.com.samsung.health.exercise.location_data.json,2024-01-01 03:26:03.230,1001,,,,115.0,30001,,,62600630,136.0,2024-01-01 03:49:25.845,2024-01-01 03:49:25.845,,,1.4315152,,99.0,,1746,1234.488,,123.0,,,,UTC+0530,S7Wp0spWno,,,68b3718c-6508-f50c-0f2f-19b7ac26d34b.com.samsung.health.exercise.live_data.json,,1.2913631,com.sec.android.app.shealth,,,,,2024-01-01 03:47:49.490,68b3718c-6508-f50c-0f2f-19b7ac26d34b,,
fc020f0f-41e9-f545-d4f4-7d9cd80facd8.live_data_internal.json,0,,,,,182.0,0,,,,,4,0,,,,,0,145,,0.0,,,fc020f0f-41e9-f545-d4f4-7d9cd80facd8.location_data_internal.json,,,2004480,,62600630,,fc020f0f-41e9-f545-d4f4-7d9cd80facd8.com.samsung.health.exercise.location_data.json,2024-01-02 03:05:08.840,1001,,,,106.0,30001,,,62600630,127.0,2024-01-02 03:40:08.841,2024-01-02 03:40:08.841,,,1.4340193,,85.0,,2787,2062.2,,182.0,,,,UTC+0530,S7Wp0spWno,,,fc020f0f-41e9-f545-d4f4-7d9cd80facd8.com.samsung.health.exercise.live_data.json,,1.2737234,com.sec.android.app.shealth,,,,,2024-01-02 03:38:33.320,fc020f0f-41e9-f545-d4f4-7d9cd80facd8,,
a2c4fcc6-c2c8-b1b3-bb1a-a6e68881de6b.live_data_internal.json,0,,,,,66.01552,0,,,,a2c4fcc6-c2c8-b1b3-bb1a-a6e68881de6b.sensing_status.json,7,0,,,,,0,165,,0.0,,,a2c4fcc6-c2c8-b1b3-bb1a-a6e68881de6b.location_data_internal.json,,,736000,,62600630,,a2c4fcc6-c2c8-b1b3-bb1a-a6e68881de6b.com.samsung.health.exercise.location_data.json,2024-01-03 03:40:14.810,1001,,-39.25885,,118.0,30001,,-42.999084,62600630,132.0,2024-01-03 03:53:14.701,2024-01-03 03:53:14.701,,,1.53,89.55248,96.0,,1096,732.192,,65.14,119.703,,,UTC+0530,S7Wp0spWno,,,a2c4fcc6-c2c8-b1b3-bb1a-a6e68881de6b.com.samsung.health.exercise.live_data.json,,0.9948261,com.sec.android.app.shealth,,,,,2024-01-03 03:53:14.350,a2c4fcc6-c2c8-b1b3-bb1a-a6e68881de6b,,
796fd141-1898-607a-f59d-015c76c79d48.live_data_internal.json,0,,,,,100.0,0,,,,,4,0,,,,,0,35,,0.0,,,,,,1042820,,62600630,,,2024-01-04 03:27:47.400,1001,,,,118.0,30001,,,62600630,139.0,2024-01-04 03:46:45.190,2024-01-04 03:46:45.190,,,1.554295,,98.0,,1385,954.651,,100.0,,,,UTC+0530,S7Wp0spWno,,,796fd141-1898-607a-f59d-015c76c79d48.com.samsung.health.exercise.live_data.json,,1.2821609,com.sec.android.app.shealth,,,,,2024-01-04 03:45:10.220,796fd141-1898-607a-f59d-015c76c79d48,,
77ab3d3d-ed81-6223-0e4c-8b99051513c9.live_data_internal.json,0,,,,,137.0,0,,,,,4,0,,,,,0,58,,0.0,,,77ab3d3d-ed81-6223-0e4c-8b99051513c9.location_data_internal.json,,,1534070,,62600630,,77ab3d3d-ed81-6223-0e4c-8b99051513c9.com.samsung.health.exercise.location_data.json,2024-01-05 03:33:58.120,1001,,,,98.0,30001,,,62600630,122.0,2024-01-05 04:01:06.702,2024-01-05 04:01:06.702,,,1.4444444,,73.0,,2009,1414.603,,137.0,,,,UTC+0530,S7Wp0spWno,,,77ab3d3d-ed81-6223-0e4c-8b99051513c9.com.samsung.health.exercise.live_data.json,,1.2687012,com.sec.android.app.shealth,,,,,2024-01-05 03:59:32.190,77ab3d3d-ed81-6223-0e4c-8b99051513c9,,
a4dc15b1-5715-794c-816c-5a3775413d6e.live_data_internal.json,0,,,,,205.0,0,,,,,4,0,,,,,0,202,,0.0,,,a4dc15b1-5715-794c-816c-5a3775413d6e.location_data_internal.json,,,2203550,,62600630,,a4dc15b1-5715-794c-816c-5a3775413d6e.com.samsung.health.exercise.location_data.json,2024-01-08 03:20:06.940,1001,,,,118.0,30001,,,62600630,144.0,2024-01-08 03:58:28.323,2024-01-08 03:58:28.323,,,1.5600786,,98.0,,3017,2161.021,,205.0,,,,UTC+0530,S7Wp0spWno,,,a4dc15b1-5715-794c-816c-5a3775413d6e.com.samsung.health.exercise.live_data.json,,1.2901028,com.sec.android.app.shealth,,,,,2024-01-08 03:56:50.490,a4dc15b1-5715-794c-816c-5a3775413d6e,,
aa849ca6-615a-3ff7-3696-8a781145c82d.live_data_internal.json,0,,,,,118.0,0,,,,,4,0,,,,,0,108,,0.0,,,aa849ca6-615a-3ff7-3696-8a781145c82d.location_data_internal.json,,,1252700,,62600630,,aa849ca6-615a-3ff7-3696-8a781145c82d.com.samsung.health.exercise.location_data.json,2024-01-08 16:55:03.340,1001,,,,114.0,30001,,,62600630,126.0,2024-01-08 17:17:42.996,2024-01-08 17:17:42.996,,,1.4722222,,97.0,,1871,1410.709,,118.0,,,,UTC+0530,S7Wp0spWno,,,aa849ca6-615a-3ff7-3696-8a781145c82d.com.samsung.health.exercise.live_data.json,,1.3403109,com.sec.android.app.shealth,,,,,2024-01-08 17:15:56.040,aa849ca6-615a-3ff7-3696-8a781145c82d,,
9df6c23e-1f98-57f0-ce92-5e6035e70ece.live_data_internal.json,0,,,,,205.0,0,,,,,4,0,,,,,0,202,,0.0,,,9df6c23e-1f98-57f0-ce92-5e6035e70ece.location_data_internal.json,,,2285480,,62600630,,9df6c23e-1f98-57f0-ce92-5e6035e70ece.com.samsung.health.exercise.location_data.json,2024-01-09 03:34:21.800,1001,,,,107.0,30001,,,62600630,136.0,2024-01-09 04:13:57.928,2024-01-09 04:13:57.928,,,1.4722222,,78.0,,2937,2070.343,,205.0,,,,UTC+0530,S7Wp0spWno,,,9df6c23e-1f98-57f0-ce92-5e6035e70ece.com.samsung.health.exercise.live_data.json,,1.2673525,com.sec.android.app.shealth,,,,,2024-01-09 04:12:27.280,9df6c23e-1f98-57f0-ce92-5e6035e70ece,,
de3ebf65-ebf1-7a81-69d8-ee7bc3256532.live_data_internal.json,0,,,,,210.0,0,,,,,4,0,,,,,0,206,,0.0,,,de3ebf65-ebf1-7a81-69d8-ee7bc3256532.location_data_internal.json,,,2198490,,62600630,,de3ebf65-ebf1-7a81-69d8-ee7bc3256532.com.samsung.health.exercise.location_data.json,2024-01-10 03:36:02.120,1001,,,,114.0,30001,,,62600630,137.0,2024-01-10 04:14:15.503,2024-01-10 04:14:15.503,,,1.4444444,,99.0,,2869,2005.701,,210.0,,,,UTC+0530,S7Wp0spWno,,,de3ebf65-ebf1-7a81-69d8-ee7bc3256532.com.samsung.health.exercise.live_data.json,,1.2639416,com.sec.android.app.shealth,,,,,2024-01-10 04:12:40.610,de3ebf65-ebf1-7a81-69d8-ee7bc3256532,,
a41b650b-fc94-88f1-1ff9-c7485af2dd51.live_data_internal.json,0,,,,,119.0,0,,,,,4,0,,,,,0,120,,0.0,,,,,,1377310,,62600630,,,2024-01-11 13:54:01.840,1001,,,,125.0,30001,,,62600630,141.0,2024-01-11 14:18:32.901,2024-01-11 14:18:32.901,,,1.5152745,,88.0,,1555,1117.674,,119.0,,,,UTC+0530,S7Wp0spWno,,,a41b650b-fc94-88f1-1ff9-c7485af2dd51.com.samsung.health.exercise.live_data.json,,1.2783663,com.sec.android.app.shealth,,,,,2024-01-11 14:16:59.150,a41b650b-fc94-88f1-1ff9-c7485af2dd51,,
38e1b7f8-32aa-e4a1-1714-29ffe74d6122.live_data_internal.json,0,,,,,264.0,0,,,,,4,0,,,,,0,181,,0.0,,,38e1b7f8-32aa-e4a1-1714-29ffe74d6122.location_data_internal.json,,,2845530,,62600630,,38e1b7f8-32aa-e4a1-1714-29ffe74d6122.com.samsung.health.exercise.location_data.json,2024-01-13 02:55:19.620,1001,,,,105.0,30001,,,62600630,123.0,2024-01-13 03:44:21.745,2024-01-13 03:44:21.745,,,1.4444444,,76.0,,4175,2959.616,,264.0,,,,UTC+0530,S7Wp0spWno,,,38e1b7f8-32aa-e4a1-1714-29ffe74d6122.com.samsung.health.exercise.live_data.json,,1.3058935,com.sec.android.app.shealth,,,,,2024-01-13 03:42:45.150,38e1b7f8-32aa-e4a1-1714-29ffe74d6122,,
b1bc4585-e77e-2c60-2f75-3bcf5cba9722.live_data_internal.json,0,,,,,175.0,0,,,,,4,0,,,,,0,36,,0.0,,,b1bc4585-e77e-2c60-2f75-3bcf5cba9722.location_data_internal.json,,,1976850,,62600630,,b1bc4585-e77e-2c60-2f75-3bcf5cba9722.com.samsung.health.exercise.location_data.json,2024-01-13 12:33:06.000,1001,,,,137.0,30001,,,62600630,158.0,2024-01-13 13:07:37.635,2024-01-13 13:07:37.635,,,1.4722222,,119.0,,2398,1622.91,,175.0,,,,UTC+0530,S7Wp0spWno,,,b1bc4585-e77e-2c60-2f75-3bcf5cba9722.com.samsung.health.exercise.live_data.json,,1.2642424,com.sec.android.app.shealth,,,,,2024-01-13 13:06:02.850,b1bc4585-e77e-2c60-2f75-3bcf5cba9722,,
cafb060a-b393-06e0-e8fd-872ebf20bf2d.live_data_internal.json,0,,,,,174.0,0,,,,,4,0,,,,,0,35,,0.0,,,cafb060a-b393-06e0-e8fd-872ebf20bf2d.location_data_internal.json,,,1949950,,62600630,,cafb060a-b393-06e0-e8fd-872ebf20bf2d.com.samsung.health.exercise.location_data.json,2024-01-15 02:49:58.430,1001,,,,110.0,30001,,,62600630,139.0,2024-01-15 03:24:00.140,2024-01-15 03:24:00.140,,,1.5,,84.0,,2821,1966.506,,174.0,,,,UTC+0530,S7Wp0spWno,,,cafb060a-b393-06e0-e8fd-872ebf20bf2d.com.samsung.health.exercise.live_data.json,,1.3184481,com.sec.android.app.shealth,,,,,2024-01-15 03:22:28.380,cafb060a-b393-06e0-e8fd-872ebf20bf2d,,
af19b59f-4c95-f8ae-9c96-3fefe94c63e4.live_data_internal.json,0,,,,,62.73971,0,,,,af19b59f-4c95-f8ae-9c96-3fefe94c63e4.sensing_status.json,7,0,,,,,0,67,,0.0,,,,,,675160,,62600630,,,2024-01-15 07:13:00.440,1001,,,,105.0,30001,,,62600630,133.0,2024-01-15 07:26:16.980,2024-01-15 07:26:16.980,,,1.5833334,62.875343,89.0,,706,495.045,,60.347,62.875343,,,UTC+0530,S7Wp0spWno,,,af19b59f-4c95-f8ae-9c96-3fefe94c63e4.com.samsung.health.exercise.live_data.json,,0.7332262,com.sec.android.app.shealth,,,,,2024-01-15 07:26:16.930,af19b59f-4c95-f8ae-9c96-3fefe94c63e4,,
d6db5844-3f44-d9dc-b5c3-bde5efe57ebf.live_data_internal.json,0,,,,,225.0,0,,,,,4,0,,,,,0,225,,0.0,,,d6db5844-3f44-d9dc-b5c3-bde5efe57ebf.location_data_internal.json,,,2429870,,62600630,,d6db5844-3f44-d9dc-b5c3-bde5efe57ebf.com.samsung.health.exercise.location_data.json,2024-01-17 03:35:13.280,1001,,,,110.0,30001,,,62600630,136.0,2024-01-17 04:17:18.320,2024-01-17 04:17:18.320,,,1.4722222,,90.0,,3772,2691.133,,225.0,,,,UTC+0530,S7Wp0spWno,,,d6db5844-3f44-d9dc-b5c3-bde5efe57ebf.com.samsung.health.exercise.live_data.json,,1.322862,com.sec.android.app.shealth,,,,,2024-01-17 04:15:43.150,d6db5844-3f44-d9dc-b5c3-bde5efe57ebf,,
9f04f376-2bca-2443-416e-0e312429d24a.live_data_internal.json,0,,,,,75.0,0,,,,,4,0,,,,,0,34,,0.0,,,,,,864570,,62600630,,,2024-01-17 15:54:13.940,1001,,,,101.0,30001,,,62600630,128.0,2024-01-17 16:10:09.439,2024-01-17 16:10:09.439,,,1.6274945,,87.0,,964,712.395,,75.0,,,,UTC+0530,S7Wp0spWno,,,9f04f376-2bca-2443-416e-0e312429d24a.com.samsung.health.exercise.live_data.json,,1.3161558,com.sec.android.app.shealth,,,,,2024-01-17 16:08:38.510,9f04f376-2bca-2443-416e-0e312429d24a,,
e98c39ae-dfca-2cb5-9ee1-ae5bac7e18b0.live_data_internal.json,0,,,,,270.0,0,,,,,4,0,,,,,0,236,,0.0,,,e98c39ae-dfca-2cb5-9ee1-ae5bac7e18b0.location_data_internal.json,,,3022400,,62600630,,e98c39ae-dfca-2cb5-9ee1-ae5bac7e18b0.com.samsung.health.exercise.location_data.json,2024-01-18 03:17:48.440,1001,,,,124.0,30001,,,62600630,157.0,2024-01-18 04:09:44.724,2024-01-18 04:09:44.724,,,1.6276534,,108.0,,4416,3230.368,,270.0,,,,UTC+0530,S7Wp0spWno,,,e98c39ae-dfca-2cb5-9ee1-ae5bac7e18b0.com.samsung.health.exercise.live_data.json,,1.3307786,com.sec.android.app.shealth,,,,,2024-01-18 04:08:10.840,e98c39ae-dfca-2cb5-9ee1-ae5bac7e18b0,,
0956507e-28d7-7e18-676e-8320e6458d4c.live_data_internal.json,0,,,,,99.92,0,,,,,4,0,,,,,0,11,,0.0,,,,,,705440,,62600630,,,2024-01-18 13:43:43.241,11007,,,,103.0,,,,62600630,107.0,2024-01-18 13:57:39.054,2024-01-18 13:57:39.054,,,,,100.0,,,,,99.92,,,,UTC+0530,S7Wp0spWno,,,0956507e-28d7-7e18-676e-8320e6458d4c.com.samsung.health.exercise.live_data.json,,,com.sec.android.app.shealth,,,,,2024-01-18 13:55:28.681,0956507e-28d7-7e18-676e-8320e6458d4c,,
,0,,,,,64.84,0,,,,,4,0,,,,,0,,,0.0,,,,,,600000,,62600630,,,2024-01-18 15:35:07.290,11007,,,,,,,,62600630,,2024-01-18 15:45:19.209,2024-01-18 15:45:19.209,,,,,,,,,,64.84,,,,UTC+0530,S7Wp0spWno,,,,,,com.sec.android.app.shealth,,,,,2024-01-18 15:45:07.290,343217fc-8767-ffa4-fa18-eb5f91966fcb,,
80210676-54a5-3e1e-674d-8a12882d8154.live_data_internal.json,0,,,,,187.0,0,,,,,4,0,,,,,0,169,,0.0,,,80210676-54a5-3e1e-674d-8a12882d8154.location_data_internal.json,,,2126870,,62610110,,80210676-54a5-3e1e-674d-8a12882d8154.com.samsung.health.exercise.location_data.json,2024-01-20 11:43:04.740,1001,,,,106.0,30001,,,62610110,125.0,2024-01-20 12:20:02.986,2024-01-20 12:20:02.986,,,1.5277778,,97.0,,2953,2202.48,,187.0,,,,UTC+0530,S7Wp0spWno,,,80210676-54a5-3e1e-674d-8a12882d8154.com.samsung.health.exercise.live_data.json,,1.3088353,com.sec.android.app.shealth,,,,,2024-01-20 12:18:31.610,80210676-54a5-3e1e-674d-8a12882d8154,,
d90193b3-3104-b0b0-2b9e-7d7b59cc955b.live_data_internal.json,0,,,,,62.0,0,,,,,4,0,,,,,0,21,,0.0,,,,,,657150,,62610110,,,2024-01-20 14:07:57.680,1001,,,,85.0,30001,,,62610110,94.0,2024-01-20 14:20:26.144,2024-01-20 14:20:26.144,,,1.5277778,,80.0,,895,681.081,,62.0,,,,UTC+0530,S7Wp0spWno,,,d90193b3-3104-b0b0-2b9e-7d7b59cc955b.com.samsung.health.exercise.live_data.json,,1.4143642,com.sec.android.app.shealth,,,,,2024-01-20 14:18:54.830,d90193b3-3104-b0b0-2b9e-7d7b59cc955b,,
cb661480-1d19-bea8-6178-7fc7851a218e.live_data_internal.json,0,,,,,259.0,0,,,,,4,0,,,,,0,239,,0.0,,,,,,2831370,,62610110,,,2024-01-21 03:35:11.920,1001,,,,112.0,30001,,,62610110,130.0,2024-01-21 04:23:54.048,2024-01-21 04:23:54.048,,,1.495427,,87.0,,4471,3336.648,,259.0,,,,UTC+0530,S7Wp0spWno,,,cb661480-1d19-bea8-6178-7fc7851a218e.com.samsung.health.exercise.live_data.json,,1.3754467,com.sec.android.app.shealth,,,,,2024-01-21 04:22:23.290,cb661480-1d19-bea8-6178-7fc7851a218e,,
,0,,,,,107.88,0,,,,,4,0,,,,,0,,,0.0,,,,,,690080,,62610110,,,2024-01-21 07:39:41.068,11007,,,,,,,,62610110,,2024-01-21 07:53:21.431,2024-01-21 07:53:21.431,,,,,,,,,,107.88,,,,UTC+0530,S7Wp0spWno,,,,,,com.sec.android.app.shealth,,,,,2024-01-21 07:51:11.148,e0212292-27d4-df11-7f9b-257761bf924c,,
09f23cda-67ed-68cd-38cd-ea8d7aabae33.live_data_internal.json,0,,,,,215.0,0,,,,,4,0,,,,,0,210,,0.0,,,09f23cda-67ed-68cd-38cd-ea8d7aabae33.location_data_internal.json,,,2295330,,62610110,,09f23cda-67ed-68cd-38cd-ea8d7aabae33.com.samsung.health.exercise.location_data.json,2024-01-21 12:21:52.480,1001,,,,114.0,30001,,,62610110,135.0,2024-01-21 13:01:39.123,2024-01-21 13:01:39.123,,,1.5255158,,82.0,,3801,2788.578,,215.0,,,,UTC+0530,S7Wp0spWno,,,09f23cda-67ed-68cd-38cd-ea8d7aabae33.com.samsung.health.exercise.live_data.json,,1.3963124,com.sec.android.app.shealth,,,,,2024-01-21 13:00:07.810,09f23cda-67ed-68cd-38cd-ea8d7aabae33,,
cbf4a749-0672-d9d1-e733-741d7d574828.live_data_internal.json,0,,,,,725.57,0,,,,cbf4a749-0672-d9d1-e733-741d7d574828.sensing_status.json,1,0,,,,,0,7817,,0.0,,,,,,8135040,,62610110,,,2024-01-22 09:10:30.440,15006,,,,95.0,,,,62610110,123.0,2024-01-22 11:28:01.882,2024-01-22 11:28:01.882,,,,,56.0,,,,,725.57,,,,UTC+0530,S7Wp0spWno,,,cbf4a749-0672-d9d1-e733-741d7d574828.com.samsung.health.exercise.live_data.json,,,com.sec.android.app.shealth,,,,,2024-01-22 11:26:05.480,cbf4a749-0672-d9d1-e733-741d7d574828,,
57d78820-9771-0e81-ace6-de4b186dfbd5.live_data_internal.json,0,,,,,259.0,0,,,,,4,0,,,,,0,276,,0.0,,,57d78820-9771-0e81-ace6-de4b186dfbd5.location_data_internal.json,,,2927580,,62610110,,57d78820-9771-0e81-ace6-de4b186dfbd5.com.samsung.health.exercise.location_data.json,2024-01-22 12:15:24.480,1001,,,,107.0,30001,,,62610110,126.0,2024-01-22 13:05:47.150,2024-01-22 13:05:47.150,,,1.4483732,,86.0,,4559,3357.42,,259.0,,,,UTC+0530,S7Wp0spWno,,,57d78820-9771-0e81-ace6-de4b186dfbd5.com.samsung.health.exercise.live_data.json,,1.30465,com.sec.android.app.shealth,,,,,2024-01-22 13:04:12.060,57d78820-9771-0e81-ace6-de4b186dfbd5,,
0cc262b3-ade8-75a2-abdc-200d27665110.live_data_internal.json,0,,,,,61.0,0,,,,,4,0,,,,,0,54,,0.0,,,,,,707480,,62610110,,,2024-01-22 15:29:24.640,1001,,,,97.0,30001,,,62610110,106.0,2024-01-22 15:42:44.783,2024-01-22 15:42:44.783,,,1.3611112,,84.0,,815,594.29,,61.0,,,,UTC+0530,S7Wp0spWno,,,0cc262b3-ade8-75a2-abdc-200d27665110.com.samsung.health.exercise.live_data.json,,1.2932829,com.sec.android.app.shealth,,,,,2024-01-22 15:41:12.120,0cc262b3-ade8-75a2-abdc-200d27665110,,
29058307-e4c4-6281-9400-d0ecfcfe3b71.live_data_internal.json,0,,,,,104.0,0,,,,,4,0,,,,,0,108,,0.0,,,29058307-e4c4-6281-9400-d0ecfcfe3b71.location_data_internal.json,,,1246570,,62610110,,29058307-e4c4-6281-9400-d0ecfcfe3b71.com.samsung.health.exercise.location_data.json,2024-01-23 02:56:46.340,1001,,,,107.0,30001,,,62610110,119.0,2024-01-23 03:19:08.664,2024-01-23 03:19:08.664,,,1.5390211,,87.0,,1520,1099.641,,104.0,,,,UTC+0530,S7Wp0spWno,,,29058307-e4c4-6281-9400-d0ecfcfe3b71.com.samsung.health.exercise.live_data.json,,1.2997249,com.sec.android.app.shealth,,,,,2024-01-23 03:17:32.910,29058307-e4c4-6281-9400-d0ecfcfe3b71,,
bd7990c6-ccbc-f795-f540-6acb9cadcf4a.live_data_internal.json,0,,,,,58.0,0,,,,,4,0,,,,,0,45,,0.0,,,,,,625190,,62610110,,,2024-01-23 03:47:14.780,1001,,,,112.0,30001,,,62610110,128.0,2024-01-23 03:59:11.643,2024-01-23 03:59:11.643,,,1.606696,,84.0,,902,696.9,,58.0,,,,UTC+0530,S7Wp0spWno,,,bd7990c6-ccbc-f795-f540-6acb9cadcf4a.com.samsung.health.exercise.live_data.json,,1.5011792,com.sec.android.app.shealth,,,,,2024-01-23 03:57:39.970,bd7990c6-ccbc-f795-f540-6acb9cadcf4a,,
1e926257-d287-18d9-0de9-811cc2c4ac18.live_data_internal.json,0,,,,,209.0,0,,,,,4,0,,,,,0,222,,0.0,,,1e926257-d287-18d9-0de9-811cc2c4ac18.location_data_internal.json,,,2393220,,62610110,,1e926257-d287-18d9-0de9-811cc2c4ac18.com.samsung.health.exercise.location_data.json,2024-01-23 12:11:27.340,1001,,,,113.0,30001,,,62610110,130.0,2024-01-23 12:52:52.543,2024-01-23 12:52:52.543,,,2.1262925,,100.0,,3737,2751.009,,209.0,,,,UTC+0530,S7Wp0spWno,,,1e926257-d287-18d9-0de9-811cc2c4ac18.com.samsung.health.exercise.live_data.json,,1.3334212,com.sec.android.app.shealth,,,,,2024-01-23 12:51:20.560,1e926257-d287-18d9-0de9-811cc2c4ac18,,
939b248d-bbc2-5bf1-6d18-8a0c7118671e.live_data_internal.json,0,,,,,231.0,0,,,,,4,0,,,,,0,248,,0.0,,,,,,2661840,,62610110,,,2024-01-26 12:19:47.580,1001,,,,105.0,30001,,,62610110,122.0,2024-01-26 13:05:43.430,2024-01-26 13:05:43.430,,,1.5833334,,82.0,,3887,2858.234,,231.0,,,,UTC+0530,S7Wp0spWno,,,939b248d-bbc2-5bf1-6d18-8a0c7118671e.com.samsung.health.exercise.live_data.json,,1.3326446,com.sec.android.app.shealth,,,,,2024-01-26 13:04:09.420,939b248d-bbc2-5bf1-6d18-8a0c7118671e,,
,0,,,,,100.0,0,,,,,4,0,,,,,0,,,0.0,,,,,,711120,,62610110,,,2024-01-27 11:48:52.960,0,,,,,,,,62610110,,2024-01-27 12:01:48.430,2024-01-27 12:01:48.430,,,,,,,,,,100.0,,,,UTC+0530,S7Wp0spWno,,,,,,com.sec.android.app.shealth,,,,,2024-01-27 12:00:44.080,05e1907d-2a12-6857-814e-f34312591a17,,
bc5000dd-b0e3-d55f-b880-18e227b76b50.live_data_internal.json,0,,,,,256.0,0,,,,,4,0,,,,,0,194,,0.0,,,bc5000dd-b0e3-d55f-b880-18e227b76b50.location_data_internal.json,,,2803770,,62610110,,bc5000dd-b0e3-d55f-b880-18e227b76b50.com.samsung.health.exercise.location_data.json,2024-01-28 02:55:50.760,1001,,,,109.0,30001,,,62610110,139.0,2024-01-28 03:44:08.339,2024-01-28 03:44:08.339,,,1.5,,85.0,,4366,3233.208,,256.0,,,,UTC+0530,S7Wp0spWno,,,bc5000dd-b0e3-d55f-b880-18e227b76b50.com.samsung.health.exercise.live_data.json,,1.3664211,com.sec.android.app.shealth,,,,,2024-01-28 03:42:34.530,bc5000dd-b0e3-d55f-b880-18e227b76b50,,
8c99516f-b209-7b79-9243-f7abb23620ce.live_data_internal.json,0,,,,,120.0,0,,,,,4,0,,,,,0,76,,0.0,,,,,,1414120,,62610110,,,2024-01-28 14:48:55.780,1001,,,,111.0,30001,,,62610110,133.0,2024-01-28 15:14:03.623,2024-01-28 15:14:03.623,,,1.4166666,,100.0,,1665,1202.678,,120.0,,,,UTC+0530,S7Wp0spWno,,,8c99516f-b209-7b79-9243-f7abb23620ce.com.samsung.health.exercise.live_data.json,,1.284862,com.sec.android.app.shealth,,,,,2024-01-28 15:12:29.900,8c99516f-b209-7b79-9243-f7abb23620ce,,
9a0e86db-518e-c915-04ae-e0cc51511d4e.live_data_internal.json,0,,,,,199.0,0,,,,,4,0,,,,,0,170,,0.0,,,9a0e86db-518e-c915-04ae-e0cc51511d4e.location_data_internal.json,,,2238730,,62610110,,9a0e86db-518e-c915-04ae-e0cc51511d4e.com.samsung.health.exercise.location_data.json,2024-01-29 12:39:41.040,1001,,,,111.0,30001,,,62610110,129.0,2024-01-29 13:18:32.610,2024-01-29 13:18:32.610,,,1.4859536,,79.0,,3444,2594.549,,199.0,,,,UTC+0530,S7Wp0spWno,,,9a0e86db-518e-c915-04ae-e0cc51511d4e.com.samsung.health.exercise.live_data.json,,1.3522295,com.sec.android.app.shealth,,,,,2024-01-29 13:16:59.770,9a0e86db-518e-c915-04ae-e0cc51511d4e,,
61f4f18a-753b-37c6-621e-eb03dc16fb00.live_data_internal.json,0,,,,,265.0,0,,,,,4,0,,,,,0,200,,0.0,,,61f4f18a-753b-37c6-621e-eb03dc16fb00.location_data_internal.json,,,3069410,,62610110,,61f4f18a-753b-37c6-621e-eb03dc16fb00.com.samsung.health.exercise.location_data.json,2024-01-30 11:44:33.000,1001,,,,113.0,30001,,,62610110,142.0,2024-01-30 12:37:15.850,2024-01-30 12:37:15.850,,,1.5,,94.0,,4237,3173.761,,265.0,,,,UTC+0530,S7Wp0spWno,,,61f4f18a-753b-37c6-621e-eb03dc16fb00.com.samsung.health.exercise.live_data.json,,1.3202195,com.sec.android.app.shealth,,,,,2024-01-30 12:35:42.410,61f4f18a-753b-37c6-621e-eb03dc16fb00,,
d3f7bafc-26f4-7daa-619f-6d6b4dd626bb.live_data_internal.json,0,,,,,294.0,0,,,,,4,0,,,,,0,266,,0.0,,,,,,3112160,,62610110,,,2024-02-01 04:05:39.640,1001,,,,121.0,30001,,,62610110,134.0,2024-02-01 04:59:07.493,2024-02-01 04:59:07.493,,,1.6808333,,89.0,,5058,3931.152,,294.0,,,,UTC+0530,S7Wp0spWno,,,d3f7bafc-26f4-7daa-619f-6d6b4dd626bb.com.samsung.health.exercise.live_data.json,,1.5630866,com.sec.android.app.shealth,,,,,2024-02-01 04:57:31.800,d3f7bafc-26f4-7daa-619f-6d6b4dd626bb,,
d076f002-5bd4-0621-4780-a0bf4a934a62.live_data_internal.json,0,,,,,130.0,0,,,,,4,0,,,,,0,16,,0.0,,,,,,749820,,62610110,,,2024-02-01 06:02:15.980,0,,,,138.0,,,,62610110,142.0,2024-02-01 06:15:53.085,2024-02-01 06:15:53.085,,,,,133.0,,,,,130.0,,,,UTC+0530,S7Wp0spWno,,,d076f002-5bd4-0621-4780-a0bf4a934a62.com.samsung.health.exercise.live_data.json,,,com.sec.android.app.shealth,,,,,2024-02-01 06:14:45.800,d076f002-5bd4-0621-4780-a0bf4a934a62,,
97a6492e-8a0f-1da6-b05f-94c17065e777.live_data_internal.json,0,,,,,77.0,0,,,,,4,0,,,,,0,44,,0.0,,,,,,889250,,62610110,,,2024-02-02 03:43:08.060,1001,,,,113.0,30001,,,62610110,120.0,2024-02-02 03:59:36.418,2024-02-02 03:59:36.418,,,1.5926409,,106.0,,874,661.816,,77.0,,,,UTC+0530,S7Wp0spWno,,,97a6492e-8a0f-1da6-b05f-94c17065e777.com.samsung.health.exercise.live_data.json,,1.3654834,com.sec.android.app.shealth,,,,,2024-02-02 03:57:57.310,97a6492e-8a0f-1da6-b05f-94c17065e777,,
0721e9a2-1cc2-4708-de1e-a81b7de8e9d5.live_data_internal.json,0,,,,,153.0,0,,,,,4,0,,,,,0,127,,0.0,,,,,,1711580,,62610110,,,2024-02-05 03:45:16.440,1001,,,,108.0,30001,,,62610110,130.0,2024-02-05 04:15:21.412,2024-02-05 04:15:21.412,,,1.8611112,,78.0,,2209,1684.488,,153.0,,,,UTC+0530,S7Wp0spWno,,,0721e9a2-1cc2-4708-de1e-a81b7de8e9d5.com.samsung.health.exercise.live_data.json,,1.3958452,com.sec.android.app.shealth,,,,,2024-02-05 04:13:48.020,0721e9a2-1cc2-4708-de1e-a81b7de8e9d5,,
,0,,,,,75.23,0,,,,,4,0,,,,,0,,,0.0,,,,,,600000,,62610110,,,2024-02-05 13:07:28.197,11007,,,,,,,,62610110,,2024-02-05 13:18:04.313,2024-02-05 13:18:04.313,,,,,,,,,,75.23,,,,UTC+0530,S7Wp0spWno,,,,,,com.sec.android.app.shealth,,,,,2024-02-05 13:17:28.197,a5e5503e-065b-09ef-f63f-f05f666027b5,,
d94ee3eb-0931-f281-0ef8-8537a5bd8561.live_data_internal.json,0,,,,,97.0,0,,,,,4,0,,,,,0,87,,0.0,,,,,,1049470,,62610110,,,2024-02-06 03:52:29.560,1001,,,,121.0,30001,,,62610110,139.0,2024-02-06 04:11:29.576,2024-02-06 04:11:29.576,,,1.6111112,,104.0,,1443,1092.8,,97.0,,,,UTC+0530,S7Wp0spWno,,,d94ee3eb-0931-f281-0ef8-8537a5bd8561.com.samsung.health.exercise.live_data.json,,1.4411999,com.sec.android.app.shealth,,,,,2024-02-06 04:09:59.030,d94ee3eb-0931-f281-0ef8-8537a5bd8561,,
7331baf6-f58a-58fd-d66a-9c2ffdaf5e44.live_data_internal.json,0,,,,,62.0,0,,,,,4,0,,,,,0,49,,0.0,,,,,,669810,,62620030,,,2024-02-07 03:55:00.200,1001,,,,95.0,30001,,,62620030,115.0,2024-02-07 04:07:45.902,2024-02-07 04:07:45.902,,,1.7444075,,80.0,,809,602.65,,62.0,,,,UTC+0530,S7Wp0spWno,,,7331baf6-f58a-58fd-d66a-9c2ffdaf5e44.com.samsung.health.exercise.live_data.json,,1.3974957,com.sec.android.app.shealth,,,,,2024-02-07 04:06:10.010,7331baf6-f58a-58fd-d66a-9c2ffdaf5e44,,
3dfe1ef9-7dd9-5925-efac-a2980080132e.live_data_internal.json,0,,,,,317.0,0,,,,,4,0,,,,,0,314,,0.0,,,,,,3324860,,62620030,,,2024-02-08 04:09:09.580,1001,,,,158.0,30001,,,62620030,203.0,2024-02-08 05:06:09.460,2024-02-08 05:06:09.460,,,2.0555556,,114.0,,5572,4147.836,,317.0,,,,UTC+0530,S7Wp0spWno,,,3dfe1ef9-7dd9-5925-efac-a2980080132e.com.samsung.health.exercise.live_data.json,,1.550171,com.sec.android.app.shealth,,,,,2024-02-08 05:04:34.440,3dfe1ef9-7dd9-5925-efac-a2980080132e,,
2ed6b386-4bfe-df78-4711-61b63c1e05d8.live_data_internal.json,0,,,,,79.0,0,,,,,4,0,,,,,0,32,,0.0,,,,,,930850,,62620030,,,2024-02-10 11:41:17.000,1001,,,,127.0,30001,,,62620030,155.0,2024-02-10 11:58:20.956,2024-02-10 11:58:20.956,,,1.3055556,,111.0,,1099,791.026,,79.0,,,,UTC+0530,S7Wp0spWno,,,2ed6b386-4bfe-df78-4711-61b63c1e05d8.com.samsung.health.exercise.live_data.json,,1.1899096,com.sec.android.app.shealth,,,,,2024-02-10 11:56:47.850,2ed6b386-4bfe-df78-4711-61b63c1e05d8,,
1e92a12c-c8cb-4273-fa1f-edf10c2d8463.live_data_internal.json,0,,,,,51.0,0,,,,,4,0,,,,,0,45,,0.0,,,,,,622690,,62620030,,,2024-02-10 13:15:25.600,1001,,,,118.0,30001,,,62620030,136.0,2024-02-10 13:27:23.653,2024-02-10 13:27:23.653,,,1.3473892,,98.0,,581,409.022,,51.0,,,,UTC+0530,S7Wp0spWno,,,1e92a12c-c8cb-4273-fa1f-edf10c2d8463.com.samsung.health.exercise.live_data.json,,1.0811566,com.sec.android.app.shealth,,,,,2024-02-10 13:25:48.290,1e92a12c-c8cb-4273-fa1f-edf10c2d8463,,
e496a820-065f-9154-529f-fec0a8f74f28.live_data_internal.json,0,,,,,165.0,0,,,,,4,0,,,,,0,171,,0.0,,,e496a820-065f-9154-529f-fec0a8f74f28.location_data_internal.json,,,1883330,,62620030,,e496a820-065f-9154-529f-fec0a8f74f28.com.samsung.health.exercise.location_data.json,2024-02-11 02:59:19.660,1001,,,,104.0,30001,,,62620030,117.0,2024-02-11 03:32:14.398,2024-02-11 03:32:14.398,,,1.5277778,,75.0,,2707,1987.201,,165.0,,,,UTC+0530,S7Wp0spWno,,,e496a820-065f-9154-529f-fec0a8f74f28.com.samsung.health.exercise.live_data.json,,1.3024344,com.sec.android.app.shealth,,,,,2024-02-11 03:30:42.990,e496a820-065f-9154-529f-fec0a8f74f28,,
3fdd6404-2044-361e-15dd-06f8b0c07e3e.live_data_internal.json,0,,,,,85.26,0,,,,,4,0,,,,,0,2,,0.0,,,,,,618400,,62620030,,,2024-02-11 08:54:04.187,11007,,,,106.0,,,,62620030,108.0,2024-02-11 09:06:35.040,2024-02-11 09:06:35.040,,,,,104.0,,,,,85.26,,,,UTC+0530,S7Wp0spWno,,,3fdd6404-2044-361e-15dd-06f8b0c07e3e.com.samsung.health.exercise.live_data.json,,,com.sec.android.app.shealth,,,,,2024-02-11 09:04:22.587,3fdd6404-2044-361e-15dd-06f8b0c07e3e,,
d5bbb5a4-0260-fc73-2ed2-26bc575693ac.live_data_internal.json,0,,,,,71.0,0,,,,,4,0,,,,,0,56,,0.0,,,,,,734530,,62620030,,,2024-02-12 03:50:59.580,1001,,,,120.0,30001,,,62620030,142.0,2024-02-12 04:04:45.393,2024-02-12 04:04:45.393,,,1.6001167,,112.0,,1161,893.52,,71.0,,,,UTC+0530,S7Wp0spWno,,,d5bbb5a4-0260-fc73-2ed2-26bc575693ac.com.samsung.health.exercise.live_data.json,,1.4835737,com.sec.android.app.shealth,,,,,2024-02-12 04:03:14.110,d5bbb5a4-0260-fc73-2ed2-26bc575693ac,,
,0,,,,,99.64,0,,,,,4,0,,,,,0,,,0.0,,,,,,603040,,62620030,,,2024-02-13 15:42:03.273,11007,,,,,,,,62620030,,2024-02-13 15:54:17.427,2024-02-13 15:54:17.427,,,,,,,,,,99.64,,,,UTC+0530,S7Wp0spWno,,,,,,com.sec.android.app.shealth,,,,,2024-02-13 15:52:06.313,46d4473e-6dd8-e35d-697f-834ff43dc88b,,
,0,,,,,81.74,0,,,,,4,0,,,,,0,,,0.0,,,,,,600000,,62620030,,,2024-02-13 15:53:49.072,11007,,,,,,,,62620030,,2024-02-13 16:04:08.688,2024-02-13 16:04:08.688,,,,,,,,,,81.74,,,,UTC+0530,S7Wp0spWno,,,,,,com.sec.android.app.shealth,,,,,2024-02-13 16:03:49.072,2ba2492c-ecd8-82d6-2bd1-a0541c390c02,,
f5c071e3-561c-057e-b9bf-302d45876051.live_data_internal.json,0,,,,,71.0,0,,,,,4,0,,,,,0,61,,0.0,,,f5c071e3-561c-057e-b9bf-302d45876051.location_data_internal.json,,,855470,,62620030,,f5c071e3-561c-057e-b9bf-302d45876051.com.samsung.health.exercise.location_data.json,2024-02-15 15:25:01.720,1001,,,,115.0,30001,,,62620030,139.0,2024-02-15 15:40:51.610,2024-02-15 15:40:51.610,,,1.4502492,,95.0,,1013,746.84,,71.0,,,,UTC+0530,S7Wp0spWno,,,f5c071e3-561c-057e-b9bf-302d45876051.com.samsung.health.exercise.live_data.json,,1.2762954,com.sec.android.app.shealth,,,,,2024-02-15 15:39:17.190,f5c071e3-561c-057e-b9bf-302d45876051,,
55c8ba09-a7f9-e36e-1d39-6aca41301e53.live_data_internal.json,0,,,,,96.0,0,,,,,4,0,,,,,0,84,,0.0,,,,,,1016010,,62620030,,,2024-02-16 03:58:11.400,1001,,,,117.0,30001,,,62620030,132.0,2024-02-16 04:16:39.558,2024-02-16 04:16:39.558,,,1.6111112,,85.0,,1395,1022.93896,,96.0,,,,UTC+0530,S7Wp0spWno,,,55c8ba09-a7f9-e36e-1d39-6aca41301e53.com.samsung.health.exercise.live_data.json,,1.4852482,com.sec.android.app.shealth,,,,,2024-02-16 04:15:07.410,55c8ba09-a7f9-e36e-1d39-6aca41301e53,,
e1d923b2-3d7e-a4b0-203c-690f995876ec.live_data_internal.json,0,,,,,95.0,0,,,,,4,0,,,,,0,79,,0.0,,,,,,1017760,,62620030,,,2024-02-17 03:52:54.860,1001,,,,125.0,30001,,,62620030,146.0,2024-02-17 04:11:24.951,2024-02-17 04:11:24.951,,,1.8634819,,110.0,,1216,898.053,,95.0,,,,UTC+0530,S7Wp0spWno,,,e1d923b2-3d7e-a4b0-203c-690f995876ec.com.samsung.health.exercise.live_data.json,,1.4709008,com.sec.android.app.shealth,,,,,2024-02-17 04:09:52.620,e1d923b2-3d7e-a4b0-203c-690f995876ec,,
883ae827-1413-4209-898e-e80194fd5780.live_data_internal.json,0,,,,,199.0,0,,,,,4,0,,,,,0,211,,0.0,,,883ae827-1413-4209-898e-e80194fd5780.location_data_internal.json,,,2282100,,62620030,,883ae827-1413-4209-898e-e80194fd5780.com.samsung.health.exercise.location_data.json,2024-02-18 02:42:41.000,1001,,,,105.0,30001,,,62620030,125.0,2024-02-18 03:22:17.690,2024-02-18 03:22:17.690,,,1.3611112,,85.0,,3542,2625.648,,199.0,,,,UTC+0530,S7Wp0spWno,,,883ae827-1413-4209-898e-e80194fd5780.com.samsung.health.exercise.live_data.json,,1.2757033,com.sec.android.app.shealth,,,,,2024-02-18 03:20:43.100,883ae827-1413-4209-898e-e80194fd5780,,
fb25701a-8595-30a6-331e-142d5f1b93d2.live_data_internal.json,0,,,,,75.0,0,,,,,4,0,,,,,0,67,,0.0,,,,,,841350,,62620030,,,2024-02-18 05:19:41.540,1001,,,,106.0,30001,,,62620030,118.0,2024-02-18 05:35:16.659,2024-02-18 05:35:16.659,,,1.5186666,,101.0,,1114,850.991,,75.0,,,,UTC+0530,S7Wp0spWno,,,fb25701a-8595-30a6-331e-142d5f1b93d2.com.samsung.health.exercise.live_data.json,,1.3978984,com.sec.android.app.shealth,,,,,2024-02-18 05:33:42.890,fb25701a-8595-30a6-331e-142d5f1b93d2,,
9a12a947-f162-5d4c-23cc-c2344e8ce500.live_data_internal.json,0,,,,,144.0,0,,,,,4,0,,,,,0,149,,0.0,,,,,,1635430,,62620030,,,2024-02-19 02:04:45.580,1001,,,,108.0,30001,,,62620030,129.0,2024-02-19 02:33:33.002,2024-02-19 02:33:33.002,,,1.5277778,,95.0,,2365,1771.832,,144.0,,,,UTC+0530,S7Wp0spWno,,,9a12a947-f162-5d4c-23cc-c2344e8ce500.com.samsung.health.exercise.live_data.json,,1.3308209,com.sec.android.app.shealth,,,,,2024-02-19 02:32:01.010,9a12a947-f162-5d4c-23cc-c2344e8ce500,,
,0,,,,,109.94,0,,,,,4,0,,,,,0,,,0.0,,,,,,659360,,62620030,,,2024-02-19 15:37:59.203,11007,,,,,,,,62620030,,2024-02-19 15:51:14.118,2024-02-19 15:51:14.118,,,,,,,,,,109.94,,,,UTC+0530,S7Wp0spWno,,,,,,com.sec.android.app.shealth,,,,,2024-02-19 15:48:58.563,8c73a568-692a-e2a0-b782-01d60fd5d27a,,
e46eb4b3-ecae-af64-e585-e1d1e6def6af.live_data_internal.json,0,,,,,89.0,0,,,,,4,0,,,,,0,78,,0.0,,,,,,946900,,62620030,,,2024-02-20 03:53:24.680,1001,,,,118.0,30001,,,62620030,128.0,2024-02-20 04:10:42.736,2024-02-20 04:10:42.736,,,1.6111112,,108.0,,1308,988.264,,89.0,,,,UTC+0530,S7Wp0spWno,,,e46eb4b3-ecae-af64-e585-e1d1e6def6af.com.samsung.health.exercise.live_data.json,,1.4947662,com.sec.android.app.shealth,,,,,2024-02-20 04:09:11.580,e46eb4b3-ecae-af64-e585-e1d1e6def6af,,
fdbeaf78-5ceb-0b5e-d397-3128d0e8c1ef.live_data_internal.json,0,,,,,486.28,0,,,,fdbeaf78-5ceb-0b5e-d397-3128d0e8c1ef.sensing_status.json,1,0,,,,,0,2911,,0.0,,,,,,4200750,,62620030,,,2024-02-20 11:00:42.230,15006,,,,110.0,,,,62620030,148.0,2024-02-20 12:12:30.807,2024-02-20 12:12:30.807,,,,,85.0,,,,,486.28,,,,UTC+0530,S7Wp0spWno,,,fdbeaf78-5ceb-0b5e-d397-3128d0e8c1ef.com.samsung.health.exercise.live_data.json,,,com.sec.android.app.shealth,,,,,2024-02-20 12:10:42.980,fdbeaf78-5ceb-0b5e-d397-3128d0e8c1ef,,
2df49256-b3e8-6e95-5222-833616de13ab.live_data_internal.json,0,,,,,252.0,0,,,,,4,0,,,,,0,231,,0.0,,,,,,2739900,,62620030,,,2024-02-22 04:03:09.960,1001,,,,119.0,30001,,,62620030,135.0,2024-02-22 04:50:27.725,2024-02-22 04:50:27.725,,,1.5833334,,81.0,,4201,2950.301,,252.0,,,,UTC+0530,S7Wp0spWno,,,2df49256-b3e8-6e95-5222-833616de13ab.com.samsung.health.exercise.live_data.json,,1.5067859,com.sec.android.app.shealth,,,,,2024-02-22 04:48:49.860,2df49256-b3e8-6e95-5222-833616de13ab,,
8647a101-e086-48d8-37db-df252a85a36f.live_data_internal.json,0,,,,,148.0,0,,,,,4,0,,,,,0,39,,0.0,,,8647a101-e086-48d8-37db-df252a85a36f.location_data_internal.json,,,1725760,,62620030,,8647a101-e086-48d8-37db-df252a85a36f.com.samsung.health.exercise.location_data.json,2024-02-26 02:13:06.840,1001,,,,112.0,30001,,,62620030,139.0,2024-02-26 02:43:32.433,2024-02-26 02:43:32.433,,,1.4432601,,89.0,,2190,1598.58,,148.0,,,,UTC+0530,S7Wp0spWno,,,8647a101-e086-48d8-37db-df252a85a36f.com.samsung.health.exercise.live_data.json,,1.3035102,com.sec.android.app.shealth,,,,,2024-02-26 02:41:52.600,8647a101-e086-48d8-37db-df252a85a36f,,
144a0cf5-3ee3-e677-5d1f-0bf80e73aa2e.live_data_internal.json,0,,,,,257.0,0,,,,,4,0,,,,,0,208,,0.0,,,,,,2663050,,62620030,,,2024-02-29 04:02:52.440,1001,,,,113.0,30001,,,62620030,138.0,2024-02-29 04:48:50.457,2024-02-29 04:48:50.457,,,1.6287485,,87.0,,4349,3026.099,,257.0,,,,UTC+0530,S7Wp0spWno,,,144a0cf5-3ee3-e677-5d1f-0bf80e73aa2e.com.samsung.health.exercise.live_data.json,,1.523179,com.sec.android.app.shealth,,,,,2024-02-29 04:47:15.490,144a0cf5-3ee3-e677-5d1f-0bf80e73aa2e,,
8d4f2543-6ab2-2f0b-83e5-f9f3933452a2.live_data_internal.json,0,,,,,85.0,0,,,,,4,0,,,,,0,83,,0.0,,,8d4f2543-6ab2-2f0b-83e5-f9f3933452a2.location_data_internal.json,,,1014250,,62620030,,8d4f2543-6ab2-2f0b-83e5-f9f3933452a2.com.samsung.health.exercise.location_data.json,2024-03-01 16:39:53.760,1001,,,,105.0,30001,,,62620030,119.0,2024-03-01 16:58:19.705,2024-03-01 16:58:19.705,,,1.5441731,,97.0,,1387,964.9,,85.0,,,,UTC+0530,S7Wp0spWno,,,8d4f2543-6ab2-2f0b-83e5-f9f3933452a2.com.samsung.health.exercise.live_data.json,,1.2948263,com.sec.android.app.shealth,,,,,2024-03-01 16:56:48.010,8d4f2543-6ab2-2f0b-83e5-f9f3933452a2,,
798514cc-84ba-abf3-c067-83f636e3b823.live_data_internal.json,0,,,,,94.0,0,,,,,4,0,,,,,0,73,,0.0,,,,,,987200,,62620030,,,2024-03-02 04:00:41.080,1001,,,,120.0,30001,,,62620030,134.0,2024-03-02 04:18:42.370,2024-03-02 04:18:42.370,,,1.5666667,,84.0,,1468,1088.36,,94.0,,,,UTC+0530,S7Wp0spWno,,,798514cc-84ba-abf3-c067-83f636e3b823.com.samsung.health.exercise.live_data.json,,1.4219377,com.sec.android.app.shealth,,,,,2024-03-02 04:17:08.280,798514cc-84ba-abf3-c067-83f636e3b823,,
6546ba32-e2aa-419f-abd2-6592c76c0c00.live_data_internal.json,0,,,,,104.0,0,,,,,4,0,,,,,0,67,,0.0,,,,,,1213360,,62620030,,,2024-03-05 01:59:20.580,1001,,,,135.0,30001,,,62620030,156.0,2024-03-05 02:21:08.794,2024-03-05 02:21:08.794,,,1.3333334,,109.0,,1643,1175.939,,104.0,,,,UTC+0530,S7Wp0spWno,,,6546ba32-e2aa-419f-abd2-6592c76c0c00.com.samsung.health.exercise.live_data.json,,1.197504,com.sec.android.app.shealth,,,,,2024-03-05 02:19:33.940,6546ba32-e2aa-419f-abd2-6592c76c0c00,,
,0,,,,,77.62,0,,,,,4,0,,,,,0,,,0.0,,,,,,600000,,62620030,,,2024-03-05 13:56:51.227,11007,,,,,,,,62620030,,2024-03-05 14:06:58.431,2024-03-05 14:06:58.431,,,,,,,,,,77.62,,,,UTC+0530,S7Wp0spWno,,,,,,com.sec.android.app.shealth,,,,,2024-03-05 14:06:51.227,c3053688-a5f8-c2c4-d7bf-c165abb29eb3,,
b95a24bb-4975-a06d-5d5b-35b53c469f0c.live_data_internal.json,0,,,,,166.17,0,,,,,4,0,,,,,0,2,,0.0,,,,,,976800,,62620030,,,2024-03-05 15:50:18.206,11007,,,,151.0,,,,62620030,152.0,2024-03-05 16:08:51.459,2024-03-05 16:08:51.459,,,,,150.0,,,,,166.17,,,,UTC+0530,S7Wp0spWno,,,b95a24bb-4975-a06d-5d5b-35b53c469f0c.com.samsung.health.exercise.live_data.json,,,com.sec.android.app.shealth,,,,,2024-03-05 16:06:35.006,b95a24bb-4975-a06d-5d5b-35b53c469f0c,,
ba67fb23-fc5a-75ae-b575-97cfc5acb407.live_data_internal.json,0,,,,,100.0,0,,,,,4,0,,,,,0,8,,0.0,,,,,,764620,,62620030,,,2024-03-08 10:39:54.680,0,,,,128.0,,,,62620030,133.0,2024-03-08 10:53:44.107,2024-03-08 10:53:44.107,,,,,125.0,,,,,100.0,,,,UTC+0530,S7Wp0spWno,,,ba67fb23-fc5a-75ae-b575-97cfc5acb407.com.samsung.health.exercise.live_data.json,,,com.sec.android.app.shealth,,,,,2024-03-08 10:52:39.300,ba67fb23-fc5a-75ae-b575-97cfc5acb407,,
21b18325-bc2a-4687-c708-68bf00b62379.live_data_internal.json,0,,,,,338.0,0,,,,,4,0,,,,,0,316,,0.0,,,,,,3589250,,62650170,,,2024-03-14 03:53:50.800,1001,,,,123.0,30001,,,62650170,139.0,2024-03-14 04:55:18.885,2024-03-14 04:55:18.885,,,1.6666666,,100.0,,5665,4361.201,,338.0,,,,UTC+0530,S7Wp0spWno,,,21b18325-bc2a-4687-c708-68bf00b62379.com.samsung.health.exercise.live_data.json,,1.5534704,com.sec.android.app.shealth,,,,,2024-03-14 04:53:40.050,21b18325-bc2a-4687-c708-68bf00b62379,,
a5f65936-b189-c888-095c-2923e7e41db0.live_data_internal.json,0,,,,,60.0,0,,,,,4,0,,,,,0,21,,0.0,,,,,,653740,,62650170,,,2024-03-16 05:00:16.270,1001,,,,132.0,30001,,,62650170,150.0,2024-03-16 05:12:45.140,2024-03-16 05:12:45.140,,,1.6052549,,117.0,,957,672.365,,60.0,,,,UTC+0530,S7Wp0spWno,,,a5f65936-b189-c888-095c-2923e7e41db0.com.samsung.health.exercise.live_data.json,,1.4526113,com.sec.android.app.shealth,,,,,2024-03-16 05:11:10.010,a5f65936-b189-c888-095c-2923e7e41db0,,
f4328889-b006-398b-e3ed-fa086f40d01b.live_data_internal.json,0,,,,,111.0,0,,,,,4,0,,,,,0,10,,0.0,,,,,,696000,,62650170,,,2024-03-16 16:03:58.140,0,,,,127.0,,,,62650170,130.0,2024-03-16 16:16:39.656,2024-03-16 16:16:39.656,,,,,124.0,,,,,111.0,,,,UTC+0530,S7Wp0spWno,,,f4328889-b006-398b-e3ed-fa086f40d01b.com.samsung.health.exercise.live_data.json,,,com.sec.android.app.shealth,,,,,2024-03-16 16:15:34.140,f4328889-b006-398b-e3ed-fa086f40d01b,,
5bcba686-a973-e7cf-6f72-6aca7e9b3465.live_data_internal.json,0,,,,,103.0,0,,,,,4,0,,,,,0,53,,0.0,,,,,,1151530,,62650170,,,2024-03-18 03:48:13.400,1001,,,,129.0,30001,,,62650170,143.0,2024-03-18 04:08:59.219,2024-03-18 04:08:59.219,,,1.8888888,,105.0,,912,620.3,,103.0,,,,UTC+0530,S7Wp0spWno,,,5bcba686-a973-e7cf-6f72-6aca7e9b3465.com.samsung.health.exercise.live_data.json,,1.4096591,com.sec.android.app.shealth,,,,,2024-03-18 04:07:24.930,5bcba686-a973-e7cf-6f72-6aca7e9b3465,,
1e9724c7-aa2a-ac89-b9e0-836d04eaafa7.live_data_internal.json,0,,,,,151.04,0,,,,,4,0,,,,,0,25,,0.0,,,,,,956320,,62650170,,,2024-03-19 15:47:04.283,11007,,,,133.0,,,,62650170,142.0,2024-03-19 16:05:16.498,2024-03-19 16:05:16.498,,,,,125.0,,,,,151.04,,,,UTC+0530,S7Wp0spWno,,,1e9724c7-aa2a-ac89-b9e0-836d04eaafa7.com.samsung.health.exercise.live_data.json,,,com.sec.android.app.shealth,,,,,2024-03-19 16:03:00.603,1e9724c7-aa2a-ac89-b9e0-836d04eaafa7,,
6fb793eb-5082-1fba-987d-be4446d8407d.live_data_internal.json,0,,,,,337.0,0,,,,,4,0,,,,,0,162,,0.0,,,,,,3665060,,62650170,,,2024-03-21 04:19:09.980,1001,,,,128.0,30001,,,62650170,155.0,2024-03-21 05:21:49.674,2024-03-21 05:21:49.674,,,1.6388888,,81.0,,5169,3653.308,,337.0,,,,UTC+0530,S7Wp0spWno,,,6fb793eb-5082-1fba-987d-be4446d8407d.com.samsung.health.exercise.live_data.json,,1.5106108,com.sec.android.app.shealth,,,,,2024-03-21 05:20:15.040,6fb793eb-5082-1fba-987d-be4446d8407d,,
6fd8d0da-6259-4285-bb7f-c13651ae2336.live_data_internal.json,0,,,,,85.0,0,,,,,4,0,,,,,0,35,,0.0,,,,,,958090,,62650170,,,2024-03-22 03:58:16.850,1001,,,,161.0,30001,,,62650170,183.0,2024-03-22 04:15:50.589,2024-03-22 04:15:50.589,,,1.6332755,,136.0,,797,510.489,,85.0,,,,UTC+0530,S7Wp0spWno,,,6fd8d0da-6259-4285-bb7f-c13651ae2336.com.samsung.health.exercise.live_data.json,,1.272003,com.sec.android.app.shealth,,,,,2024-03-22 04:14:14.940,6fd8d0da-6259-4285-bb7f-c13651ae2336,,
c7a0f74c-d572-e11e-ad6e-9bcfac07f41f.live_data_internal.json,0,,,,,132.78,0,,,,,4,0,,,,,0,14,,0.0,,,,,,900000,,62650170,,,2024-03-23 14:10:24.183,11007,,,,128.0,,,,62650170,132.0,2024-03-23 14:27:36.156,2024-03-23 14:27:36.156,,,,,125.0,,,,,132.78,,,,UTC+0530,S7Wp0spWno,,,c7a0f74c-d572-e11e-ad6e-9bcfac07f41f.com.samsung.health.exercise.live_data.json,,,com.sec.android.app.shealth,,,,,2024-03-23 14:25:24.183,c7a0f74c-d572-e11e-ad6e-9bcfac07f41f,,
cd4b1a1a-8e8e-456d-4028-520d2222dc6d.live_data_internal.json,0,,,,,67.0,0,,,,,4,0,,,,,0,23,,0.0,,,,,,806570,,62650170,,,2024-03-27 03:53:59.020,1001,,,,121.0,30001,,,62650170,195.0,2024-03-27 04:08:57.604,2024-03-27 04:08:57.604,,,1.5056905,,98.0,,771,553.468,,67.0,,,,UTC+0530,S7Wp0spWno,,,cd4b1a1a-8e8e-456d-4028-520d2222dc6d.com.samsung.health.exercise.live_data.json,,1.2681049,com.sec.android.app.shealth,,,,,2024-03-27 04:07:25.590,cd4b1a1a-8e8e-456d-4028-520d2222dc6d,,
,0,,,,,89.38,0,,,,,4,0,,,,,0,,,0.0,,,,,,600000,,62650170,,,2024-03-28 14:28:58.267,11007,,,,,,,,62650170,,2024-03-28 14:39:08.751,2024-03-28 14:39:08.751,,,,,,,,,,89.38,,,,UTC+0530,S7Wp0spWno,,,,,,com.sec.android.app.shealth,,,,,2024-03-28 14:38:58.267,f921b216-71e2-96e3-6e33-bf7a32956c0b,,
7d482a55-d9ee-72c4-40a9-670ff1870efe.live_data_internal.json,0,,,,,299.05,0,,,,7d482a55-d9ee-72c4-40a9-670ff1870efe.sensing_status.json,1,0,,,,,0,2187,,0.0,,,,,,2731220,,62650170,,,2024-03-28 15:56:47.880,15006,,,,101.0,,,,62650170,157.0,2024-03-28 22:00:44.119,2024-03-28 22:00:44.119,,,,,75.0,,,,,299.05,,,,UTC+0530,S7Wp0spWno,,,7d482a55-d9ee-72c4-40a9-670ff1870efe.com.samsung.health.exercise.live_data.json,,,com.sec.android.app.shealth,,,,,2024-03-28 16:42:19.100,7d482a55-d9ee-72c4-40a9-670ff1870efe,,
1fd2ebb4-6984-ae6d-f318-64d11a9af9b9.live_data_internal.json,0,,,,,77.0,0,,,,,4,0,,,,,0,68,,0.0,,,1fd2ebb4-6984-ae6d-f318-64d11a9af9b9.location_data_internal.json,,,862930,,62650170,,1fd2ebb4-6984-ae6d-f318-64d11a9af9b9.com.samsung.health.exercise.location_data.json,2024-03-31 06:54:06.100,1001,,,,102.0,30001,,,62650170,120.0,2024-03-31 07:10:07.608,2024-03-31 07:10:07.608,,,1.5483993,,85.0,,1017,726.6,,77.0,,,,UTC+0530,S7Wp0spWno,,,1fd2ebb4-6984-ae6d-f318-64d11a9af9b9.com.samsung.health.exercise.live_data.json,,1.3750303,com.sec.android.app.shealth,,,,,2024-03-31 07:08:29.030,1fd2ebb4-6984-ae6d-f318-64d11a9af9b9,,
f179e65e-1660-5f32-436c-93d746763d48.live_data_internal.json,0,,,,,70.0,0,,,,,4,0,,,,,0,43,,0.0,,,,,,604670,,62650170,,,2024-03-31 07:22:32.940,1001,,,,78.0,30001,,,62650170,105.0,2024-03-31 07:34:12.240,2024-03-31 07:34:12.240,,,1.4131681,,62.0,,904,628.22,,70.0,,,,UTC+0530,S7Wp0spWno,,,f179e65e-1660-5f32-436c-93d746763d48.com.samsung.health.exercise.live_data.json,,1.3049759,com.sec.android.app.shealth,,,,,2024-03-31 07:32:37.610,f179e65e-1660-5f32-436c-93d746763d48,,
,0,,,,,97.97,0,,,,,4,0,,,,,0,,,0.0,,,,,,600000,,62660010,,,2024-04-03 13:33:33.217,11007,,,,,,,,62660010,,2024-04-03 13:44:33.857,2024-04-03 13:44:33.857,,,,,,,,,,97.97,,,,UTC+0530,S7Wp0spWno,,,,,,com.sec.android.app.shealth,,,,,2024-04-03 13:43:33.217,2379c96d-38e7-d688-e160-a1e0ce062879,,
303a7658-8302-e89f-d68e-9611551e3892.live_data_internal.json,0,,,,,70.0,0,,,,,4,0,,,,,0,35,,0.0,,,,,,706810,,62660010,,,2024-04-04 04:26:31.820,1001,,,,113.0,30001,,,62660010,134.0,2024-04-04 04:39:49.876,2024-04-04 04:39:49.876,,,1.5833334,,78.0,,1111,817.268,,70.0,,,,UTC+0530,S7Wp0spWno,,,303a7658-8302-e89f-d68e-9611551e3892.com.samsung.health.exercise.live_data.json,,1.3953267,com.sec.android.app.shealth,,,,,2024-04-04 04:38:18.630,303a7658-8302-e89f-d68e-9611551e3892,,
,0,,,,,93.0,0,,,,,4,0,,,,,0,,,0.0,,,,,,675740,,62660010,,,2024-04-08 07:30:37.060,0,,,,,,,,62660010,,2024-04-08 07:42:56.450,2024-04-08 07:42:56.450,,,,,,,,,,93.0,,,,UTC+0530,S7Wp0spWno,,,,,,com.sec.android.app.shealth,,,,,2024-04-08 07:41:52.800,d94ecf8e-2611-dce1-0d06-330518571a43,,
31522b72-b0ea-ba42-3c50-339b6d6d0b4a.live_data_internal.json,0,,,,,98.0,0,,,,,4,0,,,,,0,35,,0.0,,,,,,989480,,62660010,,,2024-04-08 03:45:54.540,1001,,,,129.0,30001,,,62660010,154.0,2024-04-08 04:03:54.737,2024-04-08 04:03:54.737,,,1.5555556,,114.0,,1567,1175.769,,98.0,,,,UTC+0530,S7Wp0spWno,,,31522b72-b0ea-ba42-3c50-339b6d6d0b4a.com.samsung.health.exercise.live_data.json,,1.4531715,com.sec.android.app.shealth,,,,,2024-04-08 04:02:24.020,31522b72-b0ea-ba42-3c50-339b6d6d0b4a,,
825f92da-3c7b-ea34-184e-1afe719bc88d.live_data_internal.json,0,,,,,113.58,0,,,,,4,0,,,,,0,8,,0.0,,,,,,736160,,62660010,,,2024-04-09 14:35:38.177,11007,,,,129.0,,,,62660010,137.0,2024-04-09 14:50:12.991,2024-04-09 14:50:12.991,,,,,120.0,,,,,113.58,,,,UTC+0530,S7Wp0spWno,,,825f92da-3c7b-ea34-184e-1afe719bc88d.com.samsung.health.exercise.live_data.json,,,com.sec.android.app.shealth,,,,,2024-04-09 14:47:54.337,825f92da-3c7b-ea34-184e-1afe719bc88d,,
b6ee3ee8-bace-f6bb-14c8-418497c5571e.live_data_internal.json,0,,,,,101.0,0,,,,,4,0,,,,,0,46,,0.0,,,b6ee3ee8-bace-f6bb-14c8-418497c5571e.location_data_internal.json,,,1000690,,62660010,,b6ee3ee8-bace-f6bb-14c8-418497c5571e.com.samsung.health.exercise.location_data.json,2024-04-10 04:47:02.430,1001,,,,127.0,30001,,,62660010,152.0,2024-04-10 05:05:17.017,2024-04-10 05:05:17.017,,,1.6386267,,84.0,,1602,1031.109,,101.0,,,,UTC+0530,S7Wp0spWno,,,b6ee3ee8-bace-f6bb-14c8-418497c5571e.com.samsung.health.exercise.live_data.json,,1.5214515,com.sec.android.app.shealth,,,,,2024-04-10 05:03:43.120,b6ee3ee8-bace-f6bb-14c8-418497c5571e,,
af793746-a624-3087-b28d-c79f8d7bd6e0.live_data_internal.json,0,,,,,85.0,0,,,,,4,0,,,,,0,69,,0.0,,,af793746-a624-3087-b28d-c79f8d7bd6e0.location_data_internal.json,,,870830,,62660010,,af793746-a624-3087-b28d-c79f8d7bd6e0.com.samsung.health.exercise.location_data.json,2024-04-11 04:50:17.960,1001,,,,129.0,30001,,,62660010,142.0,2024-04-11 05:06:24.077,2024-04-11 05:06:24.077,,,1.6017026,,101.0,,1403,968.119,,85.0,,,,UTC+0530,S7Wp0spWno,,,af793746-a624-3087-b28d-c79f8d7bd6e0.com.samsung.health.exercise.live_data.json,,1.521521,com.sec.android.app.shealth,,,,,2024-04-11 05:04:48.790,af793746-a624-3087-b28d-c79f8d7bd6e0,,
,0,,,,,90.89,0,,,,,4,0,,,,,0,,,0.0,,,,,,600000,,62660010,,,2024-04-13 08:38:10.224,11007,,,,,,,,62660010,,2024-04-13 08:48:49.496,2024-04-13 08:48:49.496,,,,,,,,,,90.89,,,,UTC+0530,S7Wp0spWno,,,,,,com.sec.android.app.shealth,,,,,2024-04-13 08:48:10.224,b8b8e3de-9406-8c58-9ab1-f3748f8b61e9,,
9b7ea3f2-ee71-2181-6fa6-1fed54d2925a.live_data_internal.json,0,,,,,33.274307,0,,,,9b7ea3f2-ee71-2181-6fa6-1fed54d2925a.sensing_status.json,1,0,,,,,0,0,,0.0,,,9b7ea3f2-ee71-2181-6fa6-1fed54d2925a.location_data_internal.json,,,29930,,62660010,,9b7ea3f2-ee71-2181-6fa6-1fed54d2925a.com.samsung.health.exercise.location_data.json,2024-04-14 11:50:25.200,1002,,-62.96057,0.0,,30001,,-62.96057,62660010,,2024-04-14 12:10:27.253,2024-04-14 12:10:27.253,,,0.0,,,,0,0.0,,10.265,0.0,0.0,,UTC+0530,S7Wp0spWno,,,9b7ea3f2-ee71-2181-6fa6-1fed54d2925a.com.samsung.health.exercise.live_data.json,,0.0,com.sec.android.app.shealth,,,,,2024-04-14 12:10:27.420,9b7ea3f2-ee71-2181-6fa6-1fed54d2925a,,
faa887e2-d4ef-1f72-8359-00b2234fbb21.live_data_internal.json,0,,,,,105.0,0,,,,,4,0,,,,,0,99,,0.0,,,,,,1170360,,62660010,,,2024-04-15 04:01:50.720,1001,,,,197.0,30001,,,62660010,211.0,2024-04-15 04:22:55.941,2024-04-15 04:22:55.941,,,1.6206983,,173.0,,1067,737.461,,105.0,,,,UTC+0530,S7Wp0spWno,,,faa887e2-d4ef-1f72-8359-00b2234fbb21.com.samsung.health.exercise.live_data.json,,1.3009015,com.sec.android.app.shealth,,,,,2024-04-15 04:21:21.080,faa887e2-d4ef-1f72-8359-00b2234fbb21,,
,0,,,,,92.3,0,,,,,4,0,,,,,0,,,0.0,,,,,,600000,,62660010,,,2024-04-16 13:40:51.215,11007,,,,,,,,62660010,,2024-04-16 13:51:40.529,2024-04-16 13:51:40.529,,,,,,,,,,92.3,,,,UTC+0530,S7Wp0spWno,,,,,,com.sec.android.app.shealth,,,,,2024-04-16 13:50:51.215,a18128f1-8bae-4ac1-d549-1147f6d0ea03,,
,0,,,,,74.73,0,,,,,4,0,,,,,0,,,0.0,,,,,,600000,,62660010,,,2024-04-16 16:20:48.205,11007,,,,,,,,62660010,,2024-04-16 16:31:55.949,2024-04-16 16:31:55.949,,,,,,,,,,74.73,,,,UTC+0530,S7Wp0spWno,,,,,,com.sec.android.app.shealth,,,,,2024-04-16 16:30:48.205,480dbd5c-7363-f4f0-749d-e61c26cb073d,,
b8470c2a-1278-0ae8-15fe-ae7572e050b0.live_data_internal.json,0,,,,,407.0,0,,,,,4,0,,,,,0,300,,0.0,,,b8470c2a-1278-0ae8-15fe-ae7572e050b0.location_data_internal.json,,,4153940,,62660010,,b8470c2a-1278-0ae8-15fe-ae7572e050b0.com.samsung.health.exercise.location_data.json,2024-04-18 04:06:11.720,1001,,,,126.0,30001,,,62660010,152.0,2024-04-18 05:16:59.435,2024-04-18 05:16:59.435,,,1.6980078,,88.0,,7214,5568.478,,407.0,,,,UTC+0530,S7Wp0spWno,,,b8470c2a-1278-0ae8-15fe-ae7572e050b0.com.samsung.health.exercise.live_data.json,,1.5768086,com.sec.android.app.shealth,,,,,2024-04-18 05:15:25.660,b8470c2a-1278-0ae8-15fe-ae7572e050b0,,
dd89f16b-b6f6-2f32-e417-5e97f9c42e9d.live_data_internal.json,0,,,,,86.0,0,,,,,4,0,,,,,0,63,,0.0,,,,,,805940,,62660010,,,2024-04-20 04:00:01.700,1001,,,,130.0,30001,,,62660010,155.0,2024-04-20 04:15:00.701,2024-04-20 04:15:00.701,,,2.1111112,,116.0,,788,531.069,,86.0,,,,UTC+0530,S7Wp0spWno,,,dd89f16b-b6f6-2f32-e417-5e97f9c42e9d.com.samsung.health.exercise.live_data.json,,1.4678738,com.sec.android.app.shealth,,,,,2024-04-20 04:13:27.640,dd89f16b-b6f6-2f32-e417-5e97f9c42e9d,,
f7605137-f506-d240-ad72-cff643d3cfe7.live_data_internal.json,0,,,,,78.0,0,,,,,4,0,,,,,0,73,,0.0,,,,,,912040,,62660010,,,2024-04-22 03:56:57.160,1001,,,,134.0,30001,,,62660010,152.0,2024-04-22 04:13:42.407,2024-04-22 04:13:42.407,,,2.0555556,,122.0,,968,690.294,,78.0,,,,UTC+0530,S7Wp0spWno,,,f7605137-f506-d240-ad72-cff643d3cfe7.com.samsung.health.exercise.live_data.json,,1.2932756,com.sec.android.app.shealth,,,,,2024-04-22 04:12:09.200,f7605137-f506-d240-ad72-cff643d3cfe7,,
de226ad4-16d4-ca88-2c09-a12d8a2bbacb.live_data_internal.json,0,,,,,90.0,0,,,,,4,0,,,,,0,55,,0.0,,,,,,918060,,62660010,,,2024-04-25 03:54:38.400,1001,,,,112.0,30001,,,62660010,127.0,2024-04-25 04:11:33.171,2024-04-25 04:11:33.171,,,1.6666666,,71.0,,1419,987.795,,90.0,,,,UTC+0530,S7Wp0spWno,,,de226ad4-16d4-ca88-2c09-a12d8a2bbacb.com.samsung.health.exercise.live_data.json,,1.5240709,com.sec.android.app.shealth,,,,,2024-04-25 04:09:56.460,de226ad4-16d4-ca88-2c09-a12d8a2bbacb,,
79479607-be69-12e7-6b3e-868443b5dc70.live_data_internal.json,0,,,,,358.0,0,,,,,4,0,,,,,0,344,,0.0,,,,,,3616350,,62660010,,,2024-04-25 04:14:07.150,1001,,,,125.0,30001,,,62660010,156.0,2024-04-25 05:15:55.420,2024-04-25 05:15:55.420,,,1.75,,97.0,,5662,4033.017,,358.0,,,,UTC+0530,S7Wp0spWno,,,79479607-be69-12e7-6b3e-868443b5dc70.com.samsung.health.exercise.live_data.json,,1.5877862,com.sec.android.app.shealth,,,,,2024-04-25 05:14:23.500,79479607-be69-12e7-6b3e-868443b5dc70,,
42d1dd04-8b5a-30e3-99b0-36143c3567c9.live_data_internal.json,0,,,,,83.0,0,,,,,4,0,,,,,0,48,,0.0,,,,,,707570,,62660010,,,2024-04-27 04:46:47.480,1001,,,,134.0,30001,,,62660010,152.0,2024-04-27 05:00:07.223,2024-04-27 05:00:07.223,,,1.5702182,,116.0,,826,558.117,,83.0,,,,UTC+0530,S7Wp0spWno,,,42d1dd04-8b5a-30e3-99b0-36143c3567c9.com.samsung.health.exercise.live_data.json,,1.4475905,com.sec.android.app.shealth,,,,,2024-04-27 04:58:35.050,42d1dd04-8b5a-30e3-99b0-36143c3567c9,,
,0,,,,,212.47,0,,,,,4,0,,,,,0,,,0.0,,,,,,1309600,,62660010,,,2024-04-28 11:59:20.068,11007,,,,,,,,62660010,,2024-04-28 12:23:25.230,2024-04-28 12:23:25.230,,,,,,,,,,212.47,,,,UTC+0530,S7Wp0spWno,,,,,,com.sec.android.app.shealth,,,,,2024-04-28 12:21:09.668,acca4fa7-e754-d2aa-fe39-3cb9e873d755,,
a83de9b7-2018-52b7-0ed8-4d4d3212f1d1.live_data_internal.json,0,,,,,156.33,0,,,,,4,0,,,,,0,11,,0.0,,,,,,1017760,,62660010,,,2024-04-28 13:30:27.211,11007,,,,133.0,,,,62660010,142.0,2024-04-28 13:49:40.399,2024-04-28 13:49:40.399,,,,,125.0,,,,,156.33,,,,UTC+0530,S7Wp0spWno,,,a83de9b7-2018-52b7-0ed8-4d4d3212f1d1.com.samsung.health.exercise.live_data.json,,,com.sec.android.app.shealth,,,,,2024-04-28 13:47:24.971,a83de9b7-2018-52b7-0ed8-4d4d3212f1d1,,
d451a00a-7210-fa51-efdb-efb954a0e309.live_data_internal.json,0,,,,,160.54,0,,,,,4,0,,,,,0,44,,0.0,,,,,,1135520,,62660010,,,2024-04-29 07:07:47.193,11007,,,,114.0,,,,62660010,137.0,2024-04-29 07:29:00.851,2024-04-29 07:29:00.851,,,,,105.0,,,,,160.54,,,,UTC+0530,S7Wp0spWno,,,d451a00a-7210-fa51-efdb-efb954a0e309.com.samsung.health.exercise.live_data.json,,,com.sec.android.app.shealth,,,,,2024-04-29 07:26:42.713,d451a00a-7210-fa51-efdb-efb954a0e309,,
eaa11212-510f-86ec-00b2-4172a2543811.live_data_internal.json,0,,,,,190.0,0,,,,,4,0,,,,,0,7,,0.0,,,,,,1514040,,62660010,,,2024-04-30 11:47:06.020,0,,,,122.0,,,,62660010,142.0,2024-04-30 12:13:21.199,2024-04-30 12:13:21.199,,,,,105.0,,,,,190.0,,,,UTC+0530,S7Wp0spWno,,,eaa11212-510f-86ec-00b2-4172a2543811.com.samsung.health.exercise.live_data.json,,,com.sec.android.app.shealth,,,,,2024-04-30 12:12:20.060,eaa11212-510f-86ec-00b2-4172a2543811,,
ab95f413-f067-2130-e26e-64156a044526.live_data_internal.json,0,,,,,61.0,0,,,,,4,0,,,,,0,51,,0.0,,,,,,678500,,62660010,,,2024-05-02 03:58:04.360,1001,,,,113.0,30001,,,62660010,130.0,2024-05-02 04:10:56.848,2024-05-02 04:10:56.848,,,1.8333334,,96.0,,641,476.438,,61.0,,,,UTC+0530,S7Wp0spWno,,,ab95f413-f067-2130-e26e-64156a044526.com.samsung.health.exercise.live_data.json,,1.4551796,com.sec.android.app.shealth,,,,,2024-05-02 04:09:22.860,ab95f413-f067-2130-e26e-64156a044526,,
e9296fa9-e3cb-a241-4ab4-3720648227d1.live_data_internal.json,0,,,,,73.0,0,,,,,4,0,,,,,0,12,,0.0,,,,,,867880,,62660010,,,2024-05-04 03:57:41.680,1001,,,,134.0,30001,,,62660010,162.0,2024-05-04 04:13:44.676,2024-05-04 04:13:44.676,,,1.8849082,,109.0,,800,564.0,,73.0,,,,UTC+0530,S7Wp0spWno,,,e9296fa9-e3cb-a241-4ab4-3720648227d1.com.samsung.health.exercise.live_data.json,,1.4280553,com.sec.android.app.shealth,,,,,2024-05-04 04:12:09.560,e9296fa9-e3cb-a241-4ab4-3720648227d1,,
80117749-ae60-7290-4303-3ef290248fae.live_data_internal.json,0,,,,,61.0,0,,,,,4,0,,,,,0,25,,0.0,,,,,,693820,,62660010,,,2024-05-06 01:48:25.580,1001,,,,105.0,30001,,,62660010,126.0,2024-05-06 02:01:35.205,2024-05-06 02:01:35.205,,,1.4418254,,83.0,,752,530.79,,61.0,,,,UTC+0530,S7Wp0spWno,,,80117749-ae60-7290-4303-3ef290248fae.com.samsung.health.exercise.live_data.json,,1.2567842,com.sec.android.app.shealth,,,,,2024-05-06 01:59:59.400,80117749-ae60-7290-4303-3ef290248fae,,
9f00bc6d-88e3-a89a-0ba6-069771f9a880.live_data_internal.json,0,,,,,116.0,0,,,,,4,0,,,,,0,82,,0.0,,,,,,1323430,,62660010,,,2024-05-15 04:42:39.780,1001,,,,115.0,30001,,,62660010,134.0,2024-05-15 05:06:14.598,2024-05-15 05:06:14.598,,,1.9725056,,87.0,,1581,1218.506,,116.0,,,,UTC+0530,S7Wp0spWno,,,9f00bc6d-88e3-a89a-0ba6-069771f9a880.com.samsung.health.exercise.live_data.json,,1.4875616,com.sec.android.app.shealth,,,,,2024-05-15 05:04:43.210,9f00bc6d-88e3-a89a-0ba6-069771f9a880,,
c6985ec7-4e4d-d017-0377-01ebc846154e.live_data_internal.json,0,,,,,384.0,0,,,,,4,0,,,,,0,331,,0.0,,,,,,3995730,,62660010,,,2024-05-18 04:05:49.300,1001,,,,123.0,30001,,,62660010,152.0,2024-05-18 05:14:00.928,2024-05-18 05:14:00.928,,,1.6388888,,84.0,,6248,4856.107,,384.0,,,,UTC+0530,S7Wp0spWno,,,c6985ec7-4e4d-d017-0377-01ebc846154e.com.samsung.health.exercise.live_data.json,,1.5263399,com.sec.android.app.shealth,,,,,2024-05-18 05:12:25.030,c6985ec7-4e4d-d017-0377-01ebc846154e,,
d49be893-4cc3-18e6-c6a0-4ecdf8e91d26.live_data_internal.json,0,,,,,5.4871078,0,,,,d49be893-4cc3-18e6-c6a0-4ecdf8e91d26.sensing_status.json,1,0,,,,,0,0,,0.0,,,,,,13779,,62660010,,,2024-05-21 01:24:50.870,1002,,,0.0,,30001,,,62660010,,2024-05-21 01:29:31.601,2024-05-21 01:29:31.601,,,0.0,,,,0,0.0,,0.27046913,0.0,0.0,,UTC+0530,S7Wp0spWno,,,d49be893-4cc3-18e6-c6a0-4ecdf8e91d26.com.samsung.health.exercise.live_data.json,,0.0,com.sec.android.app.shealth,,,,,2024-05-21 01:29:30.430,d49be893-4cc3-18e6-c6a0-4ecdf8e91d26,,
f78dcc01-8536-8351-b676-34429a3395c0.live_data_internal.json,0,,,,,92.0,0,,,,,4,0,,,,,0,54,,0.0,,,,,,898330,,62660010,,,2024-05-23 04:39:00.320,1001,,,,121.0,30001,,,62660010,146.0,2024-05-23 04:55:34.618,2024-05-23 04:55:34.618,,,1.6516937,,91.0,,1191,812.273,,92.0,,,,UTC+0530,S7Wp0spWno,,,f78dcc01-8536-8351-b676-34429a3395c0.com.samsung.health.exercise.live_data.json,,1.5609657,com.sec.android.app.shealth,,,,,2024-05-23 04:53:58.650,f78dcc01-8536-8351-b676-34429a3395c0,,
7f8fd4f6-3dd6-30cf-5dee-c3ee4f284c4f.live_data_internal.json,0,,,,,70.0,0,,,,,4,0,,,,,0,66,,0.0,,,7f8fd4f6-3dd6-30cf-5dee-c3ee4f284c4f.location_data_internal.json,,,834240,,62660010,,7f8fd4f6-3dd6-30cf-5dee-c3ee4f284c4f.com.samsung.health.exercise.location_data.json,2024-05-24 04:17:32.340,1001,,,,137.0,30001,,,62660010,173.0,2024-05-24 04:33:01.964,2024-05-24 04:33:01.964,,,2.0,,114.0,,824,586.292,,70.0,,,,UTC+0530,S7Wp0spWno,,,7f8fd4f6-3dd6-30cf-5dee-c3ee4f284c4f.com.samsung.health.exercise.live_data.json,,1.4296713,com.sec.android.app.shealth,,,,,2024-05-24 04:31:26.580,7f8fd4f6-3dd6-30cf-5dee-c3ee4f284c4f,,
dbdaa7f1-e865-8b3f-14a7-9859da2dfa5e.live_data_internal.json,0,,,,,159.0,0,,,,,4,0,,,,,0,177,,0.0,,,dbdaa7f1-e865-8b3f-14a7-9859da2dfa5e.location_data_internal.json,,,1943510,,62660010,,dbdaa7f1-e865-8b3f-14a7-9859da2dfa5e.com.samsung.health.exercise.location_data.json,2024-05-26 02:04:27.620,1001,,,,109.0,30001,,,62660010,125.0,2024-05-26 02:38:29.683,2024-05-26 02:38:29.683,,,1.6181558,,95.0,,2590,1636.99,,159.0,,,,UTC+0530,S7Wp0spWno,,,dbdaa7f1-e865-8b3f-14a7-9859da2dfa5e.com.samsung.health.exercise.live_data.json,,1.2769538,com.sec.android.app.shealth,,,,,2024-05-26 02:36:51.130,dbdaa7f1-e865-8b3f-14a7-9859da2dfa5e,,
fe11481b-b9b4-2ea5-e635-152343d062f1.live_data_internal.json,0,,,,,200.0,0,,,,,4,0,,,,,0,198,,0.0,,,fe11481b-b9b4-2ea5-e635-152343d062f1.location_data_internal.json,,,2146430,,62660010,,fe11481b-b9b4-2ea5-e635-152343d062f1.com.samsung.health.exercise.location_data.json,2024-05-26 12:49:08.320,1001,,,,112.0,30001,,,62660010,132.0,2024-05-26 13:26:30.087,2024-05-26 13:26:30.087,,,1.4616252,,84.0,,3809,2878.51,,200.0,,,,UTC+0530,S7Wp0spWno,,,fe11481b-b9b4-2ea5-e635-152343d062f1.com.samsung.health.exercise.live_data.json,,1.4127108,com.sec.android.app.shealth,,,,,2024-05-26 13:24:54.750,fe11481b-b9b4-2ea5-e635-152343d062f1,,
93809afc-16ca-984e-ad8a-6d9a0f3ad16b.live_data_internal.json,0,,,,,111.0,0,,,,,4,0,,,,,0,61,,0.0,,,,,,821330,,62660010,,,2024-05-29 04:01:01.190,1001,,,,128.0,30001,,,62660010,158.0,2024-05-29 04:16:21.024,2024-05-29 04:16:21.024,,,1.7777778,,107.0,,1126,736.451,,111.0,,,,UTC+0530,S7Wp0spWno,,,93809afc-16ca-984e-ad8a-6d9a0f3ad16b.com.samsung.health.exercise.live_data.json,,1.461656,com.sec.android.app.shealth,,,,,2024-05-29 04:14:42.520,93809afc-16ca-984e-ad8a-6d9a0f3ad16b,,
c9ab02bb-1672-5f2e-c925-0c3f58efb71a.live_data_internal.json,0,,,,,72.0,0,,,,,4,0,,,,,0,56,,0.0,,,,,,709640,,62660010,,,2024-05-30 01:29:27.220,1001,,,,118.0,30001,,,62660010,140.0,2024-05-30 01:42:49.983,2024-05-30 01:42:49.983,,,1.7963812,,101.0,,960,643.129,,72.0,,,,UTC+0530,S7Wp0spWno,,,c9ab02bb-1672-5f2e-c925-0c3f58efb71a.com.samsung.health.exercise.live_data.json,,1.21488,com.sec.android.app.shealth,,,,,2024-05-30 01:41:16.860,c9ab02bb-1672-5f2e-c925-0c3f58efb71a,,
617722b5-1b83-a041-569c-8084b0d5ca6a.live_data_internal.json,0,,,,,89.0,0,,,,,4,0,,,,,0,23,,0.0,,,617722b5-1b83-a041-569c-8084b0d5ca6a.location_data_internal.json,,,995040,,62660010,,617722b5-1b83-a041-569c-8084b0d5ca6a.com.samsung.health.exercise.location_data.json,2024-05-30 04:31:10.660,1001,,,,85.0,30001,,,62660010,103.0,2024-05-30 04:49:18.183,2024-05-30 04:49:18.183,,,1.8911848,,62.0,,1171,860.229,,89.0,,,,UTC+0530,S7Wp0spWno,,,617722b5-1b83-a041-569c-8084b0d5ca6a.com.samsung.health.exercise.live_data.json,,1.459129,com.sec.android.app.shealth,,,,,2024-05-30 04:47:45.700,617722b5-1b83-a041-569c-8084b0d5ca6a,,
5c37ce7c-c87a-0587-2050-ab2e7d2a169f.live_data_internal.json,0,,,,,146.0,0,,,,,4,0,,,,,0,76,,0.0,,,,,,1479020,,62670070,,,2024-06-01 04:05:01.830,1001,,,,115.0,30001,,,62670070,132.0,2024-06-01 04:31:14.098,2024-06-01 04:31:14.098,,,1.75,,74.0,,2322,1580.761,,146.0,,,,UTC+0530,S7Wp0spWno,,,5c37ce7c-c87a-0587-2050-ab2e7d2a169f.com.samsung.health.exercise.live_data.json,,1.6044372,com.sec.android.app.shealth,,,,,2024-06-01 04:29:40.850,5c37ce7c-c87a-0587-2050-ab2e7d2a169f,,
383c2666-9e65-98f7-3771-ded99dd796a6.live_data_internal.json,0,,,,,55.0,0,,,,,4,0,,,,,0,52,,0.0,,,,,,687640,,62670070,,,2024-06-02 05:14:57.370,1001,,,,98.0,30001,,,62670070,116.0,2024-06-02 05:28:01.597,2024-06-02 05:28:01.597,,,1.25,,73.0,,916,492.609,,55.0,,,,UTC+0530,S7Wp0spWno,,,383c2666-9e65-98f7-3771-ded99dd796a6.com.samsung.health.exercise.live_data.json,,1.1845018,com.sec.android.app.shealth,,,,,2024-06-02 05:26:25.010,383c2666-9e65-98f7-3771-ded99dd796a6,,
2119a83d-91f3-a3a4-451a-d8bb9c682c93.live_data_internal.json,0,,,,,60.0,0,,,,,4,0,,,,,0,51,,0.0,,,2119a83d-91f3-a3a4-451a-d8bb9c682c93.location_data_internal.json,,,686670,,62670070,,2119a83d-91f3-a3a4-451a-d8bb9c682c93.com.samsung.health.exercise.location_data.json,2024-06-03 05:09:38.260,1001,,,,107.0,30001,,,62670070,132.0,2024-06-03 05:22:42.389,2024-06-03 05:22:42.389,,,1.7671075,,87.0,,835,587.769,,60.0,,,,UTC+0530,S7Wp0spWno,,,2119a83d-91f3-a3a4-451a-d8bb9c682c93.com.samsung.health.exercise.live_data.json,,1.3734419,com.sec.android.app.shealth,,,,,2024-06-03 05:21:04.930,2119a83d-91f3-a3a4-451a-d8bb9c682c93,,
05adda34-b9a8-8de5-c085-12569571c0d3.live_data_internal.json,0,,,,,111.0,0,,,,,4,0,,,,,0,90,,0.0,,,,,,1244380,,62670070,,,2024-06-06 04:46:03.680,1001,,,,123.0,30001,,,62670070,139.0,2024-06-06 05:08:18.856,2024-06-06 05:08:18.856,,,1.6172795,,88.0,,1961,1354.263,,111.0,,,,UTC+0530,S7Wp0spWno,,,05adda34-b9a8-8de5-c085-12569571c0d3.com.samsung.health.exercise.live_data.json,,1.5013139,com.sec.android.app.shealth,,,,,2024-06-06 05:06:48.060,05adda34-b9a8-8de5-c085-12569571c0d3,,
353db9aa-d7e0-a411-7834-a374a0adb5de.live_data_internal.json,0,,,,,111.0,0,,,,,4,0,,,,,0,101,,0.0,,,,,,1181250,,62670070,,,2024-06-07 03:48:23.040,1001,,,,121.0,30001,,,62670070,138.0,2024-06-07 04:09:38.149,2024-06-07 04:09:38.149,,,1.605075,,109.0,,1422,1065.54,,111.0,,,,UTC+0530,S7Wp0spWno,,,353db9aa-d7e0-a411-7834-a374a0adb5de.com.samsung.health.exercise.live_data.json,,1.5307239,com.sec.android.app.shealth,,,,,2024-06-07 04:08:04.290,353db9aa-d7e0-a411-7834-a374a0adb5de,,
0edd311e-b25f-38f5-24c7-e178e72f6c01.live_data_internal.json,0,,,,,84.0,0,,,,,4,0,,,,,0,68,,0.0,,,,,,857660,,62670070,,,2024-06-08 03:56:51.020,1001,,,,129.0,30001,,,62670070,152.0,2024-06-08 04:12:42.093,2024-06-08 04:12:42.093,,,1.5833334,,116.0,,1225,898.903,,84.0,,,,UTC+0530,S7Wp0spWno,,,0edd311e-b25f-38f5-24c7-e178e72f6c01.com.samsung.health.exercise.live_data.json,,1.4888648,com.sec.android.app.shealth,,,,,2024-06-08 04:11:08.680,0edd311e-b25f-38f5-24c7-e178e72f6c01,,
6a3bc19d-8f08-8b98-ef94-a3951589eebc.live_data_internal.json,0,,,,,68.0,0,,,,,4,0,,,,,0,29,,0.0,,,,,,772830,,62670070,,,2024-06-11 03:55:49.400,1001,,,,117.0,30001,,,62670070,150.0,2024-06-11 04:10:13.606,2024-06-11 04:10:13.606,,,1.545273,,70.0,,853,595.262,,68.0,,,,UTC+0530,S7Wp0spWno,,,6a3bc19d-8f08-8b98-ef94-a3951589eebc.com.samsung.health.exercise.live_data.json,,1.4160748,com.sec.android.app.shealth,,,,,2024-06-11 04:08:42.230,6a3bc19d-8f08-8b98-ef94-a3951589eebc,,
f578cfcf-9709-7463-a06e-3ce73102a49e.live_data_internal.json,0,,,,,60.0,0,,,,,4,0,,,,,0,48,,0.0,,,,,,654070,,62670070,,,2024-06-15 03:52:44.120,1001,,,,116.0,30001,,,62670070,131.0,2024-06-15 04:05:10.637,2024-06-15 04:05:10.637,,,1.5833334,,90.0,,833,622.699,,60.0,,,,UTC+0530,S7Wp0spWno,,,f578cfcf-9709-7463-a06e-3ce73102a49e.com.samsung.health.exercise.live_data.json,,1.415075,com.sec.android.app.shealth,,,,,2024-06-15 04:03:38.190,f578cfcf-9709-7463-a06e-3ce73102a49e,,
76873499-270f-3190-6d5d-f02225cec18c.live_data_internal.json,0,,,,,76.0,0,,,,,4,0,,,,,0,70,,0.0,,,,,,878080,,62670070,,,2024-06-18 03:54:49.160,1001,,,,122.0,30001,,,62670070,140.0,2024-06-18 04:10:59.842,2024-06-18 04:10:59.842,,,1.5603427,,109.0,,844,633.052,,76.0,,,,UTC+0530,S7Wp0spWno,,,76873499-270f-3190-6d5d-f02225cec18c.com.samsung.health.exercise.live_data.json,,1.4072711,com.sec.android.app.shealth,,,,,2024-06-18 04:09:27.240,76873499-270f-3190-6d5d-f02225cec18c,,
48e22496-d1ba-7585-356d-e883861347f3.live_data_internal.json,0,,,,,323.13,0,,,,48e22496-d1ba-7585-356d-e883861347f3.sensing_status.json,1,0,,,,,0,3539,,0.0,,,,,,3617780,,62670070,,,2024-06-19 16:34:10.170,15006,,,,97.0,,,,62670070,138.0,2024-06-19 17:34:27.649,2024-06-19 17:34:27.649,,,,,83.0,,,,,323.13,,,,UTC+0530,S7Wp0spWno,,,48e22496-d1ba-7585-356d-e883861347f3.com.samsung.health.exercise.live_data.json,,,com.sec.android.app.shealth,,,,,2024-06-19 17:34:27.950,48e22496-d1ba-7585-356d-e883861347f3,,
,0,,,,,84.7,0,,,,,4,0,,,,,0,,,0.0,,,,,,600000,,62701610,,,2024-07-09 16:08:31.743,11007,,,,,,,,62701610,,2024-07-09 16:19:20.475,2024-07-09 16:19:20.475,,,,,,,,,,84.7,,,,UTC+0530,S7Wp0spWno,,,,,,com.sec.android.app.shealth,,,,,2024-07-09 16:18:31.743,3464256f-706b-7b58-bb5c-5e6f63c018d0,,
719e85ce-8aaf-8527-e411-dca63cc05f6a.live_data_internal.json,0,,,,,69.0,0,,,,,4,0,,,,,0,61,,0.0,,,719e85ce-8aaf-8527-e411-dca63cc05f6a.location_data_internal.json,,,787120,,62701610,,719e85ce-8aaf-8527-e411-dca63cc05f6a.com.samsung.health.exercise.location_data.json,2024-07-13 03:58:12.400,1001,,,,101.0,30001,,,62701610,133.0,2024-07-13 04:12:53.479,2024-07-13 04:12:53.479,,,1.5,,75.0,,717,496.717,,69.0,,,,UTC+0530,S7Wp0spWno,,,719e85ce-8aaf-8527-e411-dca63cc05f6a.com.samsung.health.exercise.live_data.json,,1.2982019,com.sec.android.app.shealth,,,,,2024-07-13 04:11:19.520,719e85ce-8aaf-8527-e411-dca63cc05f6a,,
d6d57d43-3b0d-4eb3-c088-ef117a8a536d.live_data_internal.json,0,,,,,82.0,0,,,,,4,0,,,,,0,81,,0.0,,,d6d57d43-3b0d-4eb3-c088-ef117a8a536d.location_data_internal.json,,,978330,,62701610,,d6d57d43-3b0d-4eb3-c088-ef117a8a536d.com.samsung.health.exercise.location_data.json,2024-07-14 14:00:25.460,1001,,,,105.0,30001,,,62701610,120.0,2024-07-14 14:18:19.683,2024-07-14 14:18:19.683,,,2.2462592,,85.0,,1064,765.092,,82.0,,,,UTC+0530,S7Wp0spWno,,,d6d57d43-3b0d-4eb3-c088-ef117a8a536d.com.samsung.health.exercise.live_data.json,,1.2236943,com.sec.android.app.shealth,,,,,2024-07-14 14:16:43.790,d6d57d43-3b0d-4eb3-c088-ef117a8a536d,,
f0ff01fb-2e83-1230-44ce-4db05734252b.live_data_internal.json,0,,,,,86.0,0,,,,,4,0,,,,,0,81,,0.0,,,f0ff01fb-2e83-1230-44ce-4db05734252b.location_data_internal.json,,,995140,,62701610,,f0ff01fb-2e83-1230-44ce-4db05734252b.com.samsung.health.exercise.location_data.json,2024-07-14 14:25:14.640,1001,,,,97.0,30001,,,62701610,108.0,2024-07-14 14:43:25.745,2024-07-14 14:43:25.745,,,1.2882984,,86.0,,1276,914.377,,86.0,,,,UTC+0530,S7Wp0spWno,,,f0ff01fb-2e83-1230-44ce-4db05734252b.com.samsung.health.exercise.live_data.json,,1.1817405,com.sec.android.app.shealth,,,,,2024-07-14 14:41:49.780,f0ff01fb-2e83-1230-44ce-4db05734252b,,
eae9caad-375d-857d-a565-f9e5109c48e1.live_data_internal.json,0,,,,,114.0,0,,,,,4,0,,,,,0,82,,0.0,,,eae9caad-375d-857d-a565-f9e5109c48e1.location_data_internal.json,,,1180590,,62701610,,eae9caad-375d-857d-a565-f9e5109c48e1.com.samsung.health.exercise.location_data.json,2024-07-16 03:53:57.160,1001,,,,121.0,30001,,,62701610,142.0,2024-07-16 04:15:11.008,2024-07-16 04:15:11.008,,,1.9065228,,112.0,,1464,1073.001,,114.0,,,,UTC+0530,S7Wp0spWno,,,eae9caad-375d-857d-a565-f9e5109c48e1.com.samsung.health.exercise.live_data.json,,1.4740207,com.sec.android.app.shealth,,,,,2024-07-16 04:13:37.750,eae9caad-375d-857d-a565-f9e5109c48e1,,
ea544eab-857a-5c53-cee0-47ef766c6370.live_data_internal.json,0,,,,,339.0,0,,,,,4,0,,,,,0,323,,0.0,,,,,,3417240,,62701610,,,2024-07-18 04:05:46.450,1001,,,,122.0,30001,,,62701610,140.0,2024-07-18 05:04:19.846,2024-07-18 05:04:19.846,,,1.6388888,,100.0,,5198,3631.124,,339.0,,,,UTC+0530,S7Wp0spWno,,,ea544eab-857a-5c53-cee0-47ef766c6370.com.samsung.health.exercise.live_data.json,,1.4950622,com.sec.android.app.shealth,,,,,2024-07-18 05:02:43.690,ea544eab-857a-5c53-cee0-47ef766c6370,,
19bc3fd1-8dab-c3bd-7f6a-772317dda450.live_data_internal.json,0,,,,,2.6979754,0,,,,19bc3fd1-8dab-c3bd-7f6a-772317dda450.sensing_status.json,1,0,,,,,0,0,,0.0,,,,,,20710,,62701610,,,2024-07-20 08:29:27.270,1002,,,0.0,,30001,,,62701610,,2024-07-20 08:31:31.322,2024-07-20 08:31:31.322,,,0.0,,,,0,0.0,,0.683,0.0,0.0,,UTC+0530,S7Wp0spWno,,,19bc3fd1-8dab-c3bd-7f6a-772317dda450.com.samsung.health.exercise.live_data.json,,0.0,com.sec.android.app.shealth,,,,,2024-07-20 08:31:30.640,19bc3fd1-8dab-c3bd-7f6a-772317dda450,,
518e49ef-459b-6da5-9187-0f3e375ad9c2.live_data_internal.json,0,,,,,101.0,0,,,,,4,0,,,,,0,98,,0.0,,,518e49ef-459b-6da5-9187-0f3e375ad9c2.location_data_internal.json,,,1149760,,62701610,,518e49ef-459b-6da5-9187-0f3e375ad9c2.com.samsung.health.exercise.location_data.json,2024-07-20 12:46:40.760,1001,,,,99.0,30001,,,62701610,115.0,2024-07-20 13:07:26.413,2024-07-20 13:07:26.413,,,1.8055556,,75.0,,1301,898.266,,101.0,,,,UTC+0530,S7Wp0spWno,,,518e49ef-459b-6da5-9187-0f3e375ad9c2.com.samsung.health.exercise.live_data.json,,1.3314024,com.sec.android.app.shealth,,,,,2024-07-20 13:05:50.520,518e49ef-459b-6da5-9187-0f3e375ad9c2,,
d87fc3f9-4c00-2374-8579-e389f136f67a.live_data_internal.json,0,,,,,50.0,0,,,,,4,0,,,,,0,,,0.0,,,,,,701983,,62701610,,,2024-07-21 03:11:15.550,1001,,,,,30001,,,62701610,,2024-07-21 03:25:08.650,2024-07-21 03:25:08.650,,,1.517463,,,,795,566.259,,50.0,,,,UTC+0530,S7Wp0spWno,,,d87fc3f9-4c00-2374-8579-e389f136f67a.com.samsung.health.exercise.live_data.json,,1.2239445,com.sec.android.app.shealth,,,,,2024-07-21 03:22:57.533,d87fc3f9-4c00-2374-8579-e389f136f67a,,
da39a87f-1cbf-4914-94ff-b3fc6d58bd37.live_data_internal.json,,0,,,,131.91919,,,,,da39a87f-1cbf-4914-94ff-b3fc6d58bd37.sensing_status.json,4,,,,,,,,,,,,,,,1227649,,62701610,,,2024-07-25 05:26:00.774,0,,,,121.0,,,,62701610,133.0,2024-07-25 05:46:28.541,2024-07-25 05:46:28.541,,,,,103.0,,,,,131.91,,,,UTC+0530,Y4t2FxnDL4,,,da39a87f-1cbf-4914-94ff-b3fc6d58bd37.com.samsung.health.exercise.live_data.json,,,com.sec.android.app.shealth,,,,,2024-07-25 05:46:28.891,da39a87f-1cbf-4914-94ff-b3fc6d58bd37,,
2500a05e-3ecd-4daa-89ae-3e104553eccc.live_data_internal.json,,0,,,,78.78,,,,,2500a05e-3ecd-4daa-89ae-3e104553eccc.sensing_status.json,4,,,,,,,,,,,,,,,844619,,62701610,,,2024-07-25 05:54:20.448,0,,,,120.0,,,,62701610,131.0,2024-07-25 06:08:25.218,2024-07-25 06:08:25.218,,,,,117.0,,,,,78.78,,,,UTC+0530,Y4t2FxnDL4,,,2500a05e-3ecd-4daa-89ae-3e104553eccc.com.samsung.health.exercise.live_data.json,,,com.sec.android.app.shealth,,,,,2024-07-25 06:08:24.531,2500a05e-3ecd-4daa-89ae-3e104553eccc,,
9976c544-5e8f-415c-a891-b81621ca134f.live_data_internal.json,,0,,,,373.85175,,,,,9976c544-5e8f-415c-a891-b81621ca134f.sensing_status.json,1,,,,,,,,,,,,,,,2359890,,62701610,,,2024-07-27 04:08:09.131,15002,,,,133.0,,,,62701610,155.0,2024-07-27 04:47:31.046,2024-07-27 04:47:31.046,,,,,112.0,,,,,373.82,,,,UTC+0530,Y4t2FxnDL4,,,9976c544-5e8f-415c-a891-b81621ca134f.com.samsung.health.exercise.live_data.json,,,com.sec.android.app.shealth,,,,,2024-07-27 04:47:30.638,9976c544-5e8f-415c-a891-b81621ca134f,,
87060c1b-3001-4e70-ae83-5ae3d175d185.live_data_internal.json,,0,,,,118.0,,,,,87060c1b-3001-4e70-ae83-5ae3d175d185.sensing_status.json,4,,,,,,,,,,,,,,,1371452,,62701610,,,2024-07-28 06:33:20.128,1001,,,,98.0,30001,,,62701610,109.0,2024-07-28 06:56:59.351,2024-07-28 06:56:59.351,,,1.3055556,89.46722,81.0,,2045,1496.14,,118.0,99.0,,,UTC+0530,Y4t2FxnDL4,,,87060c1b-3001-4e70-ae83-5ae3d175d185.com.samsung.health.exercise.live_data.json,,1.0909168,com.sec.android.app.shealth,,,,,2024-07-28 06:56:11.580,87060c1b-3001-4e70-ae83-5ae3d175d185,,
b94def29-060b-477f-971d-b5ff2fd45913.live_data_internal.json,,0,,,,528.72,,,,,b94def29-060b-477f-971d-b5ff2fd45913.sensing_status.json,1,,,,,,,,,,,,,,,3576393,,62701610,,,2024-07-29 04:08:33.984,15002,,,,128.0,,,,62701610,161.0,2024-07-29 05:08:12.855,2024-07-29 05:08:12.855,,,,,109.0,,,,,528.68,,,,UTC+0530,Y4t2FxnDL4,,,b94def29-060b-477f-971d-b5ff2fd45913.com.samsung.health.exercise.live_data.json,,,com.sec.android.app.shealth,,,,,2024-07-29 05:08:12.413,b94def29-060b-477f-971d-b5ff2fd45913,,
53e34ee5-7da2-4110-9c34-eeae375aae22.live_data_internal.json,,0,,,,570.72,,,,,53e34ee5-7da2-4110-9c34-eeae375aae22.sensing_status.json,1,,,,,,,,,,,,,,,3644927,,62701610,,,2024-07-30 04:04:20.277,15002,,,,134.0,,,,62701610,155.0,2024-07-30 05:05:05.850,2024-07-30 05:05:05.850,,,,,112.0,,,,,570.72,,,,UTC+0530,Y4t2FxnDL4,,,53e34ee5-7da2-4110-9c34-eeae375aae22.com.samsung.health.exercise.live_data.json,,,com.sec.android.app.shealth,,,,,2024-07-30 05:05:05.204,53e34ee5-7da2-4110-9c34-eeae375aae22,,
49e689f4-389b-45d9-b4b5-8fde219d1fd1.live_data_internal.json,,0,,,,135.99666,,,,,49e689f4-389b-45d9-b4b5-8fde219d1fd1.sensing_status.json,4,,,,,,,,,,,,,,,1454756,,62701610,,,2024-07-30 06:09:30.601,1001,,,,105.0,30001,,,62701610,120.0,2024-07-30 06:36:13.403,2024-07-30 06:36:13.403,,,1.3313354,90.53065,90.0,,2195,1633.06,,135.0,108.0,,,UTC+0530,Y4t2FxnDL4,,,49e689f4-389b-45d9-b4b5-8fde219d1fd1.com.samsung.health.exercise.live_data.json,,1.1225663,com.sec.android.app.shealth,,,,,2024-07-30 06:34:36.135,49e689f4-389b-45d9-b4b5-8fde219d1fd1,,
97227f6e-6e9f-4f26-9253-a4d6a079db2c.live_data_internal.json,,0,,,,547.37286,,,,,97227f6e-6e9f-4f26-9253-a4d6a079db2c.sensing_status.json,1,,,,,,,,,,,,,,,3186664,,62701610,,,2024-07-31 04:07:39.404,15002,,,,134.0,,,,62701610,156.0,2024-07-31 05:40:31.483,2024-07-31 05:40:31.483,,,,,91.0,,,,,500.56,,,,UTC+0530,Y4t2FxnDL4,,,97227f6e-6e9f-4f26-9253-a4d6a079db2c.com.samsung.health.exercise.live_data.json,,,com.sec.android.app.shealth,,,,,2024-07-31 05:40:31.114,97227f6e-6e9f-4f26-9253-a4d6a079db2c,,
a082038d-f932-4198-a670-c3fa6fcab7c0.live_data_internal.json,,0,,,,134.0,,,,,a082038d-f932-4198-a670-c3fa6fcab7c0.sensing_status.json,4,,,,,,,,,,,,,,,1500438,,62701610,,,2024-08-01 05:07:12.503,1001,,,,98.0,30001,,,62701610,108.0,2024-08-01 05:34:10.507,2024-08-01 05:34:10.507,,,1.3310511,87.13456,82.0,,2179,1596.15,,134.0,102.0,,,UTC+0530,Y4t2FxnDL4,,,a082038d-f932-4198-a670-c3fa6fcab7c0.com.samsung.health.exercise.live_data.json,,1.0637894,com.sec.android.app.shealth,,,,,2024-08-01 05:32:12.941,a082038d-f932-4198-a670-c3fa6fcab7c0,,
70473806-c61a-4f35-a7ed-99b1b05ce8ce.live_data_internal.json,,0,,,,542.04486,,,,,70473806-c61a-4f35-a7ed-99b1b05ce8ce.sensing_status.json,1,,,,,,,,,,,,,,,3604619,,62701610,,,2024-08-02 04:04:11.097,15002,,,,131.0,,,,62701610,158.0,2024-08-02 05:04:21.318,2024-08-02 05:04:21.318,,,,,114.0,,,,,541.95,,,,UTC+0530,Y4t2FxnDL4,,,70473806-c61a-4f35-a7ed-99b1b05ce8ce.com.samsung.health.exercise.live_data.json,,,com.sec.android.app.shealth,,,,,2024-08-02 05:04:20.547,70473806-c61a-4f35-a7ed-99b1b05ce8ce,,
20cb6906-a564-462a-bb01-85d600361491.live_data_internal.json,,0,,,,81.00002,,,,,20cb6906-a564-462a-bb01-85d600361491.sensing_status.json,4,,,,,,,,,,,,,,,884413,,62701610,,,2024-08-02 06:08:16.129,1001,,,,112.0,30001,,,62701610,122.0,2024-08-02 06:24:15.971,2024-08-02 06:24:15.971,,,1.3811593,92.80732,92.0,,1368,1015.08,,81.0,104.0,,,UTC+0530,Y4t2FxnDL4,,,20cb6906-a564-462a-bb01-85d600361491.com.samsung.health.exercise.live_data.json,,1.1477443,com.sec.android.app.shealth,,,,,2024-08-02 06:23:00.543,20cb6906-a564-462a-bb01-85d600361491,,
6e5dae5f-7a48-46bf-90fb-206c4ce97916.live_data_internal.json,,0,,,,80.98061,,,,,6e5dae5f-7a48-46bf-90fb-206c4ce97916.sensing_status.json,4,,,,,,,,,,,,,,,826013,,62701610,,,2024-08-02 06:30:51.802,1001,,,,104.0,30001,,,62701610,113.0,2024-08-02 06:46:43.147,2024-08-02 06:46:43.147,,,1.4128889,85.71294,87.0,,1180,905.07,,80.0,99.0,,,UTC+0530,Y4t2FxnDL4,,,6e5dae5f-7a48-46bf-90fb-206c4ce97916.com.samsung.health.exercise.live_data.json,,1.0957092,com.sec.android.app.shealth,,,,,2024-08-02 06:45:27.776,6e5dae5f-7a48-46bf-90fb-206c4ce97916,,
b0c826fd-dd59-474f-8e86-1e082bd29d1d.live_data_internal.json,,0,,,,148.83623,,,,,b0c826fd-dd59-474f-8e86-1e082bd29d1d.sensing_status.json,4,,,,,,,,,,,,,,,1602950,,62701610,,,2024-08-02 07:20:37.932,0,,,,114.0,,,,62701610,122.0,2024-08-02 07:47:37.264,2024-08-02 07:47:37.264,,,,,109.0,,,,,148.53,,,,UTC+0530,Y4t2FxnDL4,,,b0c826fd-dd59-474f-8e86-1e082bd29d1d.com.samsung.health.exercise.live_data.json,,,com.sec.android.app.shealth,,,,,2024-08-02 07:47:36.484,b0c826fd-dd59-474f-8e86-1e082bd29d1d,,
54084b37-894f-46a9-b336-d8ed29b108e2.live_data_internal.json,,0,,,,140.88847,,,,,54084b37-894f-46a9-b336-d8ed29b108e2.sensing_status.json,4,,,,,,,,,,,,,,,1490553,,62701610,,,2024-08-04 06:54:58.677,1001,,,,98.0,30001,,,62701610,113.0,2024-08-04 07:22:41.046,2024-08-04 07:22:41.046,,,1.3442031,80.185005,57.0,,1992,1533.35,,139.0,100.0,,,UTC+0530,Y4t2FxnDL4,,,54084b37-894f-46a9-b336-d8ed29b108e2.com.samsung.health.exercise.live_data.json,,1.0287122,com.sec.android.app.shealth,,,,,2024-08-04 07:21:25.445,54084b37-894f-46a9-b336-d8ed29b108e2,,
e3b9f514-4399-4550-b242-790f11da63bf.live_data_internal.json,,0,,,,134.2,,,,,e3b9f514-4399-4550-b242-790f11da63bf.sensing_status.json,1,,,,,,,,,,,,,,,1160306,,62701610,,,2024-08-04 14:45:12.664,15002,,,,104.0,,,,62701610,128.0,2024-08-04 15:04:33.589,2024-08-04 15:04:33.589,,,,,91.0,,,,,134.2,,,,UTC+0530,Y4t2FxnDL4,,,e3b9f514-4399-4550-b242-790f11da63bf.com.samsung.health.exercise.live_data.json,,,com.sec.android.app.shealth,,,,,2024-08-04 15:04:32.970,e3b9f514-4399-4550-b242-790f11da63bf,,
74f26707-e82d-4a00-a6ab-b1e6f5f27165.live_data_internal.json,,0,,,,510.3,,,,,74f26707-e82d-4a00-a6ab-b1e6f5f27165.sensing_status.json,1,,,,,,,,,,,,,,,3385340,,62701610,,,2024-08-05 04:09:06.090,15002,,,,131.0,,,,62701610,154.0,2024-08-05 05:05:31.863,2024-08-05 05:05:31.863,,,,,93.0,,,,,510.3,,,,UTC+0530,Y4t2FxnDL4,,,74f26707-e82d-4a00-a6ab-b1e6f5f27165.com.samsung.health.exercise.live_data.json,,,com.sec.android.app.shealth,,,,,2024-08-05 05:05:31.430,74f26707-e82d-4a00-a6ab-b1e6f5f27165,,
5f8c03ab-19a8-4647-9bab-a906b3180e9f.live_data_internal.json,,0,,,,481.3063,,,,,5f8c03ab-19a8-4647-9bab-a906b3180e9f.sensing_status.json,1,,,,,,,,,,,,,,,3116548,,62701610,,,2024-08-06 04:06:58.982,15002,,,,130.0,,,,62701610,153.0,2024-08-06 05:12:25.365,2024-08-06 05:12:25.365,,,,,111.0,,,,,465.43,,,,UTC+0530,Y4t2FxnDL4,,,5f8c03ab-19a8-4647-9bab-a906b3180e9f.com.samsung.health.exercise.live_data.json,,,com.sec.android.app.shealth,,,,,2024-08-06 05:12:24.404,5f8c03ab-19a8-4647-9bab-a906b3180e9f,,
1e5ac81f-8b50-4b26-b546-53128afb33a1.live_data_internal.json,,0,,,,82.0,,,,,1e5ac81f-8b50-4b26-b546-53128afb33a1.sensing_status.json,4,,,,,,,,,,,,,,,919032,,62701610,,,2024-08-06 06:55:31.928,1001,,,,117.0,30001,,,62701610,138.0,2024-08-06 07:12:06.297,2024-08-06 07:12:06.297,,,1.4311304,86.24292,103.0,,1321,971.76,,82.0,98.0,,,UTC+0530,Y4t2FxnDL4,,,1e5ac81f-8b50-4b26-b546-53128afb33a1.com.samsung.health.exercise.live_data.json,,1.0573734,com.sec.android.app.shealth,,,,,2024-08-06 07:10:50.960,1e5ac81f-8b50-4b26-b546-53128afb33a1,,
1b1886c2-4d91-4950-a3df-5324301d12f5.live_data_internal.json,,0,,,,481.5085,,,,,1b1886c2-4d91-4950-a3df-5324301d12f5.sensing_status.json,1,,,,,,,,,,,,,,,3141922,,62701610,,,2024-08-07 04:10:52.991,0,,,,133.0,,,,62701610,161.0,2024-08-07 05:03:18.528,2024-08-07 05:03:18.528,,,,,91.0,,,,,481.46,,,,UTC+0530,Y4t2FxnDL4,,,1b1886c2-4d91-4950-a3df-5324301d12f5.com.samsung.health.exercise.live_data.json,,,com.sec.android.app.shealth,,,,,2024-08-07 05:03:17.385,1b1886c2-4d91-4950-a3df-5324301d12f5,,
25ce0e1e-06af-4b29-a267-b0470b6756af.live_data_internal.json,,0,,,,359.644,,,,,25ce0e1e-06af-4b29-a267-b0470b6756af.sensing_status.json,1,,,,,,,,,,,,,,,3616816,,62710150,,,2024-08-08 04:06:25.338,15005,,,,114.0,30001,,,62710150,129.0,2024-08-08 05:06:50.534,2024-08-08 05:06:42.631,,,2.222,112.839584,83.0,,6802,5190.002,,359.644,147.489,,,UTC+0530,Y4t2FxnDL4,,,25ce0e1e-06af-4b29-a267-b0470b6756af.com.samsung.health.exercise.live_data.json,,1.4349644,com.sec.android.app.shealth,,,,,2024-08-08 05:06:42.154,25ce0e1e-06af-4b29-a267-b0470b6756af,,
8bc6d5ba-e739-4eeb-a682-c24fb0ec54fa.live_data_internal.json,,0,,,,531.04,,,,,8bc6d5ba-e739-4eeb-a682-c24fb0ec54fa.sensing_status.json,1,,,,,,,,,,,,,,,3434975,,62710150,,,2024-08-09 04:05:19.459,15002,,,,132.0,,,,62710150,162.0,2024-08-09 05:02:35.016,2024-08-09 05:02:35.016,,,,,80.0,,,,,531.04,,,,UTC+0530,Y4t2FxnDL4,,,8bc6d5ba-e739-4eeb-a682-c24fb0ec54fa.com.samsung.health.exercise.live_data.json,,,com.sec.android.app.shealth,,,,,2024-08-09 05:02:34.434,8bc6d5ba-e739-4eeb-a682-c24fb0ec54fa,,
84624f0e-25a1-49e2-99cd-b9abfaf3fc85.live_data_internal.json,,0,,,,73.00002,,,,,84624f0e-25a1-49e2-99cd-b9abfaf3fc85.sensing_status.json,4,,,,,,,,,,,,,,,807220,,62710150,,,2024-08-11 05:53:02.841,1001,,,,101.0,30001,,,62710150,115.0,2024-08-11 06:07:45.837,2024-08-11 06:07:45.837,,,1.3444954,93.20879,72.0,,1254,925.09,,73.0,103.0,,,UTC+0530,Y4t2FxnDL4,,,84624f0e-25a1-49e2-99cd-b9abfaf3fc85.com.samsung.health.exercise.live_data.json,,1.1460197,com.sec.android.app.shealth,,,,,2024-08-11 06:06:30.062,84624f0e-25a1-49e2-99cd-b9abfaf3fc85,,
b65742f9-7768-4b70-86eb-656b957fc21f.live_data_internal.json,,0,,,,85.24774,,,,,b65742f9-7768-4b70-86eb-656b957fc21f.sensing_status.json,4,,,,,,,,,,,,,,,968284,,62710150,,,2024-08-11 11:26:40.148,1001,,,,101.0,30001,,,62710150,121.0,2024-08-11 11:45:05.931,2024-08-11 11:45:05.931,,,1.4444444,76.279274,82.0,,1231,885.35,,85.0,104.0,,,UTC+0530,Y4t2FxnDL4,,,b65742f9-7768-4b70-86eb-656b957fc21f.com.samsung.health.exercise.live_data.json,,0.9143495,com.sec.android.app.shealth,,,,,2024-08-11 11:43:01.054,b65742f9-7768-4b70-86eb-656b957fc21f,,
b461e3d9-7a09-4f45-a347-773b913f2cea.live_data_internal.json,,0,,,,577.08,,,,,b461e3d9-7a09-4f45-a347-773b913f2cea.sensing_status.json,1,,,,,,,,,,,,,,,3765019,,62710150,,,2024-08-12 03:53:27.795,15002,,,,131.0,,,,62710150,161.0,2024-08-12 04:56:13.282,2024-08-12 04:56:13.282,,,,,61.0,,,,,577.08,,,,UTC+0530,Y4t2FxnDL4,,,b461e3d9-7a09-4f45-a347-773b913f2cea.com.samsung.health.exercise.live_data.json,,,com.sec.android.app.shealth,,,,,2024-08-12 04:56:12.814,b461e3d9-7a09-4f45-a347-773b913f2cea,,
eac374aa-eea4-4dc1-aa2f-c3b90519f130.live_data_internal.json,,0,,,,568.68,,,,,eac374aa-eea4-4dc1-aa2f-c3b90519f130.sensing_status.json,1,,,,,,,,,,,,,,,3662082,,62710150,,,2024-08-13 04:03:00.188,15002,,,,133.0,,,,62710150,155.0,2024-08-13 05:04:02.925,2024-08-13 05:04:02.925,,,,,104.0,,,,,568.68,,,,UTC+0530,Y4t2FxnDL4,,,eac374aa-eea4-4dc1-aa2f-c3b90519f130.com.samsung.health.exercise.live_data.json,,,com.sec.android.app.shealth,,,,,2024-08-13 05:04:02.270,eac374aa-eea4-4dc1-aa2f-c3b90519f130,,
a782f09e-dc39-422e-8a71-2331b2387a51.live_data_internal.json,,0,,,,110.14,,,,,a782f09e-dc39-422e-8a71-2331b2387a51.sensing_status.json,4,,,,,,,,,,,,,,,1460608,,62710150,,,2024-08-13 05:55:34.252,0,,,,121.0,,,,62710150,138.0,2024-08-13 06:19:53.910,2024-08-13 06:19:53.910,,,,,115.0,,,,,110.14,,,,UTC+0530,Y4t2FxnDL4,,,a782f09e-dc39-422e-8a71-2331b2387a51.com.samsung.health.exercise.live_data.json,,,com.sec.android.app.shealth,,,,,2024-08-13 06:19:54.312,a782f09e-dc39-422e-8a71-2331b2387a51,,
db927e69-efae-483b-9c4f-04e4172ac23b.live_data_internal.json,,0,,,,78.76,,,,,db927e69-efae-483b-9c4f-04e4172ac23b.sensing_status.json,4,,,,,,,,,,,,,,,867192,,62710150,,,2024-08-13 07:15:15.228,0,,,,118.0,,,,62710150,126.0,2024-08-13 07:29:41.594,2024-08-13 07:29:41.594,,,,,113.0,,,,,78.76,,,,UTC+0530,Y4t2FxnDL4,,,db927e69-efae-483b-9c4f-04e4172ac23b.com.samsung.health.exercise.live_data.json,,,com.sec.android.app.shealth,,,,,2024-08-13 07:29:42.049,db927e69-efae-483b-9c4f-04e4172ac23b,,
4b15d8d0-2dbc-4b4c-9478-de8fc3670ded.live_data_internal.json,,0,,,,548.9101,,,,,4b15d8d0-2dbc-4b4c-9478-de8fc3670ded.sensing_status.json,1,,,,,,,,,,,,,,,3375049,,62710150,,,2024-08-14 03:58:40.237,15002,,,,134.0,,,,62710150,156.0,2024-08-14 05:11:09.787,2024-08-14 05:11:09.787,,,,,102.0,,,,,529.8,,,,UTC+0530,Y4t2FxnDL4,,,4b15d8d0-2dbc-4b4c-9478-de8fc3670ded.com.samsung.health.exercise.live_data.json,,,com.sec.android.app.shealth,,,,,2024-08-14 05:11:08.918,4b15d8d0-2dbc-4b4c-9478-de8fc3670ded,,
c5e20574-59fa-4a39-aeac-80be178857ba.live_data_internal.json,,0,,,,142.0,,,,,c5e20574-59fa-4a39-aeac-80be178857ba.sensing_status.json,4,,,,,,,,,,,,,,,1606032,,62710150,,,2024-08-14 06:09:04.027,1001,,,,107.0,30001,,,62710150,132.0,2024-08-14 06:37:05.446,2024-08-14 06:37:05.446,,,1.3333334,89.28838,93.0,,2390,1753.56,,142.0,106.0,,,UTC+0530,Y4t2FxnDL4,,,c5e20574-59fa-4a39-aeac-80be178857ba.com.samsung.health.exercise.live_data.json,,1.0918587,com.sec.android.app.shealth,,,,,2024-08-14 06:35:50.059,c5e20574-59fa-4a39-aeac-80be178857ba,,
735d2f87-40f2-44b7-9829-f8d2730ebcb3.live_data_internal.json,,0,,,,350.869,,,,,735d2f87-40f2-44b7-9829-f8d2730ebcb3.sensing_status.json,1,,,,,,,,,,,,,,,3610151,,62710150,,,2024-08-15 05:40:54.441,15005,,,,122.0,30001,,,62710150,145.0,2024-08-15 06:41:05.054,2024-08-15 06:41:05.054,,,2.486,105.801674,85.0,,6366,4813.559,,350.869,166.99,,,UTC+0530,Y4t2FxnDL4,,,735d2f87-40f2-44b7-9829-f8d2730ebcb3.com.samsung.health.exercise.live_data.json,,1.3333402,com.sec.android.app.shealth,,,,,2024-08-15 06:41:04.592,735d2f87-40f2-44b7-9829-f8d2730ebcb3,,
a723d757-125d-4ddd-9410-74dedfa86044.live_data_internal.json,,0,,,,519.93,,,,,a723d757-125d-4ddd-9410-74dedfa86044.sensing_status.json,1,,,,,,,,,,,,,,,3612169,,62710150,,,2024-08-16 04:13:04.879,15002,,,,128.0,,,,62710150,167.0,2024-08-16 05:13:17.545,2024-08-16 05:13:17.545,,,,,108.0,,,,,519.93,,,,UTC+0530,Y4t2FxnDL4,,,a723d757-125d-4ddd-9410-74dedfa86044.com.samsung.health.exercise.live_data.json,,,com.sec.android.app.shealth,,,,,2024-08-16 05:13:17.048,a723d757-125d-4ddd-9410-74dedfa86044,,
3a4cb450-44e2-4623-aa28-3750a67c788f.live_data_internal.json,,0,,,,559.7885,,,,,3a4cb450-44e2-4623-aa28-3750a67c788f.sensing_status.json,1,,,,,,,,,,,,,,,3622484,,62710150,,,2024-08-17 04:08:43.908,15002,,,,132.0,,,,62710150,175.0,2024-08-17 05:09:19.019,2024-08-17 05:09:19.019,,,,,75.0,,,,,559.55,,,,UTC+0530,Y4t2FxnDL4,,,3a4cb450-44e2-4623-aa28-3750a67c788f.com.samsung.health.exercise.live_data.json,,,com.sec.android.app.shealth,,,,,2024-08-17 05:09:18.545,3a4cb450-44e2-4623-aa28-3750a67c788f,,
a9176fa6-3a71-499f-89c0-cdd837e38c17.live_data_internal.json,,0,,,,118.23696,,,,,a9176fa6-3a71-499f-89c0-cdd837e38c17.sensing_status.json,4,,,,,,,,,,,,,,,1327490,,62710150,,,2024-08-17 06:26:24.454,1001,,,,108.0,30001,,,62710150,124.0,2024-08-17 06:49:59.224,2024-08-17 06:49:59.224,,,1.3888888,84.656006,85.0,,1873,1374.36,,118.0,97.0,,,UTC+0530,Y4t2FxnDL4,,,a9176fa6-3a71-499f-89c0-cdd837e38c17.com.samsung.health.exercise.live_data.json,,1.0353073,com.sec.android.app.shealth,,,,,2024-08-17 06:48:44.017,a9176fa6-3a71-499f-89c0-cdd837e38c17,,
0ceb998d-8111-4473-aa43-cbec7d066fdc.live_data_internal.json,,0,,,,546.41,,,,,0ceb998d-8111-4473-aa43-cbec7d066fdc.sensing_status.json,1,,,,,,,,,,,,,,,3575654,,62710150,,,2024-08-19 04:20:05.663,15002,,,,132.0,,,,62710150,156.0,2024-08-19 05:19:42.156,2024-08-19 05:19:42.156,,,,,88.0,,,,,546.41,,,,UTC+0530,Y4t2FxnDL4,,,0ceb998d-8111-4473-aa43-cbec7d066fdc.com.samsung.health.exercise.live_data.json,,,com.sec.android.app.shealth,,,,,2024-08-19 05:19:41.317,0ceb998d-8111-4473-aa43-cbec7d066fdc,,
d6d1bfe2-33ae-498e-a19b-7806f7fafbc9.live_data_internal.json,,0,,,,55.0,,,,,d6d1bfe2-33ae-498e-a19b-7806f7fafbc9.sensing_status.json,4,,,,,,,,,,,,,,,623513,,62710150,,,2024-08-19 06:39:31.090,1001,,,,106.0,30001,,,62710150,118.0,2024-08-19 06:51:10.012,2024-08-19 06:51:10.012,,,1.3405325,90.0703,98.0,,936,682.2,,55.0,99.0,,,UTC+0530,Y4t2FxnDL4,,,d6d1bfe2-33ae-498e-a19b-7806f7fafbc9.com.samsung.health.exercise.live_data.json,,1.0941231,com.sec.android.app.shealth,,,,,2024-08-19 06:49:54.602,d6d1bfe2-33ae-498e-a19b-7806f7fafbc9,,
b1875132-f0a8-4398-a6c9-4b0ae2f0f3a3.live_data_internal.json,,0,,,,502.64,,,,,b1875132-f0a8-4398-a6c9-4b0ae2f0f3a3.sensing_status.json,1,,,,,,,,,,,,,,,3520625,,62710150,,,2024-08-20 04:37:12.069,15002,,,,126.0,,,,62710150,155.0,2024-08-20 05:35:53.922,2024-08-20 05:35:53.922,,,,,91.0,,,,,502.64,,,,UTC+0530,Y4t2FxnDL4,,,b1875132-f0a8-4398-a6c9-4b0ae2f0f3a3.com.samsung.health.exercise.live_data.json,,,com.sec.android.app.shealth,,,,,2024-08-20 05:35:52.694,b1875132-f0a8-4398-a6c9-4b0ae2f0f3a3,,
4e85790a-8c7b-45a1-be3d-01162af445d8.live_data_internal.json,,0,,,,101.4554,,,,,4e85790a-8c7b-45a1-be3d-01162af445d8.sensing_status.json,4,,,,,,,,,,,,,,,1122829,,62710150,,,2024-08-20 06:20:08.581,1001,,,,102.0,30001,,,62710150,112.0,2024-08-20 06:40:30.057,2024-08-20 06:40:30.057,,,1.3055556,88.9717,87.0,,1665,1214.51,,101.0,98.0,,,UTC+0530,Y4t2FxnDL4,,,4e85790a-8c7b-45a1-be3d-01162af445d8.com.samsung.health.exercise.live_data.json,,1.0816518,com.sec.android.app.shealth,,,,,2024-08-20 06:39:14.612,4e85790a-8c7b-45a1-be3d-01162af445d8,,
6c4ce6d8-c066-4631-9e03-fe143721dee8.live_data_internal.json,,0,,,,537.3,,,,,6c4ce6d8-c066-4631-9e03-fe143721dee8.sensing_status.json,1,,,,,,,,,,,,,,,3611005,,62710150,,,2024-08-21 04:15:16.412,15002,,,,130.0,,,,62710150,151.0,2024-08-21 05:15:28.190,2024-08-21 05:15:28.190,,,,,98.0,,,,,537.3,,,,UTC+0530,Y4t2FxnDL4,,,6c4ce6d8-c066-4631-9e03-fe143721dee8.com.samsung.health.exercise.live_data.json,,,com.sec.android.app.shealth,,,,,2024-08-21 05:15:27.417,6c4ce6d8-c066-4631-9e03-fe143721dee8,,
27115c05-6a0f-498b-a1bc-b1dd9703db8c.live_data_internal.json,,0,,,,283.238,,,,,27115c05-6a0f-498b-a1bc-b1dd9703db8c.sensing_status.json,1,,,,,,,,,,,,,,,2958749,,62710150,,,2024-08-22 04:10:49.261,15005,,,,120.0,30001,,,62710150,134.0,2024-08-22 05:00:11.613,2024-08-22 05:00:08.424,,,2.074,103.82766,87.0,,5120,3840.002,,283.238,136.59,,,UTC+0530,Y4t2FxnDL4,,,27115c05-6a0f-498b-a1bc-b1dd9703db8c.com.samsung.health.exercise.live_data.json,,1.2978464,com.sec.android.app.shealth,,,,,2024-08-22 05:00:08.010,27115c05-6a0f-498b-a1bc-b1dd9703db8c,,
a82fda5a-aaa7-48c4-8a60-c1438bd3cb69.live_data_internal.json,,0,,,,548.9481,,,,,a82fda5a-aaa7-48c4-8a60-c1438bd3cb69.sensing_status.json,1,,,,,,,,,,,,,,,3607243,,62710150,,,2024-08-23 04:14:16.393,15002,,,,131.0,,,,62710150,165.0,2024-08-23 05:14:34.258,2024-08-23 05:14:34.258,,,,,108.0,,,,,548.75,,,,UTC+0530,Y4t2FxnDL4,,,a82fda5a-aaa7-48c4-8a60-c1438bd3cb69.com.samsung.health.exercise.live_data.json,,,com.sec.android.app.shealth,,,,,2024-08-23 05:14:33.730,a82fda5a-aaa7-48c4-8a60-c1438bd3cb69,,
6979cc4a-7426-4dfd-87af-6791962096aa.live_data_internal.json,,0,,,,119.00002,,,,,6979cc4a-7426-4dfd-87af-6791962096aa.sensing_status.json,4,,,,,,,,,,,,,,,1354733,,62710150,,,2024-08-23 06:33:00.020,1001,,,,105.0,30001,,,62710150,127.0,2024-08-23 06:56:49.844,2024-08-23 06:56:49.844,,,1.3013129,87.914,82.0,,1985,1462.79,,119.0,104.0,,,UTC+0530,Y4t2FxnDL4,,,6979cc4a-7426-4dfd-87af-6791962096aa.com.samsung.health.exercise.live_data.json,,1.0797626,com.sec.android.app.shealth,,,,,2024-08-23 06:55:34.754,6979cc4a-7426-4dfd-87af-6791962096aa,,
3d301552-8233-40da-a478-aad8545d3524.live_data_internal.json,,0,,,,489.91,,,,,3d301552-8233-40da-a478-aad8545d3524.sensing_status.json,1,,,,,,,,,,,,,,,3054263,,62710150,,,2024-08-26 05:00:37.503,15002,,,,135.0,,,,62710150,165.0,2024-08-26 05:51:32.234,2024-08-26 05:51:32.234,,,,,77.0,,,,,489.91,,,,UTC+0530,Y4t2FxnDL4,,,3d301552-8233-40da-a478-aad8545d3524.com.samsung.health.exercise.live_data.json,,,com.sec.android.app.shealth,,,,,2024-08-26 05:51:31.766,3d301552-8233-40da-a478-aad8545d3524,,
d0008723-f0ce-4398-86c6-b653682a4cd0.live_data_internal.json,,0,,,,77.4,,,,,d0008723-f0ce-4398-86c6-b653682a4cd0.sensing_status.json,4,,,,,,,,,,,,,,,800516,,62710150,,,2024-08-26 06:57:31.537,0,,,,117.0,,,,62710150,121.0,2024-08-26 07:10:52.244,2024-08-26 07:10:52.244,,,,,114.0,,,,,77.4,,,,UTC+0530,Y4t2FxnDL4,,,d0008723-f0ce-4398-86c6-b653682a4cd0.com.samsung.health.exercise.live_data.json,,,com.sec.android.app.shealth,,,,,2024-08-26 07:10:51.734,d0008723-f0ce-4398-86c6-b653682a4cd0,,
75e1de03-ea33-4535-8523-62d877f35303.live_data_internal.json,,0,,,,530.18,,,,,75e1de03-ea33-4535-8523-62d877f35303.sensing_status.json,1,,,,,,,,,,,,,,,3438631,,62710150,,,2024-08-27 04:00:53.881,15002,,,,132.0,,,,62710150,155.0,2024-08-27 04:58:12.949,2024-08-27 04:58:12.949,,,,,109.0,,,,,530.18,,,,UTC+0530,Y4t2FxnDL4,,,75e1de03-ea33-4535-8523-62d877f35303.com.samsung.health.exercise.live_data.json,,,com.sec.android.app.shealth,,,,,2024-08-27 04:58:12.512,75e1de03-ea33-4535-8523-62d877f35303,,
36925a58-0ffe-49d3-9a2a-bcec6fa5560b.live_data_internal.json,,0,,,,141.89,,,,,36925a58-0ffe-49d3-9a2a-bcec6fa5560b.sensing_status.json,4,,,,,,,,,,,,,,,1315125,,62710150,,,2024-08-27 06:19:09.791,0,,,,119.0,,,,62710150,131.0,2024-08-27 06:41:04.078,2024-08-27 06:41:04.078,,,,,114.0,,,,,141.89,,,,UTC+0530,Y4t2FxnDL4,,,36925a58-0ffe-49d3-9a2a-bcec6fa5560b.com.samsung.health.exercise.live_data.json,,,com.sec.android.app.shealth,,,,,2024-08-27 06:41:03.952,36925a58-0ffe-49d3-9a2a-bcec6fa5560b,,
41c4715d-c2a6-4e02-8875-12ec7e60e877.live_data_internal.json,,0,,,,66.72,,,,,41c4715d-c2a6-4e02-8875-12ec7e60e877.sensing_status.json,4,,,,,,,,,,,,,,,455880,,62710150,,,2024-08-27 13:54:05.869,11007,,,,119.0,,,,62710150,129.0,2024-08-27 14:02:59.916,2024-08-27 14:02:59.916,,,,,109.0,,,,,66.72,,,,UTC+0530,Y4t2FxnDL4,,,41c4715d-c2a6-4e02-8875-12ec7e60e877.com.samsung.health.exercise.live_data.json,,,com.sec.android.app.shealth,,,,,2024-08-27 14:01:41.749,41c4715d-c2a6-4e02-8875-12ec7e60e877,,
e7514ee2-b2fd-4e04-b761-eca4cc9cc793.live_data_internal.json,,0,,,,579.11,,,,,e7514ee2-b2fd-4e04-b761-eca4cc9cc793.sensing_status.json,1,,,,,,,,,,,,,,,3844717,,62710150,,,2024-08-28 03:59:12.338,15002,,,,130.0,,,,62710150,162.0,2024-08-28 05:03:17.597,2024-08-28 05:03:17.597,,,,,108.0,,,,,579.11,,,,UTC+0530,Y4t2FxnDL4,,,e7514ee2-b2fd-4e04-b761-eca4cc9cc793.com.samsung.health.exercise.live_data.json,,,com.sec.android.app.shealth,,,,,2024-08-28 05:03:17.055,e7514ee2-b2fd-4e04-b761-eca4cc9cc793,,
516975f3-089e-44fe-b54d-b3f9d95ff289.live_data_internal.json,,0,,,,124.77601,,,,,516975f3-089e-44fe-b54d-b3f9d95ff289.sensing_status.json,4,,,,,,,,,,,,,,,1296120,,62710150,,,2024-08-28 06:35:49.383,1001,,,,101.0,30001,,,62710150,120.0,2024-08-28 07:00:11.246,2024-08-28 07:00:11.246,,,1.6309965,79.15934,87.0,,1710,1351.98,,123.0,98.0,,,UTC+0530,Y4t2FxnDL4,,,516975f3-089e-44fe-b54d-b3f9d95ff289.com.samsung.health.exercise.live_data.json,,1.0430979,com.sec.android.app.shealth,,,,,2024-08-28 06:58:55.988,516975f3-089e-44fe-b54d-b3f9d95ff289,,
c323470d-17c2-41f6-bfcd-0ef8a6c3ff08.live_data_internal.json,,0,,,,304.662,,,,,c323470d-17c2-41f6-bfcd-0ef8a6c3ff08.sensing_status.json,1,,,,,,,,,,,,,,,3113696,,62710150,,,2024-08-29 04:31:38.114,15005,,,,121.0,30001,,,62710150,143.0,2024-08-29 05:25:45.532,2024-08-29 05:23:32.284,,,2.438,110.29978,78.0,,5724,4340.002,,304.662,156.035,,,UTC+0530,Y4t2FxnDL4,,,c323470d-17c2-41f6-bfcd-0ef8a6c3ff08.com.samsung.health.exercise.live_data.json,,1.3938426,com.sec.android.app.shealth,,,,,2024-08-29 05:23:31.810,c323470d-17c2-41f6-bfcd-0ef8a6c3ff08,,
c23de4ed-b33c-47f7-b486-394516c8350b.live_data_internal.json,,0,,,,548.5606,,,,,c23de4ed-b33c-47f7-b486-394516c8350b.sensing_status.json,1,,,,,,,,,,,,,,,3736182,,62720090,,,2024-08-30 04:00:28.401,15002,,,,128.0,,,,62720090,152.0,2024-08-30 05:02:50.561,2024-08-30 05:02:50.561,,,,,103.0,,,,,548.45,,,,UTC+0530,Y4t2FxnDL4,,,c23de4ed-b33c-47f7-b486-394516c8350b.com.samsung.health.exercise.live_data.json,,,com.sec.android.app.shealth,,,,,2024-08-30 05:02:50.219,c23de4ed-b33c-47f7-b486-394516c8350b,,
3793364b-1808-4066-a370-c852fea20e58.live_data_internal.json,,0,,,,559.72,,,,,3793364b-1808-4066-a370-c852fea20e58.sensing_status.json,1,,,,,,,,,,,,,,,3914949,,62720090,,,2024-08-31 04:06:09.183,15002,,,,126.0,,,,62720090,159.0,2024-08-31 05:11:24.562,2024-08-31 05:11:24.562,,,,,87.0,,,,,559.72,,,,UTC+0530,Y4t2FxnDL4,,,3793364b-1808-4066-a370-c852fea20e58.com.samsung.health.exercise.live_data.json,,,com.sec.android.app.shealth,,,,,2024-08-31 05:11:24.132,3793364b-1808-4066-a370-c852fea20e58,,
2ac8b195-7cf6-4abb-a439-168c37d0a1fa.live_data_internal.json,,0,,,,73.00002,,,,,2ac8b195-7cf6-4abb-a439-168c37d0a1fa.sensing_status.json,4,,,,,,,,,,,,,,,778222,,62720090,,,2024-08-31 05:57:05.293,1001,,,,96.0,30001,,,62720090,111.0,2024-08-31 06:11:18.833,2024-08-31 06:11:18.833,,,1.3611112,87.507164,61.0,,1135,837.99,,73.0,102.0,,,UTC+0530,Y4t2FxnDL4,,,2ac8b195-7cf6-4abb-a439-168c37d0a1fa.com.samsung.health.exercise.live_data.json,,1.0768007,com.sec.android.app.shealth,,,,,2024-08-31 06:10:03.516,2ac8b195-7cf6-4abb-a439-168c37d0a1fa,,
f341c015-d71e-41e8-91b4-ff6c6f476966.live_data_internal.json,,0,,,,89.34,,,,,f341c015-d71e-41e8-91b4-ff6c6f476966.sensing_status.json,4,,,,,,,,,,,,,,,990244,,62720090,,,2024-09-02 03:54:21.647,0,,,,113.0,,,,62720090,123.0,2024-09-02 04:10:52.012,2024-09-02 04:10:52.012,,,,,103.0,,,,,89.34,,,,UTC+0530,Y4t2FxnDL4,,,f341c015-d71e-41e8-91b4-ff6c6f476966.com.samsung.health.exercise.live_data.json,,,com.sec.android.app.shealth,,,,,2024-09-02 04:10:51.864,f341c015-d71e-41e8-91b4-ff6c6f476966,,
508bc8fa-2332-4750-a1c0-a595e998b350.live_data_internal.json,,0,,,,432.34924,,,,,508bc8fa-2332-4750-a1c0-a595e998b350.sensing_status.json,1,,,,,,,,,,,,,,,3247738,,62720090,,,2024-09-02 04:10:51.866,15002,,,,119.0,,,,62720090,151.0,2024-09-02 05:05:11.060,2024-09-02 05:05:11.060,,,,,98.0,,,,,432.15,,,,UTC+0530,Y4t2FxnDL4,,,508bc8fa-2332-4750-a1c0-a595e998b350.com.samsung.health.exercise.live_data.json,,,com.sec.android.app.shealth,,,,,2024-09-02 05:05:09.756,508bc8fa-2332-4750-a1c0-a595e998b350,,
70b56877-7298-4444-8099-66060d05ae7b.live_data_internal.json,,0,,,,104.0,,,,,70b56877-7298-4444-8099-66060d05ae7b.sensing_status.json,4,,,,,,,,,,,,,,,1166293,,62720090,,,2024-09-02 05:37:36.477,1001,,,,105.0,30001,,,62720090,114.0,2024-09-02 05:58:18.009,2024-09-02 05:58:18.009,,,1.4775792,90.23462,90.0,,1754,1282.7,,104.0,104.0,,,UTC+0530,Y4t2FxnDL4,,,70b56877-7298-4444-8099-66060d05ae7b.com.samsung.health.exercise.live_data.json,,1.0998094,com.sec.android.app.shealth,,,,,2024-09-02 05:57:02.770,70b56877-7298-4444-8099-66060d05ae7b,,
cd4c7952-8dc7-459c-869f-b561eb27f84d.live_data_internal.json,,0,,,,66.0,,,,,cd4c7952-8dc7-459c-869f-b561eb27f84d.sensing_status.json,4,,,,,,,,,,,,,,,638439,,62720090,,,2024-09-03 03:49:03.033,1001,,,,113.0,30001,,,62720090,122.0,2024-09-03 04:00:56.895,2024-09-03 04:00:56.895,,,1.6418266,95.012985,110.0,,1011,780.7,,66.0,116.0,,,UTC+0530,Y4t2FxnDL4,,,cd4c7952-8dc7-459c-869f-b561eb27f84d.com.samsung.health.exercise.live_data.json,,1.2228262,com.sec.android.app.shealth,,,,,2024-09-03 03:59:41.472,cd4c7952-8dc7-459c-869f-b561eb27f84d,,
d9022586-11b1-4d90-9934-da62ab5ab1f5.live_data_internal.json,,0,,,,630.82,,,,,d9022586-11b1-4d90-9934-da62ab5ab1f5.sensing_status.json,1,,,,,,,,,,,,,,,4543261,,62720090,,,2024-09-03 04:04:21.135,15002,,,,124.0,,,,62720090,160.0,2024-09-03 05:20:04.947,2024-09-03 05:20:04.947,,,,,104.0,,,,,630.82,,,,UTC+0530,Y4t2FxnDL4,,,d9022586-11b1-4d90-9934-da62ab5ab1f5.com.samsung.health.exercise.live_data.json,,,com.sec.android.app.shealth,,,,,2024-09-03 05:20:04.396,d9022586-11b1-4d90-9934-da62ab5ab1f5,,
f07f41cc-3978-49fa-b413-6b398b493a44.live_data_internal.json,,0,,,,596.8,,,,,f07f41cc-3978-49fa-b413-6b398b493a44.sensing_status.json,1,,,,,,,,,,,,,,,3948802,,62720090,,,2024-09-04 04:03:39.078,15002,,,,131.0,,,,62720090,151.0,2024-09-04 05:09:28.942,2024-09-04 05:09:28.942,,,,,104.0,,,,,596.8,,,,UTC+0530,Y4t2FxnDL4,,,f07f41cc-3978-49fa-b413-6b398b493a44.com.samsung.health.exercise.live_data.json,,,com.sec.android.app.shealth,,,,,2024-09-04 05:09:27.880,f07f41cc-3978-49fa-b413-6b398b493a44,,
5e289ac1-e182-4502-873d-65e2a25bf569.live_data_internal.json,,0,,,,136.27052,,,,,5e289ac1-e182-4502-873d-65e2a25bf569.sensing_status.json,4,,,,,,,,,,,,,,,1477820,,62720090,,,2024-09-04 05:55:44.961,1001,,,,104.0,30001,,,62720090,119.0,2024-09-04 06:22:42.887,2024-09-04 06:22:42.887,,,1.6642222,78.358665,82.0,,1930,1491.78,,135.0,100.0,,,UTC+0530,Y4t2FxnDL4,,,5e289ac1-e182-4502-873d-65e2a25bf569.com.samsung.health.exercise.live_data.json,,1.0094464,com.sec.android.app.shealth,,,,,2024-09-04 06:21:27.512,5e289ac1-e182-4502-873d-65e2a25bf569,,
8a96224e-e57c-4b95-93f2-8340f84ca034.live_data_internal.json,,0,,,,338.50644,,,,,8a96224e-e57c-4b95-93f2-8340f84ca034.sensing_status.json,1,,,,,,,,,,,,,,,3346413,,62720090,,,2024-09-05 04:28:39.772,15005,,,,116.0,30001,,,62720090,134.0,2024-09-05 05:45:58.499,2024-09-05 05:45:53.673,,,1.971,101.033554,83.0,,5635,4120.002,,313.223,139.849,,,UTC+0530,Y4t2FxnDL4,,,8a96224e-e57c-4b95-93f2-8340f84ca034.com.samsung.health.exercise.live_data.json,,1.2311696,com.sec.android.app.shealth,,,,,2024-09-05 05:45:54.339,8a96224e-e57c-4b95-93f2-8340f84ca034,,
5dedd9a9-77b3-483c-81e6-b77dc88e87e1.live_data_internal.json,,0,,,,492.73,,,,,5dedd9a9-77b3-483c-81e6-b77dc88e87e1.sensing_status.json,1,,,,,,,,,,,,,,,3606823,,62720090,,,2024-09-06 04:06:56.544,15002,,,,122.0,,,,62720090,149.0,2024-09-06 05:07:04.287,2024-09-06 05:07:04.287,,,,,99.0,,,,,492.73,,,,UTC+0530,Y4t2FxnDL4,,,5dedd9a9-77b3-483c-81e6-b77dc88e87e1.com.samsung.health.exercise.live_data.json,,,com.sec.android.app.shealth,,,,,2024-09-06 05:07:03.367,5dedd9a9-77b3-483c-81e6-b77dc88e87e1,,
c887a631-44e8-4c47-9d05-c428f09be766.live_data_internal.json,,0,,,,483.41,,,,,c887a631-44e8-4c47-9d05-c428f09be766.sensing_status.json,1,,,,,,,,,,,,,,,3439539,,62720090,,,2024-09-07 04:15:13.284,15002,,,,125.0,,,,62720090,154.0,2024-09-07 05:12:34.047,2024-09-07 05:12:34.047,,,,,73.0,,,,,483.41,,,,UTC+0530,Y4t2FxnDL4,,,c887a631-44e8-4c47-9d05-c428f09be766.com.samsung.health.exercise.live_data.json,,,com.sec.android.app.shealth,,,,,2024-09-07 05:12:32.823,c887a631-44e8-4c47-9d05-c428f09be766,,
610b2b9f-6af5-4073-9a31-526ff6dc1d96.live_data_internal.json,,0,,,,511.13,,,,,610b2b9f-6af5-4073-9a31-526ff6dc1d96.sensing_status.json,1,,,,,,,,,,,,,,,3516479,,62720090,,,2024-09-09 04:07:30.489,15002,,,,127.0,,,,62720090,149.0,2024-09-09 05:06:07.515,2024-09-09 05:06:07.515,,,,,105.0,,,,,511.13,,,,UTC+0530,Y4t2FxnDL4,,,610b2b9f-6af5-4073-9a31-526ff6dc1d96.com.samsung.health.exercise.live_data.json,,,com.sec.android.app.shealth,,,,,2024-09-09 05:06:06.968,610b2b9f-6af5-4073-9a31-526ff6dc1d96,,
ec38ebf5-d53d-4dbd-8d21-fd2661aa5e8e.live_data_internal.json,,0,,,,641.33,,,,,ec38ebf5-d53d-4dbd-8d21-fd2661aa5e8e.sensing_status.json,1,,,,,,,,,,,,,,,4617739,,62720090,,,2024-09-10 04:00:16.005,15002,,,,124.0,,,,62720090,155.0,2024-09-10 05:17:14.231,2024-09-10 05:17:14.231,,,,,100.0,,,,,641.33,,,,UTC+0530,Y4t2FxnDL4,,,ec38ebf5-d53d-4dbd-8d21-fd2661aa5e8e.com.samsung.health.exercise.live_data.json,,,com.sec.android.app.shealth,,,,,2024-09-10 05:17:13.744,ec38ebf5-d53d-4dbd-8d21-fd2661aa5e8e,,
fa9253df-df2b-47ef-8d63-3fe5165c908e.live_data_internal.json,,0,,,,131.10315,,,,,fa9253df-df2b-47ef-8d63-3fe5165c908e.sensing_status.json,4,,,,,,,,,,,,,,,1402989,,62720090,,,2024-09-10 06:17:20.262,1001,,,,102.0,30001,,,62720090,116.0,2024-09-10 06:42:55.018,2024-09-10 06:42:55.018,,,1.3494797,83.69274,88.0,,1957,1465.84,,130.0,101.0,,,UTC+0530,Y4t2FxnDL4,,,fa9253df-df2b-47ef-8d63-3fe5165c908e.com.samsung.health.exercise.live_data.json,,1.0447979,com.sec.android.app.shealth,,,,,2024-09-10 06:41:39.455,fa9253df-df2b-47ef-8d63-3fe5165c908e,,
49e42e86-2162-4a0a-86d2-b65f26b8e38b.live_data_internal.json,,0,,,,622.81,,,,,49e42e86-2162-4a0a-86d2-b65f26b8e38b.sensing_status.json,1,,,,,,,,,,,,,,,4191719,,62720090,,,2024-09-11 03:59:44.441,15002,,,,129.0,,,,62720090,151.0,2024-09-11 05:09:37.289,2024-09-11 05:09:37.289,,,,,104.0,,,,,622.81,,,,UTC+0530,Y4t2FxnDL4,,,49e42e86-2162-4a0a-86d2-b65f26b8e38b.com.samsung.health.exercise.live_data.json,,,com.sec.android.app.shealth,,,,,2024-09-11 05:09:36.160,49e42e86-2162-4a0a-86d2-b65f26b8e38b,,
2c51096b-124e-4832-abdc-cd75c0f08ba2.live_data_internal.json,,0,,,,179.401,,,,,2c51096b-124e-4832-abdc-cd75c0f08ba2.sensing_status.json,1,,,,,,,,,,,,,,,1802535,,62720090,,,2024-09-12 05:35:04.871,15005,,,,118.0,30001,,,62720090,132.0,2024-09-12 06:05:10.200,2024-09-12 06:05:07.870,,,2.187,112.408356,,,3377,2560.002,,179.401,144.009,,,UTC+0530,Y4t2FxnDL4,,,2c51096b-124e-4832-abdc-cd75c0f08ba2.com.samsung.health.exercise.live_data.json,,1.4202231,com.sec.android.app.shealth,,,,,2024-09-12 06:05:07.406,2c51096b-124e-4832-abdc-cd75c0f08ba2,,
7b7c5ede-81f8-4833-b53f-c1669f3f3fda.live_data_internal.json,,0,,,,185.11,,,,,7b7c5ede-81f8-4833-b53f-c1669f3f3fda.sensing_status.json,1,,,,,,,,,,,,,,,1179655,,62720090,,,2024-09-12 06:05:19.186,15002,,,,136.0,,,,62720090,154.0,2024-09-12 06:24:59.286,2024-09-12 06:24:59.286,,,,,116.0,,,,,185.11,,,,UTC+0530,Y4t2FxnDL4,,,7b7c5ede-81f8-4833-b53f-c1669f3f3fda.com.samsung.health.exercise.live_data.json,,,com.sec.android.app.shealth,,,,,2024-09-12 06:24:58.841,7b7c5ede-81f8-4833-b53f-c1669f3f3fda,,
2f2d6298-272f-4afa-870e-26dc2f305e2e.live_data_internal.json,,0,,,,515.59,,,,,2f2d6298-272f-4afa-870e-26dc2f305e2e.sensing_status.json,1,,,,,,,,,,,,,,,3451443,,62720090,,,2024-09-13 04:07:46.353,15002,,,,130.0,,,,62720090,149.0,2024-09-13 05:05:18.427,2024-09-13 05:05:18.427,,,,,108.0,,,,,515.59,,,,UTC+0530,Y4t2FxnDL4,,,2f2d6298-272f-4afa-870e-26dc2f305e2e.com.samsung.health.exercise.live_data.json,,,com.sec.android.app.shealth,,,,,2024-09-13 05:05:17.796,2f2d6298-272f-4afa-870e-26dc2f305e2e,,
7396d05a-2ef1-4912-a19d-03099171eb08.live_data_internal.json,,0,,,,125.222755,,,,,7396d05a-2ef1-4912-a19d-03099171eb08.sensing_status.json,4,,,,,,,,,,,,,,,1248161,,62720090,,,2024-09-14 02:24:27.140,1001,,,,100.0,30001,,,62720090,115.0,2024-09-14 02:48:24.039,2024-09-14 02:48:24.039,,,1.3611112,68.11621,89.0,,1417,1141.12,,123.0,103.0,,,UTC+0530,Y4t2FxnDL4,,,7396d05a-2ef1-4912-a19d-03099171eb08.com.samsung.health.exercise.live_data.json,,0.914241,com.sec.android.app.shealth,,,,,2024-09-14 02:47:08.547,7396d05a-2ef1-4912-a19d-03099171eb08,,
717c61de-b3ab-4506-8ed1-343b08d25418.live_data_internal.json,,0,,,,108.43253,,,,,717c61de-b3ab-4506-8ed1-343b08d25418.sensing_status.json,4,,,,,,,,,,,,,,,1066945,,62720090,,,2024-09-14 03:52:02.052,1001,,,,104.0,30001,,,62720090,117.0,2024-09-14 04:11:53.196,2024-09-14 04:11:53.196,,,1.5818511,80.52899,63.0,,1432,1127.61,,106.0,109.0,,,UTC+0530,Y4t2FxnDL4,,,717c61de-b3ab-4506-8ed1-343b08d25418.com.samsung.health.exercise.live_data.json,,1.0568587,com.sec.android.app.shealth,,,,,2024-09-14 04:11:52.931,717c61de-b3ab-4506-8ed1-343b08d25418,,
71454126-402a-4268-90e8-65cad10da9c8.live_data_internal.json,,0,,,,436.51,,,,,71454126-402a-4268-90e8-65cad10da9c8.sensing_status.json,1,,,,,,,,,,,,,,,3265768,,62720090,,,2024-09-14 04:11:52.932,15002,,,,122.0,,,,62720090,167.0,2024-09-14 05:06:19.254,2024-09-14 05:06:19.254,,,,,103.0,,,,,436.51,,,,UTC+0530,Y4t2FxnDL4,,,71454126-402a-4268-90e8-65cad10da9c8.com.samsung.health.exercise.live_data.json,,,com.sec.android.app.shealth,,,,,2024-09-14 05:06:18.700,71454126-402a-4268-90e8-65cad10da9c8,,
f243d6f9-f444-41dd-9cf7-328d523b6bde.live_data_internal.json,,0,,,,86.16895,,,,,f243d6f9-f444-41dd-9cf7-328d523b6bde.sensing_status.json,4,,,,,,,,,,,,,,,969253,,62720090,,,2024-09-15 05:33:03.225,1001,,,,96.0,30001,,,62720090,110.0,2024-09-15 05:50:36.797,2024-09-15 05:50:36.797,,,1.3049878,82.579056,60.0,,1334,970.86,,86.0,103.0,,,UTC+0530,Y4t2FxnDL4,,,f243d6f9-f444-41dd-9cf7-328d523b6bde.com.samsung.health.exercise.live_data.json,,1.001658,com.sec.android.app.shealth,,,,,2024-09-15 05:49:21.086,f243d6f9-f444-41dd-9cf7-328d523b6bde,,
7bba81e8-5eaf-43c1-8a8a-ff5bb8f0e2b9.live_data_internal.json,,0,,,,568.5577,,,,,7bba81e8-5eaf-43c1-8a8a-ff5bb8f0e2b9.sensing_status.json,1,,,,,,,,,,,,,,,4291326,,62720090,,,2024-09-16 03:55:42.562,15002,,,,120.0,,,,62720090,157.0,2024-09-16 05:07:06.642,2024-09-16 05:07:06.642,,,,,72.0,,,,,568.48,,,,UTC+0530,Y4t2FxnDL4,,,7bba81e8-5eaf-43c1-8a8a-ff5bb8f0e2b9.com.samsung.health.exercise.live_data.json,,,com.sec.android.app.shealth,,,,,2024-09-16 05:07:17.848,7bba81e8-5eaf-43c1-8a8a-ff5bb8f0e2b9,,
55479966-a392-4d00-8916-10e00cab4749.live_data_internal.json,,0,,,,121.0,,,,,55479966-a392-4d00-8916-10e00cab4749.sensing_status.json,4,,,,,,,,,,,,,,,1299296,,62720090,,,2024-09-17 13:33:29.502,1001,,,,104.0,30001,,,62720090,113.0,2024-09-17 13:56:24.214,2024-09-17 13:56:24.214,,,1.4722222,103.11738,92.0,,2233,1635.19,,121.0,113.0,,,UTC+0530,Y4t2FxnDL4,,,55479966-a392-4d00-8916-10e00cab4749.com.samsung.health.exercise.live_data.json,,1.2585199,com.sec.android.app.shealth,,,,,2024-09-17 13:55:08.798,55479966-a392-4d00-8916-10e00cab4749,,
a79d7a8c-6291-4caa-ab9d-595814e6ef3f.live_data_internal.json,,0,,,,516.2,,,,,a79d7a8c-6291-4caa-ab9d-595814e6ef3f.sensing_status.json,1,,,,,,,,,,,,,,,3823525,,62720090,,,2024-09-18 04:10:05.348,15002,,,,122.0,,,,62720090,150.0,2024-09-18 05:13:49.351,2024-09-18 05:13:49.351,,,,,91.0,,,,,516.2,,,,UTC+0530,Y4t2FxnDL4,,,a79d7a8c-6291-4caa-ab9d-595814e6ef3f.com.samsung.health.exercise.live_data.json,,,com.sec.android.app.shealth,,,,,2024-09-18 05:13:48.873,a79d7a8c-6291-4caa-ab9d-595814e6ef3f,,
4a7b85f2-0ca3-4efe-a88c-43af2e2f9e50.live_data_internal.json,,0,,,,377.68,,,,,4a7b85f2-0ca3-4efe-a88c-43af2e2f9e50.sensing_status.json,1,,,,,,,,,,,,,,,2473726,,62720090,,,2024-09-19 04:08:58.624,15002,,,,132.0,,,,62720090,149.0,2024-09-19 04:50:12.926,2024-09-19 04:50:12.926,,,,,107.0,,,,,377.68,,,,UTC+0530,Y4t2FxnDL4,,,4a7b85f2-0ca3-4efe-a88c-43af2e2f9e50.com.samsung.health.exercise.live_data.json,,,com.sec.android.app.shealth,,,,,2024-09-19 04:50:12.350,4a7b85f2-0ca3-4efe-a88c-43af2e2f9e50,,
96fae6be-dc08-45d6-b975-5c061486b127.live_data_internal.json,,0,,,,153.797,,,,,96fae6be-dc08-45d6-b975-5c061486b127.sensing_status.json,1,,,,,,,,,,,,,,,1805421,,62720090,,,2024-09-19 04:50:28.153,15005,,,,123.0,30001,,,62720090,138.0,2024-09-19 05:20:36.585,2024-09-19 05:20:34.087,,,2.046,63.674896,95.0,,1916,1370.002,,153.797,141.167,,,UTC+0530,Y4t2FxnDL4,,,96fae6be-dc08-45d6-b975-5c061486b127.com.samsung.health.exercise.live_data.json,,0.75882685,com.sec.android.app.shealth,,,,,2024-09-19 05:20:33.574,96fae6be-dc08-45d6-b975-5c061486b127,,
ae4066c7-3ca0-4da1-acc4-bba3170a22b2.live_data_internal.json,,0,,,,72.73,,,,,ae4066c7-3ca0-4da1-acc4-bba3170a22b2.sensing_status.json,4,,,,,,,,,,,,,,,742955,,62720090,,,2024-09-22 08:17:14.124,0,,,,105.0,,,,62720090,112.0,2024-09-22 08:29:37.252,2024-09-22 08:29:37.252,,,,,97.0,,,,,72.73,,,,UTC+0530,Y4t2FxnDL4,,,ae4066c7-3ca0-4da1-acc4-bba3170a22b2.com.samsung.health.exercise.live_data.json,,,com.sec.android.app.shealth,,,,,2024-09-22 08:29:36.670,ae4066c7-3ca0-4da1-acc4-bba3170a22b2,,
5472c34c-d9da-4c4b-9d62-c79768140e2a.live_data_internal.json,,0,,,,72.07736,,,,,5472c34c-d9da-4c4b-9d62-c79768140e2a.sensing_status.json,4,,,,,,,,,,,,,,,752238,,62720090,,,2024-09-23 03:57:58.488,1001,,,,103.0,30001,,,62720090,114.0,2024-09-23 04:11:25.921,2024-09-23 04:11:25.921,,,1.5833334,91.40725,82.0,,1146,915.64,,71.0,120.0,,,UTC+0530,Y4t2FxnDL4,,,5472c34c-d9da-4c4b-9d62-c79768140e2a.com.samsung.health.exercise.live_data.json,,1.2172213,com.sec.android.app.shealth,,,,,2024-09-23 04:11:25.616,5472c34c-d9da-4c4b-9d62-c79768140e2a,,
8f1a1cd5-8bdc-45da-ab91-034c97f151a6.live_data_internal.json,,0,,,,505.63556,,,,,8f1a1cd5-8bdc-45da-ab91-034c97f151a6.sensing_status.json,1,,,,,,,,,,,,,,,3571647,,62720090,,,2024-09-23 04:11:25.616,15002,,,,126.0,,,,62720090,154.0,2024-09-23 05:11:02.035,2024-09-23 05:11:02.035,,,,,95.0,,,,,505.55,,,,UTC+0530,Y4t2FxnDL4,,,8f1a1cd5-8bdc-45da-ab91-034c97f151a6.com.samsung.health.exercise.live_data.json,,,com.sec.android.app.shealth,,,,,2024-09-23 05:11:01.622,8f1a1cd5-8bdc-45da-ab91-034c97f151a6,,
addb2661-d28a-4e4e-a3b5-011877aab8d1.live_data_internal.json,,0,,,,582.03,,,,,addb2661-d28a-4e4e-a3b5-011877aab8d1.sensing_status.json,1,,,,,,,,,,,,,,,4170788,,62720090,,,2024-09-25 04:02:07.764,15002,,,,124.0,,,,62720090,148.0,2024-09-25 05:11:39.865,2024-09-25 05:11:39.865,,,,,104.0,,,,,582.03,,,,UTC+0530,Y4t2FxnDL4,,,addb2661-d28a-4e4e-a3b5-011877aab8d1.com.samsung.health.exercise.live_data.json,,,com.sec.android.app.shealth,,,,,2024-09-25 05:11:38.552,addb2661-d28a-4e4e-a3b5-011877aab8d1,,
c1d24819-c18e-4f62-8548-7590dbb3ecd5.live_data_internal.json,,0,,,,572.54,,,,,c1d24819-c18e-4f62-8548-7590dbb3ecd5.sensing_status.json,1,,,,,,,,,,,,,,,3915752,,62720090,,,2024-09-26 04:01:15.306,15002,,,,128.0,,,,62720090,151.0,2024-09-26 05:06:31.743,2024-09-26 05:06:31.743,,,,,100.0,,,,,572.54,,,,UTC+0530,Y4t2FxnDL4,,,c1d24819-c18e-4f62-8548-7590dbb3ecd5.com.samsung.health.exercise.live_data.json,,,com.sec.android.app.shealth,,,,,2024-09-26 05:06:31.058,c1d24819-c18e-4f62-8548-7590dbb3ecd5,,
a7929368-613d-403c-98bb-3fbd334ff567.live_data_internal.json,,0,,,,494.6921,,,,,a7929368-613d-403c-98bb-3fbd334ff567.sensing_status.json,1,,,,,,,,,,,,,,,3337824,,62720090,,,2024-09-27 04:20:30.732,15002,,,,128.0,,,,62720090,151.0,2024-09-27 05:18:54.685,2024-09-27 05:18:54.685,,,,,96.0,,,,,491.4,,,,UTC+0530,Y4t2FxnDL4,,,a7929368-613d-403c-98bb-3fbd334ff567.com.samsung.health.exercise.live_data.json,,,com.sec.android.app.shealth,,,,,2024-09-27 05:18:56.285,a7929368-613d-403c-98bb-3fbd334ff567,,
5a2e728a-b6e8-480e-a763-59c5f472e6c3.live_data_internal.json,,0,,,,183.94,,,,,5a2e728a-b6e8-480e-a763-59c5f472e6c3.sensing_status.json,4,,,,,,,,,,,,,,,1493215,,62720090,,,2024-09-28 06:26:26.833,0,,,,128.0,,,,62720090,150.0,2024-09-28 06:51:19.324,2024-09-28 06:51:19.324,,,,,110.0,,,,,183.94,,,,UTC+0530,Y4t2FxnDL4,,,5a2e728a-b6e8-480e-a763-59c5f472e6c3.com.samsung.health.exercise.live_data.json,,,com.sec.android.app.shealth,,,,,2024-09-28 06:51:19.159,5a2e728a-b6e8-480e-a763-59c5f472e6c3,,
e07c9ca8-4419-4c22-a2ed-64de6aac1d94.live_data_internal.json,,0,,,,522.15,,,,,e07c9ca8-4419-4c22-a2ed-64de6aac1d94.sensing_status.json,1,,,,,,,,,,,,,,,3609349,,62720090,,,2024-09-30 03:55:45.403,15002,,,,128.0,,,,62720090,155.0,2024-09-30 04:55:55.316,2024-09-30 04:55:55.316,,,,,105.0,,,,,522.15,,,,UTC+0530,Y4t2FxnDL4,,,e07c9ca8-4419-4c22-a2ed-64de6aac1d94.com.samsung.health.exercise.live_data.json,,,com.sec.android.app.shealth,,,,,2024-09-30 04:55:54.752,e07c9ca8-4419-4c22-a2ed-64de6aac1d94,,
0c7300fd-356e-4274-9bba-59bcadfc825d.live_data_internal.json,,0,,,,128.68195,,,,,0c7300fd-356e-4274-9bba-59bcadfc825d.sensing_status.json,1,,,,,,,,,,,,,,,1068643,,62720090,,,2024-10-01 04:01:56.690,15002,,,,115.0,,,,62720090,136.0,2024-10-01 04:19:47.583,2024-10-01 04:19:47.583,,,,,98.0,,,,,128.65,,,,UTC+0530,Y4t2FxnDL4,,,0c7300fd-356e-4274-9bba-59bcadfc825d.com.samsung.health.exercise.live_data.json,,,com.sec.android.app.shealth,,,,,2024-10-01 04:19:46.961,0c7300fd-356e-4274-9bba-59bcadfc825d,,
a64e712e-f453-4db1-95c8-d970b308f59b.live_data_internal.json,,0,,,,442.63,,,,,a64e712e-f453-4db1-95c8-d970b308f59b.sensing_status.json,1,,,,,,,,,,,,,,,3218684,,62720090,,,2024-10-01 04:19:58.184,15002,,,,123.0,,,,62720090,153.0,2024-10-01 05:13:38.116,2024-10-01 05:13:38.116,,,,,98.0,,,,,442.63,,,,UTC+0530,Y4t2FxnDL4,,,a64e712e-f453-4db1-95c8-d970b308f59b.com.samsung.health.exercise.live_data.json,,,com.sec.android.app.shealth,,,,,2024-10-01 05:13:36.868,a64e712e-f453-4db1-95c8-d970b308f59b,,
3589764d-5fa8-495a-bac3-b695d9286701.live_data_internal.json,,0,,,,374.06207,,,,,3589764d-5fa8-495a-bac3-b695d9286701.sensing_status.json,1,,,,,,,,,,,,,,,2552791,,62720090,,,2024-10-02 05:08:28.222,15002,,,,128.0,,,,62720090,152.0,2024-10-02 05:52:46.008,2024-10-02 05:52:46.008,,,,,90.0,,,,,372.01,,,,UTC+0530,Y4t2FxnDL4,,,3589764d-5fa8-495a-bac3-b695d9286701.com.samsung.health.exercise.live_data.json,,,com.sec.android.app.shealth,,,,,2024-10-02 05:52:45.562,3589764d-5fa8-495a-bac3-b695d9286701,,
58b7893e-6381-40b8-95bb-0bb68147c372.live_data_internal.json,,0,,,,129.51,,,,,58b7893e-6381-40b8-95bb-0bb68147c372.sensing_status.json,4,,,,,,,,,,,,,,,1335387,,62720090,,,2024-10-02 07:48:41.091,0,,,,115.0,,,,62720090,130.0,2024-10-02 08:10:56.623,2024-10-02 08:10:56.623,,,,,105.0,,,,,129.51,,,,UTC+0530,Y4t2FxnDL4,,,58b7893e-6381-40b8-95bb-0bb68147c372.com.samsung.health.exercise.live_data.json,,,com.sec.android.app.shealth,,,,,2024-10-02 08:10:56.186,58b7893e-6381-40b8-95bb-0bb68147c372,,
6ae68d0d-fd8c-4dd0-81d7-97f946f42b67.live_data_internal.json,,0,,,,544.84,,,,,6ae68d0d-fd8c-4dd0-81d7-97f946f42b67.sensing_status.json,1,,,,,,,,,,,,,,,3920598,,62720090,,,2024-10-04 04:08:55.283,15002,,,,124.0,,,,62720090,149.0,2024-10-04 05:14:16.477,2024-10-04 05:14:16.477,,,,,103.0,,,,,544.84,,,,UTC+0530,Y4t2FxnDL4,,,6ae68d0d-fd8c-4dd0-81d7-97f946f42b67.com.samsung.health.exercise.live_data.json,,,com.sec.android.app.shealth,,,,,2024-10-04 05:14:15.881,6ae68d0d-fd8c-4dd0-81d7-97f946f42b67,,
5d742385-50b9-4c26-85e5-d9ed53ac6072.live_data_internal.json,,0,,,,165.05623,,,,,5d742385-50b9-4c26-85e5-d9ed53ac6072.sensing_status.json,4,,,,,,,,,,,,,,,1681113,,62720090,,,2024-10-05 01:22:35.535,1001,,,,106.0,30001,,,62720090,118.0,2024-10-05 01:54:09.416,2024-10-05 01:54:09.416,,,1.3572822,74.307915,87.0,,2082,1631.08,,162.0,95.0,,,UTC+0530,Y4t2FxnDL4,,,5d742385-50b9-4c26-85e5-d9ed53ac6072.com.samsung.health.exercise.live_data.json,,0.97023815,com.sec.android.app.shealth,,,,,2024-10-05 01:53:12.358,5d742385-50b9-4c26-85e5-d9ed53ac6072,,
e8145b1c-3b87-4322-ac2e-55fba207180b.live_data_internal.json,,0,,,,505.58,,,,,e8145b1c-3b87-4322-ac2e-55fba207180b.sensing_status.json,1,,,,,,,,,,,,,,,3322676,,62720090,,,2024-10-07 04:02:55.128,15002,,,,131.0,,,,62720090,153.0,2024-10-07 04:58:18.275,2024-10-07 04:58:18.275,,,,,109.0,,,,,505.58,,,,UTC+0530,Y4t2FxnDL4,,,e8145b1c-3b87-4322-ac2e-55fba207180b.com.samsung.health.exercise.live_data.json,,,com.sec.android.app.shealth,,,,,2024-10-07 04:58:17.804,e8145b1c-3b87-4322-ac2e-55fba207180b,,
0fcae45c-9ac6-4e60-b465-47305e6a5e75.live_data_internal.json,,0,,,,485.05,,,,,0fcae45c-9ac6-4e60-b465-47305e6a5e75.sensing_status.json,1,,,,,,,,,,,,,,,3437980,,62720090,,,2024-10-08 04:02:48.625,15002,,,,125.0,,,,62720090,158.0,2024-10-08 05:00:07.398,2024-10-08 05:00:07.398,,,,,89.0,,,,,485.05,,,,UTC+0530,Y4t2FxnDL4,,,0fcae45c-9ac6-4e60-b465-47305e6a5e75.com.samsung.health.exercise.live_data.json,,,com.sec.android.app.shealth,,,,,2024-10-08 05:00:06.605,0fcae45c-9ac6-4e60-b465-47305e6a5e75,,
d0673830-ab30-4174-b7b0-081b6d271bdd.live_data_internal.json,,0,,,,455.64,,,,,d0673830-ab30-4174-b7b0-081b6d271bdd.sensing_status.json,1,,,,,,,,,,,,,,,3412201,,62720090,,,2024-10-09 04:14:16.954,15002,,,,121.0,,,,62720090,144.0,2024-10-09 05:11:09.818,2024-10-09 05:11:09.818,,,,,71.0,,,,,455.64,,,,UTC+0530,Y4t2FxnDL4,,,d0673830-ab30-4174-b7b0-081b6d271bdd.com.samsung.health.exercise.live_data.json,,,com.sec.android.app.shealth,,,,,2024-10-09 05:11:09.155,d0673830-ab30-4174-b7b0-081b6d271bdd,,
761c6f0e-532f-45ab-8ad0-5e741184c166.live_data_internal.json,,0,,,,436.54,,,,,761c6f0e-532f-45ab-8ad0-5e741184c166.sensing_status.json,1,,,,,,,,,,,,,,,3138203,,62720090,,,2024-10-10 04:18:11.251,15002,,,,124.0,,,,62720090,152.0,2024-10-10 05:10:30.119,2024-10-10 05:10:30.119,,,,,86.0,,,,,436.54,,,,UTC+0530,Y4t2FxnDL4,,,761c6f0e-532f-45ab-8ad0-5e741184c166.com.samsung.health.exercise.live_data.json,,,com.sec.android.app.shealth,,,,,2024-10-10 05:10:29.454,761c6f0e-532f-45ab-8ad0-5e741184c166,,
7a512239-bbd3-4dfa-83ba-fc9455e84e25.live_data_internal.json,,0,,,,40.46,,,,,7a512239-bbd3-4dfa-83ba-fc9455e84e25.sensing_status.json,4,,,,,,,,,,,,,,,233420,,62720090,,,2024-10-11 04:52:44.342,11007,,,,112.0,,,,62720090,125.0,2024-10-11 04:58:03.336,2024-10-11 04:58:03.336,,,,,98.0,,,,,40.46,,,,UTC+0530,Y4t2FxnDL4,,,7a512239-bbd3-4dfa-83ba-fc9455e84e25.com.samsung.health.exercise.live_data.json,,,com.sec.android.app.shealth,,,,,2024-10-11 04:56:37.762,7a512239-bbd3-4dfa-83ba-fc9455e84e25,,
a789051a-5f33-4b92-94ae-2d99c5eaf830.live_data_internal.json,,0,,,,136.41847,,,,,a789051a-5f33-4b92-94ae-2d99c5eaf830.sensing_status.json,4,,,,,,,,,,,,,,,1444599,,62720090,,,2024-10-14 01:46:51.932,1001,,,,104.0,30001,,,62720090,117.0,2024-10-14 02:13:24.398,2024-10-14 02:13:24.398,,,1.3888888,82.278885,94.0,,1981,1438.56,,135.0,100.0,,,UTC+0530,Y4t2FxnDL4,,,a789051a-5f33-4b92-94ae-2d99c5eaf830.com.samsung.health.exercise.live_data.json,,0.9958196,com.sec.android.app.shealth,,,,,2024-10-14 02:12:08.800,a789051a-5f33-4b92-94ae-2d99c5eaf830,,
8cb598c5-7679-4ead-8807-2552bdbd767e.live_data_internal.json,,0,,,,600.99,,,,,8cb598c5-7679-4ead-8807-2552bdbd767e.sensing_status.json,1,,,,,,,,,,,,,,,4268829,,62720090,,,2024-10-14 03:59:42.991,15002,,,,124.0,,,,62720090,156.0,2024-10-14 05:10:52.377,2024-10-14 05:10:52.377,,,,,83.0,,,,,600.99,,,,UTC+0530,Y4t2FxnDL4,,,8cb598c5-7679-4ead-8807-2552bdbd767e.com.samsung.health.exercise.live_data.json,,,com.sec.android.app.shealth,,,,,2024-10-14 05:10:51.820,8cb598c5-7679-4ead-8807-2552bdbd767e,,
ef0bc125-03f2-4db4-b421-d8a1bf1d7b21.live_data_internal.json,,0,,,,625.22284,,,,,ef0bc125-03f2-4db4-b421-d8a1bf1d7b21.sensing_status.json,1,,,,,,,,,,,,,,,4206770,,62720090,,,2024-10-15 04:15:41.781,15002,,,,129.0,,,,62720090,152.0,2024-10-15 05:25:51.786,2024-10-15 05:25:51.786,,,,,92.0,,,,,625.17,,,,UTC+0530,Y4t2FxnDL4,,,ef0bc125-03f2-4db4-b421-d8a1bf1d7b21.com.samsung.health.exercise.live_data.json,,,com.sec.android.app.shealth,,,,,2024-10-15 05:25:51.245,ef0bc125-03f2-4db4-b421-d8a1bf1d7b21,,
f35b551d-f348-41ec-ab8c-534ab3bbec63.live_data_internal.json,,0,,,,425.75,,,,,f35b551d-f348-41ec-ab8c-534ab3bbec63.sensing_status.json,1,,,,,,,,,,,,,,,2913981,,62720090,,,2024-10-16 04:10:01.626,15002,,,,128.0,,,,62720090,149.0,2024-10-16 04:58:36.623,2024-10-16 04:58:36.623,,,,,112.0,,,,,425.75,,,,UTC+0530,Y4t2FxnDL4,,,f35b551d-f348-41ec-ab8c-534ab3bbec63.com.samsung.health.exercise.live_data.json,,,com.sec.android.app.shealth,,,,,2024-10-16 04:58:35.607,f35b551d-f348-41ec-ab8c-534ab3bbec63,,
f09ca0e9-17b8-4b58-bbab-4fd09d147c89.live_data_internal.json,,0,,,,487.85,,,,,f09ca0e9-17b8-4b58-bbab-4fd09d147c89.sensing_status.json,1,,,,,,,,,,,,,,,3626275,,62720090,,,2024-10-18 04:06:00.005,15002,,,,120.0,,,,62720090,158.0,2024-10-18 05:06:26.828,2024-10-18 05:06:26.828,,,,,100.0,,,,,487.85,,,,UTC+0530,Y4t2FxnDL4,,,f09ca0e9-17b8-4b58-bbab-4fd09d147c89.com.samsung.health.exercise.live_data.json,,,com.sec.android.app.shealth,,,,,2024-10-18 05:06:26.280,f09ca0e9-17b8-4b58-bbab-4fd09d147c89,,
2247eaf7-1ad0-4940-b553-7ebce1de3c95.live_data_internal.json,,0,,,,492.96072,,,,,2247eaf7-1ad0-4940-b553-7ebce1de3c95.sensing_status.json,1,,,,,,,,,,,,,,,3555606,,62720090,,,2024-10-19 04:12:49.424,15002,,,,123.0,,,,62720090,147.0,2024-10-19 05:12:32.867,2024-10-19 05:12:32.867,,,,,102.0,,,,,492.42,,,,UTC+0530,Y4t2FxnDL4,,,2247eaf7-1ad0-4940-b553-7ebce1de3c95.com.samsung.health.exercise.live_data.json,,,com.sec.android.app.shealth,,,,,2024-10-19 05:12:32.579,2247eaf7-1ad0-4940-b553-7ebce1de3c95,,
afb6f23e-1039-4ebb-8863-bfad25d7b0a0.live_data_internal.json,,0,,,,65.00002,,,,,afb6f23e-1039-4ebb-8863-bfad25d7b0a0.sensing_status.json,4,,,,,,,,,,,,,,,681004,,62720090,,,2024-10-21 01:32:53.730,1001,,,,102.0,30001,,,62720090,111.0,2024-10-21 01:46:18.833,2024-10-21 01:46:18.833,,,1.3265389,79.20658,82.0,,899,612.96,,65.0,98.0,,,UTC+0530,Y4t2FxnDL4,,,afb6f23e-1039-4ebb-8863-bfad25d7b0a0.com.samsung.health.exercise.live_data.json,,0.9000828,com.sec.android.app.shealth,,,,,2024-10-21 01:44:14.735,afb6f23e-1039-4ebb-8863-bfad25d7b0a0,,
3fa47f1b-384d-4c2c-b267-8e67c65e26fb.live_data_internal.json,,0,,,,487.66,,,,,3fa47f1b-384d-4c2c-b267-8e67c65e26fb.sensing_status.json,1,,,,,,,,,,,,,,,3227069,,62720090,,,2024-10-21 04:02:37.124,15002,,,,131.0,,,,62720090,159.0,2024-10-21 04:56:24.721,2024-10-21 04:56:24.721,,,,,98.0,,,,,487.66,,,,UTC+0530,Y4t2FxnDL4,,,3fa47f1b-384d-4c2c-b267-8e67c65e26fb.com.samsung.health.exercise.live_data.json,,,com.sec.android.app.shealth,,,,,2024-10-21 04:56:24.193,3fa47f1b-384d-4c2c-b267-8e67c65e26fb,,
e242e149-3dbf-450b-a68b-0f693ef03caf.live_data_internal.json,,0,,,,61.05,,,,,e242e149-3dbf-450b-a68b-0f693ef03caf.sensing_status.json,4,,,,,,,,,,,,,,,468860,,62720090,,,2024-10-21 13:48:14.663,11007,,,,104.0,,,,62720090,112.0,2024-10-21 13:57:16.842,2024-10-21 13:57:16.842,,,,,96.0,,,,,61.05,,,,UTC+0530,Y4t2FxnDL4,,,e242e149-3dbf-450b-a68b-0f693ef03caf.com.samsung.health.exercise.live_data.json,,,com.sec.android.app.shealth,,,,,2024-10-21 13:56:03.523,e242e149-3dbf-450b-a68b-0f693ef03caf,,
c945df9c-cc9c-446b-b298-e2affb38337e.live_data_internal.json,,0,,,,45.03,,,,,c945df9c-cc9c-446b-b298-e2affb38337e.sensing_status.json,4,,,,,,,,,,,,,,,301480,,62720090,,,2024-10-21 15:50:26.050,11007,,,,106.0,,,,62720090,111.0,2024-10-21 15:56:52.030,2024-10-21 15:56:52.030,,,,,104.0,,,,,45.03,,,,UTC+0530,Y4t2FxnDL4,,,c945df9c-cc9c-446b-b298-e2affb38337e.com.samsung.health.exercise.live_data.json,,,com.sec.android.app.shealth,,,,,2024-10-21 15:55:27.530,c945df9c-cc9c-446b-b298-e2affb38337e,,
a42fd58d-eea1-44e5-b826-12c6886ff7f8.live_data_internal.json,,0,,,,581.79,,,,,a42fd58d-eea1-44e5-b826-12c6886ff7f8.sensing_status.json,1,,,,,,,,,,,,,,,4003282,,62720090,,,2024-10-22 04:01:50.188,15002,,,,127.0,,,,62720090,152.0,2024-10-22 05:08:33.978,2024-10-22 05:08:33.978,,,,,78.0,,,,,581.79,,,,UTC+0530,Y4t2FxnDL4,,,a42fd58d-eea1-44e5-b826-12c6886ff7f8.com.samsung.health.exercise.live_data.json,,,com.sec.android.app.shealth,,,,,2024-10-22 05:08:33.470,a42fd58d-eea1-44e5-b826-12c6886ff7f8,,
5c5def61-e029-420c-98d7-378301102fd4.live_data_internal.json,,0,,,,140.6874,,,,,5c5def61-e029-420c-98d7-378301102fd4.sensing_status.json,4,,,,,,,,,,,,,,,1541792,,62720090,,,2024-10-23 01:27:34.123,1001,,,,103.0,30001,,,62720090,122.0,2024-10-23 01:55:06.272,2024-10-23 01:55:06.272,,,1.4722222,75.146324,90.0,,1931,1472.78,,140.0,103.0,,,UTC+0530,Y4t2FxnDL4,,,5c5def61-e029-420c-98d7-378301102fd4.com.samsung.health.exercise.live_data.json,,0.9552391,com.sec.android.app.shealth,,,,,2024-10-23 01:53:50.937,5c5def61-e029-420c-98d7-378301102fd4,,
8d844280-26a7-492f-a78a-3c3ebb660cfd.live_data_internal.json,,0,,,,377.62,,,,,8d844280-26a7-492f-a78a-3c3ebb660cfd.sensing_status.json,1,,,,,,,,,,,,,,,2867969,,62720090,,,2024-10-23 04:10:00.466,15002,,,,120.0,,,,62720090,140.0,2024-10-23 04:57:49.653,2024-10-23 04:57:49.653,,,,,87.0,,,,,377.62,,,,UTC+0530,Y4t2FxnDL4,,,8d844280-26a7-492f-a78a-3c3ebb660cfd.com.samsung.health.exercise.live_data.json,,,com.sec.android.app.shealth,,,,,2024-10-23 04:57:48.435,8d844280-26a7-492f-a78a-3c3ebb660cfd,,
5c61039d-02ac-4a1f-9248-b78c9d1f8b68.live_data_internal.json,,0,,,,443.29083,,,,,5c61039d-02ac-4a1f-9248-b78c9d1f8b68.sensing_status.json,1,,,,,,,,,,,,,,,2936415,,62720090,,,2024-10-24 04:36:03.868,15002,,,,120.0,,,,62720090,151.0,2024-10-24 06:04:38.253,2024-10-24 06:04:38.253,,,,,88.0,,,,,396.58,,,,UTC+0530,Y4t2FxnDL4,,,5c61039d-02ac-4a1f-9248-b78c9d1f8b68.com.samsung.health.exercise.live_data.json,,,com.sec.android.app.shealth,,,,,2024-10-24 06:04:40.132,5c61039d-02ac-4a1f-9248-b78c9d1f8b68,,
3e019d4c-4666-4cb2-8f0d-d917edb99823.live_data_internal.json,,0,,,,537.15,,,,,3e019d4c-4666-4cb2-8f0d-d917edb99823.sensing_status.json,1,,,,,,,,,,,,,,,3558388,,62810050,,,2024-10-25 04:26:47.298,15002,,,,130.0,,,,62810050,161.0,2024-10-25 05:26:06.950,2024-10-25 05:26:06.950,,,,,94.0,,,,,537.15,,,,UTC+0530,Y4t2FxnDL4,,,3e019d4c-4666-4cb2-8f0d-d917edb99823.com.samsung.health.exercise.live_data.json,,,com.sec.android.app.shealth,,,,,2024-10-25 05:26:05.686,3e019d4c-4666-4cb2-8f0d-d917edb99823,,
2e7d315a-1484-41a7-8432-036d8a844804.live_data_internal.json,,0,,,,427.89,,,,,2e7d315a-1484-41a7-8432-036d8a844804.sensing_status.json,1,,,,,,,,,,,,,,,2843578,,62810050,,,2024-10-26 04:35:44.133,15002,,,,130.0,,,,62810050,156.0,2024-10-26 05:23:08.063,2024-10-26 05:23:08.063,,,,,87.0,,,,,427.89,,,,UTC+0530,Y4t2FxnDL4,,,2e7d315a-1484-41a7-8432-036d8a844804.com.samsung.health.exercise.live_data.json,,,com.sec.android.app.shealth,,,,,2024-10-26 05:23:07.711,2e7d315a-1484-41a7-8432-036d8a844804,,
70fc50e4-4d4c-4245-a946-25059a1e9363.live_data_internal.json,,0,,,,528.0297,,,,,70fc50e4-4d4c-4245-a946-25059a1e9363.sensing_status.json,1,,,,,,,,,,,,,,,3604200,,62810050,,,2024-10-29 04:00:20.445,15002,,,,128.0,,,,62810050,154.0,2024-10-29 05:05:29.477,2024-10-29 05:05:29.477,,,,,106.0,,,,,522.06,,,,UTC+0530,Y4t2FxnDL4,,,70fc50e4-4d4c-4245-a946-25059a1e9363.com.samsung.health.exercise.live_data.json,,,com.sec.android.app.shealth,,,,,2024-10-29 05:05:28.795,70fc50e4-4d4c-4245-a946-25059a1e9363,,
ae23b9b6-fe05-4a4d-9446-b8da4b9919c0.live_data_internal.json,,0,,,,433.9,,,,,ae23b9b6-fe05-4a4d-9446-b8da4b9919c0.sensing_status.json,1,,,,,,,,,,,,,,,3265690,,62810050,,,2024-10-30 04:06:06.956,15002,,,,120.0,,,,62810050,142.0,2024-10-30 05:00:33.509,2024-10-30 05:00:33.509,,,,,86.0,,,,,433.9,,,,UTC+0530,Y4t2FxnDL4,,,ae23b9b6-fe05-4a4d-9446-b8da4b9919c0.com.samsung.health.exercise.live_data.json,,,com.sec.android.app.shealth,,,,,2024-10-30 05:00:32.646,ae23b9b6-fe05-4a4d-9446-b8da4b9919c0,,
d856cc16-81ae-4dee-8d66-0e2647a46ae4.live_data_internal.json,,0,,,,503.6543,,,,,d856cc16-81ae-4dee-8d66-0e2647a46ae4.sensing_status.json,1,,,,,,,,,,,,,,,3457357,,62810050,,,2024-11-05 04:11:05.002,15002,,,,127.0,,,,62810050,148.0,2024-11-05 05:11:08.596,2024-11-05 05:11:08.596,,,,,99.0,,,,,500.79,,,,UTC+0530,Y4t2FxnDL4,,,d856cc16-81ae-4dee-8d66-0e2647a46ae4.com.samsung.health.exercise.live_data.json,,,com.sec.android.app.shealth,,,,,2024-11-05 05:11:08.291,d856cc16-81ae-4dee-8d66-0e2647a46ae4,,
838dde97-722b-4672-a799-dfdc109b2289.live_data_internal.json,,0,,,,72.86,,,,,838dde97-722b-4672-a799-dfdc109b2289.sensing_status.json,4,,,,,,,,,,,,,,,814844,,62810050,,,2024-11-05 11:46:30.403,0,,,,113.0,,,,62810050,124.0,2024-11-05 12:00:04.886,2024-11-05 12:00:04.886,,,,,100.0,,,,,72.86,,,,UTC+0530,Y4t2FxnDL4,,,838dde97-722b-4672-a799-dfdc109b2289.com.samsung.health.exercise.live_data.json,,,com.sec.android.app.shealth,,,,,2024-11-05 12:00:04.391,838dde97-722b-4672-a799-dfdc109b2289,,
3e40e0cd-c6d1-4085-8839-43105faf0508.live_data_internal.json,,0,,,,37.44,,,,,3e40e0cd-c6d1-4085-8839-43105faf0508.sensing_status.json,4,,,,,,,,,,,,,,,239240,,62810050,,,2024-11-05 17:41:33.623,11007,,,,113.0,,,,62810050,120.0,2024-11-05 17:46:58.316,2024-11-05 17:46:58.316,,,,,103.0,,,,,37.44,,,,UTC+0530,Y4t2FxnDL4,,,3e40e0cd-c6d1-4085-8839-43105faf0508.com.samsung.health.exercise.live_data.json,,,com.sec.android.app.shealth,,,,,2024-11-05 17:45:32.863,3e40e0cd-c6d1-4085-8839-43105faf0508,,
68187864-5ee0-43fb-9a7a-8bccd962e6b5.live_data_internal.json,,0,,,,460.04,,,,,68187864-5ee0-43fb-9a7a-8bccd962e6b5.sensing_status.json,1,,,,,,,,,,,,,,,3169806,,62810050,,,2024-11-07 04:10:10.276,15002,,,,127.0,,,,62810050,149.0,2024-11-07 05:03:01.177,2024-11-07 05:03:01.177,,,,,87.0,,,,,460.04,,,,UTC+0530,Y4t2FxnDL4,,,68187864-5ee0-43fb-9a7a-8bccd962e6b5.com.samsung.health.exercise.live_data.json,,,com.sec.android.app.shealth,,,,,2024-11-07 05:03:00.082,68187864-5ee0-43fb-9a7a-8bccd962e6b5,,
df540af8-698b-4bf2-90c0-c12ee9a78e6b.live_data_internal.json,,0,,,,26.18,,,,,df540af8-698b-4bf2-90c0-c12ee9a78e6b.sensing_status.json,4,,,,,,,,,,,,,,,191360,,62810050,,,2024-11-07 13:43:15.485,11007,,,,111.0,,,,62810050,118.0,2024-11-07 13:47:54.227,2024-11-07 13:47:54.227,,,,,101.0,,,,,26.18,,,,UTC+0530,Y4t2FxnDL4,,,df540af8-698b-4bf2-90c0-c12ee9a78e6b.com.samsung.health.exercise.live_data.json,,,com.sec.android.app.shealth,,,,,2024-11-07 13:46:26.845,df540af8-698b-4bf2-90c0-c12ee9a78e6b,,
76e97f49-cb9d-44af-9804-4035e226c439.live_data_internal.json,,0,,,,46.05,,,,,76e97f49-cb9d-44af-9804-4035e226c439.sensing_status.json,4,,,,,,,,,,,,,,,313100,,62810050,,,2024-11-07 15:37:52.196,11007,,,,110.0,,,,62810050,118.0,2024-11-07 15:44:25.798,2024-11-07 15:44:25.798,,,,,102.0,,,,,46.05,,,,UTC+0530,Y4t2FxnDL4,,,76e97f49-cb9d-44af-9804-4035e226c439.com.samsung.health.exercise.live_data.json,,,com.sec.android.app.shealth,,,,,2024-11-07 15:43:05.296,76e97f49-cb9d-44af-9804-4035e226c439,,
ff5e70b9-4eed-49ec-9d95-c2178bc456a3.live_data_internal.json,,0,,,,436.81,,,,,ff5e70b9-4eed-49ec-9d95-c2178bc456a3.sensing_status.json,1,,,,,,,,,,,,,,,3084352,,62820030,,,2024-11-08 04:37:55.348,15002,,,,125.0,,,,62820030,147.0,2024-11-08 05:29:20.187,2024-11-08 05:29:20.187,,,,,105.0,,,,,436.81,,,,UTC+0530,Y4t2FxnDL4,,,ff5e70b9-4eed-49ec-9d95-c2178bc456a3.com.samsung.health.exercise.live_data.json,,,com.sec.android.app.shealth,,,,,2024-11-08 05:29:19.700,ff5e70b9-4eed-49ec-9d95-c2178bc456a3,,
e4d2fb77-ef61-4da0-be2e-83f327a22671.live_data_internal.json,,0,,,,585.0,,,,,e4d2fb77-ef61-4da0-be2e-83f327a22671.sensing_status.json,1,,,,,,,,,,,,,,,3940299,,62820030,,,2024-11-09 03:57:07.410,15002,,,,129.0,,,,62820030,165.0,2024-11-09 05:02:48.190,2024-11-09 05:02:48.190,,,,,89.0,,,,,585.0,,,,UTC+0530,Y4t2FxnDL4,,,e4d2fb77-ef61-4da0-be2e-83f327a22671.com.samsung.health.exercise.live_data.json,,,com.sec.android.app.shealth,,,,,2024-11-09 05:02:47.709,e4d2fb77-ef61-4da0-be2e-83f327a22671,,
7e8acd96-0f3e-40e9-b856-e61ac90cecac.live_data_internal.json,,0,,,,37.5,,,,,7e8acd96-0f3e-40e9-b856-e61ac90cecac.sensing_status.json,4,,,,,,,,,,,,,,,222920,,62820030,,,2024-11-11 13:46:43.045,11007,,,,113.0,,,,62820030,122.0,2024-11-11 13:51:53.017,2024-11-11 13:51:53.017,,,,,106.0,,,,,37.5,,,,UTC+0530,Y4t2FxnDL4,,,7e8acd96-0f3e-40e9-b856-e61ac90cecac.com.samsung.health.exercise.live_data.json,,,com.sec.android.app.shealth,,,,,2024-11-11 13:50:25.965,7e8acd96-0f3e-40e9-b856-e61ac90cecac,,
66283a8f-79c7-468a-a349-9bc486bf6046.live_data_internal.json,,0,,,,458.92218,,,,,66283a8f-79c7-468a-a349-9bc486bf6046.sensing_status.json,1,,,,,,,,,,,,,,,2959343,,62820030,,,2024-11-13 02:17:02.839,15002,,,,133.0,,,,62820030,155.0,2024-11-13 03:08:21.541,2024-11-13 03:08:21.541,,,,,103.0,,,,,456.59,,,,UTC+0530,Y4t2FxnDL4,,,66283a8f-79c7-468a-a349-9bc486bf6046.com.samsung.health.exercise.live_data.json,,,com.sec.android.app.shealth,,,,,2024-11-13 03:08:21.004,66283a8f-79c7-468a-a349-9bc486bf6046,,
c5cadf21-b942-4db0-812d-ee5a3ec969f0.live_data_internal.json,,0,,,,496.1078,,,,,c5cadf21-b942-4db0-812d-ee5a3ec969f0.sensing_status.json,1,,,,,,,,,,,,,,,3295169,,62820030,,,2024-11-14 02:46:26.134,15002,,,,131.0,,,,62820030,152.0,2024-11-14 03:41:27.514,2024-11-14 03:41:27.514,,,,,95.0,,,,,496.0,,,,UTC+0530,Y4t2FxnDL4,,,c5cadf21-b942-4db0-812d-ee5a3ec969f0.com.samsung.health.exercise.live_data.json,,,com.sec.android.app.shealth,,,,,2024-11-14 03:41:26.794,c5cadf21-b942-4db0-812d-ee5a3ec969f0,,
9d834264-288d-4e65-a3f6-b8eb2b8824e3.live_data_internal.json,,0,,,,464.8671,,,,,9d834264-288d-4e65-a3f6-b8eb2b8824e3.sensing_status.json,1,,,,,,,,,,,,,,,3198626,,62820030,,,2024-11-15 04:31:54.091,15002,,,,127.0,,,,62820030,153.0,2024-11-15 05:30:58.642,2024-11-15 05:30:58.642,,,,,95.0,,,,,458.09,,,,UTC+0530,Y4t2FxnDL4,,,9d834264-288d-4e65-a3f6-b8eb2b8824e3.com.samsung.health.exercise.live_data.json,,,com.sec.android.app.shealth,,,,,2024-11-15 05:30:58.000,9d834264-288d-4e65-a3f6-b8eb2b8824e3,,
0364198e-fc40-4dce-8b2b-043ecf96ee5b.live_data_internal.json,,0,,,,141.331,,,,,0364198e-fc40-4dce-8b2b-043ecf96ee5b.sensing_status.json,4,,,,,,,,,,,,,,,1529903,,62820030,,,2024-11-16 02:35:16.889,1001,,,,101.0,30001,,,62820030,116.0,2024-11-16 03:03:12.125,2024-11-16 03:03:12.125,,,1.4477507,81.45615,90.0,,2077,1553.36,,141.0,99.0,,,UTC+0530,Y4t2FxnDL4,,,0364198e-fc40-4dce-8b2b-043ecf96ee5b.com.samsung.health.exercise.live_data.json,,1.0153323,com.sec.android.app.shealth,,,,,2024-11-16 03:01:03.656,0364198e-fc40-4dce-8b2b-043ecf96ee5b,,
0b7bcc48-3434-4c78-a56d-7039df850d09.live_data_internal.json,,0,,,,545.2,,,,,0b7bcc48-3434-4c78-a56d-7039df850d09.sensing_status.json,1,,,,,,,,,,,,,,,4046504,,62820030,,,2024-11-16 04:07:52.407,15002,,,,121.0,,,,62820030,152.0,2024-11-16 05:15:20.167,2024-11-16 05:15:20.167,,,,,90.0,,,,,545.2,,,,UTC+0530,Y4t2FxnDL4,,,0b7bcc48-3434-4c78-a56d-7039df850d09.com.samsung.health.exercise.live_data.json,,,com.sec.android.app.shealth,,,,,2024-11-16 05:15:18.911,0b7bcc48-3434-4c78-a56d-7039df850d09,,
f0dec4ab-1054-4134-a3f3-ddaff815f85f.live_data_internal.json,,0,,,,221.19566,,,,,f0dec4ab-1054-4134-a3f3-ddaff815f85f.sensing_status.json,4,,,,,,,,,,,,,,,1908275,,62820030,,,2024-11-17 03:29:45.264,1001,,,,105.0,30001,,,62820030,117.0,2024-11-17 04:11:28.551,2024-11-17 04:11:28.551,,,1.3373516,78.85656,96.0,,2508,2041.25,,211.0,101.0,,,UTC+0530,Y4t2FxnDL4,,,f0dec4ab-1054-4134-a3f3-ddaff815f85f.com.samsung.health.exercise.live_data.json,,1.0696833,com.sec.android.app.shealth,,,,,2024-11-17 04:10:12.993,f0dec4ab-1054-4134-a3f3-ddaff815f85f,,
d1028f25-e924-41c4-9d98-efd05df5a792.live_data_internal.json,,0,,,,92.510124,,,,,d1028f25-e924-41c4-9d98-efd05df5a792.sensing_status.json,4,,,,,,,,,,,,,,,1055573,,62820030,,,2024-11-18 01:46:29.660,1001,,,,99.0,30001,,,62820030,112.0,2024-11-18 02:05:26.940,2024-11-18 02:05:26.940,,,1.7119926,73.38194,55.0,,1291,944.08,,92.0,99.0,,,UTC+0530,Y4t2FxnDL4,,,d1028f25-e924-41c4-9d98-efd05df5a792.com.samsung.health.exercise.live_data.json,,0.8943768,com.sec.android.app.shealth,,,,,2024-11-18 02:04:31.223,d1028f25-e924-41c4-9d98-efd05df5a792,,
aea00f8d-585e-4223-8f49-490036d7c242.live_data_internal.json,,0,,,,746.92334,,,,,aea00f8d-585e-4223-8f49-490036d7c242.sensing_status.json,1,,,,,,,,,,,,,,,4414761,,62820030,,,2024-11-18 03:59:08.524,15002,,,,128.0,,,,62820030,156.0,2024-11-18 06:38:10.417,2024-11-18 06:38:10.417,,,,,98.0,,,,,646.3,,,,UTC+0530,Y4t2FxnDL4,,,aea00f8d-585e-4223-8f49-490036d7c242.com.samsung.health.exercise.live_data.json,,,com.sec.android.app.shealth,,,,,2024-11-18 06:38:09.897,aea00f8d-585e-4223-8f49-490036d7c242,,
00fa88bf-d9bc-43b7-a4d7-3bd81c8f2ae0.live_data_internal.json,,0,,,,164.06625,,,,,00fa88bf-d9bc-43b7-a4d7-3bd81c8f2ae0.sensing_status.json,4,,,,,,,,,,,,,,,1684009,,62820030,,,2024-11-19 02:41:47.284,1001,,,,101.0,30001,,,62820030,123.0,2024-11-19 03:13:42.892,2024-11-19 03:13:42.892,,,1.4166666,87.50547,73.0,,2456,1906.28,,161.0,109.0,,,UTC+0530,Y4t2FxnDL4,,,00fa88bf-d9bc-43b7-a4d7-3bd81c8f2ae0.com.samsung.health.exercise.live_data.json,,1.1319892,com.sec.android.app.shealth,,,,,2024-11-19 03:12:27.514,00fa88bf-d9bc-43b7-a4d7-3bd81c8f2ae0,,
d0c0dc26-523d-4bb5-b06e-5c98cdf872b1.live_data_internal.json,,0,,,,517.55,,,,,d0c0dc26-523d-4bb5-b06e-5c98cdf872b1.sensing_status.json,1,,,,,,,,,,,,,,,3805685,,62820030,,,2024-11-19 04:08:36.582,15002,,,,123.0,,,,62820030,149.0,2024-11-19 05:12:02.721,2024-11-19 05:12:02.721,,,,,88.0,,,,,517.55,,,,UTC+0530,Y4t2FxnDL4,,,d0c0dc26-523d-4bb5-b06e-5c98cdf872b1.com.samsung.health.exercise.live_data.json,,,com.sec.android.app.shealth,,,,,2024-11-19 05:12:02.267,d0c0dc26-523d-4bb5-b06e-5c98cdf872b1,,
f8b46283-a4db-474c-92bd-1c1129cea038.live_data_internal.json,,0,,,,117.15718,,,,,f8b46283-a4db-474c-92bd-1c1129cea038.sensing_status.json,4,,,,,,,,,,,,,,,1115099,,62820030,,,2024-11-20 01:29:55.473,1001,,,,108.0,30001,,,62820030,122.0,2024-11-20 01:52:04.882,2024-11-20 01:52:04.882,,,1.4778388,64.08399,91.0,,1191,1067.95,,113.0,91.0,,,UTC+0530,Y4t2FxnDL4,,,f8b46283-a4db-474c-92bd-1c1129cea038.com.samsung.health.exercise.live_data.json,,0.9577176,com.sec.android.app.shealth,,,,,2024-11-20 01:52:02.374,f8b46283-a4db-474c-92bd-1c1129cea038,,
ac0d18f9-445a-4a57-bfc6-f6127b38d56b.live_data_internal.json,,0,,,,81.71922,,,,,ac0d18f9-445a-4a57-bfc6-f6127b38d56b.sensing_status.json,4,,,,,,,,,,,,,,,791148,,62820030,,,2024-11-21 02:43:04.029,1001,,,,97.0,30001,,,62820030,112.0,2024-11-21 02:58:57.797,2024-11-21 02:58:57.797,,,1.4039545,77.659294,66.0,,1024,774.98,,80.0,101.0,,,UTC+0530,Y4t2FxnDL4,,,ac0d18f9-445a-4a57-bfc6-f6127b38d56b.com.samsung.health.exercise.live_data.json,,0.97956383,com.sec.android.app.shealth,,,,,2024-11-21 02:57:42.769,ac0d18f9-445a-4a57-bfc6-f6127b38d56b,,
1fbff233-231f-4ecb-8f65-b2f332500c8e.live_data_internal.json,,0,,,,468.34,,,,,1fbff233-231f-4ecb-8f65-b2f332500c8e.sensing_status.json,1,,,,,,,,,,,,,,,3609176,,62820030,,,2024-11-21 04:05:52.372,15002,,,,119.0,,,,62820030,154.0,2024-11-21 05:06:02.121,2024-11-21 05:06:02.121,,,,,87.0,,,,,468.34,,,,UTC+0530,Y4t2FxnDL4,,,1fbff233-231f-4ecb-8f65-b2f332500c8e.com.samsung.health.exercise.live_data.json,,,com.sec.android.app.shealth,,,,,2024-11-21 05:06:01.548,1fbff233-231f-4ecb-8f65-b2f332500c8e,,
1abcfd67-b037-4c17-9f04-94828f8694b3.live_data_internal.json,,0,,,,476.41,,,,,1abcfd67-b037-4c17-9f04-94828f8694b3.sensing_status.json,1,,,,,,,,,,,,,,,3516061,,62820030,,,2024-11-22 04:08:48.346,15002,,,,121.0,,,,62820030,151.0,2024-11-22 05:07:25.394,2024-11-22 05:07:25.394,,,,,74.0,,,,,476.41,,,,UTC+0530,Y4t2FxnDL4,,,1abcfd67-b037-4c17-9f04-94828f8694b3.com.samsung.health.exercise.live_data.json,,,com.sec.android.app.shealth,,,,,2024-11-22 05:07:24.407,1abcfd67-b037-4c17-9f04-94828f8694b3,,
555c62ff-ab8f-4602-822f-a6502ba77b73.live_data_internal.json,,0,,,,593.66,,,,,555c62ff-ab8f-4602-822f-a6502ba77b73.sensing_status.json,1,,,,,,,,,,,,,,,4170787,,62820030,,,2024-11-25 04:07:38.287,15002,,,,125.0,,,,62820030,164.0,2024-11-25 05:17:09.563,2024-11-25 05:17:09.563,,,,,103.0,,,,,593.66,,,,UTC+0530,Y4t2FxnDL4,,,555c62ff-ab8f-4602-822f-a6502ba77b73.com.samsung.health.exercise.live_data.json,,,com.sec.android.app.shealth,,,,,2024-11-25 05:17:09.074,555c62ff-ab8f-4602-822f-a6502ba77b73,,
16e126d6-5991-46de-a3c3-8cea73adc53a.live_data_internal.json,,0,,,,584.57,,,,,16e126d6-5991-46de-a3c3-8cea73adc53a.sensing_status.json,1,,,,,,,,,,,,,,,4065648,,62820030,,,2024-11-26 04:09:18.278,15002,,,,126.0,,,,62820030,155.0,2024-11-26 05:17:04.436,2024-11-26 05:17:04.436,,,,,94.0,,,,,584.57,,,,UTC+0530,Y4t2FxnDL4,,,16e126d6-5991-46de-a3c3-8cea73adc53a.com.samsung.health.exercise.live_data.json,,,com.sec.android.app.shealth,,,,,2024-11-26 05:17:03.926,16e126d6-5991-46de-a3c3-8cea73adc53a,,
0070ba87-33fa-48b7-9f9e-76e88028dbf3.live_data_internal.json,,0,,,,163.14229,,,,,0070ba87-33fa-48b7-9f9e-76e88028dbf3.sensing_status.json,4,,,,,,,,,,,,,,,1349252,,62820030,,,2024-11-27 01:32:48.325,1001,,,,112.0,30001,,,62820030,147.0,2024-11-27 02:04:23.913,2024-11-27 02:04:23.913,,,1.4722222,59.277294,95.0,,1333,1334.7,,154.0,95.0,,,UTC+0530,Y4t2FxnDL4,,,0070ba87-33fa-48b7-9f9e-76e88028dbf3.com.samsung.health.exercise.live_data.json,,0.9892148,com.sec.android.app.shealth,,,,,2024-11-27 02:03:03.363,0070ba87-33fa-48b7-9f9e-76e88028dbf3,,
ae6953f9-a6aa-43ab-9e14-7f451c9946bd.live_data_internal.json,,0,,,,556.74347,,,,,ae6953f9-a6aa-43ab-9e14-7f451c9946bd.sensing_status.json,1,,,,,,,,,,,,,,,4258821,,62820030,,,2024-11-27 04:11:43.955,15002,,,,118.0,,,,62820030,142.0,2024-11-27 05:23:53.846,2024-11-27 05:23:53.846,,,,,90.0,,,,,555.36,,,,UTC+0530,Y4t2FxnDL4,,,ae6953f9-a6aa-43ab-9e14-7f451c9946bd.com.samsung.health.exercise.live_data.json,,,com.sec.android.app.shealth,,,,,2024-11-27 05:23:53.261,ae6953f9-a6aa-43ab-9e14-7f451c9946bd,,
4a165acc-0804-4405-862a-87a16859c5da.live_data_internal.json,,0,,,,451.45,,,,,4a165acc-0804-4405-862a-87a16859c5da.sensing_status.json,1,,,,,,,,,,,,,,,3605452,,62820030,,,2024-11-28 04:13:47.722,15002,,,,117.0,,,,62820030,140.0,2024-11-28 05:13:53.641,2024-11-28 05:13:53.641,,,,,86.0,,,,,451.45,,,,UTC+0530,Y4t2FxnDL4,,,4a165acc-0804-4405-862a-87a16859c5da.com.samsung.health.exercise.live_data.json,,,com.sec.android.app.shealth,,,,,2024-11-28 05:13:53.174,4a165acc-0804-4405-862a-87a16859c5da,,
18567d6d-51f4-4fb0-9891-907acb783c30.live_data_internal.json,,0,,,,766.6102,,,,,18567d6d-51f4-4fb0-9891-907acb783c30.sensing_status.json,1,,,,,,,,,,,,,,,4497820,,62820030,,,2024-11-29 04:03:45.459,15002,,,,120.0,,,,62820030,157.0,2024-11-29 07:37:58.313,2024-11-29 07:37:58.313,,,,,82.0,,,,,602.57,,,,UTC+0530,Y4t2FxnDL4,,,18567d6d-51f4-4fb0-9891-907acb783c30.com.samsung.health.exercise.live_data.json,,,com.sec.android.app.shealth,,,,,2024-11-29 07:38:00.885,18567d6d-51f4-4fb0-9891-907acb783c30,,
6011a310-b747-4b7c-972d-7e3cc8096160.live_data_internal.json,,0,,,,63.00002,,,,,6011a310-b747-4b7c-972d-7e3cc8096160.sensing_status.json,4,,,,,,,,,,,,,,,660304,,62820030,,,2024-11-30 05:44:36.214,1001,,,,112.0,30001,,,62820030,128.0,2024-11-30 05:56:52.111,2024-11-30 05:56:52.111,,,1.5833333,88.77729,94.0,,977,740.7,,63.0,113.0,,,UTC+0530,Y4t2FxnDL4,,,6011a310-b747-4b7c-972d-7e3cc8096160.com.samsung.health.exercise.live_data.json,,1.1217561,com.sec.android.app.shealth,,,,,2024-11-30 05:55:36.519,6011a310-b747-4b7c-972d-7e3cc8096160,,
b3e1f3b1-bbe0-4f87-971c-3a75e43a7040.live_data_internal.json,,0,,,,141.17905,,,,,b3e1f3b1-bbe0-4f87-971c-3a75e43a7040.sensing_status.json,4,,,,,,,,,,,,,,,1471215,,62820030,,,2024-12-02 01:59:04.789,1001,,,,96.0,30001,,,62820030,114.0,2024-12-02 02:26:42.708,2024-12-02 02:26:42.708,,,1.5555556,74.428276,54.0,,1825,1363.14,,139.0,97.0,,,UTC+0530,Y4t2FxnDL4,,,b3e1f3b1-bbe0-4f87-971c-3a75e43a7040.com.samsung.health.exercise.live_data.json,,0.9265403,com.sec.android.app.shealth,,,,,2024-12-02 02:25:27.396,b3e1f3b1-bbe0-4f87-971c-3a75e43a7040,,
c77c272b-23f3-4cc8-a11b-dbe2fbabcfe8.live_data_internal.json,,0,,,,732.05237,,,,,c77c272b-23f3-4cc8-a11b-dbe2fbabcfe8.sensing_status.json,1,,,,,,,,,,,,,,,4491985,,62820030,,,2024-12-02 04:10:27.470,15002,,,,118.0,,,,62820030,145.0,2024-12-02 07:32:40.063,2024-12-02 07:32:40.063,,,,,89.0,,,,,582.54,,,,UTC+0530,Y4t2FxnDL4,,,c77c272b-23f3-4cc8-a11b-dbe2fbabcfe8.com.samsung.health.exercise.live_data.json,,,com.sec.android.app.shealth,,,,,2024-12-02 07:32:42.477,c77c272b-23f3-4cc8-a11b-dbe2fbabcfe8,,
e4267e22-c76c-4469-a4b6-7cb06e7185f2.live_data_internal.json,,0,,,,103.00002,,,,,e4267e22-c76c-4469-a4b6-7cb06e7185f2.sensing_status.json,4,,,,,,,,,,,,,,,1140547,,62820030,,,2024-12-03 02:17:32.083,1001,,,,97.0,30001,,,62820030,115.0,2024-12-03 02:37:48.018,2024-12-03 02:37:48.018,,,1.4907491,85.5379,55.0,,1626,1199.78,,103.0,100.0,,,UTC+0530,Y4t2FxnDL4,,,e4267e22-c76c-4469-a4b6-7cb06e7185f2.com.samsung.health.exercise.live_data.json,,1.0519339,com.sec.android.app.shealth,,,,,2024-12-03 02:36:32.631,e4267e22-c76c-4469-a4b6-7cb06e7185f2,,
a6b410d3-01d1-4a82-94e0-5b2690b3f667.live_data_internal.json,,0,,,,594.54,,,,,a6b410d3-01d1-4a82-94e0-5b2690b3f667.sensing_status.json,1,,,,,,,,,,,,,,,4033201,,62820030,,,2024-12-03 04:02:43.830,15002,,,,129.0,,,,62820030,155.0,2024-12-03 05:09:57.664,2024-12-03 05:09:57.664,,,,,90.0,,,,,594.54,,,,UTC+0530,Y4t2FxnDL4,,,a6b410d3-01d1-4a82-94e0-5b2690b3f667.com.samsung.health.exercise.live_data.json,,,com.sec.android.app.shealth,,,,,2024-12-03 05:09:57.031,a6b410d3-01d1-4a82-94e0-5b2690b3f667,,
74647232-7f80-4ae5-a22c-c596615d9505.live_data_internal.json,,0,,,,54.0,,,,,74647232-7f80-4ae5-a22c-c596615d9505.sensing_status.json,4,,,,,,,,,,,,,,,623653,,62820030,,,2024-12-03 14:40:34.408,1001,,,,96.0,30001,,,62820030,113.0,2024-12-03 14:52:13.584,2024-12-03 14:52:13.584,,,1.4777607,77.83174,82.0,,809,568.6,,54.0,111.0,,,UTC+0530,Y4t2FxnDL4,,,74647232-7f80-4ae5-a22c-c596615d9505.com.samsung.health.exercise.live_data.json,,0.91172487,com.sec.android.app.shealth,,,,,2024-12-03 14:50:58.061,74647232-7f80-4ae5-a22c-c596615d9505,,
c81308c1-d176-4a18-acef-d8782a3f2104.live_data_internal.json,,0,,,,517.55,,,,,c81308c1-d176-4a18-acef-d8782a3f2104.sensing_status.json,1,,,,,,,,,,,,,,,3992731,,62820030,,,2024-12-04 04:02:24.226,15002,,,,119.0,,,,62820030,140.0,2024-12-04 05:08:57.600,2024-12-04 05:08:57.600,,,,,103.0,,,,,517.55,,,,UTC+0530,Y4t2FxnDL4,,,c81308c1-d176-4a18-acef-d8782a3f2104.com.samsung.health.exercise.live_data.json,,,com.sec.android.app.shealth,,,,,2024-12-04 05:08:56.957,c81308c1-d176-4a18-acef-d8782a3f2104,,
a67a8632-f648-4f3a-8532-f9dc1f800dcc.live_data_internal.json,,0,,,,73.32,,,,,a67a8632-f648-4f3a-8532-f9dc1f800dcc.sensing_status.json,4,,,,,,,,,,,,,,,571240,,62820030,,,2024-12-04 13:46:45.214,11007,,,,112.0,,,,62820030,127.0,2024-12-04 13:57:16.672,2024-12-04 13:57:16.672,,,,,82.0,,,,,73.32,,,,UTC+0530,Y4t2FxnDL4,,,a67a8632-f648-4f3a-8532-f9dc1f800dcc.com.samsung.health.exercise.live_data.json,,,com.sec.android.app.shealth,,,,,2024-12-04 13:56:16.454,a67a8632-f648-4f3a-8532-f9dc1f800dcc,,
d724172a-c96d-4bcf-a823-489512a7eca5.live_data_internal.json,,0,,,,31.8,,,,,d724172a-c96d-4bcf-a823-489512a7eca5.sensing_status.json,4,,,,,,,,,,,,,,,219380,,62820030,,,2024-12-04 15:41:09.813,11007,,,,104.0,,,,62820030,112.0,2024-12-04 15:46:14.753,2024-12-04 15:46:14.753,,,,,95.0,,,,,31.8,,,,UTC+0530,Y4t2FxnDL4,,,d724172a-c96d-4bcf-a823-489512a7eca5.com.samsung.health.exercise.live_data.json,,,com.sec.android.app.shealth,,,,,2024-12-04 15:44:49.193,d724172a-c96d-4bcf-a823-489512a7eca5,,
a5b24d18-b36b-43b5-ae3d-200325b2f935.live_data_internal.json,,0,,,,545.31714,,,,,a5b24d18-b36b-43b5-ae3d-200325b2f935.sensing_status.json,1,,,,,,,,,,,,,,,3805646,,62820030,,,2024-12-05 04:08:07.102,15002,,,,126.0,,,,62820030,146.0,2024-12-05 05:11:54.329,2024-12-05 05:11:54.329,,,,,111.0,,,,,544.9,,,,UTC+0530,Y4t2FxnDL4,,,a5b24d18-b36b-43b5-ae3d-200325b2f935.com.samsung.health.exercise.live_data.json,,,com.sec.android.app.shealth,,,,,2024-12-05 05:11:54.071,a5b24d18-b36b-43b5-ae3d-200325b2f935,,
3a21011e-79bd-42e9-b7c8-13fa4056e90f.live_data_internal.json,,0,,,,456.6175,,,,,3a21011e-79bd-42e9-b7c8-13fa4056e90f.sensing_status.json,1,,,,,,,,,,,,,,,3195096,,62850050,,,2024-12-06 03:12:35.629,15002,,,,120.0,,,,62850050,150.0,2024-12-06 04:30:23.443,2024-12-06 04:30:23.443,,,,,102.0,,,,,427.82,,,,UTC+0530,Y4t2FxnDL4,,,3a21011e-79bd-42e9-b7c8-13fa4056e90f.com.samsung.health.exercise.live_data.json,,,com.sec.android.app.shealth,,,,,2024-12-06 04:30:22.842,3a21011e-79bd-42e9-b7c8-13fa4056e90f,,
9768daf6-28ab-4ac3-b3e7-a2235848f404.live_data_internal.json,,0,,,,411.254,,,,,9768daf6-28ab-4ac3-b3e7-a2235848f404.sensing_status.json,1,,,,,,,,,,,,,,,4442430,,62850050,,,2024-12-07 04:56:27.328,15005,,,,113.0,30001,,,62850050,129.0,2024-12-07 06:10:30.347,2024-12-07 06:10:30.347,,,2.066,103.41637,67.0,,7657,5551.843,,411.254,142.106,,,UTC+0530,Y4t2FxnDL4,,,9768daf6-28ab-4ac3-b3e7-a2235848f404.com.samsung.health.exercise.live_data.json,,1.2497311,com.sec.android.app.shealth,,,,,2024-12-07 06:10:29.758,9768daf6-28ab-4ac3-b3e7-a2235848f404,,
f6d251ed-805f-4c6a-b324-7cea7da982f3.live_data_internal.json,,0,,,,156.19304,,,,,f6d251ed-805f-4c6a-b324-7cea7da982f3.sensing_status.json,4,,,,,,,,,,,,,,,1610131,,62850050,,,2024-12-08 02:05:21.217,1001,,,,96.0,30001,,,62850050,107.0,2024-12-08 02:35:25.614,2024-12-08 02:35:25.614,,,1.3506685,89.28466,81.0,,2396,1835.8,,155.0,100.0,,,UTC+0530,Y4t2FxnDL4,,,f6d251ed-805f-4c6a-b324-7cea7da982f3.com.samsung.health.exercise.live_data.json,,1.1401557,com.sec.android.app.shealth,,,,,2024-12-08 02:33:12.336,f6d251ed-805f-4c6a-b324-7cea7da982f3,,
ca8b1743-9510-4810-9f28-89e3113531af.live_data_internal.json,,0,,,,109.00002,,,,,ca8b1743-9510-4810-9f28-89e3113531af.sensing_status.json,4,,,,,,,,,,,,,,,1119368,,62850050,,,2024-12-08 01:33:01.411,1001,,,,95.0,30001,,,62850050,109.0,2024-12-08 01:54:18.462,2024-12-08 01:54:18.462,,,1.3965979,87.26353,61.0,,1628,1236.56,,109.0,108.0,,,UTC+0530,Y4t2FxnDL4,,,ca8b1743-9510-4810-9f28-89e3113531af.com.samsung.health.exercise.live_data.json,,1.1046948,com.sec.android.app.shealth,,,,,2024-12-08 01:51:40.780,ca8b1743-9510-4810-9f28-89e3113531af,,
9a62d840-6096-41c2-9685-3df1d2e961db.live_data_internal.json,,0,,,,42.91,,,,,9a62d840-6096-41c2-9685-3df1d2e961db.sensing_status.json,4,,,,,,,,,,,,,,,313360,,62850050,,,2024-12-08 17:21:11.265,11007,,,,93.0,,,,62850050,108.0,2024-12-08 17:27:49.766,2024-12-08 17:27:49.766,,,,,80.0,,,,,42.91,,,,UTC+0530,Y4t2FxnDL4,,,9a62d840-6096-41c2-9685-3df1d2e961db.com.samsung.health.exercise.live_data.json,,,com.sec.android.app.shealth,,,,,2024-12-08 17:26:24.625,9a62d840-6096-41c2-9685-3df1d2e961db,,
c829c451-3116-438b-9a6b-dc3b0d8effc3.live_data_internal.json,,0,,,,104.0,,,,,c829c451-3116-438b-9a6b-dc3b0d8effc3.sensing_status.json,4,,,,,,,,,,,,,,,1085495,,62850050,,,2024-12-09 02:15:08.426,1001,,,,99.0,30001,,,62850050,113.0,2024-12-09 02:35:07.927,2024-12-09 02:35:07.927,,,1.4444444,98.27775,60.0,,1778,1338.62,,104.0,107.0,,,UTC+0530,Y4t2FxnDL4,,,c829c451-3116-438b-9a6b-dc3b0d8effc3.com.samsung.health.exercise.live_data.json,,1.2331885,com.sec.android.app.shealth,,,,,2024-12-09 02:33:13.921,c829c451-3116-438b-9a6b-dc3b0d8effc3,,
90fb7ed9-633c-4209-8fc3-97700a592ca9.live_data_internal.json,,0,,,,474.18,,,,,90fb7ed9-633c-4209-8fc3-97700a592ca9.sensing_status.json,1,,,,,,,,,,,,,,,3471648,,62850050,,,2024-12-09 04:10:14.756,15002,,,,122.0,,,,62850050,146.0,2024-12-09 05:08:06.941,2024-12-09 05:08:06.941,,,,,105.0,,,,,474.18,,,,UTC+0530,Y4t2FxnDL4,,,90fb7ed9-633c-4209-8fc3-97700a592ca9.com.samsung.health.exercise.live_data.json,,,com.sec.android.app.shealth,,,,,2024-12-09 05:08:06.404,90fb7ed9-633c-4209-8fc3-97700a592ca9,,
b1eb6e4c-1c93-4f38-a40e-fbf63ffc5e67.live_data_internal.json,,0,,,,29.19,,,,,b1eb6e4c-1c93-4f38-a40e-fbf63ffc5e67.sensing_status.json,4,,,,,,,,,,,,,,,266360,,62850050,,,2024-12-09 13:45:59.211,11007,,,,101.0,,,,62850050,121.0,2024-12-09 13:51:47.330,2024-12-09 13:51:47.330,,,,,82.0,,,,,29.19,,,,UTC+0530,Y4t2FxnDL4,,,b1eb6e4c-1c93-4f38-a40e-fbf63ffc5e67.com.samsung.health.exercise.live_data.json,,,com.sec.android.app.shealth,,,,,2024-12-09 13:50:25.571,b1eb6e4c-1c93-4f38-a40e-fbf63ffc5e67,,
629991bd-dfeb-4345-b1f5-8abc0eb3866f.live_data_internal.json,,0,,,,510.87,,,,,629991bd-dfeb-4345-b1f5-8abc0eb3866f.sensing_status.json,1,,,,,,,,,,,,,,,3606027,,62850050,,,2024-12-10 04:24:56.147,15002,,,,125.0,,,,62850050,149.0,2024-12-10 05:25:03.593,2024-12-10 05:25:03.593,,,,,99.0,,,,,510.87,,,,UTC+0530,Y4t2FxnDL4,,,629991bd-dfeb-4345-b1f5-8abc0eb3866f.com.samsung.health.exercise.live_data.json,,,com.sec.android.app.shealth,,,,,2024-12-10 05:25:02.174,629991bd-dfeb-4345-b1f5-8abc0eb3866f,,
de3f0a9a-3ce7-4c08-9e0c-faa8492bb52c.live_data_internal.json,,0,,,,88.4538,,,,,de3f0a9a-3ce7-4c08-9e0c-faa8492bb52c.sensing_status.json,4,,,,,,,,,,,,,,,959625,,62850050,,,2024-12-11 02:05:39.118,1001,,,,110.0,30001,,,62850050,119.0,2024-12-11 02:23:17.198,2024-12-11 02:23:17.198,,,1.3611112,81.96952,98.0,,1311,965.98,,88.0,96.0,,,UTC+0530,Y4t2FxnDL4,,,de3f0a9a-3ce7-4c08-9e0c-faa8492bb52c.com.samsung.health.exercise.live_data.json,,1.0066223,com.sec.android.app.shealth,,,,,2024-12-11 02:22:01.941,de3f0a9a-3ce7-4c08-9e0c-faa8492bb52c,,
dccc22e5-a307-4b27-a40f-f59d2a47cff3.live_data_internal.json,,0,,,,569.24,,,,,dccc22e5-a307-4b27-a40f-f59d2a47cff3.sensing_status.json,1,,,,,,,,,,,,,,,4126584,,62850050,,,2024-12-11 04:06:35.388,15002,,,,123.0,,,,62850050,159.0,2024-12-11 05:15:23.350,2024-12-11 05:15:23.350,,,,,96.0,,,,,569.24,,,,UTC+0530,Y4t2FxnDL4,,,dccc22e5-a307-4b27-a40f-f59d2a47cff3.com.samsung.health.exercise.live_data.json,,,com.sec.android.app.shealth,,,,,2024-12-11 05:15:21.972,dccc22e5-a307-4b27-a40f-f59d2a47cff3,,
4a2c2990-e4bc-408f-8345-ebaa11fcb7e9.live_data_internal.json,,0,,,,144.96867,,,,,4a2c2990-e4bc-408f-8345-ebaa11fcb7e9.sensing_status.json,4,,,,,,,,,,,,,,,1571824,,62850050,,,2024-12-12 01:52:00.370,1001,,,,100.0,30001,,,62850050,108.0,2024-12-12 02:20:17.148,2024-12-12 02:20:17.148,,,1.4054095,84.20791,75.0,,2206,1640.48,,144.0,101.0,,,UTC+0530,Y4t2FxnDL4,,,4a2c2990-e4bc-408f-8345-ebaa11fcb7e9.com.samsung.health.exercise.live_data.json,,1.0436792,com.sec.android.app.shealth,,,,,2024-12-12 02:19:01.712,4a2c2990-e4bc-408f-8345-ebaa11fcb7e9,,
bce2cd8a-1e47-4a03-94e5-71e3bd177f3e.live_data_internal.json,,0,,,,478.19,,,,,bce2cd8a-1e47-4a03-94e5-71e3bd177f3e.sensing_status.json,1,,,,,,,,,,,,,,,3402896,,62850050,,,2024-12-12 04:07:49.592,15002,,,,125.0,,,,62850050,157.0,2024-12-12 05:04:33.636,2024-12-12 05:04:33.636,,,,,97.0,,,,,478.19,,,,UTC+0530,Y4t2FxnDL4,,,bce2cd8a-1e47-4a03-94e5-71e3bd177f3e.com.samsung.health.exercise.live_data.json,,,com.sec.android.app.shealth,,,,,2024-12-12 05:04:32.488,bce2cd8a-1e47-4a03-94e5-71e3bd177f3e,,
aa3ea5ee-18fb-43c6-9087-c0552010c0ba.live_data_internal.json,,0,,,,81.69054,,,,,aa3ea5ee-18fb-43c6-9087-c0552010c0ba.sensing_status.json,4,,,,,,,,,,,,,,,862664,,62850050,,,2024-12-13 02:18:30.926,1001,,,,102.0,30001,,,62850050,113.0,2024-12-13 02:34:44.376,2024-12-13 02:34:44.376,,,1.4460518,77.41137,85.0,,1113,803.94,,81.0,98.0,,,UTC+0530,Y4t2FxnDL4,,,aa3ea5ee-18fb-43c6-9087-c0552010c0ba.com.samsung.health.exercise.live_data.json,,0.93192714,com.sec.android.app.shealth,,,,,2024-12-13 02:33:28.890,aa3ea5ee-18fb-43c6-9087-c0552010c0ba,,
19adc0bf-c51d-4263-84a4-0494df12846d.live_data_internal.json,,0,,,,508.52,,,,,19adc0bf-c51d-4263-84a4-0494df12846d.sensing_status.json,1,,,,,,,,,,,,,,,3772946,,62850050,,,2024-12-13 04:06:23.997,15002,,,,120.0,,,,62850050,150.0,2024-12-13 05:09:17.910,2024-12-13 05:09:17.910,,,,,97.0,,,,,508.52,,,,UTC+0530,Y4t2FxnDL4,,,19adc0bf-c51d-4263-84a4-0494df12846d.com.samsung.health.exercise.live_data.json,,,com.sec.android.app.shealth,,,,,2024-12-13 05:09:16.943,19adc0bf-c51d-4263-84a4-0494df12846d,,
21979e41-e82f-4ffc-8d8f-ecb3f1a94056.live_data_internal.json,,0,,,,34.07,,,,,21979e41-e82f-4ffc-8d8f-ecb3f1a94056.sensing_status.json,4,,,,,,,,,,,,,,,230160,,62850050,,,2024-12-13 13:50:01.255,11007,,,,107.0,,,,62850050,114.0,2024-12-13 13:55:15.518,2024-12-13 13:55:15.518,,,,,101.0,,,,,34.07,,,,UTC+0530,Y4t2FxnDL4,,,21979e41-e82f-4ffc-8d8f-ecb3f1a94056.com.samsung.health.exercise.live_data.json,,,com.sec.android.app.shealth,,,,,2024-12-13 13:53:51.415,21979e41-e82f-4ffc-8d8f-ecb3f1a94056,,
6716f06f-f62f-441f-82b9-9af2f4bb1d59.live_data_internal.json,,0,,,,291.983,,,,,6716f06f-f62f-441f-82b9-9af2f4bb1d59.sensing_status.json,1,,,,,,,,,,,,,,,3180527,,62850050,,,2024-12-14 04:39:45.809,15005,,,,117.0,30001,,,62850050,133.0,2024-12-14 05:32:46.924,2024-12-14 05:32:46.924,,,2.013,91.02265,100.0,,4825,3526.062,,291.983,136.62,,,UTC+0530,Y4t2FxnDL4,,,6716f06f-f62f-441f-82b9-9af2f4bb1d59.com.samsung.health.exercise.live_data.json,,1.1086408,com.sec.android.app.shealth,,,,,2024-12-14 05:32:46.336,6716f06f-f62f-441f-82b9-9af2f4bb1d59,,
f5712f6e-b268-442b-8377-1ac709963c49.live_data_internal.json,,0,,,,32.29,,,,,f5712f6e-b268-442b-8377-1ac709963c49.sensing_status.json,4,,,,,,,,,,,,,,,254180,,62850050,,,2024-12-14 15:36:56.859,11007,,,,99.0,,,,62850050,113.0,2024-12-14 15:42:34.787,2024-12-14 15:42:34.787,,,,,79.0,,,,,32.29,,,,UTC+0530,Y4t2FxnDL4,,,f5712f6e-b268-442b-8377-1ac709963c49.com.samsung.health.exercise.live_data.json,,,com.sec.android.app.shealth,,,,,2024-12-14 15:41:11.039,f5712f6e-b268-442b-8377-1ac709963c49,,
fc38138c-4167-43a7-b4a2-4e03db4bfc6a.live_data_internal.json,,0,,,,184.31656,,,,,fc38138c-4167-43a7-b4a2-4e03db4bfc6a.sensing_status.json,4,,,,,,,,,,,,,,,2030478,,62850050,,,2024-12-16 01:51:02.251,1001,,,,102.0,30001,,,62850050,116.0,2024-12-16 02:26:24.351,2024-12-16 02:26:24.351,,,1.4252748,87.319336,71.0,,2955,2201.89,,184.0,104.0,,,UTC+0530,Y4t2FxnDL4,,,fc38138c-4167-43a7-b4a2-4e03db4bfc6a.com.samsung.health.exercise.live_data.json,,1.0844195,com.sec.android.app.shealth,,,,,2024-12-16 02:25:08.911,fc38138c-4167-43a7-b4a2-4e03db4bfc6a,,
412f36ed-f444-4efd-861c-2edf03643c6d.live_data_internal.json,,0,,,,546.86053,,,,,412f36ed-f444-4efd-861c-2edf03643c6d.sensing_status.json,1,,,,,,,,,,,,,,,3604265,,62850050,,,2024-12-16 04:08:44.350,15002,,,,124.0,,,,62850050,155.0,2024-12-16 05:43:38.376,2024-12-16 05:43:38.376,,,,,52.0,,,,,505.99,,,,UTC+0530,Y4t2FxnDL4,,,412f36ed-f444-4efd-861c-2edf03643c6d.com.samsung.health.exercise.live_data.json,,,com.sec.android.app.shealth,,,,,2024-12-16 05:43:37.902,412f36ed-f444-4efd-861c-2edf03643c6d,,
21edaaff-e7a8-4bf8-8efb-73c35158c5f7.live_data_internal.json,,0,,,,90.44196,,,,,21edaaff-e7a8-4bf8-8efb-73c35158c5f7.sensing_status.json,4,,,,,,,,,,,,,,,962717,,62850050,,,2024-12-17 02:17:52.765,1001,,,,93.0,30001,,,62850050,107.0,2024-12-17 02:35:33.214,2024-12-17 02:35:33.214,,,1.3729925,82.95273,54.0,,1331,972.07,,90.0,101.0,,,UTC+0530,Y4t2FxnDL4,,,21edaaff-e7a8-4bf8-8efb-73c35158c5f7.com.samsung.health.exercise.live_data.json,,1.0097152,com.sec.android.app.shealth,,,,,2024-12-17 02:34:18.075,21edaaff-e7a8-4bf8-8efb-73c35158c5f7,,
0ccdf3e2-663f-4500-bbd1-8371152943f5.live_data_internal.json,,0,,,,542.62,,,,,0ccdf3e2-663f-4500-bbd1-8371152943f5.sensing_status.json,1,,,,,,,,,,,,,,,4167737,,62850050,,,2024-12-17 04:16:18.081,15002,,,,119.0,,,,62850050,151.0,2024-12-17 05:25:46.990,2024-12-17 05:25:46.990,,,,,70.0,,,,,542.62,,,,UTC+0530,Y4t2FxnDL4,,,0ccdf3e2-663f-4500-bbd1-8371152943f5.com.samsung.health.exercise.live_data.json,,,com.sec.android.app.shealth,,,,,2024-12-17 05:25:45.818,0ccdf3e2-663f-4500-bbd1-8371152943f5,,
b97c6072-266f-40b4-b4cb-88b714f434e3.live_data_internal.json,,0,,,,163.03424,,,,,b97c6072-266f-40b4-b4cb-88b714f434e3.sensing_status.json,4,,,,,,,,,,,,,,,1784087,,62850050,,,2024-12-18 01:46:20.304,1001,,,,105.0,30001,,,62850050,121.0,2024-12-18 02:18:12.816,2024-12-18 02:18:12.816,,,1.4100804,76.24068,86.0,,2267,1694.15,,162.0,107.0,,,UTC+0530,Y4t2FxnDL4,,,b97c6072-266f-40b4-b4cb-88b714f434e3.com.samsung.health.exercise.live_data.json,,0.9495893,com.sec.android.app.shealth,,,,,2024-12-18 02:16:57.261,b97c6072-266f-40b4-b4cb-88b714f434e3,,
2000272a-16b3-4166-a41f-3f9ebeb7ad2c.live_data_internal.json,,0,,,,473.07,,,,,2000272a-16b3-4166-a41f-3f9ebeb7ad2c.sensing_status.json,1,,,,,,,,,,,,,,,3426206,,62850050,,,2024-12-18 04:10:57.039,15002,,,,124.0,,,,62850050,150.0,2024-12-18 05:08:03.804,2024-12-18 05:08:03.804,,,,,106.0,,,,,473.07,,,,UTC+0530,Y4t2FxnDL4,,,2000272a-16b3-4166-a41f-3f9ebeb7ad2c.com.samsung.health.exercise.live_data.json,,,com.sec.android.app.shealth,,,,,2024-12-18 05:08:03.245,2000272a-16b3-4166-a41f-3f9ebeb7ad2c,,
35c14546-d47c-48af-aada-e7d19fa3eb6b.live_data_internal.json,,0,,,,481.94,,,,,35c14546-d47c-48af-aada-e7d19fa3eb6b.sensing_status.json,1,,,,,,,,,,,,,,,3465427,,62850050,,,2024-12-19 04:20:34.620,15002,,,,124.0,,,,62850050,158.0,2024-12-19 05:18:20.507,2024-12-19 05:18:20.507,,,,,90.0,,,,,481.94,,,,UTC+0530,Y4t2FxnDL4,,,35c14546-d47c-48af-aada-e7d19fa3eb6b.com.samsung.health.exercise.live_data.json,,,com.sec.android.app.shealth,,,,,2024-12-19 05:18:20.047,35c14546-d47c-48af-aada-e7d19fa3eb6b,,
869fa52e-7eb9-4147-8681-e052cb259169.live_data_internal.json,,0,,,,456.21265,,,,,869fa52e-7eb9-4147-8681-e052cb259169.sensing_status.json,1,,,,,,,,,,,,,,,3009925,,62850050,,,2024-12-20 03:49:28.737,15002,,,,123.0,,,,62850050,150.0,2024-12-20 05:12:50.355,2024-12-20 05:12:50.355,,,,,87.0,,,,,417.26,,,,UTC+0530,Y4t2FxnDL4,,,869fa52e-7eb9-4147-8681-e052cb259169.com.samsung.health.exercise.live_data.json,,,com.sec.android.app.shealth,,,,,2024-12-20 05:12:49.907,869fa52e-7eb9-4147-8681-e052cb259169,,
9a699090-b586-4442-b633-5c1b52a3e2ee.live_data_internal.json,,0,,,,371.658,,,,,9a699090-b586-4442-b633-5c1b52a3e2ee.sensing_status.json,1,,,,,,,,,,,,,,,3691301,,62850050,,,2024-12-21 06:36:07.883,15005,,,,118.0,30001,,,62850050,132.0,2024-12-21 07:37:39.637,2024-12-21 07:37:39.637,,,2.113,116.59304,92.0,,7173,5501.184,,371.658,139.366,,,UTC+0530,Y4t2FxnDL4,,,9a699090-b586-4442-b633-5c1b52a3e2ee.com.samsung.health.exercise.live_data.json,,1.4903103,com.sec.android.app.shealth,,,,,2024-12-21 07:37:39.184,9a699090-b586-4442-b633-5c1b52a3e2ee,,
1ffb246a-fc8b-4601-b01d-b9d796f5d64f.live_data_internal.json,,0,,,,73.47,,,,,1ffb246a-fc8b-4601-b01d-b9d796f5d64f.sensing_status.json,4,,,,,,,,,,,,,,,563680,,62850050,,,2024-12-22 02:40:03.108,11007,,,,108.0,,,,62850050,136.0,2024-12-22 02:50:37.243,2024-12-22 02:50:37.243,,,,,84.0,,,,,73.47,,,,UTC+0530,Y4t2FxnDL4,,,1ffb246a-fc8b-4601-b01d-b9d796f5d64f.com.samsung.health.exercise.live_data.json,,,com.sec.android.app.shealth,,,,,2024-12-22 02:49:26.788,1ffb246a-fc8b-4601-b01d-b9d796f5d64f,,
d828b71f-4a8e-4f8f-82f2-f54dd602382a.live_data_internal.json,,0,,,,65.0,,,,,d828b71f-4a8e-4f8f-82f2-f54dd602382a.sensing_status.json,4,,,,,,,,,,,,,,,669549,,62850050,,,2024-12-22 03:17:40.099,1001,,,,118.0,30001,,,62850050,126.0,2024-12-22 03:30:05.142,2024-12-22 03:30:05.142,,,1.6053063,99.559555,110.0,,1111,850.81,,65.0,118.0,,,UTC+0530,Y4t2FxnDL4,,,d828b71f-4a8e-4f8f-82f2-f54dd602382a.com.samsung.health.exercise.live_data.json,,1.270721,com.sec.android.app.shealth,,,,,2024-12-22 03:28:49.648,d828b71f-4a8e-4f8f-82f2-f54dd602382a,,
ee45ddf9-6c3e-41eb-a0da-f5724ddeb3f0.live_data_internal.json,,0,,,,60.0,,,,,ee45ddf9-6c3e-41eb-a0da-f5724ddeb3f0.sensing_status.json,4,,,,,,,,,,,,,,,641992,,62850050,,,2024-12-22 15:59:10.440,1001,,,,105.0,30001,,,62850050,113.0,2024-12-22 16:11:07.923,2024-12-22 16:11:07.923,,,2.0465646,72.80465,95.0,,779,573.58,,60.0,99.0,,,UTC+0530,Y4t2FxnDL4,,,ee45ddf9-6c3e-41eb-a0da-f5724ddeb3f0.com.samsung.health.exercise.live_data.json,,0.8934379,com.sec.android.app.shealth,,,,,2024-12-22 16:09:52.432,ee45ddf9-6c3e-41eb-a0da-f5724ddeb3f0,,
a38a974e-ef1c-48e4-a1bd-3bf8725a8601.live_data_internal.json,,0,,,,495.62,,,,,a38a974e-ef1c-48e4-a1bd-3bf8725a8601.sensing_status.json,1,,,,,,,,,,,,,,,3450970,,62850050,,,2024-12-23 04:11:39.542,15002,,,,127.0,,,,62850050,149.0,2024-12-23 05:09:11.342,2024-12-23 05:09:11.342,,,,,105.0,,,,,495.62,,,,UTC+0530,Y4t2FxnDL4,,,a38a974e-ef1c-48e4-a1bd-3bf8725a8601.com.samsung.health.exercise.live_data.json,,,com.sec.android.app.shealth,,,,,2024-12-23 05:09:10.512,a38a974e-ef1c-48e4-a1bd-3bf8725a8601,,
4d392763-6bd0-4c3c-b9ef-d22764f22722.live_data_internal.json,,0,,,,627.23,,,,,4d392763-6bd0-4c3c-b9ef-d22764f22722.sensing_status.json,1,,,,,,,,,,,,,,,4377874,,62850050,,,2024-12-24 04:03:06.338,15002,,,,127.0,,,,62850050,149.0,2024-12-24 05:16:05.009,2024-12-24 05:16:05.009,,,,,78.0,,,,,627.23,,,,UTC+0530,Y4t2FxnDL4,,,4d392763-6bd0-4c3c-b9ef-d22764f22722.com.samsung.health.exercise.live_data.json,,,com.sec.android.app.shealth,,,,,2024-12-24 05:16:04.212,4d392763-6bd0-4c3c-b9ef-d22764f22722,,
6de18a61-5c47-4f5b-8887-9b10de7aa6bc.live_data_internal.json,,0,,,,583.41,,,,,6de18a61-5c47-4f5b-8887-9b10de7aa6bc.sensing_status.json,1,,,,,,,,,,,,,,,4133215,,62850050,,,2024-12-25 04:09:43.809,15002,,,,125.0,,,,62850050,150.0,2024-12-25 05:18:37.500,2024-12-25 05:18:37.500,,,,,90.0,,,,,583.41,,,,UTC+0530,Y4t2FxnDL4,,,6de18a61-5c47-4f5b-8887-9b10de7aa6bc.com.samsung.health.exercise.live_data.json,,,com.sec.android.app.shealth,,,,,2024-12-25 05:18:37.024,6de18a61-5c47-4f5b-8887-9b10de7aa6bc,,
d6608cc4-70a3-47ff-bdd4-45f5078bb70c.live_data_internal.json,,0,,,,75.61822,,,,,d6608cc4-70a3-47ff-bdd4-45f5078bb70c.sensing_status.json,4,,,,,,,,,,,,,,,807208,,62850050,,,2024-12-25 13:56:25.764,1001,,,,101.0,30001,,,62850050,117.0,2024-12-25 14:11:39.879,2024-12-25 14:11:39.879,,,1.5555556,73.438324,56.0,,988,753.76,,75.0,112.0,,,UTC+0530,Y4t2FxnDL4,,,d6608cc4-70a3-47ff-bdd4-45f5078bb70c.com.samsung.health.exercise.live_data.json,,0.9337866,com.sec.android.app.shealth,,,,,2024-12-25 14:10:24.575,d6608cc4-70a3-47ff-bdd4-45f5078bb70c,,
a4bdbc9a-ecc0-4731-b120-92a7eb786aba.live_data_internal.json,,0,,,,58.0,,,,,a4bdbc9a-ecc0-4731-b120-92a7eb786aba.sensing_status.json,4,,,,,,,,,,,,,,,623332,,62850050,,,2024-12-26 02:58:51.133,1001,,,,97.0,30001,,,62850050,108.0,2024-12-26 03:10:29.871,2024-12-26 03:10:29.871,,,1.3888888,92.98416,52.0,,966,666.37,,58.0,104.0,,,UTC+0530,Y4t2FxnDL4,,,a4bdbc9a-ecc0-4731-b120-92a7eb786aba.com.samsung.health.exercise.live_data.json,,1.0690451,com.sec.android.app.shealth,,,,,2024-12-26 03:09:14.465,a4bdbc9a-ecc0-4731-b120-92a7eb786aba,,
96345ffa-902b-40c1-96a1-274ce5ddba1b.live_data_internal.json,,0,,,,26.15,,,,,96345ffa-902b-40c1-96a1-274ce5ddba1b.sensing_status.json,4,,,,,,,,,,,,,,,228340,,62850050,,,2024-12-26 09:01:04.692,11007,,,,95.0,,,,62850050,117.0,2024-12-26 09:06:16.913,2024-12-26 09:06:16.913,,,,,80.0,,,,,26.15,,,,UTC+0530,Y4t2FxnDL4,,,96345ffa-902b-40c1-96a1-274ce5ddba1b.com.samsung.health.exercise.live_data.json,,,com.sec.android.app.shealth,,,,,2024-12-26 09:04:53.032,96345ffa-902b-40c1-96a1-274ce5ddba1b,,
1a654459-1b79-4911-a87a-76d2bdc544d6.live_data_internal.json,,0,,,,413.69,,,,,1a654459-1b79-4911-a87a-76d2bdc544d6.sensing_status.json,1,,,,,,,,,,,,,,,3360992,,62850050,,,2024-12-26 11:36:33.916,15003,,,,113.0,,,,62850050,140.0,2024-12-26 12:32:36.124,2024-12-26 12:32:36.124,,,,,79.0,,,,,413.69,,,,UTC+0530,Y4t2FxnDL4,,,1a654459-1b79-4911-a87a-76d2bdc544d6.com.samsung.health.exercise.live_data.json,,,com.sec.android.app.shealth,,,,,2024-12-26 12:32:34.908,1a654459-1b79-4911-a87a-76d2bdc544d6,,
52df6383-20da-43d0-aa12-50a2d99e2c42.live_data_internal.json,,0,,,,145.12166,,,,,52df6383-20da-43d0-aa12-50a2d99e2c42.sensing_status.json,4,,,,,,,,,,,,,,,1471146,,62850050,,,2024-12-29 02:49:00.706,1001,,,,102.0,30001,,,62850050,118.0,2024-12-29 03:14:53.509,2024-12-29 03:14:53.509,,,1.5555556,108.323715,55.0,,2656,2055.03,,145.0,117.0,,,UTC+0530,Y4t2FxnDL4,,,52df6383-20da-43d0-aa12-50a2d99e2c42.com.samsung.health.exercise.live_data.json,,1.3968906,com.sec.android.app.shealth,,,,,2024-12-29 03:13:38.071,52df6383-20da-43d0-aa12-50a2d99e2c42,,
be10a693-e54e-43a1-ae27-775f1fbb3e72.live_data_internal.json,,0,,,,35.04,,,,,be10a693-e54e-43a1-ae27-775f1fbb3e72.sensing_status.json,4,,,,,,,,,,,,,,,286160,,62850050,,,2024-12-29 03:24:58.660,11007,,,,105.0,,,,62850050,118.0,2024-12-29 03:31:05.671,2024-12-29 03:31:05.671,,,,,72.0,,,,,35.04,,,,UTC+0530,Y4t2FxnDL4,,,be10a693-e54e-43a1-ae27-775f1fbb3e72.com.samsung.health.exercise.live_data.json,,,com.sec.android.app.shealth,,,,,2024-12-29 03:29:44.820,be10a693-e54e-43a1-ae27-775f1fbb3e72,,
386817f9-08c7-47c0-87ab-19ff149be96e.live_data_internal.json,,0,,,,66.00002,,,,,386817f9-08c7-47c0-87ab-19ff149be96e.sensing_status.json,4,,,,,,,,,,,,,,,692495,,62850050,,,2024-12-29 12:59:52.348,1001,,,,98.0,30001,,,62850050,111.0,2024-12-29 13:12:40.284,2024-12-29 13:12:40.284,,,1.5957217,92.36168,77.0,,1066,807.79,,66.0,110.0,,,UTC+0530,Y4t2FxnDL4,,,386817f9-08c7-47c0-87ab-19ff149be96e.com.samsung.health.exercise.live_data.json,,1.1664921,com.sec.android.app.shealth,,,,,2024-12-29 13:11:24.844,386817f9-08c7-47c0-87ab-19ff149be96e,,
d440566e-80bc-46de-bdc6-2f23e526e5a9.live_data_internal.json,,0,,,,527.63,,,,,d440566e-80bc-46de-bdc6-2f23e526e5a9.sensing_status.json,1,,,,,,,,,,,,,,,3524268,,62850050,,,2024-12-30 04:15:14.392,15002,,,,130.0,,,,62850050,153.0,2024-12-30 05:13:59.250,2024-12-30 05:13:59.250,,,,,108.0,,,,,527.63,,,,UTC+0530,Y4t2FxnDL4,,,d440566e-80bc-46de-bdc6-2f23e526e5a9.com.samsung.health.exercise.live_data.json,,,com.sec.android.app.shealth,,,,,2024-12-30 05:13:58.660,d440566e-80bc-46de-bdc6-2f23e526e5a9,,
7d74548d-77b0-4b5d-85c5-483a86b21f4c.live_data_internal.json,,0,,,,30.87,,,,,7d74548d-77b0-4b5d-85c5-483a86b21f4c.sensing_status.json,4,,,,,,,,,,,,,,,205920,,62850050,,,2024-12-31 07:16:20.152,11007,,,,111.0,,,,62850050,132.0,2024-12-31 07:21:12.848,2024-12-31 07:21:12.848,,,,,89.0,,,,,30.87,,,,UTC+0530,Y4t2FxnDL4,,,7d74548d-77b0-4b5d-85c5-483a86b21f4c.com.samsung.health.exercise.live_data.json,,,com.sec.android.app.shealth,,,,,2024-12-31 07:19:46.072,7d74548d-77b0-4b5d-85c5-483a86b21f4c,,
7ecf392e-199a-439b-9574-500c1a17e6ad.live_data_internal.json,,0,,,,491.74,,,,,7ecf392e-199a-439b-9574-500c1a17e6ad.sensing_status.json,1,,,,,,,,,,,,,,,3484431,,62850050,,,2025-01-02 04:26:38.990,15002,,,,124.0,,,,62850050,144.0,2025-01-02 05:24:44.422,2025-01-02 05:24:44.422,,,,,79.0,,,,,491.74,,,,UTC+0530,Y4t2FxnDL4,,,7ecf392e-199a-439b-9574-500c1a17e6ad.com.samsung.health.exercise.live_data.json,,,com.sec.android.app.shealth,,,,,2025-01-02 05:24:43.421,7ecf392e-199a-439b-9574-500c1a17e6ad,,
7f4c42c2-d3ab-4072-a61f-b983b16c0900.live_data_internal.json,,0,,,,490.4,,,,,7f4c42c2-d3ab-4072-a61f-b983b16c0900.sensing_status.json,1,,,,,,,,,,,,,,,3676352,,62850050,,,2025-01-03 04:07:58.920,15002,,,,121.0,,,,62850050,148.0,2025-01-03 05:09:15.983,2025-01-03 05:09:15.983,,,,,93.0,,,,,490.4,,,,UTC+0530,Y4t2FxnDL4,,,7f4c42c2-d3ab-4072-a61f-b983b16c0900.com.samsung.health.exercise.live_data.json,,,com.sec.android.app.shealth,,,,,2025-01-03 05:09:15.272,7f4c42c2-d3ab-4072-a61f-b983b16c0900,,
7984e285-e7db-4a01-b30c-2e19bcf5f44d.live_data_internal.json,,0,,,,597.33185,,,,,7984e285-e7db-4a01-b30c-2e19bcf5f44d.sensing_status.json,1,,,,,,,,,,,,,,,4393917,,62850050,,,2025-01-04 04:27:32.764,15002,,,,121.0,,,,62850050,152.0,2025-01-04 05:43:18.071,2025-01-04 05:43:18.071,,,,,89.0,,,,,594.38,,,,UTC+0530,Y4t2FxnDL4,,,7984e285-e7db-4a01-b30c-2e19bcf5f44d.com.samsung.health.exercise.live_data.json,,,com.sec.android.app.shealth,,,,,2025-01-04 05:43:17.578,7984e285-e7db-4a01-b30c-2e19bcf5f44d,,
f29e05f2-f985-406e-921e-8fdbec470361.live_data_internal.json,,0,,,,66.0,,,,,f29e05f2-f985-406e-921e-8fdbec470361.sensing_status.json,4,,,,,,,,,,,,,,,631899,,62850050,,,2025-01-04 17:09:01.654,1001,,,,89.0,30001,,,62850050,113.0,2025-01-04 17:21:37.744,2025-01-04 17:21:37.744,,,1.579786,86.311264,73.0,,909,701.43,,66.0,119.0,,,UTC+0530,Y4t2FxnDL4,,,f29e05f2-f985-406e-921e-8fdbec470361.com.samsung.health.exercise.live_data.json,,1.110035,com.sec.android.app.shealth,,,,,2025-01-04 17:19:33.552,f29e05f2-f985-406e-921e-8fdbec470361,,
c94cec7d-9cc8-4a70-b5d7-12df801d70cf.live_data_internal.json,,0,,,,562.54,,,,,c94cec7d-9cc8-4a70-b5d7-12df801d70cf.sensing_status.json,1,,,,,,,,,,,,,,,3975635,,62850050,,,2025-01-06 04:13:15.237,15002,,,,124.0,,,,62850050,151.0,2025-01-06 05:19:31.378,2025-01-06 05:19:31.378,,,,,93.0,,,,,562.54,,,,UTC+0530,Y4t2FxnDL4,,,c94cec7d-9cc8-4a70-b5d7-12df801d70cf.com.samsung.health.exercise.live_data.json,,,com.sec.android.app.shealth,,,,,2025-01-06 05:19:30.872,c94cec7d-9cc8-4a70-b5d7-12df801d70cf,,
db075e2d-3c05-4bd8-8c09-f7e2125c5bbf.live_data_internal.json,,0,,,,29.64,,,,,db075e2d-3c05-4bd8-8c09-f7e2125c5bbf.sensing_status.json,4,,,,,,,,,,,,,,,244220,,62850050,,,2025-01-07 05:16:08.582,11007,,,,102.0,,,,62850050,123.0,2025-01-07 05:21:33.860,2025-01-07 05:21:33.860,,,,,75.0,,,,,29.64,,,,UTC+0530,Y4t2FxnDL4,,,db075e2d-3c05-4bd8-8c09-f7e2125c5bbf.com.samsung.health.exercise.live_data.json,,,com.sec.android.app.shealth,,,,,2025-01-07 05:20:12.802,db075e2d-3c05-4bd8-8c09-f7e2125c5bbf,,
e7da9003-aa2c-40e7-9fe1-57a10a8a23cb.live_data_internal.json,,0,,,,520.53,,,,,e7da9003-aa2c-40e7-9fe1-57a10a8a23cb.sensing_status.json,1,,,,,,,,,,,,,,,3585218,,62850050,,,2025-01-07 04:16:18.478,15002,,,,127.0,,,,62850050,153.0,2025-01-07 05:16:04.158,2025-01-07 05:16:04.158,,,,,89.0,,,,,520.53,,,,UTC+0530,Y4t2FxnDL4,,,e7da9003-aa2c-40e7-9fe1-57a10a8a23cb.com.samsung.health.exercise.live_data.json,,,com.sec.android.app.shealth,,,,,2025-01-07 05:16:03.696,e7da9003-aa2c-40e7-9fe1-57a10a8a23cb,,
ae7e4d89-f2b2-4671-a1e1-78b0f00cf406.live_data_internal.json,,0,,,,522.81,,,,,ae7e4d89-f2b2-4671-a1e1-78b0f00cf406.sensing_status.json,1,,,,,,,,,,,,,,,3605628,,62850050,,,2025-01-08 04:16:05.486,15002,,,,127.0,,,,62850050,150.0,2025-01-08 05:16:11.788,2025-01-08 05:16:11.788,,,,,87.0,,,,,522.81,,,,UTC+0530,Y4t2FxnDL4,,,ae7e4d89-f2b2-4671-a1e1-78b0f00cf406.com.samsung.health.exercise.live_data.json,,,com.sec.android.app.shealth,,,,,2025-01-08 05:16:11.114,ae7e4d89-f2b2-4671-a1e1-78b0f00cf406,,
3733c955-597e-4216-a594-4e8c38e9e08d.live_data_internal.json,,0,,,,368.32,,,,,3733c955-597e-4216-a594-4e8c38e9e08d.sensing_status.json,1,,,,,,,,,,,,,,,2869830,,62850050,,,2025-01-09 04:17:40.725,15002,,,,117.0,,,,62850050,148.0,2025-01-09 05:05:31.588,2025-01-09 05:05:31.588,,,,,64.0,,,,,368.32,,,,UTC+0530,Y4t2FxnDL4,,,3733c955-597e-4216-a594-4e8c38e9e08d.com.samsung.health.exercise.live_data.json,,,com.sec.android.app.shealth,,,,,2025-01-09 05:05:30.555,3733c955-597e-4216-a594-4e8c38e9e08d,,
3eb7290b-3384-402c-84c7-756b1285ac2d.live_data_internal.json,,0,,,,534.05884,,,,,3eb7290b-3384-402c-84c7-756b1285ac2d.sensing_status.json,1,,,,,,,,,,,,,,,4146046,,62850050,,,2025-01-10 04:17:01.401,15002,,,,117.0,,,,62850050,153.0,2025-01-10 05:26:16.135,2025-01-10 05:26:16.135,,,,,97.0,,,,,533.91,,,,UTC+0530,Y4t2FxnDL4,,,3eb7290b-3384-402c-84c7-756b1285ac2d.com.samsung.health.exercise.live_data.json,,,com.sec.android.app.shealth,,,,,2025-01-10 05:26:15.056,3eb7290b-3384-402c-84c7-756b1285ac2d,,
2e07d04d-f75b-441a-8d82-e9c6d30e7b2b.live_data_internal.json,,0,,,,147.764,,,,,2e07d04d-f75b-441a-8d82-e9c6d30e7b2b.sensing_status.json,1,,,,,,,,,,,,,,,1530189,,62850050,,,2025-01-11 04:22:04.074,15005,,,,117.0,30001,,,62850050,125.0,2025-01-11 04:47:36.608,2025-01-11 04:47:34.848,,,1.99,112.8096,97.0,,2877,2110.002,,147.764,133.735,,,UTC+0530,Y4t2FxnDL4,,,2e07d04d-f75b-441a-8d82-e9c6d30e7b2b.com.samsung.health.exercise.live_data.json,,1.3789159,com.sec.android.app.shealth,,,,,2025-01-11 04:47:34.263,2e07d04d-f75b-441a-8d82-e9c6d30e7b2b,,
6c593d1c-ca6e-43be-bd6d-1701566a54d5.live_data_internal.json,,0,,,,276.76,,,,,6c593d1c-ca6e-43be-bd6d-1701566a54d5.sensing_status.json,1,,,,,,,,,,,,,,,2110375,,62850050,,,2025-01-11 04:47:51.041,15002,,,,119.0,,,,62850050,150.0,2025-01-11 05:23:01.827,2025-01-11 05:23:01.827,,,,,100.0,,,,,276.76,,,,UTC+0530,Y4t2FxnDL4,,,6c593d1c-ca6e-43be-bd6d-1701566a54d5.com.samsung.health.exercise.live_data.json,,,com.sec.android.app.shealth,,,,,2025-01-11 05:23:01.416,6c593d1c-ca6e-43be-bd6d-1701566a54d5,,
f78cadeb-07f2-4760-a074-c775a3fbc84b.live_data_internal.json,,0,,,,505.8,,,,,f78cadeb-07f2-4760-a074-c775a3fbc84b.sensing_status.json,1,,,,,,,,,,,,,,,3461826,,62850050,,,2025-01-13 04:07:44.019,15002,,,,127.0,,,,62850050,151.0,2025-01-13 05:05:27.022,2025-01-13 05:05:27.022,,,,,81.0,,,,,505.8,,,,UTC+0530,Y4t2FxnDL4,,,f78cadeb-07f2-4760-a074-c775a3fbc84b.com.samsung.health.exercise.live_data.json,,,com.sec.android.app.shealth,,,,,2025-01-13 05:05:25.845,f78cadeb-07f2-4760-a074-c775a3fbc84b,,
cf27531a-7fd9-4eba-88fa-cba7f043f0f7.live_data_internal.json,,0,,,,489.78,,,,,cf27531a-7fd9-4eba-88fa-cba7f043f0f7.sensing_status.json,1,,,,,,,,,,,,,,,3604198,,62850050,,,2025-01-14 04:18:05.766,15002,,,,121.0,,,,62850050,146.0,2025-01-14 05:18:10.602,2025-01-14 05:18:10.602,,,,,97.0,,,,,489.78,,,,UTC+0530,Y4t2FxnDL4,,,cf27531a-7fd9-4eba-88fa-cba7f043f0f7.com.samsung.health.exercise.live_data.json,,,com.sec.android.app.shealth,,,,,2025-01-14 05:18:09.964,cf27531a-7fd9-4eba-88fa-cba7f043f0f7,,
b31b736f-0516-43a4-901d-867464334384.live_data_internal.json,,0,,,,469.63,,,,,b31b736f-0516-43a4-901d-867464334384.sensing_status.json,1,,,,,,,,,,,,,,,3607690,,62900750,,,2025-01-16 04:05:08.955,15002,,,,118.0,,,,62900750,139.0,2025-01-16 05:05:17.842,2025-01-16 05:05:17.842,,,,,99.0,,,,,469.63,,,,UTC+0530,Y4t2FxnDL4,,,b31b736f-0516-43a4-901d-867464334384.com.samsung.health.exercise.live_data.json,,,com.sec.android.app.shealth,,,,,2025-01-16 05:05:16.645,b31b736f-0516-43a4-901d-867464334384,,
8a014439-6d10-47c3-ab81-78da0194ccff.live_data_internal.json,,0,,,,491.76,,,,,8a014439-6d10-47c3-ab81-78da0194ccff.sensing_status.json,1,,,,,,,,,,,,,,,3433015,,62900750,,,2025-01-17 04:25:43.555,15002,,,,126.0,,,,62900750,163.0,2025-01-17 05:22:57.366,2025-01-17 05:22:57.366,,,,,95.0,,,,,491.76,,,,UTC+0530,Y4t2FxnDL4,,,8a014439-6d10-47c3-ab81-78da0194ccff.com.samsung.health.exercise.live_data.json,,,com.sec.android.app.shealth,,,,,2025-01-17 05:22:56.570,8a014439-6d10-47c3-ab81-78da0194ccff,,
87e1bb0c-5386-461e-81f3-41abf39bb294.live_data_internal.json,,0,,,,34.48,,,,,87e1bb0c-5386-461e-81f3-41abf39bb294.sensing_status.json,4,,,,,,,,,,,,,,,243400,,62900750,,,2025-01-17 09:24:51.859,11007,,,,102.0,,,,62900750,115.0,2025-01-17 09:30:18.570,2025-01-17 09:30:18.570,,,,,81.0,,,,,34.48,,,,UTC+0530,Y4t2FxnDL4,,,87e1bb0c-5386-461e-81f3-41abf39bb294.com.samsung.health.exercise.live_data.json,,,com.sec.android.app.shealth,,,,,2025-01-17 09:28:55.259,87e1bb0c-5386-461e-81f3-41abf39bb294,,
36a504ac-26c8-40af-90aa-fbecb2780fc4.live_data_internal.json,,0,,,,543.0385,,,,,36a504ac-26c8-40af-90aa-fbecb2780fc4.sensing_status.json,1,,,,,,,,,,,,,,,3072825,,62900750,,,2025-01-18 04:29:26.577,15002,,,,115.0,,,,62900750,145.0,2025-01-18 07:43:25.894,2025-01-18 07:43:25.894,,,,,94.0,,,,,375.43,,,,UTC+0530,Y4t2FxnDL4,,,36a504ac-26c8-40af-90aa-fbecb2780fc4.com.samsung.health.exercise.live_data.json,,,com.sec.android.app.shealth,,,,,2025-01-18 07:43:27.490,36a504ac-26c8-40af-90aa-fbecb2780fc4,,
8735afd1-b316-4e61-b6a2-1393cc9307e3.live_data_internal.json,,0,,,,501.13,,,,,8735afd1-b316-4e61-b6a2-1393cc9307e3.sensing_status.json,1,,,,,,,,,,,,,,,3610936,,62900750,,,2025-01-20 04:22:03.624,15002,,,,123.0,,,,62900750,149.0,2025-01-20 05:22:15.002,2025-01-20 05:22:15.002,,,,,95.0,,,,,501.13,,,,UTC+0530,Y4t2FxnDL4,,,8735afd1-b316-4e61-b6a2-1393cc9307e3.com.samsung.health.exercise.live_data.json,,,com.sec.android.app.shealth,,,,,2025-01-20 05:22:14.560,8735afd1-b316-4e61-b6a2-1393cc9307e3,,
809731e6-e9e0-4a78-a4b5-5cbbddd77fc7.live_data_internal.json,,0,,,,506.89,,,,,809731e6-e9e0-4a78-a4b5-5cbbddd77fc7.sensing_status.json,1,,,,,,,,,,,,,,,3769891,,62900750,,,2025-01-21 04:10:25.874,15002,,,,121.0,,,,62900750,147.0,2025-01-21 05:13:16.738,2025-01-21 05:13:16.738,,,,,64.0,,,,,506.89,,,,UTC+0530,Y4t2FxnDL4,,,809731e6-e9e0-4a78-a4b5-5cbbddd77fc7.com.samsung.health.exercise.live_data.json,,,com.sec.android.app.shealth,,,,,2025-01-21 05:13:15.765,809731e6-e9e0-4a78-a4b5-5cbbddd77fc7,,
c0efbcfb-e702-4628-8a25-b02e8af8949d.live_data_internal.json,,0,,,,127.35994,,,,,c0efbcfb-e702-4628-8a25-b02e8af8949d.sensing_status.json,4,,,,,,,,,,,,,,,1085510,,62900750,,,2025-01-21 07:38:03.391,0,,,,134.0,,,,62900750,152.0,2025-01-21 07:56:09.799,2025-01-21 07:56:09.799,,,,,115.0,,,,,127.35,,,,UTC+0530,Y4t2FxnDL4,,,c0efbcfb-e702-4628-8a25-b02e8af8949d.com.samsung.health.exercise.live_data.json,,,com.sec.android.app.shealth,,,,,2025-01-21 07:56:09.409,c0efbcfb-e702-4628-8a25-b02e8af8949d,,
b64ba4b7-46d7-4a22-b26b-210c99ca1577.live_data_internal.json,,0,,,,478.45514,,,,,b64ba4b7-46d7-4a22-b26b-210c99ca1577.sensing_status.json,1,,,,,,,,,,,,,,,3660471,,62900750,,,2025-01-22 04:08:07.044,15002,,,,120.0,,,,62900750,155.0,2025-01-22 05:09:22.592,2025-01-22 05:09:22.592,,,,,86.0,,,,,478.17,,,,UTC+0530,Y4t2FxnDL4,,,b64ba4b7-46d7-4a22-b26b-210c99ca1577.com.samsung.health.exercise.live_data.json,,,com.sec.android.app.shealth,,,,,2025-01-22 05:09:22.091,b64ba4b7-46d7-4a22-b26b-210c99ca1577,,
cd53278b-41fb-4028-b9c7-a66bc9cc210a.live_data_internal.json,,0,,,,394.57,,,,,cd53278b-41fb-4028-b9c7-a66bc9cc210a.sensing_status.json,1,,,,,,,,,,,,,,,2720502,,62900750,,,2025-01-23 04:15:02.110,15002,,,,128.0,,,,62900750,145.0,2025-01-23 05:00:23.999,2025-01-23 05:00:23.999,,,,,89.0,,,,,394.57,,,,UTC+0530,Y4t2FxnDL4,,,cd53278b-41fb-4028-b9c7-a66bc9cc210a.com.samsung.health.exercise.live_data.json,,,com.sec.android.app.shealth,,,,,2025-01-23 05:00:22.612,cd53278b-41fb-4028-b9c7-a66bc9cc210a,,
2157b677-e9a7-48cf-b775-fe7fa7ff75d6.live_data_internal.json,,0,,,,70.0,,,,,2157b677-e9a7-48cf-b775-fe7fa7ff75d6.sensing_status.json,4,,,,,,,,,,,,,,,626257,,62900750,,,2025-01-23 06:14:36.792,1001,,,,99.0,30001,,,62900750,120.0,2025-01-23 06:27:33.100,2025-01-23 06:27:33.100,,,1.7212979,81.72363,82.0,,853,664.3,,70.0,126.0,,,UTC+0530,Y4t2FxnDL4,,,2157b677-e9a7-48cf-b775-fe7fa7ff75d6.com.samsung.health.exercise.live_data.json,,1.0607466,com.sec.android.app.shealth,,,,,2025-01-23 06:25:03.049,2157b677-e9a7-48cf-b775-fe7fa7ff75d6,,
0119a033-94ea-4af9-8241-678abea78761.live_data_internal.json,,0,,,,464.84,,,,,0119a033-94ea-4af9-8241-678abea78761.sensing_status.json,1,,,,,,,,,,,,,,,3423325,,62900750,,,2025-01-24 04:18:11.626,15002,,,,122.0,,,,62900750,150.0,2025-01-24 05:15:15.432,2025-01-24 05:15:15.432,,,,,91.0,,,,,464.84,,,,UTC+0530,Y4t2FxnDL4,,,0119a033-94ea-4af9-8241-678abea78761.com.samsung.health.exercise.live_data.json,,,com.sec.android.app.shealth,,,,,2025-01-24 05:15:14.951,0119a033-94ea-4af9-8241-678abea78761,,
fd663bea-0d85-4c7f-80ab-b051fbdc6581.live_data_internal.json,,0,,,,321.416,,,,,fd663bea-0d85-4c7f-80ab-b051fbdc6581.sensing_status.json,1,,,,,,,,,,,,,,,3335709,,62900750,,,2025-01-25 04:21:57.614,15005,,,,118.0,30001,,,62900750,139.0,2025-01-25 05:17:45.091,2025-01-25 05:17:33.958,,,2.155,100.260544,77.0,,5574,4250.002,,321.416,144.149,,,UTC+0530,Y4t2FxnDL4,,,fd663bea-0d85-4c7f-80ab-b051fbdc6581.com.samsung.health.exercise.live_data.json,,1.2740926,com.sec.android.app.shealth,,,,,2025-01-25 05:17:33.323,fd663bea-0d85-4c7f-80ab-b051fbdc6581,,
10897891-a159-4e68-8438-899c1b3edb81.live_data_internal.json,,0,,,,28.23,,,,,10897891-a159-4e68-8438-899c1b3edb81.sensing_status.json,4,,,,,,,,,,,,,,,214540,,62900750,,,2025-01-25 06:36:36.525,11007,,,,101.0,,,,62900750,116.0,2025-01-25 06:41:38.869,2025-01-25 06:41:38.869,,,,,79.0,,,,,28.23,,,,UTC+0530,Y4t2FxnDL4,,,10897891-a159-4e68-8438-899c1b3edb81.com.samsung.health.exercise.live_data.json,,,com.sec.android.app.shealth,,,,,2025-01-25 06:40:11.065,10897891-a159-4e68-8438-899c1b3edb81,,
8e288f27-a91a-4426-8e73-6a98be53d2b6.live_data_internal.json,,0,,,,537.9162,,,,,8e288f27-a91a-4426-8e73-6a98be53d2b6.sensing_status.json,1,,,,,,,,,,,,,,,3683645,,62900750,,,2025-01-27 04:06:51.221,15002,,,,127.0,,,,62900750,152.0,2025-01-27 05:08:23.265,2025-01-27 05:08:23.265,,,,,91.0,,,,,537.76,,,,UTC+0530,Y4t2FxnDL4,,,8e288f27-a91a-4426-8e73-6a98be53d2b6.com.samsung.health.exercise.live_data.json,,,com.sec.android.app.shealth,,,,,2025-01-27 05:08:22.850,8e288f27-a91a-4426-8e73-6a98be53d2b6,,
0332be28-d8eb-41a9-b13c-52985dc79801.live_data_internal.json,,0,,,,32.29,,,,,0332be28-d8eb-41a9-b13c-52985dc79801.sensing_status.json,4,,,,,,,,,,,,,,,249940,,62900750,,,2025-01-27 14:07:51.462,11007,,,,110.0,,,,62900750,119.0,2025-01-27 14:13:25.547,2025-01-27 14:13:25.547,,,,,88.0,,,,,32.29,,,,UTC+0530,Y4t2FxnDL4,,,0332be28-d8eb-41a9-b13c-52985dc79801.com.samsung.health.exercise.live_data.json,,,com.sec.android.app.shealth,,,,,2025-01-27 14:12:01.402,0332be28-d8eb-41a9-b13c-52985dc79801,,
e0790c98-5102-4270-9dfd-fb58b88507ee.live_data_internal.json,,0,,,,502.41,,,,,e0790c98-5102-4270-9dfd-fb58b88507ee.sensing_status.json,1,,,,,,,,,,,,,,,3362333,,62900750,,,2025-01-28 04:14:09.175,15002,,,,130.0,,,,62900750,151.0,2025-01-28 05:10:11.959,2025-01-28 05:10:11.959,,,,,89.0,,,,,502.41,,,,UTC+0530,Y4t2FxnDL4,,,e0790c98-5102-4270-9dfd-fb58b88507ee.com.samsung.health.exercise.live_data.json,,,com.sec.android.app.shealth,,,,,2025-01-28 05:10:11.508,e0790c98-5102-4270-9dfd-fb58b88507ee,,
2003c5d2-61e0-49b3-99fe-f933db5efa05.live_data_internal.json,,0,,,,104.29075,,,,,2003c5d2-61e0-49b3-99fe-f933db5efa05.sensing_status.json,4,,,,,,,,,,,,,,,936417,,62900750,,,2025-01-29 13:05:20.962,1001,,,,91.0,30001,,,62900750,117.0,2025-01-29 13:25:00.989,2025-01-29 13:25:00.989,,,1.7056623,79.9003,53.0,,1247,1020.7,,101.0,121.0,,,UTC+0530,Y4t2FxnDL4,,,2003c5d2-61e0-49b3-99fe-f933db5efa05.com.samsung.health.exercise.live_data.json,,1.0900059,com.sec.android.app.shealth,,,,,2025-01-29 13:23:45.601,2003c5d2-61e0-49b3-99fe-f933db5efa05,,
d640f4ab-8af9-424d-9a60-ff3759db66db.live_data_internal.json,,0,,,,424.73,,,,,d640f4ab-8af9-424d-9a60-ff3759db66db.sensing_status.json,1,,,,,,,,,,,,,,,3253364,,62900750,,,2025-01-30 04:10:24.021,15002,,,,120.0,,,,62900750,146.0,2025-01-30 05:04:37.888,2025-01-30 05:04:37.888,,,,,93.0,,,,,424.73,,,,UTC+0530,Y4t2FxnDL4,,,d640f4ab-8af9-424d-9a60-ff3759db66db.com.samsung.health.exercise.live_data.json,,,com.sec.android.app.shealth,,,,,2025-01-30 05:04:37.385,d640f4ab-8af9-424d-9a60-ff3759db66db,,
f0226a3e-1b06-4ed2-b761-4312e3c66d37.live_data_internal.json,,0,,,,467.91,,,,,f0226a3e-1b06-4ed2-b761-4312e3c66d37.sensing_status.json,1,,,,,,,,,,,,,,,3318815,,62900750,,,2025-01-31 04:12:16.228,15002,,,,125.0,,,,62900750,153.0,2025-01-31 05:07:35.491,2025-01-31 05:07:35.491,,,,,80.0,,,,,467.91,,,,UTC+0530,Y4t2FxnDL4,,,f0226a3e-1b06-4ed2-b761-4312e3c66d37.com.samsung.health.exercise.live_data.json,,,com.sec.android.app.shealth,,,,,2025-01-31 05:07:35.043,f0226a3e-1b06-4ed2-b761-4312e3c66d37,,
6e85c3ef-2c5e-4617-958a-8328eb303b78.live_data_internal.json,,0,,,,36.1,,,,,6e85c3ef-2c5e-4617-958a-8328eb303b78.sensing_status.json,4,,,,,,,,,,,,,,,222140,,62900750,,,2025-02-02 04:14:19.307,11007,,,,100.0,,,,62900750,114.0,2025-02-02 04:19:28.583,2025-02-02 04:19:28.583,,,,,84.0,,,,,36.1,,,,UTC+0530,Y4t2FxnDL4,,,6e85c3ef-2c5e-4617-958a-8328eb303b78.com.samsung.health.exercise.live_data.json,,,com.sec.android.app.shealth,,,,,2025-02-02 04:18:01.447,6e85c3ef-2c5e-4617-958a-8328eb303b78,,
d38b75f5-5e18-49cc-ae17-d6f525c727b7.live_data_internal.json,,0,,,,478.04,,,,,d38b75f5-5e18-49cc-ae17-d6f525c727b7.sensing_status.json,1,,,,,,,,,,,,,,,3232364,,62900750,,,2025-02-03 04:12:08.209,15002,,,,129.0,,,,62900750,151.0,2025-02-03 05:06:01.179,2025-02-03 05:06:01.179,,,,,89.0,,,,,478.04,,,,UTC+0530,Y4t2FxnDL4,,,d38b75f5-5e18-49cc-ae17-d6f525c727b7.com.samsung.health.exercise.live_data.json,,,com.sec.android.app.shealth,,,,,2025-02-03 05:06:00.573,d38b75f5-5e18-49cc-ae17-d6f525c727b7,,
4258fae3-84d8-4303-b61e-ad1fffb24ff7.live_data_internal.json,,0,,,,518.61816,,,,,4258fae3-84d8-4303-b61e-ad1fffb24ff7.sensing_status.json,1,,,,,,,,,,,,,,,3311516,,62900750,,,2025-02-04 04:20:28.055,15002,,,,132.0,,,,62900750,153.0,2025-02-04 05:26:05.772,2025-02-04 05:26:05.772,,,,,102.0,,,,,506.38,,,,UTC+0530,Y4t2FxnDL4,,,4258fae3-84d8-4303-b61e-ad1fffb24ff7.com.samsung.health.exercise.live_data.json,,,com.sec.android.app.shealth,,,,,2025-02-04 05:26:05.181,4258fae3-84d8-4303-b61e-ad1fffb24ff7,,
539bc97b-30e2-4af2-bd3e-f2bdc4734d37.live_data_internal.json,,0,,,,405.71,,,,,539bc97b-30e2-4af2-bd3e-f2bdc4734d37.sensing_status.json,1,,,,,,,,,,,,,,,3263847,,62900750,,,2025-02-05 04:16:46.140,15002,,,,116.0,,,,62900750,144.0,2025-02-05 05:11:10.409,2025-02-05 05:11:10.409,,,,,94.0,,,,,405.71,,,,UTC+0530,Y4t2FxnDL4,,,539bc97b-30e2-4af2-bd3e-f2bdc4734d37.com.samsung.health.exercise.live_data.json,,,com.sec.android.app.shealth,,,,,2025-02-05 05:11:09.987,539bc97b-30e2-4af2-bd3e-f2bdc4734d37,,
3b4c8a39-5bfd-458f-863b-d77d329d4d2a.live_data_internal.json,,0,,,,60.0,,,,,3b4c8a39-5bfd-458f-863b-d77d329d4d2a.sensing_status.json,4,,,,,,,,,,,,,,,642613,,62900750,,,2025-02-05 10:47:22.157,1001,,,,109.0,30001,,,62900750,123.0,2025-02-05 10:59:20.156,2025-02-05 10:59:20.156,,,1.4763005,87.86004,87.0,,941,704.1,,60.0,108.0,,,UTC+0530,Y4t2FxnDL4,,,3b4c8a39-5bfd-458f-863b-d77d329d4d2a.com.samsung.health.exercise.live_data.json,,1.0956827,com.sec.android.app.shealth,,,,,2025-02-05 10:58:04.770,3b4c8a39-5bfd-458f-863b-d77d329d4d2a,,
6062c7da-3012-4bce-b5fe-c48e8284805d.live_data_internal.json,,0,,,,58.0,,,,,6062c7da-3012-4bce-b5fe-c48e8284805d.sensing_status.json,4,,,,,,,,,,,,,,,629021,,62900750,,,2025-02-06 11:28:48.922,1001,,,,98.0,30001,,,62900750,120.0,2025-02-06 11:41:03.119,2025-02-06 11:41:03.119,,,1.5043986,70.87203,78.0,,743,566.84,,58.0,108.0,,,UTC+0530,Y4t2FxnDL4,,,6062c7da-3012-4bce-b5fe-c48e8284805d.com.samsung.health.exercise.live_data.json,,0.9011464,com.sec.android.app.shealth,,,,,2025-02-06 11:39:17.943,6062c7da-3012-4bce-b5fe-c48e8284805d,,
cd975ce3-1062-499d-9150-f365f24c89f0.live_data_internal.json,,0,,,,390.17,,,,,cd975ce3-1062-499d-9150-f365f24c89f0.sensing_status.json,1,,,,,,,,,,,,,,,2972229,,62900750,,,2025-02-07 04:23:06.487,15002,,,,119.0,,,,62900750,149.0,2025-02-07 05:12:39.329,2025-02-07 05:12:39.329,,,,,88.0,,,,,390.17,,,,UTC+0530,Y4t2FxnDL4,,,cd975ce3-1062-499d-9150-f365f24c89f0.com.samsung.health.exercise.live_data.json,,,com.sec.android.app.shealth,,,,,2025-02-07 05:12:38.716,cd975ce3-1062-499d-9150-f365f24c89f0,,
4c25f120-84c0-42bc-b7df-0691ed81e4ee.live_data_internal.json,,0,,,,461.13,,,,,4c25f120-84c0-42bc-b7df-0691ed81e4ee.sensing_status.json,1,,,,,,,,,,,,,,,3382466,,62900750,,,2025-02-08 04:12:33.963,15002,,,,122.0,,,,62900750,152.0,2025-02-08 05:08:56.894,2025-02-08 05:08:56.894,,,,,90.0,,,,,461.13,,,,UTC+0530,Y4t2FxnDL4,,,4c25f120-84c0-42bc-b7df-0691ed81e4ee.com.samsung.health.exercise.live_data.json,,,com.sec.android.app.shealth,,,,,2025-02-08 05:08:56.429,4c25f120-84c0-42bc-b7df-0691ed81e4ee,,
053b98bf-6b69-4dd4-9ac0-485ca0a7cf0b.live_data_internal.json,,0,,,,35.68,,,,,053b98bf-6b69-4dd4-9ac0-485ca0a7cf0b.sensing_status.json,4,,,,,,,,,,,,,,,270860,,62900750,,,2025-02-09 03:00:41.656,11007,,,,90.0,,,,62900750,103.0,2025-02-09 03:06:38.894,2025-02-09 03:06:38.894,,,,,81.0,,,,,35.68,,,,UTC+0530,Y4t2FxnDL4,,,053b98bf-6b69-4dd4-9ac0-485ca0a7cf0b.com.samsung.health.exercise.live_data.json,,,com.sec.android.app.shealth,,,,,2025-02-09 03:05:12.516,053b98bf-6b69-4dd4-9ac0-485ca0a7cf0b,,
c1aeccfa-443b-43df-b487-007aab8eb66f.live_data_internal.json,,0,,,,76.56,,,,,c1aeccfa-443b-43df-b487-007aab8eb66f.sensing_status.json,4,,,,,,,,,,,,,,,525700,,62900750,,,2025-02-09 02:50:35.943,11007,,,,111.0,,,,62900750,118.0,2025-02-09 03:00:49.711,2025-02-09 03:00:49.711,,,,,100.0,,,,,76.56,,,,UTC+0530,Y4t2FxnDL4,,,c1aeccfa-443b-43df-b487-007aab8eb66f.com.samsung.health.exercise.live_data.json,,,com.sec.android.app.shealth,,,,,2025-02-09 02:59:21.643,c1aeccfa-443b-43df-b487-007aab8eb66f,,
dadf68d8-911c-4062-8694-b669d1481d59.live_data_internal.json,,0,,,,432.99,,,,,dadf68d8-911c-4062-8694-b669d1481d59.sensing_status.json,1,,,,,,,,,,,,,,,3610200,,62920010,,,2025-02-10 04:09:28.734,15002,,,,110.0,,,,62920010,153.0,2025-02-10 05:09:39.478,2025-02-10 05:09:39.478,,,,,81.0,,,,,432.99,,,,UTC+0530,Y4t2FxnDL4,,,dadf68d8-911c-4062-8694-b669d1481d59.com.samsung.health.exercise.live_data.json,,,com.sec.android.app.shealth,,,,,2025-02-10 05:09:38.934,dadf68d8-911c-4062-8694-b669d1481d59,,
477895b4-25fb-42e7-8957-5f232f727825.live_data_internal.json,,0,,,,476.48,,,,,477895b4-25fb-42e7-8957-5f232f727825.sensing_status.json,1,,,,,,,,,,,,,,,3610122,,62920010,,,2025-02-12 04:04:20.154,15002,,,,120.0,,,,62920010,152.0,2025-02-12 05:04:30.722,2025-02-12 05:04:30.722,,,,,92.0,,,,,476.48,,,,UTC+0530,Y4t2FxnDL4,,,477895b4-25fb-42e7-8957-5f232f727825.com.samsung.health.exercise.live_data.json,,,com.sec.android.app.shealth,,,,,2025-02-12 05:04:30.276,477895b4-25fb-42e7-8957-5f232f727825,,
a31b87b3-70ff-4c00-ba99-3ecf4abf13b1.live_data_internal.json,,0,,,,345.31,,,,,a31b87b3-70ff-4c00-ba99-3ecf4abf13b1.sensing_status.json,1,,,,,,,,,,,,,,,2599178,,62920010,,,2025-02-13 04:06:45.539,15002,,,,120.0,,,,62920010,162.0,2025-02-13 04:50:05.320,2025-02-13 04:50:05.320,,,,,98.0,,,,,345.31,,,,UTC+0530,Y4t2FxnDL4,,,a31b87b3-70ff-4c00-ba99-3ecf4abf13b1.com.samsung.health.exercise.live_data.json,,,com.sec.android.app.shealth,,,,,2025-02-13 04:50:04.717,a31b87b3-70ff-4c00-ba99-3ecf4abf13b1,,
8767ab8a-b664-4e6b-9fc6-d5439f9bd6a8.live_data_internal.json,,0,,,,398.28317,,,,,8767ab8a-b664-4e6b-9fc6-d5439f9bd6a8.sensing_status.json,1,,,,,,,,,,,,,,,2745349,,62920010,,,2025-02-14 04:18:18.013,15002,,,,123.0,,,,62920010,153.0,2025-02-14 05:14:20.189,2025-02-14 05:14:20.189,,,,,93.0,,,,,386.23,,,,UTC+0530,Y4t2FxnDL4,,,8767ab8a-b664-4e6b-9fc6-d5439f9bd6a8.com.samsung.health.exercise.live_data.json,,,com.sec.android.app.shealth,,,,,2025-02-14 05:14:19.516,8767ab8a-b664-4e6b-9fc6-d5439f9bd6a8,,
e29b1daa-009b-4eda-8e1a-626552f2bb9e.live_data_internal.json,,0,,,,51.51,,,,,e29b1daa-009b-4eda-8e1a-626552f2bb9e.sensing_status.json,4,,,,,,,,,,,,,,,360960,,62920010,,,2025-02-14 16:10:03.249,11007,,,,113.0,,,,62920010,126.0,2025-02-14 16:17:18.078,2025-02-14 16:17:18.078,,,,,102.0,,,,,51.51,,,,UTC+0530,Y4t2FxnDL4,,,e29b1daa-009b-4eda-8e1a-626552f2bb9e.com.samsung.health.exercise.live_data.json,,,com.sec.android.app.shealth,,,,,2025-02-14 16:16:04.209,e29b1daa-009b-4eda-8e1a-626552f2bb9e,,
e561e0c0-7965-4801-af41-abcdf9eeeefb.live_data_internal.json,,0,,,,476.55,,,,,e561e0c0-7965-4801-af41-abcdf9eeeefb.sensing_status.json,1,,,,,,,,,,,,,,,3389125,,62920010,,,2025-02-15 04:12:59.110,15002,,,,125.0,,,,62920010,149.0,2025-02-15 05:09:28.753,2025-02-15 05:09:28.753,,,,,100.0,,,,,476.55,,,,UTC+0530,Y4t2FxnDL4,,,e561e0c0-7965-4801-af41-abcdf9eeeefb.com.samsung.health.exercise.live_data.json,,,com.sec.android.app.shealth,,,,,2025-02-15 05:09:28.235,e561e0c0-7965-4801-af41-abcdf9eeeefb,,
00377c53-8035-4896-9ada-890e6ae93fe4.live_data_internal.json,,0,,,,81.0,,,,,00377c53-8035-4896-9ada-890e6ae93fe4.sensing_status.json,4,,,,,,,,,,,,,,,790034,,62920010,,,2025-02-15 06:44:24.737,1001,,,,119.0,30001,,,62920010,131.0,2025-02-15 06:58:50.214,2025-02-15 06:58:50.214,,,1.6388955,108.90671,105.0,,1434,1117.18,,81.0,124.0,,,UTC+0530,Y4t2FxnDL4,,,00377c53-8035-4896-9ada-890e6ae93fe4.com.samsung.health.exercise.live_data.json,,1.4140911,com.sec.android.app.shealth,,,,,2025-02-15 06:57:34.771,00377c53-8035-4896-9ada-890e6ae93fe4,,
dbed1718-7d02-41ae-96fe-e726e3171415.live_data_internal.json,,0,,,,169.34,,,,,dbed1718-7d02-41ae-96fe-e726e3171415.sensing_status.json,1,,,,,,,,,,,,,,,1473500,,62920010,,,2025-02-16 13:47:19.096,15002,,,,106.0,,,,62920010,125.0,2025-02-16 14:12:25.700,2025-02-16 14:12:25.700,,,,,89.0,,,,,169.34,,,,UTC+0530,Y4t2FxnDL4,,,dbed1718-7d02-41ae-96fe-e726e3171415.com.samsung.health.exercise.live_data.json,,,com.sec.android.app.shealth,,,,,2025-02-16 14:11:52.596,dbed1718-7d02-41ae-96fe-e726e3171415,,
c23d5aac-deeb-44e5-9c84-8ef5df0c98ff.live_data_internal.json,,0,,,,7.28,,,,,c23d5aac-deeb-44e5-9c84-8ef5df0c98ff.sensing_status.json,1,,,,,,,,,,,,,,,86104,,62920010,,,2025-02-16 14:18:49.987,15002,,,,96.0,,,,62920010,109.0,2025-02-16 14:20:16.903,2025-02-16 14:20:16.903,,,,,83.0,,,,,7.28,,,,UTC+0530,Y4t2FxnDL4,,,c23d5aac-deeb-44e5-9c84-8ef5df0c98ff.com.samsung.health.exercise.live_data.json,,,com.sec.android.app.shealth,,,,,2025-02-16 14:20:16.091,c23d5aac-deeb-44e5-9c84-8ef5df0c98ff,,
abeaaa21-fd56-442b-9e9b-879d327a3131.live_data_internal.json,,0,,,,475.60904,,,,,abeaaa21-fd56-442b-9e9b-879d327a3131.sensing_status.json,1,,,,,,,,,,,,,,,3446046,,62920010,,,2025-02-17 04:06:05.322,15002,,,,124.0,,,,62920010,152.0,2025-02-17 05:03:37.345,2025-02-17 05:03:37.345,,,,,101.0,,,,,475.51,,,,UTC+0530,Y4t2FxnDL4,,,abeaaa21-fd56-442b-9e9b-879d327a3131.com.samsung.health.exercise.live_data.json,,,com.sec.android.app.shealth,,,,,2025-02-17 05:03:36.431,abeaaa21-fd56-442b-9e9b-879d327a3131,,
081d68b5-ae18-4283-b82d-91a57f83da3b.live_data_internal.json,,0,,,,470.79407,,,,,081d68b5-ae18-4283-b82d-91a57f83da3b.sensing_status.json,1,,,,,,,,,,,,,,,3269139,,62920010,,,2025-02-18 04:07:15.087,15002,,,,128.0,,,,62920010,154.0,2025-02-18 05:02:19.646,2025-02-18 05:02:19.646,,,,,95.0,,,,,470.12,,,,UTC+0530,Y4t2FxnDL4,,,081d68b5-ae18-4283-b82d-91a57f83da3b.com.samsung.health.exercise.live_data.json,,,com.sec.android.app.shealth,,,,,2025-02-18 05:02:18.685,081d68b5-ae18-4283-b82d-91a57f83da3b,,
440ad7a0-7b03-4c90-9220-be741dd6598c.live_data_internal.json,,0,,,,456.96,,,,,440ad7a0-7b03-4c90-9220-be741dd6598c.sensing_status.json,1,,,,,,,,,,,,,,,3241963,,62920010,,,2025-02-19 04:10:12.339,15002,,,,126.0,,,,62920010,153.0,2025-02-19 05:04:15.076,2025-02-19 05:04:15.076,,,,,89.0,,,,,456.96,,,,UTC+0530,Y4t2FxnDL4,,,440ad7a0-7b03-4c90-9220-be741dd6598c.com.samsung.health.exercise.live_data.json,,,com.sec.android.app.shealth,,,,,2025-02-19 05:04:14.302,440ad7a0-7b03-4c90-9220-be741dd6598c,,
1843235a-b358-418e-a0ca-ed298f6d1422.live_data_internal.json,,0,,,,453.5,,,,,1843235a-b358-418e-a0ca-ed298f6d1422.sensing_status.json,1,,,,,,,,,,,,,,,3488533,,62920010,,,2025-02-20 04:07:44.877,15002,,,,117.0,,,,62920010,151.0,2025-02-20 05:05:53.903,2025-02-20 05:05:53.903,,,,,85.0,,,,,453.5,,,,UTC+0530,Y4t2FxnDL4,,,1843235a-b358-418e-a0ca-ed298f6d1422.com.samsung.health.exercise.live_data.json,,,com.sec.android.app.shealth,,,,,2025-02-20 05:05:53.410,1843235a-b358-418e-a0ca-ed298f6d1422,,
a8a04017-4381-437c-a6ea-51854b6acaec.live_data_internal.json,,0,,,,500.75,,,,,a8a04017-4381-437c-a6ea-51854b6acaec.sensing_status.json,1,,,,,,,,,,,,,,,3605361,,62920010,,,2025-02-21 04:04:19.292,15002,,,,123.0,,,,62920010,151.0,2025-02-21 05:04:25.177,2025-02-21 05:04:25.177,,,,,92.0,,,,,500.75,,,,UTC+0530,Y4t2FxnDL4,,,a8a04017-4381-437c-a6ea-51854b6acaec.com.samsung.health.exercise.live_data.json,,,com.sec.android.app.shealth,,,,,2025-02-21 05:04:24.653,a8a04017-4381-437c-a6ea-51854b6acaec,,
31808ab5-a4a1-4bdf-8083-450823103e02.live_data_internal.json,,0,,,,385.61,,,,,31808ab5-a4a1-4bdf-8083-450823103e02.sensing_status.json,1,,,,,,,,,,,,,,,2773537,,62920010,,,2025-02-22 03:15:20.769,15002,,,,123.0,,,,62920010,167.0,2025-02-22 04:01:34.744,2025-02-22 04:01:34.744,,,,,96.0,,,,,385.61,,,,UTC+0530,Y4t2FxnDL4,,,31808ab5-a4a1-4bdf-8083-450823103e02.com.samsung.health.exercise.live_data.json,,,com.sec.android.app.shealth,,,,,2025-02-22 04:01:34.306,31808ab5-a4a1-4bdf-8083-450823103e02,,
037886fb-3caa-4c7c-abc4-7efbcbeed83d.live_data_internal.json,,0,,,,483.95786,,,,,037886fb-3caa-4c7c-abc4-7efbcbeed83d.sensing_status.json,1,,,,,,,,,,,,,,,3677069,,62930070,,,2025-02-24 04:00:49.188,15002,,,,116.0,,,,62930070,147.0,2025-02-24 05:14:09.969,2025-02-24 05:14:09.969,,,,,90.0,,,,,469.81,,,,UTC+0530,Y4t2FxnDL4,,,037886fb-3caa-4c7c-abc4-7efbcbeed83d.com.samsung.health.exercise.live_data.json,,,com.sec.android.app.shealth,,,,,2025-02-24 05:14:09.490,037886fb-3caa-4c7c-abc4-7efbcbeed83d,,
4f1493db-135f-41ab-bd8a-b4c7dfb9dd0e.live_data_internal.json,,0,,,,496.07782,,,,,4f1493db-135f-41ab-bd8a-b4c7dfb9dd0e.sensing_status.json,1,,,,,,,,,,,,,,,3613467,,62930070,,,2025-02-25 04:05:56.499,15002,,,,123.0,,,,62930070,157.0,2025-02-25 05:06:47.552,2025-02-25 05:06:47.552,,,,,80.0,,,,,495.35,,,,UTC+0530,Y4t2FxnDL4,,,4f1493db-135f-41ab-bd8a-b4c7dfb9dd0e.com.samsung.health.exercise.live_data.json,,,com.sec.android.app.shealth,,,,,2025-02-25 05:06:47.171,4f1493db-135f-41ab-bd8a-b4c7dfb9dd0e,,
c3055711-8825-489e-9339-bf9d0f146869.live_data_internal.json,,0,,,,36.35,,,,,c3055711-8825-489e-9339-bf9d0f146869.sensing_status.json,4,,,,,,,,,,,,,,,280860,,62930070,,,2025-02-25 12:40:25.145,11007,,,,106.0,,,,62930070,124.0,2025-02-25 12:46:33.606,2025-02-25 12:46:33.606,,,,,81.0,,,,,36.35,,,,UTC+0530,Y4t2FxnDL4,,,c3055711-8825-489e-9339-bf9d0f146869.com.samsung.health.exercise.live_data.json,,,com.sec.android.app.shealth,,,,,2025-02-25 12:45:06.005,c3055711-8825-489e-9339-bf9d0f146869,,
c0b194e4-5cb7-403e-ad58-313c80171a37.live_data_internal.json,,0,,,,481.65823,,,,,c0b194e4-5cb7-403e-ad58-313c80171a37.sensing_status.json,1,,,,,,,,,,,,,,,3112688,,62930070,,,2025-02-26 04:29:14.783,15002,,,,132.0,,,,62930070,155.0,2025-02-26 05:21:19.904,2025-02-26 05:21:19.904,,,,,90.0,,,,,481.44,,,,UTC+0530,Y4t2FxnDL4,,,c0b194e4-5cb7-403e-ad58-313c80171a37.com.samsung.health.exercise.live_data.json,,,com.sec.android.app.shealth,,,,,2025-02-26 05:21:18.627,c0b194e4-5cb7-403e-ad58-313c80171a37,,
f39117c3-c573-435c-9f8b-5a45b81d8103.live_data_internal.json,,0,,,,416.06,,,,,f39117c3-c573-435c-9f8b-5a45b81d8103.sensing_status.json,1,,,,,,,,,,,,,,,3155998,,62930070,,,2025-02-27 04:18:22.761,15002,,,,119.0,,,,62930070,152.0,2025-02-27 05:11:00.192,2025-02-27 05:11:00.192,,,,,99.0,,,,,416.06,,,,UTC+0530,Y4t2FxnDL4,,,f39117c3-c573-435c-9f8b-5a45b81d8103.com.samsung.health.exercise.live_data.json,,,com.sec.android.app.shealth,,,,,2025-02-27 05:10:58.759,f39117c3-c573-435c-9f8b-5a45b81d8103,,
cdb5f400-d2f5-4464-ab73-e8f2e5d1c3d7.live_data_internal.json,,0,,,,80.93044,,,,,cdb5f400-d2f5-4464-ab73-e8f2e5d1c3d7.sensing_status.json,4,,,,,,,,,,,,,,,852563,,62930070,,,2025-02-27 06:29:34.671,0,,,,115.0,,,,62930070,134.0,2025-02-27 06:43:47.526,2025-02-27 06:43:47.526,,,,,95.0,,,,,80.92,,,,UTC+0530,Y4t2FxnDL4,,,cdb5f400-d2f5-4464-ab73-e8f2e5d1c3d7.com.samsung.health.exercise.live_data.json,,,com.sec.android.app.shealth,,,,,2025-02-27 06:43:47.768,cdb5f400-d2f5-4464-ab73-e8f2e5d1c3d7,,
c7f1c791-0384-44fa-b255-93803b31dc57.live_data_internal.json,,0,,,,62.0,,,,,c7f1c791-0384-44fa-b255-93803b31dc57.sensing_status.json,4,,,,,,,,,,,,,,,654149,,62930070,,,2025-02-27 11:54:06.295,1001,,,,99.0,30001,,,62930070,123.0,2025-02-27 12:06:15.997,2025-02-27 12:06:15.997,,,1.6194999,82.36656,77.0,,898,690.53,,62.0,124.0,,,UTC+0530,Y4t2FxnDL4,,,c7f1c791-0384-44fa-b255-93803b31dc57.com.samsung.health.exercise.live_data.json,,1.0556158,com.sec.android.app.shealth,,,,,2025-02-27 12:05:00.443,c7f1c791-0384-44fa-b255-93803b31dc57,,
1183ee68-4951-4792-a4a8-3094d3460fb3.live_data_internal.json,,0,,,,500.31,,,,,1183ee68-4951-4792-a4a8-3094d3460fb3.sensing_status.json,1,,,,,,,,,,,,,,,3859125,,62930070,,,2025-02-28 04:15:31.392,15002,,,,117.0,,,,62930070,148.0,2025-02-28 05:19:51.018,2025-02-28 05:19:51.018,,,,,95.0,,,,,500.31,,,,UTC+0530,Y4t2FxnDL4,,,1183ee68-4951-4792-a4a8-3094d3460fb3.com.samsung.health.exercise.live_data.json,,,com.sec.android.app.shealth,,,,,2025-02-28 05:19:50.517,1183ee68-4951-4792-a4a8-3094d3460fb3,,
e468ce43-ad13-4063-bd0c-fcdd9228aa79.live_data_internal.json,,0,,,,100.117516,,,,,e468ce43-ad13-4063-bd0c-fcdd9228aa79.sensing_status.json,4,,,,,,,,,,,,,,,1020864,,62930070,,,2025-03-01 02:10:13.366,1001,,,,99.0,30001,,,62930070,108.0,2025-03-01 02:30:21.864,2025-03-01 02:30:21.864,,,1.3526098,88.04307,85.0,,1498,1099.79,,99.0,99.0,,,UTC+0530,Y4t2FxnDL4,,,e468ce43-ad13-4063-bd0c-fcdd9228aa79.com.samsung.health.exercise.live_data.json,,1.077313,com.sec.android.app.shealth,,,,,2025-03-01 02:28:11.357,e468ce43-ad13-4063-bd0c-fcdd9228aa79,,
ff1c39d3-3758-460f-be43-6146cb881779.live_data_internal.json,,0,,,,577.76,,,,,ff1c39d3-3758-460f-be43-6146cb881779.sensing_status.json,1,,,,,,,,,,,,,,,4122843,,62930070,,,2025-03-01 04:10:36.407,15002,,,,125.0,,,,62930070,147.0,2025-03-01 05:19:19.788,2025-03-01 05:19:19.788,,,,,83.0,,,,,577.76,,,,UTC+0530,Y4t2FxnDL4,,,ff1c39d3-3758-460f-be43-6146cb881779.com.samsung.health.exercise.live_data.json,,,com.sec.android.app.shealth,,,,,2025-03-01 05:19:19.250,ff1c39d3-3758-460f-be43-6146cb881779,,
c14ebe5f-231f-46b8-9677-24501b6598e2.live_data_internal.json,,0,,,,118.64633,,,,,c14ebe5f-231f-46b8-9677-24501b6598e2.sensing_status.json,4,,,,,,,,,,,,,,,1255206,,62930070,,,2025-03-01 14:40:52.344,1001,,,,91.0,30001,,,62930070,106.0,2025-03-01 15:04:27.325,2025-03-01 15:04:27.325,,,1.2947694,71.03216,74.0,,1486,1183.66,,117.0,99.0,,,UTC+0530,Y4t2FxnDL4,,,c14ebe5f-231f-46b8-9677-24501b6598e2.com.samsung.health.exercise.live_data.json,,0.94300056,com.sec.android.app.shealth,,,,,2025-03-01 15:03:11.710,c14ebe5f-231f-46b8-9677-24501b6598e2,,
4ed495ff-b415-48b1-81f7-f32ad0a6f84b.live_data_internal.json,,0,,,,43.44,,,,,4ed495ff-b415-48b1-81f7-f32ad0a6f84b.sensing_status.json,4,,,,,,,,,,,,,,,282660,,62930070,,,2025-03-02 03:56:51.172,11007,,,,110.0,,,,62930070,119.0,2025-03-02 04:02:58.473,2025-03-02 04:02:58.473,,,,,101.0,,,,,43.44,,,,UTC+0530,Y4t2FxnDL4,,,4ed495ff-b415-48b1-81f7-f32ad0a6f84b.com.samsung.health.exercise.live_data.json,,,com.sec.android.app.shealth,,,,,2025-03-02 04:01:33.832,4ed495ff-b415-48b1-81f7-f32ad0a6f84b,,
933962bf-aa16-42e0-98fb-24539c6ea043.live_data_internal.json,,0,,,,61.514946,,,,,933962bf-aa16-42e0-98fb-24539c6ea043.sensing_status.json,4,,,,,,,,,,,,,,,721036,,62930070,,,2025-03-03 01:34:43.066,0,,,,113.0,,,,62930070,134.0,2025-03-03 01:46:45.448,2025-03-03 01:46:45.448,,,,,95.0,,,,,61.51,,,,UTC+0530,Y4t2FxnDL4,,,933962bf-aa16-42e0-98fb-24539c6ea043.com.samsung.health.exercise.live_data.json,,,com.sec.android.app.shealth,,,,,2025-03-03 01:46:44.355,933962bf-aa16-42e0-98fb-24539c6ea043,,
93149a2c-c655-4725-a29b-dfc1bbbd4851.live_data_internal.json,,0,,,,97.39052,,,,,93149a2c-c655-4725-a29b-dfc1bbbd4851.sensing_status.json,4,,,,,,,,,,,,,,,1050845,,62930070,,,2025-03-03 01:47:01.275,1001,,,,103.0,30001,,,62930070,114.0,2025-03-03 02:05:33.172,2025-03-03 02:05:33.172,,,1.3593097,85.30279,85.0,,1494,1106.93,,97.0,99.0,,,UTC+0530,Y4t2FxnDL4,,,93149a2c-c655-4725-a29b-dfc1bbbd4851.com.samsung.health.exercise.live_data.json,,1.0533714,com.sec.android.app.shealth,,,,,2025-03-03 02:04:52.083,93149a2c-c655-4725-a29b-dfc1bbbd4851,,
cd7b1c4a-f589-4225-9217-1f6cdecce119.live_data_internal.json,,0,,,,510.92,,,,,cd7b1c4a-f589-4225-9217-1f6cdecce119.sensing_status.json,1,,,,,,,,,,,,,,,3551518,,62930070,,,2025-03-03 04:11:28.768,15002,,,,127.0,,,,62930070,152.0,2025-03-03 05:10:40.938,2025-03-03 05:10:40.938,,,,,101.0,,,,,510.92,,,,UTC+0530,Y4t2FxnDL4,,,cd7b1c4a-f589-4225-9217-1f6cdecce119.com.samsung.health.exercise.live_data.json,,,com.sec.android.app.shealth,,,,,2025-03-03 05:10:40.286,cd7b1c4a-f589-4225-9217-1f6cdecce119,,
02a56a05-25bb-4451-81f5-deb76e402b23.live_data_internal.json,,0,,,,65.0,,,,,02a56a05-25bb-4451-81f5-deb76e402b23.sensing_status.json,4,,,,,,,,,,,,,,,671144,,62930070,,,2025-03-04 12:36:04.780,1001,,,,110.0,30001,,,62930070,130.0,2025-03-04 12:48:31.386,2025-03-04 12:48:31.386,,,1.5833334,89.1314,89.0,,997,766.72,,65.0,120.0,,,UTC+0530,Y4t2FxnDL4,,,02a56a05-25bb-4451-81f5-deb76e402b23.com.samsung.health.exercise.live_data.json,,1.1424075,com.sec.android.app.shealth,,,,,2025-03-04 12:47:15.924,02a56a05-25bb-4451-81f5-deb76e402b23,,
5b1fe456-4c26-441b-9fb8-d464a7851610.live_data_internal.json,,0,,,,480.0,,,,,5b1fe456-4c26-441b-9fb8-d464a7851610.sensing_status.json,1,,,,,,,,,,,,,,,3280914,,62930070,,,2025-03-05 04:15:30.798,15002,,,,127.0,,,,62930070,154.0,2025-03-05 05:10:12.275,2025-03-05 05:10:12.275,,,,,95.0,,,,,480.0,,,,UTC+0530,Y4t2FxnDL4,,,5b1fe456-4c26-441b-9fb8-d464a7851610.com.samsung.health.exercise.live_data.json,,,com.sec.android.app.shealth,,,,,2025-03-05 05:10:11.712,5b1fe456-4c26-441b-9fb8-d464a7851610,,
b4919431-1a4b-462d-9fcc-7e8da251bdd6.live_data_internal.json,,0,,,,396.14478,,,,,b4919431-1a4b-462d-9fcc-7e8da251bdd6.sensing_status.json,1,,,,,,,,,,,,,,,2657487,,62930070,,,2025-03-06 04:19:45.989,15002,,,,127.0,,,,62930070,147.0,2025-03-06 05:13:57.860,2025-03-06 05:13:57.860,,,,,87.0,,,,,384.53,,,,UTC+0530,Y4t2FxnDL4,,,b4919431-1a4b-462d-9fcc-7e8da251bdd6.com.samsung.health.exercise.live_data.json,,,com.sec.android.app.shealth,,,,,2025-03-06 05:13:57.220,b4919431-1a4b-462d-9fcc-7e8da251bdd6,,
d7ed9524-4784-492b-9641-ae7a4e840715.live_data_internal.json,,0,,,,453.8,,,,,d7ed9524-4784-492b-9641-ae7a4e840715.sensing_status.json,1,,,,,,,,,,,,,,,3085537,,62930070,,,2025-03-07 03:46:48.892,15002,,,,128.0,,,,62930070,170.0,2025-03-07 04:38:14.821,2025-03-07 04:38:14.821,,,,,92.0,,,,,453.8,,,,UTC+0530,Y4t2FxnDL4,,,d7ed9524-4784-492b-9641-ae7a4e840715.com.samsung.health.exercise.live_data.json,,,com.sec.android.app.shealth,,,,,2025-03-07 04:38:14.429,d7ed9524-4784-492b-9641-ae7a4e840715,,
e63c52c6-3367-4114-81ee-971f55b6b5fa.live_data_internal.json,,0,,,,53.51,,,,,e63c52c6-3367-4114-81ee-971f55b6b5fa.sensing_status.json,4,,,,,,,,,,,,,,,725717,,62930070,,,2025-03-08 06:23:34.489,0,,,,115.0,,,,62930070,122.0,2025-03-08 06:35:40.410,2025-03-08 06:35:40.410,,,,,110.0,,,,,53.51,,,,UTC+0530,Y4t2FxnDL4,,,e63c52c6-3367-4114-81ee-971f55b6b5fa.com.samsung.health.exercise.live_data.json,,,com.sec.android.app.shealth,,,,,2025-03-08 06:35:39.656,e63c52c6-3367-4114-81ee-971f55b6b5fa,,
923636bf-c6dd-43ca-b9b6-33b3407f8b90.live_data_internal.json,,0,,,,95.743904,,,,,923636bf-c6dd-43ca-b9b6-33b3407f8b90.sensing_status.json,4,,,,,,,,,,,,,,,1031529,,62930070,,,2025-03-09 02:01:57.418,1001,,,,105.0,30001,,,62930070,114.0,2025-03-09 02:21:02.403,2025-03-09 02:21:02.403,,,1.3333334,81.78151,87.0,,1406,1013.74,,95.0,95.0,,,UTC+0530,Y4t2FxnDL4,,,923636bf-c6dd-43ca-b9b6-33b3407f8b90.com.samsung.health.exercise.live_data.json,,0.98275465,com.sec.android.app.shealth,,,,,2025-03-09 02:19:46.975,923636bf-c6dd-43ca-b9b6-33b3407f8b90,,
238d4db9-f472-42c7-9206-25ee7bb52220.live_data_internal.json,,0,,,,462.61,,,,,238d4db9-f472-42c7-9206-25ee7bb52220.sensing_status.json,1,,,,,,,,,,,,,,,3209818,,62930070,,,2025-03-12 04:06:07.003,15002,,,,126.0,,,,62930070,167.0,2025-03-12 04:59:37.338,2025-03-12 04:59:37.338,,,,,83.0,,,,,462.61,,,,UTC+0530,Y4t2FxnDL4,,,238d4db9-f472-42c7-9206-25ee7bb52220.com.samsung.health.exercise.live_data.json,,,com.sec.android.app.shealth,,,,,2025-03-12 04:59:36.821,238d4db9-f472-42c7-9206-25ee7bb52220,,
13844a94-8c3a-4bca-af9f-d50f4eda1524.live_data_internal.json,,0,,,,57.77,,,,,13844a94-8c3a-4bca-af9f-d50f4eda1524.sensing_status.json,4,,,,,,,,,,,,,,,369440,,62930070,,,2025-03-16 02:33:07.687,11007,,,,118.0,,,,62930070,128.0,2025-03-16 02:40:40.678,2025-03-16 02:40:40.678,,,,,111.0,,,,,57.77,,,,UTC+0530,Y4t2FxnDL4,,,13844a94-8c3a-4bca-af9f-d50f4eda1524.com.samsung.health.exercise.live_data.json,,,com.sec.android.app.shealth,,,,,2025-03-16 02:39:17.127,13844a94-8c3a-4bca-af9f-d50f4eda1524,,
279f66e9-ea5c-4c51-b484-11d48fdc46a3.live_data_internal.json,,0,,,,475.77457,,,,,279f66e9-ea5c-4c51-b484-11d48fdc46a3.sensing_status.json,1,,,,,,,,,,,,,,,3401652,,62930070,,,2025-03-17 03:57:47.453,15002,,,,123.0,,,,62930070,145.0,2025-03-17 04:54:34.323,2025-03-17 04:54:34.323,,,,,98.0,,,,,475.68,,,,UTC+0530,Y4t2FxnDL4,,,279f66e9-ea5c-4c51-b484-11d48fdc46a3.com.samsung.health.exercise.live_data.json,,,com.sec.android.app.shealth,,,,,2025-03-17 04:54:33.940,279f66e9-ea5c-4c51-b484-11d48fdc46a3,,
6bd04c08-db5f-4779-9611-a9dbbda4895e.live_data_internal.json,,0,,,,431.0,,,,,6bd04c08-db5f-4779-9611-a9dbbda4895e.sensing_status.json,1,,,,,,,,,,,,,,,3211267,,62930070,,,2025-03-18 04:03:42.575,15002,,,,121.0,,,,62930070,149.0,2025-03-18 04:57:14.266,2025-03-18 04:57:14.266,,,,,100.0,,,,,431.0,,,,UTC+0530,Y4t2FxnDL4,,,6bd04c08-db5f-4779-9611-a9dbbda4895e.com.samsung.health.exercise.live_data.json,,,com.sec.android.app.shealth,,,,,2025-03-18 04:57:13.842,6bd04c08-db5f-4779-9611-a9dbbda4895e,,
09c45a77-4cd9-4800-9772-e988c9bc71f8.live_data_internal.json,,0,,,,63.259274,,,,,09c45a77-4cd9-4800-9772-e988c9bc71f8.sensing_status.json,4,,,,,,,,,,,,,,,720113,,62930070,,,2025-03-21 02:26:31.580,0,,,,113.0,,,,62930070,116.0,2025-03-21 02:38:32.843,2025-03-21 02:38:32.843,,,,,111.0,,,,,63.25,,,,UTC+0530,Y4t2FxnDL4,,,09c45a77-4cd9-4800-9772-e988c9bc71f8.com.samsung.health.exercise.live_data.json,,,com.sec.android.app.shealth,,,,,2025-03-21 02:38:32.167,09c45a77-4cd9-4800-9772-e988c9bc71f8,,
e1009340-5452-462e-acbd-fa047eae99a4.live_data_internal.json,,0,,,,73.93,,,,,e1009340-5452-462e-acbd-fa047eae99a4.sensing_status.json,4,,,,,,,,,,,,,,,791124,,62930070,,,2025-03-26 11:40:20.520,0,,,,115.0,,,,62930070,126.0,2025-03-26 11:53:31.761,2025-03-26 11:53:31.761,,,,,107.0,,,,,73.93,,,,UTC+0530,Y4t2FxnDL4,,,e1009340-5452-462e-acbd-fa047eae99a4.com.samsung.health.exercise.live_data.json,,,com.sec.android.app.shealth,,,,,2025-03-26 11:53:31.456,e1009340-5452-462e-acbd-fa047eae99a4,,
4511a038-7585-4b9a-add7-1650ea0851c8.live_data_internal.json,,0,,,,509.63,,,,,4511a038-7585-4b9a-add7-1650ea0851c8.sensing_status.json,1,,,,,,,,,,,,,,,3407918,,62930070,,,2025-03-28 03:01:35.907,15002,,,,129.0,,,,62930070,154.0,2025-03-28 03:58:24.171,2025-03-28 03:58:24.171,,,,,102.0,,,,,509.63,,,,UTC+0530,Y4t2FxnDL4,,,4511a038-7585-4b9a-add7-1650ea0851c8.com.samsung.health.exercise.live_data.json,,,com.sec.android.app.shealth,,,,,2025-03-28 03:58:23.825,4511a038-7585-4b9a-add7-1650ea0851c8,,
16b6a6c9-fb58-4764-a17b-c37ae9877121.live_data_internal.json,,0,,,,74.51671,,,,,16b6a6c9-fb58-4764-a17b-c37ae9877121.sensing_status.json,4,,,,,,,,,,,,,,,847270,,62930070,,,2025-03-29 02:08:08.486,1001,,,,106.0,30001,,,62930070,120.0,2025-03-29 02:23:01.005,2025-03-29 02:23:01.005,,,2.2222223,72.94015,92.0,,1030,760.44,,74.0,98.0,,,UTC+0530,Y4t2FxnDL4,,,16b6a6c9-fb58-4764-a17b-c37ae9877121.com.samsung.health.exercise.live_data.json,,0.8975179,com.sec.android.app.shealth,,,,,2025-03-29 02:22:42.170,16b6a6c9-fb58-4764-a17b-c37ae9877121,,
8a84442c-4ff7-4353-b6b7-e79fc7c83057.live_data_internal.json,,0,,,,459.58,,,,,8a84442c-4ff7-4353-b6b7-e79fc7c83057.sensing_status.json,1,,,,,,,,,,,,,,,3334851,,62930070,,,2025-03-29 04:10:28.840,15002,,,,123.0,,,,62930070,150.0,2025-03-29 05:06:04.142,2025-03-29 05:06:04.142,,,,,102.0,,,,,459.58,,,,UTC+0530,Y4t2FxnDL4,,,8a84442c-4ff7-4353-b6b7-e79fc7c83057.com.samsung.health.exercise.live_data.json,,,com.sec.android.app.shealth,,,,,2025-03-29 05:06:03.691,8a84442c-4ff7-4353-b6b7-e79fc7c83057,,
d2dc47a0-5fb5-4aaf-8fd2-cc7444830696.live_data_internal.json,,0,,,,31.07,,,,,d2dc47a0-5fb5-4aaf-8fd2-cc7444830696.sensing_status.json,4,,,,,,,,,,,,,,,228600,,62930070,,,2025-03-30 03:54:25.986,11007,,,,104.0,,,,62930070,120.0,2025-03-30 03:59:42.146,2025-03-30 03:59:42.146,,,,,89.0,,,,,31.07,,,,UTC+0530,Y4t2FxnDL4,,,d2dc47a0-5fb5-4aaf-8fd2-cc7444830696.com.samsung.health.exercise.live_data.json,,,com.sec.android.app.shealth,,,,,2025-03-30 03:58:14.586,d2dc47a0-5fb5-4aaf-8fd2-cc7444830696,,
33eea2c8-3c91-44a2-93fb-031d00730345.live_data_internal.json,,0,,,,34.17,,,,,33eea2c8-3c91-44a2-93fb-031d00730345.sensing_status.json,4,,,,,,,,,,,,,,,259260,,62930070,,,2025-03-30 14:15:14.586,11007,,,,106.0,,,,62930070,113.0,2025-03-30 14:21:00.218,2025-03-30 14:21:00.218,,,,,98.0,,,,,34.17,,,,UTC+0530,Y4t2FxnDL4,,,33eea2c8-3c91-44a2-93fb-031d00730345.com.samsung.health.exercise.live_data.json,,,com.sec.android.app.shealth,,,,,2025-03-30 14:19:33.846,33eea2c8-3c91-44a2-93fb-031d00730345,,
99bf237a-8b84-4896-b794-5b155f00da89.live_data_internal.json,,0,,,,607.75,,,,,99bf237a-8b84-4896-b794-5b155f00da89.sensing_status.json,1,,,,,,,,,,,,,,,3624431,,62930070,,,2025-03-31 05:26:16.631,15002,,,,139.0,,,,62930070,170.0,2025-03-31 06:26:41.669,2025-03-31 06:26:41.669,,,,,113.0,,,,,607.75,,,,UTC+0530,Y4t2FxnDL4,,,99bf237a-8b84-4896-b794-5b155f00da89.com.samsung.health.exercise.live_data.json,,,com.sec.android.app.shealth,,,,,2025-03-31 06:26:41.062,99bf237a-8b84-4896-b794-5b155f00da89,,
dd5a9e91-1cce-4fbb-857a-39cdba1c92ed.live_data_internal.json,,0,,,,570.12067,,,,,dd5a9e91-1cce-4fbb-857a-39cdba1c92ed.sensing_status.json,1,,,,,,,,,,,,,,,3626021,,62930070,,,2025-04-01 02:40:48.660,15002,,,,133.0,,,,62930070,160.0,2025-04-01 03:41:21.422,2025-04-01 03:41:21.422,,,,,92.0,,,,,570.0,,,,UTC+0530,Y4t2FxnDL4,,,dd5a9e91-1cce-4fbb-857a-39cdba1c92ed.com.samsung.health.exercise.live_data.json,,,com.sec.android.app.shealth,,,,,2025-04-01 03:41:20.850,dd5a9e91-1cce-4fbb-857a-39cdba1c92ed,,
b8d17ef5-bb17-459c-84a1-71670a29097c.live_data_internal.json,,0,,,,466.33,,,,,b8d17ef5-bb17-459c-84a1-71670a29097c.sensing_status.json,1,,,,,,,,,,,,,,,3250758,,62930070,,,2025-04-02 04:12:27.130,15002,,,,126.0,,,,62930070,159.0,2025-04-02 05:06:38.191,2025-04-02 05:06:38.191,,,,,81.0,,,,,466.33,,,,UTC+0530,Y4t2FxnDL4,,,b8d17ef5-bb17-459c-84a1-71670a29097c.com.samsung.health.exercise.live_data.json,,,com.sec.android.app.shealth,,,,,2025-04-02 05:06:37.888,b8d17ef5-bb17-459c-84a1-71670a29097c,,
4a117403-31b4-434c-8418-3af599523345.live_data_internal.json,,0,,,,436.04,,,,,4a117403-31b4-434c-8418-3af599523345.sensing_status.json,1,,,,,,,,,,,,,,,3159405,,62930070,,,2025-04-03 03:52:30.056,15002,,,,124.0,,,,62930070,146.0,2025-04-03 04:45:09.894,2025-04-03 04:45:09.894,,,,,79.0,,,,,436.04,,,,UTC+0530,Y4t2FxnDL4,,,4a117403-31b4-434c-8418-3af599523345.com.samsung.health.exercise.live_data.json,,,com.sec.android.app.shealth,,,,,2025-04-03 04:45:09.461,4a117403-31b4-434c-8418-3af599523345,,
0e8d5932-36ee-4d30-861b-06f0a295991d.live_data_internal.json,,0,,,,525.43,,,,,0e8d5932-36ee-4d30-861b-06f0a295991d.sensing_status.json,1,,,,,,,,,,,,,,,3673542,,62950170,,,2025-04-04 03:59:03.670,15002,,,,126.0,,,,62950170,174.0,2025-04-04 05:00:18.356,2025-04-04 05:00:18.356,,,,,85.0,,,,,525.43,,,,UTC+0530,Y4t2FxnDL4,,,0e8d5932-36ee-4d30-861b-06f0a295991d.com.samsung.health.exercise.live_data.json,,,com.sec.android.app.shealth,,,,,2025-04-04 05:00:17.212,0e8d5932-36ee-4d30-861b-06f0a295991d,,
cf9fcc36-1ae4-4ec9-a077-2f8851a529ef.live_data_internal.json,,0,,,,493.34,,,,,cf9fcc36-1ae4-4ec9-a077-2f8851a529ef.sensing_status.json,1,,,,,,,,,,,,,,,3440850,,62950170,,,2025-04-05 04:32:06.233,15002,,,,128.0,,,,62950170,145.0,2025-04-05 05:29:27.500,2025-04-05 05:29:27.500,,,,,104.0,,,,,493.34,,,,UTC+0530,Y4t2FxnDL4,,,cf9fcc36-1ae4-4ec9-a077-2f8851a529ef.com.samsung.health.exercise.live_data.json,,,com.sec.android.app.shealth,,,,,2025-04-05 05:29:27.083,cf9fcc36-1ae4-4ec9-a077-2f8851a529ef,,
58960b1d-b51d-4bb0-9c8c-9369d6b88c4f.live_data_internal.json,,0,,,,47.66,,,,,58960b1d-b51d-4bb0-9c8c-9369d6b88c4f.sensing_status.json,4,,,,,,,,,,,,,,,333960,,62950170,,,2025-04-06 02:41:29.608,11007,,,,117.0,,,,62950170,126.0,2025-04-06 02:48:22.379,2025-04-06 02:48:22.379,,,,,105.0,,,,,47.66,,,,UTC+0530,Y4t2FxnDL4,,,58960b1d-b51d-4bb0-9c8c-9369d6b88c4f.com.samsung.health.exercise.live_data.json,,,com.sec.android.app.shealth,,,,,2025-04-06 02:47:03.568,58960b1d-b51d-4bb0-9c8c-9369d6b88c4f,,
318a8f54-dafe-48e3-b1b5-16e3c86c74b4.live_data_internal.json,,0,,,,514.44916,,,,,318a8f54-dafe-48e3-b1b5-16e3c86c74b4.sensing_status.json,1,,,,,,,,,,,,,,,3349333,,62950170,,,2025-04-07 04:05:21.602,15002,,,,133.0,,,,62950170,190.0,2025-04-07 05:01:16.906,2025-04-07 05:01:16.906,,,,,95.0,,,,,514.34,,,,UTC+0530,Y4t2FxnDL4,,,318a8f54-dafe-48e3-b1b5-16e3c86c74b4.com.samsung.health.exercise.live_data.json,,,com.sec.android.app.shealth,,,,,2025-04-07 05:01:16.515,318a8f54-dafe-48e3-b1b5-16e3c86c74b4,,
7d151ebd-d57b-418c-8822-6077ec877b6a.live_data_internal.json,,0,,,,462.69,,,,,7d151ebd-d57b-418c-8822-6077ec877b6a.sensing_status.json,1,,,,,,,,,,,,,,,2995621,,62950170,,,2025-04-09 04:04:01.527,15002,,,,133.0,,,,62950170,155.0,2025-04-09 04:53:58.386,2025-04-09 04:53:58.386,,,,,104.0,,,,,462.69,,,,UTC+0530,Y4t2FxnDL4,,,7d151ebd-d57b-418c-8822-6077ec877b6a.com.samsung.health.exercise.live_data.json,,,com.sec.android.app.shealth,,,,,2025-04-09 04:53:57.148,7d151ebd-d57b-418c-8822-6077ec877b6a,,
beeafd49-796a-46f0-8c10-cccf6f835f3a.live_data_internal.json,,0,,,,418.17,,,,,beeafd49-796a-46f0-8c10-cccf6f835f3a.sensing_status.json,1,,,,,,,,,,,,,,,3178299,,62950170,,,2025-04-10 04:02:29.505,15002,,,,120.0,,,,62950170,142.0,2025-04-10 04:55:28.254,2025-04-10 04:55:28.254,,,,,82.0,,,,,418.17,,,,UTC+0530,Y4t2FxnDL4,,,beeafd49-796a-46f0-8c10-cccf6f835f3a.com.samsung.health.exercise.live_data.json,,,com.sec.android.app.shealth,,,,,2025-04-10 04:55:27.804,beeafd49-796a-46f0-8c10-cccf6f835f3a,,
045fc8a0-c8a9-48ae-8750-4497b5ed906e.live_data_internal.json,,0,,,,132.91368,,,,,045fc8a0-c8a9-48ae-8750-4497b5ed906e.sensing_status.json,4,,,,,,,,,,,,,,,1348189,,62950170,,,2025-04-11 02:01:34.854,1001,,,,97.0,30001,,,62950170,113.0,2025-04-11 02:27:44.182,2025-04-11 02:27:44.182,,,1.4444444,80.68602,55.0,,1813,1392.25,,132.0,109.0,,,UTC+0530,Y4t2FxnDL4,,,045fc8a0-c8a9-48ae-8750-4497b5ed906e.com.samsung.health.exercise.live_data.json,,1.0326817,com.sec.android.app.shealth,,,,,2025-04-11 02:24:49.750,045fc8a0-c8a9-48ae-8750-4497b5ed906e,,
628a744d-aef0-41ac-a311-67ffa55e8dad.live_data_internal.json,,0,,,,523.21893,,,,,628a744d-aef0-41ac-a311-67ffa55e8dad.sensing_status.json,1,,,,,,,,,,,,,,,3432154,,62950170,,,2025-04-11 03:55:29.000,15002,,,,132.0,,,,62950170,168.0,2025-04-11 04:53:20.443,2025-04-11 04:53:20.443,,,,,93.0,,,,,522.46,,,,UTC+0530,Y4t2FxnDL4,,,628a744d-aef0-41ac-a311-67ffa55e8dad.com.samsung.health.exercise.live_data.json,,,com.sec.android.app.shealth,,,,,2025-04-11 04:53:19.950,628a744d-aef0-41ac-a311-67ffa55e8dad,,
7e31cadc-3dd8-4b71-b867-a3fd7705acf3.live_data_internal.json,,0,,,,98.0,,,,,7e31cadc-3dd8-4b71-b867-a3fd7705acf3.sensing_status.json,4,,,,,,,,,,,,,,,1029535,,62950170,,,2025-04-13 02:09:46.231,1001,,,,91.0,30001,,,62950170,102.0,2025-04-13 02:28:32.688,2025-04-13 02:28:32.688,,,1.3888888,98.89902,81.0,,1697,1215.48,,98.0,108.0,,,UTC+0530,Y4t2FxnDL4,,,7e31cadc-3dd8-4b71-b867-a3fd7705acf3.com.samsung.health.exercise.live_data.json,,1.1806107,com.sec.android.app.shealth,,,,,2025-04-13 02:26:55.766,7e31cadc-3dd8-4b71-b867-a3fd7705acf3,,
b39d982d-9825-4172-8620-40d36e9b5bad.live_data_internal.json,,0,,,,69.62,,,,,b39d982d-9825-4172-8620-40d36e9b5bad.sensing_status.json,4,,,,,,,,,,,,,,,473600,,62950170,,,2025-04-13 02:40:53.131,11007,,,,117.0,,,,62950170,129.0,2025-04-13 02:50:07.953,2025-04-13 02:50:07.953,,,,,108.0,,,,,69.62,,,,UTC+0530,Y4t2FxnDL4,,,b39d982d-9825-4172-8620-40d36e9b5bad.com.samsung.health.exercise.live_data.json,,,com.sec.android.app.shealth,,,,,2025-04-13 02:48:46.731,b39d982d-9825-4172-8620-40d36e9b5bad,,
66bae03c-1ad4-40d4-a18c-444ecca46908.live_data_internal.json,,0,,,,30.51,,,,,66bae03c-1ad4-40d4-a18c-444ecca46908.sensing_status.json,4,,,,,,,,,,,,,,,200440,,62950170,,,2025-04-13 02:49:53.764,11007,,,,115.0,,,,62950170,120.0,2025-04-13 02:54:41.599,2025-04-13 02:54:41.599,,,,,112.0,,,,,30.51,,,,UTC+0530,Y4t2FxnDL4,,,66bae03c-1ad4-40d4-a18c-444ecca46908.com.samsung.health.exercise.live_data.json,,,com.sec.android.app.shealth,,,,,2025-04-13 02:53:14.204,66bae03c-1ad4-40d4-a18c-444ecca46908,,
593a8f9f-2cec-48fa-886d-7968ed97ef03.live_data_internal.json,,0,,,,46.12,,,,,593a8f9f-2cec-48fa-886d-7968ed97ef03.sensing_status.json,4,,,,,,,,,,,,,,,385780,,62950170,,,2025-04-13 04:16:28.891,11007,,,,105.0,,,,62950170,128.0,2025-04-13 04:24:18.454,2025-04-13 04:24:18.454,,,,,82.0,,,,,46.12,,,,UTC+0530,Y4t2FxnDL4,,,593a8f9f-2cec-48fa-886d-7968ed97ef03.com.samsung.health.exercise.live_data.json,,,com.sec.android.app.shealth,,,,,2025-04-13 04:22:54.671,593a8f9f-2cec-48fa-886d-7968ed97ef03,,
59888185-3574-4632-bde9-11e8760a203a.live_data_internal.json,,0,,,,480.88104,,,,,59888185-3574-4632-bde9-11e8760a203a.sensing_status.json,1,,,,,,,,,,,,,,,3406863,,62950170,,,2025-04-14 04:12:06.915,15002,,,,131.0,,,,62950170,154.0,2025-04-14 05:24:01.778,2025-04-14 05:24:01.778,,,,,109.0,,,,,463.13,,,,UTC+0530,Y4t2FxnDL4,,,59888185-3574-4632-bde9-11e8760a203a.com.samsung.health.exercise.live_data.json,,,com.sec.android.app.shealth,,,,,2025-04-14 05:24:01.204,59888185-3574-4632-bde9-11e8760a203a,,
c3f9da1d-277e-4c17-b46e-73419e708deb.live_data_internal.json,,0,,,,599.1613,,,,,c3f9da1d-277e-4c17-b46e-73419e708deb.sensing_status.json,1,,,,,,,,,,,,,,,3944295,,62950170,,,2025-04-16 03:52:56.390,15002,,,,131.0,,,,62950170,155.0,2025-04-16 04:58:50.536,2025-04-16 04:58:50.536,,,,,102.0,,,,,598.98,,,,UTC+0530,Y4t2FxnDL4,,,c3f9da1d-277e-4c17-b46e-73419e708deb.com.samsung.health.exercise.live_data.json,,,com.sec.android.app.shealth,,,,,2025-04-16 04:58:49.954,c3f9da1d-277e-4c17-b46e-73419e708deb,,
5bdaa91d-ca81-465f-ae09-e76741d44f5a.live_data_internal.json,,0,,,,484.2,,,,,5bdaa91d-ca81-465f-ae09-e76741d44f5a.sensing_status.json,1,,,,,,,,,,,,,,,3465525,,62950170,,,2025-04-17 03:38:03.371,15002,,,,125.0,,,,62950170,162.0,2025-04-17 04:35:50.276,2025-04-17 04:35:50.276,,,,,108.0,,,,,484.2,,,,UTC+0530,Y4t2FxnDL4,,,5bdaa91d-ca81-465f-ae09-e76741d44f5a.com.samsung.health.exercise.live_data.json,,,com.sec.android.app.shealth,,,,,2025-04-17 04:35:48.896,5bdaa91d-ca81-465f-ae09-e76741d44f5a,,
c76cdb3a-ac56-4b74-bb1a-6d1fe6794c02.live_data_internal.json,,0,,,,543.39,,,,,c76cdb3a-ac56-4b74-bb1a-6d1fe6794c02.sensing_status.json,1,,,,,,,,,,,,,,,3604537,,62950170,,,2025-04-19 04:17:16.884,15002,,,,130.0,,,,62950170,157.0,2025-04-19 05:17:21.925,2025-04-19 05:17:21.925,,,,,99.0,,,,,543.39,,,,UTC+0530,Y4t2FxnDL4,,,c76cdb3a-ac56-4b74-bb1a-6d1fe6794c02.com.samsung.health.exercise.live_data.json,,,com.sec.android.app.shealth,,,,,2025-04-19 05:17:21.421,c76cdb3a-ac56-4b74-bb1a-6d1fe6794c02,,
07815332-6f58-4998-b299-30622dd76887.live_data_internal.json,,0,,,,25.69,,,,,07815332-6f58-4998-b299-30622dd76887.sensing_status.json,4,,,,,,,,,,,,,,,185820,,62950170,,,2025-04-19 16:27:00.358,11007,,,,101.0,,,,62950170,111.0,2025-04-19 16:31:33.668,2025-04-19 16:31:33.668,,,,,84.0,,,,,25.69,,,,UTC+0530,Y4t2FxnDL4,,,07815332-6f58-4998-b299-30622dd76887.com.samsung.health.exercise.live_data.json,,,com.sec.android.app.shealth,,,,,2025-04-19 16:30:06.178,07815332-6f58-4998-b299-30622dd76887,,
e50176cd-6ee0-466f-93b4-3c33d1a82a28.live_data_internal.json,,0,,,,24.62,,,,,e50176cd-6ee0-466f-93b4-3c33d1a82a28.sensing_status.json,4,,,,,,,,,,,,,,,210980,,62950170,,,2025-04-19 16:31:13.419,11007,,,,111.0,,,,62950170,121.0,2025-04-19 16:36:09.714,2025-04-19 16:36:09.714,,,,,87.0,,,,,24.62,,,,UTC+0530,Y4t2FxnDL4,,,e50176cd-6ee0-466f-93b4-3c33d1a82a28.com.samsung.health.exercise.live_data.json,,,com.sec.android.app.shealth,,,,,2025-04-19 16:34:44.399,e50176cd-6ee0-466f-93b4-3c33d1a82a28,,
dfab7386-c7be-456a-b5c9-42a74843d0f3.live_data_internal.json,,0,,,,58.00002,,,,,dfab7386-c7be-456a-b5c9-42a74843d0f3.sensing_status.json,4,,,,,,,,,,,,,,,641371,,62950170,,,2025-04-21 15:34:42.745,1001,,,,104.0,30001,,,62950170,123.0,2025-04-21 15:45:25.231,2025-04-21 15:45:25.231,,,1.7613704,84.007545,77.0,,898,705.85,,58.0,124.0,,,UTC+0530,Y4t2FxnDL4,,,dfab7386-c7be-456a-b5c9-42a74843d0f3.com.samsung.health.exercise.live_data.json,,1.1005331,com.sec.android.app.shealth,,,,,2025-04-21 15:45:24.117,dfab7386-c7be-456a-b5c9-42a74843d0f3,,
ccc632a7-37d4-4fb8-959e-0e1383085c3a.live_data_internal.json,,0,,,,509.19098,,,,,ccc632a7-37d4-4fb8-959e-0e1383085c3a.sensing_status.json,1,,,,,,,,,,,,,,,3192331,,62950170,,,2025-04-22 03:38:10.511,15002,,,,131.0,,,,62950170,156.0,2025-04-22 04:51:51.221,2025-04-22 04:51:51.221,,,,,107.0,,,,,485.17,,,,UTC+0530,Y4t2FxnDL4,,,ccc632a7-37d4-4fb8-959e-0e1383085c3a.com.samsung.health.exercise.live_data.json,,,com.sec.android.app.shealth,,,,,2025-04-22 04:51:50.786,ccc632a7-37d4-4fb8-959e-0e1383085c3a,,
28bb30e5-a6d2-4c30-89b9-eed2152caca2.live_data_internal.json,,0,,,,554.23,,,,,28bb30e5-a6d2-4c30-89b9-eed2152caca2.sensing_status.json,1,,,,,,,,,,,,,,,3840219,,62950170,,,2025-04-23 03:58:47.020,15002,,,,128.0,,,,62950170,155.0,2025-04-23 05:02:47.792,2025-04-23 05:02:47.792,,,,,57.0,,,,,554.23,,,,UTC+0530,Y4t2FxnDL4,,,28bb30e5-a6d2-4c30-89b9-eed2152caca2.com.samsung.health.exercise.live_data.json,,,com.sec.android.app.shealth,,,,,2025-04-23 05:02:47.239,28bb30e5-a6d2-4c30-89b9-eed2152caca2,,
5ccb596e-2711-41ca-9f0b-fe572263c655.live_data_internal.json,,0,,,,26.87,,,,,5ccb596e-2711-41ca-9f0b-fe572263c655.sensing_status.json,4,,,,,,,,,,,,,,,262400,,62950170,,,2025-04-23 12:47:59.021,11007,,,,89.0,,,,62950170,103.0,2025-04-23 12:53:44.385,2025-04-23 12:53:44.385,,,,,73.0,,,,,26.87,,,,UTC+0530,Y4t2FxnDL4,,,5ccb596e-2711-41ca-9f0b-fe572263c655.com.samsung.health.exercise.live_data.json,,,com.sec.android.app.shealth,,,,,2025-04-23 12:52:21.421,5ccb596e-2711-41ca-9f0b-fe572263c655,,
381e96c3-38c7-40ae-a59b-c199049ca784.live_data_internal.json,,0,,,,345.85626,,,,,381e96c3-38c7-40ae-a59b-c199049ca784.sensing_status.json,1,,,,,,,,,,,,,,,2483720,,62950170,,,2025-04-24 04:15:09.894,15002,,,,118.0,,,,62950170,146.0,2025-04-24 05:14:09.940,2025-04-24 05:14:09.940,,,,,100.0,,,,,325.2,,,,UTC+0530,Y4t2FxnDL4,,,381e96c3-38c7-40ae-a59b-c199049ca784.com.samsung.health.exercise.live_data.json,,,com.sec.android.app.shealth,,,,,2025-04-24 05:14:09.554,381e96c3-38c7-40ae-a59b-c199049ca784,,
d881673c-9329-4f47-8074-723c3e61c228.live_data_internal.json,,0,,,,464.38156,,,,,d881673c-9329-4f47-8074-723c3e61c228.sensing_status.json,1,,,,,,,,,,,,,,,3395627,,62950170,,,2025-04-25 03:52:55.817,15002,,,,121.0,,,,62950170,147.0,2025-04-25 04:57:59.785,2025-04-25 04:57:59.785,,,,,76.0,,,,,454.45,,,,UTC+0530,Y4t2FxnDL4,,,d881673c-9329-4f47-8074-723c3e61c228.com.samsung.health.exercise.live_data.json,,,com.sec.android.app.shealth,,,,,2025-04-25 04:57:59.142,d881673c-9329-4f47-8074-723c3e61c228,,
9d81364f-c85a-4d2e-b82c-e7c21e03766d.live_data_internal.json,,0,,,,468.37448,,,,,9d81364f-c85a-4d2e-b82c-e7c21e03766d.sensing_status.json,1,,,,,,,,,,,,,,,3448199,,62950170,,,2025-04-26 04:29:34.242,15002,,,,122.0,,,,62950170,144.0,2025-04-26 05:28:07.276,2025-04-26 05:28:07.276,,,,,101.0,,,,,467.12,,,,UTC+0530,Y4t2FxnDL4,,,9d81364f-c85a-4d2e-b82c-e7c21e03766d.com.samsung.health.exercise.live_data.json,,,com.sec.android.app.shealth,,,,,2025-04-26 05:28:06.570,9d81364f-c85a-4d2e-b82c-e7c21e03766d,,
a007a008-c67b-47ad-920d-8b7f7541fa93.live_data_internal.json,,0,,,,33.55,,,,,a007a008-c67b-47ad-920d-8b7f7541fa93.sensing_status.json,4,,,,,,,,,,,,,,,239820,,62950170,,,2025-04-27 06:22:57.226,11007,,,,120.0,,,,62950170,129.0,2025-04-27 06:28:20.903,2025-04-27 06:28:20.903,,,,,94.0,,,,,33.55,,,,UTC+0530,Y4t2FxnDL4,,,a007a008-c67b-47ad-920d-8b7f7541fa93.com.samsung.health.exercise.live_data.json,,,com.sec.android.app.shealth,,,,,2025-04-27 06:26:57.046,a007a008-c67b-47ad-920d-8b7f7541fa93,,
d7aff04c-4742-4f49-b93c-484192cd1bb8.live_data_internal.json,,0,,,,55.97,,,,,d7aff04c-4742-4f49-b93c-484192cd1bb8.sensing_status.json,4,,,,,,,,,,,,,,,457040,,62950170,,,2025-04-27 06:47:09.009,11007,,,,110.0,,,,62950170,135.0,2025-04-27 06:56:04.555,2025-04-27 06:56:04.555,,,,,71.0,,,,,55.97,,,,UTC+0530,Y4t2FxnDL4,,,d7aff04c-4742-4f49-b93c-484192cd1bb8.com.samsung.health.exercise.live_data.json,,,com.sec.android.app.shealth,,,,,2025-04-27 06:54:46.049,d7aff04c-4742-4f49-b93c-484192cd1bb8,,
199615fa-9e1a-46ef-93dc-7d19846d9d28.live_data_internal.json,,0,,,,73.51,,,,,199615fa-9e1a-46ef-93dc-7d19846d9d28.sensing_status.json,4,,,,,,,,,,,,,,,610560,,62950170,,,2025-04-27 13:33:29.228,11007,,,,104.0,,,,62950170,121.0,2025-04-27 13:45:08.450,2025-04-27 13:45:08.450,,,,,79.0,,,,,73.51,,,,UTC+0530,Y4t2FxnDL4,,,199615fa-9e1a-46ef-93dc-7d19846d9d28.com.samsung.health.exercise.live_data.json,,,com.sec.android.app.shealth,,,,,2025-04-27 13:43:39.788,199615fa-9e1a-46ef-93dc-7d19846d9d28,,
b4f50fb3-ddc6-4667-b07d-3e369b8a542b.live_data_internal.json,,0,,,,688.85,,,,,b4f50fb3-ddc6-4667-b07d-3e369b8a542b.sensing_status.json,1,,,,,,,,,,,,,,,4939621,,62950170,,,2025-04-28 04:03:53.933,15002,,,,124.0,,,,62950170,157.0,2025-04-28 05:26:14.452,2025-04-28 05:26:14.452,,,,,100.0,,,,,688.85,,,,UTC+0530,Y4t2FxnDL4,,,b4f50fb3-ddc6-4667-b07d-3e369b8a542b.com.samsung.health.exercise.live_data.json,,,com.sec.android.app.shealth,,,,,2025-04-28 05:26:13.554,b4f50fb3-ddc6-4667-b07d-3e369b8a542b,,
f68d2113-c487-4abe-a1a4-1ed22499dabf.live_data_internal.json,,0,,,,593.81,,,,,f68d2113-c487-4abe-a1a4-1ed22499dabf.sensing_status.json,1,,,,,,,,,,,,,,,4269411,,62950170,,,2025-04-29 04:07:19.968,15002,,,,124.0,,,,62950170,150.0,2025-04-29 05:18:29.814,2025-04-29 05:18:29.814,,,,,99.0,,,,,593.81,,,,UTC+0530,Y4t2FxnDL4,,,f68d2113-c487-4abe-a1a4-1ed22499dabf.com.samsung.health.exercise.live_data.json,,,com.sec.android.app.shealth,,,,,2025-04-29 05:18:29.379,f68d2113-c487-4abe-a1a4-1ed22499dabf,,
b821b8dc-6fd7-4cdb-893e-9ebcd4a676d1.live_data_internal.json,,0,,,,499.0804,,,,,b821b8dc-6fd7-4cdb-893e-9ebcd4a676d1.sensing_status.json,1,,,,,,,,,,,,,,,3605788,,62950170,,,2025-04-30 04:10:14.474,15002,,,,122.0,,,,62950170,153.0,2025-04-30 05:10:22.821,2025-04-30 05:10:22.821,,,,,98.0,,,,,499.05,,,,UTC+0530,Y4t2FxnDL4,,,b821b8dc-6fd7-4cdb-893e-9ebcd4a676d1.com.samsung.health.exercise.live_data.json,,,com.sec.android.app.shealth,,,,,2025-04-30 05:10:21.818,b821b8dc-6fd7-4cdb-893e-9ebcd4a676d1,,
e3d21f29-22b1-4a43-b8b9-c66120ab4ffd.live_data_internal.json,,0,,,,378.67,,,,,e3d21f29-22b1-4a43-b8b9-c66120ab4ffd.sensing_status.json,1,,,,,,,,,,,,,,,2914063,,62950170,,,2025-05-01 04:21:15.472,15002,,,,119.0,,,,62950170,139.0,2025-05-01 05:09:49.977,2025-05-01 05:09:49.977,,,,,90.0,,,,,378.67,,,,UTC+0530,Y4t2FxnDL4,,,e3d21f29-22b1-4a43-b8b9-c66120ab4ffd.com.samsung.health.exercise.live_data.json,,,com.sec.android.app.shealth,,,,,2025-05-01 05:09:49.535,e3d21f29-22b1-4a43-b8b9-c66120ab4ffd,,
909dab4a-3c2d-446f-ab6b-09df8cc3f165.live_data_internal.json,,0,,,,79.41088,,,,,909dab4a-3c2d-446f-ab6b-09df8cc3f165.sensing_status.json,4,,,,,,,,,,,,,,,863706,,62950170,,,2025-05-02 02:22:35.764,1001,,,,96.0,30001,,,62950170,110.0,2025-05-02 02:38:36.191,2025-05-02 02:38:36.191,,,1.3283683,81.48606,69.0,,1173,861.18,,79.0,100.0,,,UTC+0530,Y4t2FxnDL4,,,909dab4a-3c2d-446f-ab6b-09df8cc3f165.com.samsung.health.exercise.live_data.json,,0.9970754,com.sec.android.app.shealth,,,,,2025-05-02 02:37:20.474,909dab4a-3c2d-446f-ab6b-09df8cc3f165,,
281ee535-35a2-43e4-a24a-3fc2d4143271.live_data_internal.json,,0,,,,426.24,,,,,281ee535-35a2-43e4-a24a-3fc2d4143271.sensing_status.json,1,,,,,,,,,,,,,,,3255761,,62950170,,,2025-05-02 04:04:50.934,15002,,,,119.0,,,,62950170,146.0,2025-05-02 04:59:07.720,2025-05-02 04:59:07.720,,,,,89.0,,,,,426.24,,,,UTC+0530,Y4t2FxnDL4,,,281ee535-35a2-43e4-a24a-3fc2d4143271.com.samsung.health.exercise.live_data.json,,,com.sec.android.app.shealth,,,,,2025-05-02 04:59:06.695,281ee535-35a2-43e4-a24a-3fc2d4143271,,
8132d3b5-3c4b-4d29-b7a3-5ddadcd74fa6.live_data_internal.json,,0,,,,31.43,,,,,8132d3b5-3c4b-4d29-b7a3-5ddadcd74fa6.sensing_status.json,4,,,,,,,,,,,,,,,199420,,62950170,,,2025-05-03 02:56:51.119,11007,,,,109.0,,,,62950170,114.0,2025-05-03 03:01:35.643,2025-05-03 03:01:35.643,,,,,104.0,,,,,31.43,,,,UTC+0530,Y4t2FxnDL4,,,8132d3b5-3c4b-4d29-b7a3-5ddadcd74fa6.com.samsung.health.exercise.live_data.json,,,com.sec.android.app.shealth,,,,,2025-05-03 03:00:10.539,8132d3b5-3c4b-4d29-b7a3-5ddadcd74fa6,,
7dff678e-b296-4425-8e35-97ceef090347.live_data_internal.json,,0,,,,42.11,,,,,7dff678e-b296-4425-8e35-97ceef090347.sensing_status.json,4,,,,,,,,,,,,,,,314320,,62950170,,,2025-05-03 02:44:48.700,11007,,,,108.0,,,,62950170,120.0,2025-05-03 02:51:26.891,2025-05-03 02:51:26.891,,,,,101.0,,,,,42.11,,,,UTC+0530,Y4t2FxnDL4,,,7dff678e-b296-4425-8e35-97ceef090347.com.samsung.health.exercise.live_data.json,,,com.sec.android.app.shealth,,,,,2025-05-03 02:50:03.020,7dff678e-b296-4425-8e35-97ceef090347,,
7e1fb7aa-35b5-4d4a-9cb3-98d7d2285c42.live_data_internal.json,,0,,,,42.03,,,,,7e1fb7aa-35b5-4d4a-9cb3-98d7d2285c42.sensing_status.json,4,,,,,,,,,,,,,,,326080,,62950170,,,2025-05-04 03:44:05.754,11007,,,,103.0,,,,62950170,108.0,2025-05-04 03:50:52.008,2025-05-04 03:50:52.008,,,,,100.0,,,,,42.03,,,,UTC+0530,Y4t2FxnDL4,,,7e1fb7aa-35b5-4d4a-9cb3-98d7d2285c42.com.samsung.health.exercise.live_data.json,,,com.sec.android.app.shealth,,,,,2025-05-04 03:49:31.834,7e1fb7aa-35b5-4d4a-9cb3-98d7d2285c42,,
c4162be7-0ab4-4f54-8628-1b5582ff8bf1.live_data_internal.json,,0,,,,579.8957,,,,,c4162be7-0ab4-4f54-8628-1b5582ff8bf1.sensing_status.json,1,,,,,,,,,,,,,,,4016433,,62950170,,,2025-05-05 04:08:22.272,15002,,,,126.0,,,,62950170,147.0,2025-05-05 05:17:19.181,2025-05-05 05:17:19.181,,,,,100.0,,,,,577.56,,,,UTC+0530,Y4t2FxnDL4,,,c4162be7-0ab4-4f54-8628-1b5582ff8bf1.com.samsung.health.exercise.live_data.json,,,com.sec.android.app.shealth,,,,,2025-05-05 05:17:18.104,c4162be7-0ab4-4f54-8628-1b5582ff8bf1,,
5b8cdb6c-f357-4e0e-b0e2-9d6eb96d68d1.live_data_internal.json,,0,,,,590.2,,,,,5b8cdb6c-f357-4e0e-b0e2-9d6eb96d68d1.sensing_status.json,1,,,,,,,,,,,,,,,4404288,,62950170,,,2025-05-06 03:59:37.367,15002,,,,121.0,,,,62950170,146.0,2025-05-06 05:13:02.142,2025-05-06 05:13:02.142,,,,,94.0,,,,,590.2,,,,UTC+0530,Y4t2FxnDL4,,,5b8cdb6c-f357-4e0e-b0e2-9d6eb96d68d1.com.samsung.health.exercise.live_data.json,,,com.sec.android.app.shealth,,,,,2025-05-06 05:13:01.655,5b8cdb6c-f357-4e0e-b0e2-9d6eb96d68d1,,
4507117b-46f5-4f0d-90ff-000d228fc043.live_data_internal.json,,0,,,,502.04,,,,,4507117b-46f5-4f0d-90ff-000d228fc043.sensing_status.json,1,,,,,,,,,,,,,,,3893141,,62950170,,,2025-05-07 04:03:05.797,15002,,,,119.0,,,,62950170,150.0,2025-05-07 05:07:59.338,2025-05-07 05:07:59.338,,,,,99.0,,,,,502.04,,,,UTC+0530,Y4t2FxnDL4,,,4507117b-46f5-4f0d-90ff-000d228fc043.com.samsung.health.exercise.live_data.json,,,com.sec.android.app.shealth,,,,,2025-05-07 05:07:58.938,4507117b-46f5-4f0d-90ff-000d228fc043,,
4e77eb68-e95e-40c4-bf35-e88d7facff18.live_data_internal.json,,0,,,,107.91954,,,,,4e77eb68-e95e-40c4-bf35-e88d7facff18.sensing_status.json,4,,,,,,,,,,,,,,,1044420,,62950170,,,2025-05-08 01:48:28.654,1001,,,,99.0,30001,,,62950170,110.0,2025-05-08 02:09:37.837,2025-05-08 02:09:37.837,,,1.3372324,75.889,84.0,,1321,994.56,,105.0,102.0,,,UTC+0530,Y4t2FxnDL4,,,4e77eb68-e95e-40c4-bf35-e88d7facff18.com.samsung.health.exercise.live_data.json,,0.95226055,com.sec.android.app.shealth,,,,,2025-05-08 02:08:22.320,4e77eb68-e95e-40c4-bf35-e88d7facff18,,
02eb93c7-20dd-4055-ab43-5d14adc8b52f.live_data_internal.json,,0,,,,432.13,,,,,02eb93c7-20dd-4055-ab43-5d14adc8b52f.sensing_status.json,1,,,,,,,,,,,,,,,3185914,,62950170,,,2025-05-08 04:15:52.414,15002,,,,122.0,,,,62950170,147.0,2025-05-08 05:08:59.287,2025-05-08 05:08:59.287,,,,,103.0,,,,,432.13,,,,UTC+0530,Y4t2FxnDL4,,,02eb93c7-20dd-4055-ab43-5d14adc8b52f.com.samsung.health.exercise.live_data.json,,,com.sec.android.app.shealth,,,,,2025-05-08 05:08:58.328,02eb93c7-20dd-4055-ab43-5d14adc8b52f,,
98dca60f-1307-4328-b82d-75924a044b53.live_data_internal.json,,0,,,,85.39884,,,,,98dca60f-1307-4328-b82d-75924a044b53.sensing_status.json,4,,,,,,,,,,,,,,,662084,,62950170,,,2025-05-09 14:05:37.055,1001,,,,111.0,30001,,,62950170,135.0,2025-05-09 14:21:35.902,2025-05-09 14:21:35.902,,,1.8611112,75.67016,87.0,,835,725.82,,83.0,115.0,,,UTC+0530,Y4t2FxnDL4,,,98dca60f-1307-4328-b82d-75924a044b53.com.samsung.health.exercise.live_data.json,,1.0962658,com.sec.android.app.shealth,,,,,2025-05-09 14:18:41.767,98dca60f-1307-4328-b82d-75924a044b53,,
79f6d696-7a9e-45f5-82d7-3e115138b414.live_data_internal.json,,0,,,,520.33,,,,,79f6d696-7a9e-45f5-82d7-3e115138b414.sensing_status.json,1,,,,,,,,,,,,,,,3921539,,62950170,,,2025-05-10 04:10:11.902,15002,,,,119.0,,,,62950170,149.0,2025-05-10 05:15:33.911,2025-05-10 05:15:33.911,,,,,87.0,,,,,520.33,,,,UTC+0530,Y4t2FxnDL4,,,79f6d696-7a9e-45f5-82d7-3e115138b414.com.samsung.health.exercise.live_data.json,,,com.sec.android.app.shealth,,,,,2025-05-10 05:15:33.441,79f6d696-7a9e-45f5-82d7-3e115138b414,,
7c89567c-82fc-42af-8c22-6e9285699905.live_data_internal.json,,0,,,,570.35,,,,,7c89567c-82fc-42af-8c22-6e9285699905.sensing_status.json,1,,,,,,,,,,,,,,,4482298,,62950170,,,2025-05-12 04:03:21.245,15002,,,,116.0,,,,62950170,144.0,2025-05-12 05:18:03.991,2025-05-12 05:18:03.991,,,,,96.0,,,,,570.35,,,,UTC+0530,Y4t2FxnDL4,,,7c89567c-82fc-42af-8c22-6e9285699905.com.samsung.health.exercise.live_data.json,,,com.sec.android.app.shealth,,,,,2025-05-12 05:18:03.543,7c89567c-82fc-42af-8c22-6e9285699905,,
9b7662a0-c362-417e-bbfe-e7ae795234c8.live_data_internal.json,,0,,,,504.98,,,,,9b7662a0-c362-417e-bbfe-e7ae795234c8.sensing_status.json,1,,,,,,,,,,,,,,,3846259,,62950170,,,2025-05-14 04:13:58.513,15002,,,,119.0,,,,62950170,152.0,2025-05-14 05:18:05.201,2025-05-14 05:18:05.201,,,,,93.0,,,,,504.98,,,,UTC+0530,Y4t2FxnDL4,,,9b7662a0-c362-417e-bbfe-e7ae795234c8.com.samsung.health.exercise.live_data.json,,,com.sec.android.app.shealth,,,,,2025-05-14 05:18:04.772,9b7662a0-c362-417e-bbfe-e7ae795234c8,,
cea65b07-d493-46c4-8d18-8057cb691bb1.live_data_internal.json,,0,,,,36.99,,,,,cea65b07-d493-46c4-8d18-8057cb691bb1.sensing_status.json,4,,,,,,,,,,,,,,,310760,,62950170,,,2025-05-14 12:08:23.677,11007,,,,99.0,,,,62950170,107.0,2025-05-14 12:15:01.621,2025-05-14 12:15:01.621,,,,,89.0,,,,,36.99,,,,UTC+0530,Y4t2FxnDL4,,,cea65b07-d493-46c4-8d18-8057cb691bb1.com.samsung.health.exercise.live_data.json,,,com.sec.android.app.shealth,,,,,2025-05-14 12:13:34.437,cea65b07-d493-46c4-8d18-8057cb691bb1,,
b992ce80-b478-4cd0-80b2-dbf17995f098.live_data_internal.json,,0,,,,549.38,,,,,b992ce80-b478-4cd0-80b2-dbf17995f098.sensing_status.json,1,,,,,,,,,,,,,,,3870952,,62950170,,,2025-05-15 04:13:35.435,15002,,,,126.0,,,,62950170,153.0,2025-05-15 05:18:06.756,2025-05-15 05:18:06.756,,,,,108.0,,,,,549.38,,,,UTC+0530,Y4t2FxnDL4,,,b992ce80-b478-4cd0-80b2-dbf17995f098.com.samsung.health.exercise.live_data.json,,,com.sec.android.app.shealth,,,,,2025-05-15 05:18:06.387,b992ce80-b478-4cd0-80b2-dbf17995f098,,
b0ef92b2-a009-42e5-9089-e3ecde2d7666.live_data_internal.json,,0,,,,424.85,,,,,b0ef92b2-a009-42e5-9089-e3ecde2d7666.sensing_status.json,1,,,,,,,,,,,,,,,3426237,,62950170,,,2025-05-16 04:05:02.172,15002,,,,113.0,,,,62950170,156.0,2025-05-16 05:02:09.093,2025-05-16 05:02:09.093,,,,,88.0,,,,,424.85,,,,UTC+0530,Y4t2FxnDL4,,,b0ef92b2-a009-42e5-9089-e3ecde2d7666.com.samsung.health.exercise.live_data.json,,,com.sec.android.app.shealth,,,,,2025-05-16 05:02:08.409,b0ef92b2-a009-42e5-9089-e3ecde2d7666,,
b173ba21-1b16-4b21-acb7-104b5f3e168a.live_data_internal.json,,0,,,,622.1,,,,,b173ba21-1b16-4b21-acb7-104b5f3e168a.sensing_status.json,1,,,,,,,,,,,,,,,4393903,,62950170,,,2025-05-21 04:00:26.188,15002,,,,125.0,,,,62950170,157.0,2025-05-21 05:13:40.562,2025-05-21 05:13:40.562,,,,,94.0,,,,,622.1,,,,UTC+0530,Y4t2FxnDL4,,,b173ba21-1b16-4b21-acb7-104b5f3e168a.com.samsung.health.exercise.live_data.json,,,com.sec.android.app.shealth,,,,,2025-05-21 05:13:40.091,b173ba21-1b16-4b21-acb7-104b5f3e168a,,
22f27f47-802c-4552-b1d2-697b322587df.live_data_internal.json,,0,,,,483.01,,,,,22f27f47-802c-4552-b1d2-697b322587df.sensing_status.json,1,,,,,,,,,,,,,,,3238654,,62950170,,,2025-05-22 04:17:21.296,15002,,,,129.0,,,,62950170,149.0,2025-05-22 05:11:20.366,2025-05-22 05:11:20.366,,,,,107.0,,,,,483.01,,,,UTC+0530,Y4t2FxnDL4,,,22f27f47-802c-4552-b1d2-697b322587df.com.samsung.health.exercise.live_data.json,,,com.sec.android.app.shealth,,,,,2025-05-22 05:11:19.950,22f27f47-802c-4552-b1d2-697b322587df,,
c16db8bd-c55b-4cf8-ada9-e398eb9cf306.live_data_internal.json,,0,,,,415.11,,,,,c16db8bd-c55b-4cf8-ada9-e398eb9cf306.sensing_status.json,1,,,,,,,,,,,,,,,2875824,,62950170,,,2025-05-28 04:07:32.534,15002,,,,126.0,,,,62950170,175.0,2025-05-28 04:55:28.675,2025-05-28 04:55:28.675,,,,,89.0,,,,,415.11,,,,UTC+0530,KDw1iKzeM0,,,c16db8bd-c55b-4cf8-ada9-e398eb9cf306.com.samsung.health.exercise.live_data.json,,,com.sec.android.app.shealth,,,,,2025-05-28 04:55:28.358,c16db8bd-c55b-4cf8-ada9-e398eb9cf306,,
2ec80609-ad7a-4628-b8c8-03b73cdbc5fa.live_data_internal.json,,0,,,,307.56,,,,,2ec80609-ad7a-4628-b8c8-03b73cdbc5fa.sensing_status.json,1,,,,,,,,,,,,,,,2455418,,62950170,,,2025-05-29 04:28:29.212,15002,,,,115.0,,,,62950170,139.0,2025-05-29 05:09:25.168,2025-05-29 05:09:25.168,,,,,95.0,,,,,307.56,,,,UTC+0530,KDw1iKzeM0,,,2ec80609-ad7a-4628-b8c8-03b73cdbc5fa.com.samsung.health.exercise.live_data.json,,,com.sec.android.app.shealth,,,,,2025-05-29 05:09:24.630,2ec80609-ad7a-4628-b8c8-03b73cdbc5fa,,
503daf74-d4cb-4b0d-9162-0f54f2ea640d.live_data_internal.json,,0,,,,572.58,,,,,503daf74-d4cb-4b0d-9162-0f54f2ea640d.sensing_status.json,1,,,,,,,,,,,,,,,4271980,,62950170,,,2025-05-30 04:01:01.848,15002,,,,123.0,,,,62950170,176.0,2025-05-30 05:12:14.153,2025-05-30 05:12:14.153,,,,,69.0,,,,,572.58,,,,UTC+0530,KDw1iKzeM0,,,503daf74-d4cb-4b0d-9162-0f54f2ea640d.com.samsung.health.exercise.live_data.json,,,com.sec.android.app.shealth,,,,,2025-05-30 05:12:13.828,503daf74-d4cb-4b0d-9162-0f54f2ea640d,,
5b5777eb-184d-47f2-9cea-4a1e3e476974.live_data_internal.json,,0,,,,553.33,,,,,5b5777eb-184d-47f2-9cea-4a1e3e476974.sensing_status.json,1,,,,,,,,,,,,,,,4298841,,62950170,,,2025-06-02 04:09:24.838,15002,,,,118.0,,,,62950170,151.0,2025-06-02 05:21:04.020,2025-06-02 05:21:04.020,,,,,94.0,,,,,553.33,,,,UTC+0530,KDw1iKzeM0,,,5b5777eb-184d-47f2-9cea-4a1e3e476974.com.samsung.health.exercise.live_data.json,,,com.sec.android.app.shealth,,,,,2025-06-02 05:21:03.679,5b5777eb-184d-47f2-9cea-4a1e3e476974,,
5890bc12-2d65-41c2-8a33-a89b9a5ec3ec.live_data_internal.json,,0,,,,505.05,,,,,5890bc12-2d65-41c2-8a33-a89b9a5ec3ec.sensing_status.json,1,,,,,,,,,,,,,,,3942004,,62950170,,,2025-06-03 04:10:42.914,15002,,,,117.0,,,,62950170,144.0,2025-06-03 05:16:25.353,2025-06-03 05:16:25.353,,,,,92.0,,,,,505.05,,,,UTC+0530,KDw1iKzeM0,,,5890bc12-2d65-41c2-8a33-a89b9a5ec3ec.com.samsung.health.exercise.live_data.json,,,com.sec.android.app.shealth,,,,,2025-06-03 05:16:24.918,5890bc12-2d65-41c2-8a33-a89b9a5ec3ec,,
e3287c7b-f01e-4ddc-90c5-08c6a01bc657.live_data_internal.json,,0,,,,398.8342,,,,,e3287c7b-f01e-4ddc-90c5-08c6a01bc657.sensing_status.json,1,,,,,,,,,,,,,,,3011728,,62950170,,,2025-06-04 04:11:03.775,15002,,,,119.0,,,,62950170,148.0,2025-06-04 05:04:32.299,2025-06-04 05:04:32.299,,,,,89.0,,,,,394.99,,,,UTC+0530,KDw1iKzeM0,,,e3287c7b-f01e-4ddc-90c5-08c6a01bc657.com.samsung.health.exercise.live_data.json,,,com.sec.android.app.shealth,,,,,2025-06-04 05:04:32.017,e3287c7b-f01e-4ddc-90c5-08c6a01bc657,,
d7ec3bb6-b0c5-4016-8ae1-43fadc935850.live_data_internal.json,,0,,,,397.91,,,,,d7ec3bb6-b0c5-4016-8ae1-43fadc935850.sensing_status.json,1,,,,,,,,,,,,,,,3047303,,63010030,,,2025-06-05 04:40:24.553,15002,,,,115.0,,,,63010030,145.0,2025-06-05 05:31:12.290,2025-06-05 05:31:12.290,,,,,96.0,,,,,397.91,,,,UTC+0530,KDw1iKzeM0,,,d7ec3bb6-b0c5-4016-8ae1-43fadc935850.com.samsung.health.exercise.live_data.json,,,com.sec.android.app.shealth,,,,,2025-06-05 05:31:11.856,d7ec3bb6-b0c5-4016-8ae1-43fadc935850,,
a9df098f-c9ee-4cb3-ad08-d4ffe875ff35.live_data_internal.json,,0,,,,437.08,,,,,a9df098f-c9ee-4cb3-ad08-d4ffe875ff35.sensing_status.json,1,,,,,,,,,,,,,,,3269217,,63010030,,,2025-06-06 04:11:12.808,15002,,,,120.0,,,,63010030,145.0,2025-06-06 05:05:42.532,2025-06-06 05:05:42.532,,,,,98.0,,,,,437.08,,,,UTC+0530,KDw1iKzeM0,,,a9df098f-c9ee-4cb3-ad08-d4ffe875ff35.com.samsung.health.exercise.live_data.json,,,com.sec.android.app.shealth,,,,,2025-06-06 05:05:42.025,a9df098f-c9ee-4cb3-ad08-d4ffe875ff35,,
2976235e-368a-4d01-8efa-87d2b7130577.live_data_internal.json,,0,,,,577.25,,,,,2976235e-368a-4d01-8efa-87d2b7130577.sensing_status.json,1,,,,,,,,,,,,,,,4144869,,63010030,,,2025-06-09 04:15:31.640,15002,,,,124.0,,,,63010030,156.0,2025-06-09 05:24:36.840,2025-06-09 05:24:36.840,,,,,98.0,,,,,577.25,,,,UTC+0530,KDw1iKzeM0,,,2976235e-368a-4d01-8efa-87d2b7130577.com.samsung.health.exercise.live_data.json,,,com.sec.android.app.shealth,,,,,2025-06-09 05:24:36.509,2976235e-368a-4d01-8efa-87d2b7130577,,
7d2fe56f-ca91-40f7-9614-5d7ec7ed60ff.live_data_internal.json,,0,,,,435.55,,,,,7d2fe56f-ca91-40f7-9614-5d7ec7ed60ff.sensing_status.json,1,,,,,,,,,,,,,,,3521586,,63010030,,,2025-06-10 04:10:21.074,15002,,,,114.0,,,,63010030,145.0,2025-06-10 05:09:03.043,2025-06-10 05:09:03.043,,,,,90.0,,,,,435.55,,,,UTC+0530,KDw1iKzeM0,,,7d2fe56f-ca91-40f7-9614-5d7ec7ed60ff.com.samsung.health.exercise.live_data.json,,,com.sec.android.app.shealth,,,,,2025-06-10 05:09:02.660,7d2fe56f-ca91-40f7-9614-5d7ec7ed60ff,,
0c5bb85c-4385-4e6d-a3b0-1a2e6e84971a.live_data_internal.json,,0,,,,65.17788,,,,,0c5bb85c-4385-4e6d-a3b0-1a2e6e84971a.sensing_status.json,4,,,,,,,,,,,,,,,663213,,63010030,,,2025-06-10 06:30:34.309,1001,,,,92.0,30001,,,63010030,114.0,2025-06-10 06:43:01.894,2025-06-10 06:43:01.894,,,1.6111112,81.693214,75.0,,903,695.13,,65.0,121.0,,,UTC+0530,KDw1iKzeM0,,,0c5bb85c-4385-4e6d-a3b0-1a2e6e84971a.com.samsung.health.exercise.live_data.json,,1.0481248,com.sec.android.app.shealth,,,,,2025-06-10 06:41:46.615,0c5bb85c-4385-4e6d-a3b0-1a2e6e84971a,,
be2d4475-8897-4cd7-a2d5-7df1830990cc.live_data_internal.json,,0,,,,523.71,,,,,be2d4475-8897-4cd7-a2d5-7df1830990cc.sensing_status.json,1,,,,,,,,,,,,,,,3608785,,63010030,,,2025-06-11 04:08:29.198,15002,,,,127.0,,,,63010030,174.0,2025-06-11 05:08:38.334,2025-06-11 05:08:38.334,,,,,104.0,,,,,523.71,,,,UTC+0530,KDw1iKzeM0,,,be2d4475-8897-4cd7-a2d5-7df1830990cc.com.samsung.health.exercise.live_data.json,,,com.sec.android.app.shealth,,,,,2025-06-11 05:08:37.983,be2d4475-8897-4cd7-a2d5-7df1830990cc,,
cd7e5d84-3836-4eb8-b0cf-fb81ad2f4a57.live_data_internal.json,,0,,,,480.13,,,,,cd7e5d84-3836-4eb8-b0cf-fb81ad2f4a57.sensing_status.json,1,,,,,,,,,,,,,,,3386584,,63010030,,,2025-06-12 04:08:56.007,15002,,,,127.0,,,,63010030,149.0,2025-06-12 05:05:22.942,2025-06-12 05:05:22.942,,,,,98.0,,,,,480.13,,,,UTC+0530,KDw1iKzeM0,,,cd7e5d84-3836-4eb8-b0cf-fb81ad2f4a57.com.samsung.health.exercise.live_data.json,,,com.sec.android.app.shealth,,,,,2025-06-12 05:05:22.591,cd7e5d84-3836-4eb8-b0cf-fb81ad2f4a57,,
fac4848a-343e-4fd4-9a79-8e69e030bf4f.live_data_internal.json,,0,,,,81.2699,,,,,fac4848a-343e-4fd4-9a79-8e69e030bf4f.sensing_status.json,4,,,,,,,,,,,,,,,793829,,63010030,,,2025-06-13 13:36:34.351,1001,,,,109.0,30001,,,63010030,118.0,2025-06-13 13:51:17.135,2025-06-13 13:51:17.135,,,2.0039675,99.694016,100.0,,1319,942.79,,81.0,157.0,,,UTC+0530,KDw1iKzeM0,,,fac4848a-343e-4fd4-9a79-8e69e030bf4f.com.samsung.health.exercise.live_data.json,,1.1876488,com.sec.android.app.shealth,,,,,2025-06-13 13:50:01.977,fac4848a-343e-4fd4-9a79-8e69e030bf4f,,
79f92804-2966-4511-85b5-6e6adf617625.live_data_internal.json,,0,,,,544.58,,,,,79f92804-2966-4511-85b5-6e6adf617625.sensing_status.json,1,,,,,,,,,,,,,,,4312423,,63010030,,,2025-06-14 04:15:57.838,15002,,,,116.0,,,,63010030,151.0,2025-06-14 05:27:51.457,2025-06-14 05:27:51.457,,,,,88.0,,,,,544.58,,,,UTC+0530,KDw1iKzeM0,,,79f92804-2966-4511-85b5-6e6adf617625.com.samsung.health.exercise.live_data.json,,,com.sec.android.app.shealth,,,,,2025-06-14 05:27:50.261,79f92804-2966-4511-85b5-6e6adf617625,,
b560c4cc-2c37-4e14-8e9a-0573490da9fc.live_data_internal.json,,0,,,,58.0,,,,,b560c4cc-2c37-4e14-8e9a-0573490da9fc.sensing_status.json,4,,,,,,,,,,,,,,,640787,,63010030,,,2025-06-16 02:28:37.545,1001,,,,98.0,30001,,,63010030,105.0,2025-06-16 02:40:33.681,2025-06-16 02:40:33.681,,,1.5119207,82.67958,88.0,,883,647.63,,58.0,95.0,,,UTC+0530,KDw1iKzeM0,,,b560c4cc-2c37-4e14-8e9a-0573490da9fc.com.samsung.health.exercise.live_data.json,,1.0106791,com.sec.android.app.shealth,,,,,2025-06-16 02:39:18.331,b560c4cc-2c37-4e14-8e9a-0573490da9fc,,
981bf3a0-9811-41b6-8c99-a906c5ac95ec.live_data_internal.json,,0,,,,531.75,,,,,981bf3a0-9811-41b6-8c99-a906c5ac95ec.sensing_status.json,1,,,,,,,,,,,,,,,3818008,,63010030,,,2025-06-16 04:12:01.277,15002,,,,124.0,,,,63010030,152.0,2025-06-16 05:15:40.083,2025-06-16 05:15:40.083,,,,,85.0,,,,,531.75,,,,UTC+0530,KDw1iKzeM0,,,981bf3a0-9811-41b6-8c99-a906c5ac95ec.com.samsung.health.exercise.live_data.json,,,com.sec.android.app.shealth,,,,,2025-06-16 05:15:39.285,981bf3a0-9811-41b6-8c99-a906c5ac95ec,,
b9cda1eb-031e-4e42-a576-fddef0d022ee.live_data_internal.json,,0,,,,512.8883,,,,,b9cda1eb-031e-4e42-a576-fddef0d022ee.sensing_status.json,1,,,,,,,,,,,,,,,3766766,,63010030,,,2025-06-17 04:08:29.904,15002,,,,121.0,,,,63010030,147.0,2025-06-17 05:13:47.687,2025-06-17 05:13:47.687,,,,,86.0,,,,,509.94,,,,UTC+0530,KDw1iKzeM0,,,b9cda1eb-031e-4e42-a576-fddef0d022ee.com.samsung.health.exercise.live_data.json,,,com.sec.android.app.shealth,,,,,2025-06-17 05:13:47.386,b9cda1eb-031e-4e42-a576-fddef0d022ee,,
352a820d-152d-4afe-88c5-a82e31b09d80.live_data_internal.json,,0,,,,34.56,,,,,352a820d-152d-4afe-88c5-a82e31b09d80.sensing_status.json,4,,,,,,,,,,,,,,,265260,,63010030,,,2025-06-17 14:28:22.128,11007,,,,104.0,,,,63010030,115.0,2025-06-17 14:34:03.781,2025-06-17 14:34:03.781,,,,,87.0,,,,,34.56,,,,UTC+0530,KDw1iKzeM0,,,352a820d-152d-4afe-88c5-a82e31b09d80.com.samsung.health.exercise.live_data.json,,,com.sec.android.app.shealth,,,,,2025-06-17 14:32:47.388,352a820d-152d-4afe-88c5-a82e31b09d80,,
99f7b545-ba5a-445a-bc9f-e02a54a8550d.live_data_internal.json,,0,,,,443.3,,,,,99f7b545-ba5a-445a-bc9f-e02a54a8550d.sensing_status.json,1,,,,,,,,,,,,,,,3217255,,63010030,,,2025-06-18 04:11:40.551,15002,,,,123.0,,,,63010030,159.0,2025-06-18 05:05:18.296,2025-06-18 05:05:18.296,,,,,96.0,,,,,443.3,,,,UTC+0530,KDw1iKzeM0,,,99f7b545-ba5a-445a-bc9f-e02a54a8550d.com.samsung.health.exercise.live_data.json,,,com.sec.android.app.shealth,,,,,2025-06-18 05:05:17.806,99f7b545-ba5a-445a-bc9f-e02a54a8550d,,
0fe87eca-3846-4507-a758-b7924dce713f.live_data_internal.json,,0,,,,514.42,,,,,0fe87eca-3846-4507-a758-b7924dce713f.sensing_status.json,1,,,,,,,,,,,,,,,3781658,,63010030,,,2025-06-19 04:06:23.318,15002,,,,122.0,,,,63010030,153.0,2025-06-19 05:09:25.320,2025-06-19 05:09:25.320,,,,,102.0,,,,,514.42,,,,UTC+0530,KDw1iKzeM0,,,0fe87eca-3846-4507-a758-b7924dce713f.com.samsung.health.exercise.live_data.json,,,com.sec.android.app.shealth,,,,,2025-06-19 05:09:24.976,0fe87eca-3846-4507-a758-b7924dce713f,,
e6b7c34e-5ad9-408d-9221-6ebb3990135f.live_data_internal.json,,0,,,,501.12,,,,,e6b7c34e-5ad9-408d-9221-6ebb3990135f.sensing_status.json,1,,,,,,,,,,,,,,,3769199,,63010030,,,2025-06-20 04:12:38.983,15002,,,,120.0,,,,63010030,151.0,2025-06-20 05:15:28.788,2025-06-20 05:15:28.788,,,,,99.0,,,,,501.12,,,,UTC+0530,KDw1iKzeM0,,,e6b7c34e-5ad9-408d-9221-6ebb3990135f.com.samsung.health.exercise.live_data.json,,,com.sec.android.app.shealth,,,,,2025-06-20 05:15:28.182,e6b7c34e-5ad9-408d-9221-6ebb3990135f,,
a7958aac-4a8e-465e-b737-fa5f55729272.live_data_internal.json,,0,,,,506.31,,,,,a7958aac-4a8e-465e-b737-fa5f55729272.sensing_status.json,1,,,,,,,,,,,,,,,3594423,,63010030,,,2025-06-21 04:15:51.001,15002,,,,124.0,,,,63010030,146.0,2025-06-21 05:15:45.546,2025-06-21 05:15:45.546,,,,,76.0,,,,,506.31,,,,UTC+0530,KDw1iKzeM0,,,a7958aac-4a8e-465e-b737-fa5f55729272.com.samsung.health.exercise.live_data.json,,,com.sec.android.app.shealth,,,,,2025-06-21 05:15:45.424,a7958aac-4a8e-465e-b737-fa5f55729272,,
3dc43a0c-f8fb-41c9-a07d-fd8fa23be127.live_data_internal.json,,0,,,,194.21434,,,,,3dc43a0c-f8fb-41c9-a07d-fd8fa23be127.sensing_status.json,4,,,,,,,,,,,,,,,1976687,,63010030,,,2025-06-22 12:59:04.461,1001,,,,118.0,30001,,,63010030,130.0,2025-06-22 13:32:12.333,2025-06-22 13:32:12.333,,,1.7035172,113.523285,56.0,,3740,2933.75,,194.0,124.0,,,UTC+0530,KDw1iKzeM0,,,3dc43a0c-f8fb-41c9-a07d-fd8fa23be127.com.samsung.health.exercise.live_data.json,,1.4841753,com.sec.android.app.shealth,,,,,2025-06-22 13:32:12.105,3dc43a0c-f8fb-41c9-a07d-fd8fa23be127,,
62235ca7-2868-4b54-8bbb-17b24830758e.live_data_internal.json,,0,,,,146.51,,,,,62235ca7-2868-4b54-8bbb-17b24830758e.sensing_status.json,1,,,,,,,,,,,,,,,773266,,63010030,,,2025-06-22 13:32:12.106,15002,,,,154.0,,,,63010030,183.0,2025-06-22 13:45:05.855,2025-06-22 13:45:05.855,,,,,120.0,,,,,146.51,,,,UTC+0530,KDw1iKzeM0,,,62235ca7-2868-4b54-8bbb-17b24830758e.com.samsung.health.exercise.live_data.json,,,com.sec.android.app.shealth,,,,,2025-06-22 13:45:05.372,62235ca7-2868-4b54-8bbb-17b24830758e,,
6af4c530-3e1f-405e-b9c6-9421892b6799.live_data_internal.json,,0,,,,542.11,,,,,6af4c530-3e1f-405e-b9c6-9421892b6799.sensing_status.json,1,,,,,,,,,,,,,,,3701276,,63010030,,,2025-06-23 04:16:22.015,15002,,,,128.0,,,,63010030,153.0,2025-06-23 05:18:03.865,2025-06-23 05:18:03.865,,,,,90.0,,,,,542.11,,,,UTC+0530,KDw1iKzeM0,,,6af4c530-3e1f-405e-b9c6-9421892b6799.com.samsung.health.exercise.live_data.json,,,com.sec.android.app.shealth,,,,,2025-06-23 05:18:03.291,6af4c530-3e1f-405e-b9c6-9421892b6799,,
0b07fa46-963a-49d1-803e-33dc6711a5ee.live_data_internal.json,,0,,,,272.0,,,,,0b07fa46-963a-49d1-803e-33dc6711a5ee.sensing_status.json,4,,,,,,,,,,,,,,,2726336,,63010030,,,2025-06-23 12:34:16.005,1001,,,,114.0,30001,,,63010030,125.0,2025-06-23 13:22:40.985,2025-06-23 13:22:40.985,,,1.7224486,106.62663,95.0,,4845,3813.46,,272.0,124.0,,,UTC+0530,KDw1iKzeM0,,,0b07fa46-963a-49d1-803e-33dc6711a5ee.com.samsung.health.exercise.live_data.json,,1.3987491,com.sec.android.app.shealth,,,,,2025-06-23 13:19:42.341,0b07fa46-963a-49d1-803e-33dc6711a5ee,,
57221f0a-2b50-466c-a0b3-eee053aacfac.live_data_internal.json,,0,,,,555.356,,,,,57221f0a-2b50-466c-a0b3-eee053aacfac.sensing_status.json,1,,,,,,,,,,,,,,,3810424,,63010030,,,2025-06-24 04:18:18.145,15002,,,,128.0,,,,63010030,162.0,2025-06-24 05:22:00.332,2025-06-24 05:22:00.332,,,,,89.0,,,,,555.15,,,,UTC+0530,KDw1iKzeM0,,,57221f0a-2b50-466c-a0b3-eee053aacfac.com.samsung.health.exercise.live_data.json,,,com.sec.android.app.shealth,,,,,2025-06-24 05:21:59.099,57221f0a-2b50-466c-a0b3-eee053aacfac,,
790d0a23-1153-4ffd-93fe-32ee6e91c1aa.live_data_internal.json,,0,,,,294.00003,,,,,790d0a23-1153-4ffd-93fe-32ee6e91c1aa.sensing_status.json,4,,,,,,,,,,,,,,,3046871,,63010030,,,2025-06-24 12:12:01.937,1001,,,,104.0,30001,,,63010030,120.0,2025-06-24 13:02:49.160,2025-06-24 13:02:49.160,,,2.3173218,110.867836,76.0,,5630,4295.78,,294.0,183.0,,,UTC+0530,KDw1iKzeM0,,,790d0a23-1153-4ffd-93fe-32ee6e91c1aa.com.samsung.health.exercise.live_data.json,,1.4098988,com.sec.android.app.shealth,,,,,2025-06-24 13:02:48.809,790d0a23-1153-4ffd-93fe-32ee6e91c1aa,,
00a332ef-b98c-4184-a31c-039a0258954c.live_data_internal.json,,0,,,,550.27,,,,,00a332ef-b98c-4184-a31c-039a0258954c.sensing_status.json,1,,,,,,,,,,,,,,,4080277,,63010030,,,2025-06-25 04:15:35.474,15002,,,,121.0,,,,63010030,155.0,2025-06-25 05:23:36.425,2025-06-25 05:23:36.425,,,,,101.0,,,,,550.27,,,,UTC+0530,KDw1iKzeM0,,,00a332ef-b98c-4184-a31c-039a0258954c.com.samsung.health.exercise.live_data.json,,,com.sec.android.app.shealth,,,,,2025-06-25 05:23:35.751,00a332ef-b98c-4184-a31c-039a0258954c,,
5f73691f-943a-4d45-a7b9-18b87a68c283.live_data_internal.json,,0,,,,387.0922,,,,,5f73691f-943a-4d45-a7b9-18b87a68c283.sensing_status.json,4,,,,,,,,,,,,,,,4023442,,63010030,,,2025-06-25 12:31:06.306,1001,,,,114.0,30001,,,63010030,127.0,2025-06-25 13:39:29.765,2025-06-25 13:39:29.765,,,2.1219943,109.29448,97.0,,7329,5589.08,,387.0,166.0,,,UTC+0530,KDw1iKzeM0,,,5f73691f-943a-4d45-a7b9-18b87a68c283.com.samsung.health.exercise.live_data.json,,1.389129,com.sec.android.app.shealth,,,,,2025-06-25 13:38:14.461,5f73691f-943a-4d45-a7b9-18b87a68c283,,
61775052-64b9-4333-9f9f-1e701b9b6dd3.live_data_internal.json,,0,,,,118.96987,,,,,61775052-64b9-4333-9f9f-1e701b9b6dd3.sensing_status.json,4,,,,,,,,,,,,,,,1158373,,63010030,,,2025-06-26 12:49:02.949,1001,,,,104.0,30001,,,63010030,117.0,2025-06-26 13:11:17.380,2025-06-26 13:11:17.380,,,1.797446,77.64338,78.0,,1499,1189.26,,117.0,125.0,,,UTC+0530,KDw1iKzeM0,,,61775052-64b9-4333-9f9f-1e701b9b6dd3.com.samsung.health.exercise.live_data.json,,1.0266641,com.sec.android.app.shealth,,,,,2025-06-26 13:10:02.021,61775052-64b9-4333-9f9f-1e701b9b6dd3,,
a33903d0-c4ee-4f91-a848-46385310164a.live_data_internal.json,,0,,,,446.33,,,,,a33903d0-c4ee-4f91-a848-46385310164a.sensing_status.json,1,,,,,,,,,,,,,,,3442729,,63010030,,,2025-06-27 04:16:13.715,15002,,,,118.0,,,,63010030,154.0,2025-06-27 05:13:36.838,2025-06-27 05:13:36.838,,,,,91.0,,,,,446.33,,,,UTC+0530,KDw1iKzeM0,,,a33903d0-c4ee-4f91-a848-46385310164a.com.samsung.health.exercise.live_data.json,,,com.sec.android.app.shealth,,,,,2025-06-27 05:13:36.444,a33903d0-c4ee-4f91-a848-46385310164a,,
2e3a3077-5377-46ac-9947-6005980146e4.live_data_internal.json,,0,,,,417.39035,,,,,2e3a3077-5377-46ac-9947-6005980146e4.sensing_status.json,4,,,,,,,,,,,,,,,4254441,,63010030,,,2025-06-27 12:18:12.132,1001,,,,111.0,30001,,,63010030,128.0,2025-06-27 13:32:00.138,2025-06-27 13:32:00.138,,,1.7586198,108.47959,80.0,,7692,6074.34,,414.0,125.0,,,UTC+0530,KDw1iKzeM0,,,2e3a3077-5377-46ac-9947-6005980146e4.com.samsung.health.exercise.live_data.json,,1.4277645,com.sec.android.app.shealth,,,,,2025-06-27 13:31:59.887,2e3a3077-5377-46ac-9947-6005980146e4,,
bbfc7420-4396-48dc-937c-682fc1d542e2.live_data_internal.json,,0,,,,416.76,,,,,bbfc7420-4396-48dc-937c-682fc1d542e2.sensing_status.json,1,,,,,,,,,,,,,,,3090038,,63010030,,,2025-06-28 04:42:04.266,15002,,,,121.0,,,,63010030,143.0,2025-06-28 05:33:34.745,2025-06-28 05:33:34.745,,,,,99.0,,,,,416.76,,,,UTC+0530,KDw1iKzeM0,,,bbfc7420-4396-48dc-937c-682fc1d542e2.com.samsung.health.exercise.live_data.json,,,com.sec.android.app.shealth,,,,,2025-06-28 05:33:34.304,bbfc7420-4396-48dc-937c-682fc1d542e2,,
66909a60-dc02-4ddc-9cab-022192bc2185.live_data_internal.json,,0,,,,338.00003,,,,,66909a60-dc02-4ddc-9cab-022192bc2185.sensing_status.json,4,,,,,,,,,,,,,,,3626172,,63010030,,,2025-06-28 12:29:12.794,1001,,,,119.0,30001,,,63010030,134.0,2025-06-28 13:29:39.188,2025-06-28 13:29:39.188,,,4.179291,115.70879,77.0,,6993,5297.06,,338.0,320.0,,,UTC+0530,KDw1iKzeM0,,,66909a60-dc02-4ddc-9cab-022192bc2185.com.samsung.health.exercise.live_data.json,,1.4607856,com.sec.android.app.shealth,,,,,2025-06-28 13:29:38.967,66909a60-dc02-4ddc-9cab-022192bc2185,,
114c4fc0-f145-49d0-8a03-f8ce59e794f6.live_data_internal.json,,0,,,,615.2892,,,,,114c4fc0-f145-49d0-8a03-f8ce59e794f6.sensing_status.json,1,,,,,,,,,,,,,,,4666927,,63010030,,,2025-06-30 03:58:50.656,15002,,,,121.0,,,,63010030,172.0,2025-06-30 05:16:44.132,2025-06-30 05:16:44.132,,,,,103.0,,,,,615.18,,,,UTC+0530,KDw1iKzeM0,,,114c4fc0-f145-49d0-8a03-f8ce59e794f6.com.samsung.health.exercise.live_data.json,,,com.sec.android.app.shealth,,,,,2025-06-30 05:16:43.164,114c4fc0-f145-49d0-8a03-f8ce59e794f6,,
d96c7886-26ca-4019-8a45-6a75c1637da9.live_data_internal.json,,0,,,,279.59216,,,,,d96c7886-26ca-4019-8a45-6a75c1637da9.sensing_status.json,4,,,,,,,,,,,,,,,3106315,,63010030,,,2025-06-30 14:09:59.036,1001,,,,102.0,30001,,,63010030,120.0,2025-06-30 15:04:05.968,2025-06-30 15:04:05.968,,,1.3924493,79.038994,81.0,,4092,3080.52,,277.0,103.0,,,UTC+0530,KDw1iKzeM0,,,d96c7886-26ca-4019-8a45-6a75c1637da9.com.samsung.health.exercise.live_data.json,,0.991696,com.sec.android.app.shealth,,,,,2025-06-30 15:03:57.861,d96c7886-26ca-4019-8a45-6a75c1637da9,,
e5ca413f-a3b5-4dc1-a74c-8166d0e704ee.live_data_internal.json,,0,,,,503.07,,,,,e5ca413f-a3b5-4dc1-a74c-8166d0e704ee.sensing_status.json,1,,,,,,,,,,,,,,,3880910,,63020270,,,2025-07-01 04:09:37.765,15002,,,,118.0,,,,63020270,145.0,2025-07-01 05:14:19.616,2025-07-01 05:14:19.616,,,,,100.0,,,,,503.07,,,,UTC+0530,KDw1iKzeM0,,,e5ca413f-a3b5-4dc1-a74c-8166d0e704ee.com.samsung.health.exercise.live_data.json,,,com.sec.android.app.shealth,,,,,2025-07-01 05:14:18.675,e5ca413f-a3b5-4dc1-a74c-8166d0e704ee,,
27f5dc88-5477-4ac0-97d7-a8b8dcea897e.live_data_internal.json,,0,,,,243.66399,,,,,27f5dc88-5477-4ac0-97d7-a8b8dcea897e.sensing_status.json,4,,,,,,,,,,,,,,,2636743,,63020270,,,2025-07-01 13:02:02.711,1001,,,,104.0,30001,,,63020270,113.0,2025-07-01 13:47:25.569,2025-07-01 13:47:25.569,,,1.5783066,84.64989,85.0,,3720,2828.67,,242.0,107.0,,,UTC+0530,KDw1iKzeM0,,,27f5dc88-5477-4ac0-97d7-a8b8dcea897e.com.samsung.health.exercise.live_data.json,,1.0727894,com.sec.android.app.shealth,,,,,2025-07-01 13:47:24.516,27f5dc88-5477-4ac0-97d7-a8b8dcea897e,,
d59b5851-8860-4ccb-9361-72a90a6d608c.live_data_internal.json,,0,,,,495.84,,,,,d59b5851-8860-4ccb-9361-72a90a6d608c.sensing_status.json,1,,,,,,,,,,,,,,,3617661,,63020270,,,2025-07-02 04:06:22.799,15002,,,,122.0,,,,63020270,153.0,2025-07-02 05:06:41.002,2025-07-02 05:06:41.002,,,,,104.0,,,,,495.84,,,,UTC+0530,KDw1iKzeM0,,,d59b5851-8860-4ccb-9361-72a90a6d608c.com.samsung.health.exercise.live_data.json,,,com.sec.android.app.shealth,,,,,2025-07-02 05:06:40.460,d59b5851-8860-4ccb-9361-72a90a6d608c,,
9cef452e-5429-4884-adb2-462f347b05f3.live_data_internal.json,,0,,,,550.85,,,,,9cef452e-5429-4884-adb2-462f347b05f3.sensing_status.json,1,,,,,,,,,,,,,,,3892550,,63020270,,,2025-07-04 04:05:22.059,15002,,,,124.0,,,,63020270,186.0,2025-07-04 05:10:15.878,2025-07-04 05:10:15.878,,,,,90.0,,,,,550.85,,,,UTC+0530,KDw1iKzeM0,,,9cef452e-5429-4884-adb2-462f347b05f3.com.samsung.health.exercise.live_data.json,,,com.sec.android.app.shealth,,,,,2025-07-04 05:10:14.609,9cef452e-5429-4884-adb2-462f347b05f3,,
3b117260-b9e9-4dd1-8396-e104c483dd9c.live_data_internal.json,,0,,,,425.01,,,,,3b117260-b9e9-4dd1-8396-e104c483dd9c.sensing_status.json,1,,,,,,,,,,,,,,,3005241,,63020270,,,2025-07-05 04:36:35.458,15002,,,,126.0,,,,63020270,157.0,2025-07-05 05:26:41.091,2025-07-05 05:26:41.091,,,,,103.0,,,,,425.01,,,,UTC+0530,KDw1iKzeM0,,,3b117260-b9e9-4dd1-8396-e104c483dd9c.com.samsung.health.exercise.live_data.json,,,com.sec.android.app.shealth,,,,,2025-07-05 05:26:40.699,3b117260-b9e9-4dd1-8396-e104c483dd9c,,
59439914-20d6-47cb-99af-75229917c1cc.live_data_internal.json,,0,,,,131.83022,,,,,59439914-20d6-47cb-99af-75229917c1cc.sensing_status.json,4,,,,,,,,,,,,,,,1102355,,63020270,,,2025-07-06 08:01:19.094,1001,,,,99.0,30001,,,63020270,109.0,2025-07-06 08:27:09.482,2025-07-06 08:27:09.482,,,1.4444444,76.52707,80.0,,1406,1210.72,,128.0,98.0,,,UTC+0530,KDw1iKzeM0,,,59439914-20d6-47cb-99af-75229917c1cc.com.samsung.health.exercise.live_data.json,,1.0983032,com.sec.android.app.shealth,,,,,2025-07-06 08:22:57.248,59439914-20d6-47cb-99af-75229917c1cc,,
76f86227-b845-498e-8b5d-4c8feb476627.live_data_internal.json,,0,,,,527.68,,,,,76f86227-b845-498e-8b5d-4c8feb476627.sensing_status.json,1,,,,,,,,,,,,,,,3901087,,63020270,,,2025-07-07 04:17:30.779,15002,,,,122.0,,,,63020270,154.0,2025-07-07 05:22:32.702,2025-07-07 05:22:32.702,,,,,93.0,,,,,527.68,,,,UTC+0530,KDw1iKzeM0,,,76f86227-b845-498e-8b5d-4c8feb476627.com.samsung.health.exercise.live_data.json,,,com.sec.android.app.shealth,,,,,2025-07-07 05:22:31.866,76f86227-b845-498e-8b5d-4c8feb476627,,
269f3f56-33e5-4843-a0ec-eb8ea5f51edd.live_data_internal.json,,0,,,,109.27238,,,,,269f3f56-33e5-4843-a0ec-eb8ea5f51edd.sensing_status.json,4,,,,,,,,,,,,,,,1171310,,63020270,,,2025-07-07 12:46:32.933,1001,,,,104.0,30001,,,63020270,117.0,2025-07-07 13:07:33.516,2025-07-07 13:07:33.516,,,1.3055556,88.413826,80.0,,1726,1256.03,,109.0,101.0,,,UTC+0530,KDw1iKzeM0,,,269f3f56-33e5-4843-a0ec-eb8ea5f51edd.com.samsung.health.exercise.live_data.json,,1.0723293,com.sec.android.app.shealth,,,,,2025-07-07 13:06:18.167,269f3f56-33e5-4843-a0ec-eb8ea5f51edd,,
434abc3d-d5b8-4874-9edf-8707d91c79f1.live_data_internal.json,,0,,,,53.0,,,,,434abc3d-d5b8-4874-9edf-8707d91c79f1.sensing_status.json,4,,,,,,,,,,,,,,,622995,,63020270,,,2025-07-07 13:09:10.155,1001,,,,99.0,30001,,,63020270,111.0,2025-07-07 13:20:48.420,2025-07-07 13:20:48.420,,,1.3201972,69.63138,75.0,,723,524.19,,53.0,92.0,,,UTC+0530,KDw1iKzeM0,,,434abc3d-d5b8-4874-9edf-8707d91c79f1.com.samsung.health.exercise.live_data.json,,0.84140325,com.sec.android.app.shealth,,,,,2025-07-07 13:19:33.150,434abc3d-d5b8-4874-9edf-8707d91c79f1,,
32324a65-abb3-4378-8475-82d7fcf89a6a.live_data_internal.json,,0,,,,97.26667,,,,,32324a65-abb3-4378-8475-82d7fcf89a6a.sensing_status.json,4,,,,,,,,,,,,,,,1083376,,63020270,,,2025-07-07 13:42:41.188,1001,,,,104.0,30001,,,63020270,115.0,2025-07-07 14:02:13.587,2025-07-07 14:02:13.587,,,1.3888888,74.932434,87.0,,1353,955.72,,97.0,95.0,,,UTC+0530,KDw1iKzeM0,,,32324a65-abb3-4378-8475-82d7fcf89a6a.com.samsung.health.exercise.live_data.json,,0.88216835,com.sec.android.app.shealth,,,,,2025-07-07 14:00:58.196,32324a65-abb3-4378-8475-82d7fcf89a6a,,
0964ac53-1cf2-4f68-970f-beab201d3b1a.live_data_internal.json,,0,,,,562.13,,,,,0964ac53-1cf2-4f68-970f-beab201d3b1a.sensing_status.json,1,,,,,,,,,,,,,,,4155851,,63020270,,,2025-07-08 04:13:29.278,15002,,,,121.0,,,,63020270,146.0,2025-07-08 05:22:45.613,2025-07-08 05:22:45.613,,,,,88.0,,,,,562.13,,,,UTC+0530,KDw1iKzeM0,,,0964ac53-1cf2-4f68-970f-beab201d3b1a.com.samsung.health.exercise.live_data.json,,,com.sec.android.app.shealth,,,,,2025-07-08 05:22:45.129,0964ac53-1cf2-4f68-970f-beab201d3b1a,,
9fd11629-caeb-4baf-9636-fa59508d9b58.live_data_internal.json,,0,,,,567.26,,,,,9fd11629-caeb-4baf-9636-fa59508d9b58.sensing_status.json,1,,,,,,,,,,,,,,,4152700,,63020270,,,2025-07-09 04:12:54.419,15002,,,,122.0,,,,63020270,148.0,2025-07-09 05:22:08.303,2025-07-09 05:22:08.303,,,,,88.0,,,,,567.26,,,,UTC+0530,KDw1iKzeM0,,,9fd11629-caeb-4baf-9636-fa59508d9b58.com.samsung.health.exercise.live_data.json,,,com.sec.android.app.shealth,,,,,2025-07-09 05:22:07.119,9fd11629-caeb-4baf-9636-fa59508d9b58,,
e6e66aa9-9992-4463-91fc-abcaba9f4e2e.live_data_internal.json,,0,,,,544.48,,,,,e6e66aa9-9992-4463-91fc-abcaba9f4e2e.sensing_status.json,1,,,,,,,,,,,,,,,3781008,,63020270,,,2025-07-10 04:12:12.530,15002,,,,127.0,,,,63020270,149.0,2025-07-10 05:15:14.334,2025-07-10 05:15:14.334,,,,,83.0,,,,,544.48,,,,UTC+0530,KDw1iKzeM0,,,e6e66aa9-9992-4463-91fc-abcaba9f4e2e.com.samsung.health.exercise.live_data.json,,,com.sec.android.app.shealth,,,,,2025-07-10 05:15:13.538,e6e66aa9-9992-4463-91fc-abcaba9f4e2e,,
4ff81e95-f938-4101-9c3f-a2aaf874cb17.live_data_internal.json,,0,,,,42.09,,,,,4ff81e95-f938-4101-9c3f-a2aaf874cb17.sensing_status.json,4,,,,,,,,,,,,,,,229420,,63020270,,,2025-07-10 16:06:39.946,11007,,,,129.0,,,,63020270,144.0,2025-07-10 16:11:56.416,2025-07-10 16:11:56.416,,,,,117.0,,,,,42.09,,,,UTC+0530,KDw1iKzeM0,,,4ff81e95-f938-4101-9c3f-a2aaf874cb17.com.samsung.health.exercise.live_data.json,,,com.sec.android.app.shealth,,,,,2025-07-10 16:10:29.366,4ff81e95-f938-4101-9c3f-a2aaf874cb17,,
162e0f4b-4e6d-4178-bf73-63cc8636ce21.live_data_internal.json,,0,,,,42.03,,,,,162e0f4b-4e6d-4178-bf73-63cc8636ce21.sensing_status.json,4,,,,,,,,,,,,,,,245220,,63020310,,,2025-07-12 05:32:59.816,11007,,,,125.0,,,,63020310,131.0,2025-07-12 05:38:29.768,2025-07-12 05:38:29.768,,,,,113.0,,,,,42.03,,,,UTC+0530,KDw1iKzeM0,,,162e0f4b-4e6d-4178-bf73-63cc8636ce21.com.samsung.health.exercise.live_data.json,,,com.sec.android.app.shealth,,,,,2025-07-12 05:37:05.036,162e0f4b-4e6d-4178-bf73-63cc8636ce21,,
506f8305-b94e-42c9-9b55-072a4c0a78ac.live_data_internal.json,,0,,,,102.35,,,,,506f8305-b94e-42c9-9b55-072a4c0a78ac.sensing_status.json,4,,,,,,,,,,,,,,,933743,,63020310,,,2025-07-12 05:38:29.657,0,,,,136.0,,,,63020310,152.0,2025-07-12 05:54:02.583,2025-07-12 05:54:02.583,,,,,115.0,,,,,102.35,,,,UTC+0530,KDw1iKzeM0,,,506f8305-b94e-42c9-9b55-072a4c0a78ac.com.samsung.health.exercise.live_data.json,,,com.sec.android.app.shealth,,,,,2025-07-12 05:54:02.734,506f8305-b94e-42c9-9b55-072a4c0a78ac,,
3fde9115-4180-4eb0-a3f3-90b966778c90.live_data_internal.json,,0,,,,180.71274,,,,,3fde9115-4180-4eb0-a3f3-90b966778c90.sensing_status.json,4,,,,,,,,,,,,,,,1640458,,63020310,,,2025-07-13 05:37:18.676,1001,,,,103.0,30001,,,63020310,116.0,2025-07-13 06:11:59.087,2025-07-13 06:11:59.087,,,1.3404926,77.39302,80.0,,2116,1773.62,,174.0,99.0,,,UTC+0530,KDw1iKzeM0,,,3fde9115-4180-4eb0-a3f3-90b966778c90.com.samsung.health.exercise.live_data.json,,1.0811737,com.sec.android.app.shealth,,,,,2025-07-13 06:10:22.287,3fde9115-4180-4eb0-a3f3-90b966778c90,,
3d7f0784-53ac-42a6-a005-c5f38159f488.live_data_internal.json,,0,,,,45.7,,,,,3d7f0784-53ac-42a6-a005-c5f38159f488.sensing_status.json,4,,,,,,,,,,,,,,,358840,,63020310,,,2025-07-13 16:10:38.098,11007,,,,95.0,,,,63020310,106.0,2025-07-13 16:17:57.602,2025-07-13 16:17:57.602,,,,,89.0,,,,,45.7,,,,UTC+0530,KDw1iKzeM0,,,3d7f0784-53ac-42a6-a005-c5f38159f488.com.samsung.health.exercise.live_data.json,,,com.sec.android.app.shealth,,,,,2025-07-13 16:16:36.938,3d7f0784-53ac-42a6-a005-c5f38159f488,,
0eaa22f4-8cd6-41ab-9878-b3c2527b0c72.live_data_internal.json,,0,,,,525.08765,,,,,0eaa22f4-8cd6-41ab-9878-b3c2527b0c72.sensing_status.json,1,,,,,,,,,,,,,,,3490323,,63020310,,,2025-07-14 04:15:53.188,15002,,,,130.0,,,,63020310,159.0,2025-07-14 05:18:08.663,2025-07-14 05:18:08.663,,,,,108.0,,,,,520.3,,,,UTC+0530,KDw1iKzeM0,,,0eaa22f4-8cd6-41ab-9878-b3c2527b0c72.com.samsung.health.exercise.live_data.json,,,com.sec.android.app.shealth,,,,,2025-07-14 05:18:08.254,0eaa22f4-8cd6-41ab-9878-b3c2527b0c72,,
64cf652d-21d1-4859-b0a5-c01db538e131.live_data_internal.json,,0,,,,606.78,,,,,64cf652d-21d1-4859-b0a5-c01db538e131.sensing_status.json,1,,,,,,,,,,,,,,,4255929,,63020310,,,2025-07-15 04:15:22.684,15002,,,,125.0,,,,63020310,160.0,2025-07-15 05:26:19.571,2025-07-15 05:26:19.571,,,,,103.0,,,,,606.78,,,,UTC+0530,KDw1iKzeM0,,,64cf652d-21d1-4859-b0a5-c01db538e131.com.samsung.health.exercise.live_data.json,,,com.sec.android.app.shealth,,,,,2025-07-15 05:26:18.613,64cf652d-21d1-4859-b0a5-c01db538e131,,
11282e79-548e-4abf-ac3f-41f46f7971d0.live_data_internal.json,,0,,,,482.0599,,,,,11282e79-548e-4abf-ac3f-41f46f7971d0.sensing_status.json,1,,,,,,,,,,,,,,,3343937,,63020310,,,2025-07-17 04:00:35.351,15002,,,,127.0,,,,63020310,153.0,2025-07-17 04:56:25.362,2025-07-17 04:56:25.362,,,,,83.0,,,,,481.95,,,,UTC+0530,KDw1iKzeM0,,,11282e79-548e-4abf-ac3f-41f46f7971d0.com.samsung.health.exercise.live_data.json,,,com.sec.android.app.shealth,,,,,2025-07-17 04:56:24.906,11282e79-548e-4abf-ac3f-41f46f7971d0,,
346a1120-bad3-4dd4-80f0-bcd20e13e866.live_data_internal.json,,0,,,,132.63,,,,,346a1120-bad3-4dd4-80f0-bcd20e13e866.sensing_status.json,4,,,,,,,,,,,,,,,1181931,,63020310,,,2025-07-17 11:30:12.852,0,,,,124.0,,,,63020310,139.0,2025-07-17 11:49:54.114,2025-07-17 11:49:54.114,,,,,112.0,,,,,132.63,,,,UTC+0530,KDw1iKzeM0,,,346a1120-bad3-4dd4-80f0-bcd20e13e866.com.samsung.health.exercise.live_data.json,,,com.sec.android.app.shealth,,,,,2025-07-17 11:49:54.379,346a1120-bad3-4dd4-80f0-bcd20e13e866,,
ba24e7cd-c6ad-4d73-b4de-e07aafd5bf98.live_data_internal.json,,0,,,,525.79,,,,,ba24e7cd-c6ad-4d73-b4de-e07aafd5bf98.sensing_status.json,1,,,,,,,,,,,,,,,3690759,,63020310,,,2025-07-18 04:01:17.689,15002,,,,125.0,,,,63020310,154.0,2025-07-18 05:02:49.444,2025-07-18 05:02:49.444,,,,,85.0,,,,,525.79,,,,UTC+0530,KDw1iKzeM0,,,ba24e7cd-c6ad-4d73-b4de-e07aafd5bf98.com.samsung.health.exercise.live_data.json,,,com.sec.android.app.shealth,,,,,2025-07-18 05:02:48.448,ba24e7cd-c6ad-4d73-b4de-e07aafd5bf98,,
e4086e48-4ac3-42c9-bbaf-b12b629bcf49.live_data_internal.json,,0,,,,121.15974,,,,,e4086e48-4ac3-42c9-bbaf-b12b629bcf49.sensing_status.json,4,,,,,,,,,,,,,,,1362303,,63020310,,,2025-07-20 14:03:16.519,1001,,,,99.0,30001,,,63020310,113.0,2025-07-20 14:27:50.304,2025-07-20 14:27:50.304,,,1.5277778,64.39096,74.0,,1462,1137.56,,119.0,92.0,,,UTC+0530,Q+CzYexHJ2,,,e4086e48-4ac3-42c9-bbaf-b12b629bcf49.com.samsung.health.exercise.live_data.json,,0.8350272,com.sec.android.app.shealth,,,,,2025-07-20 14:27:49.227,e4086e48-4ac3-42c9-bbaf-b12b629bcf49,,
3b5521eb-7c6d-48f8-9a0f-7ee912eeb56f.live_data_internal.json,,0,,,,503.31653,,,,,3b5521eb-7c6d-48f8-9a0f-7ee912eeb56f.sensing_status.json,1,,,,,,,,,,,,,,,3427559,,63020310,,,2025-07-21 04:29:49.078,15002,,,,127.0,,,,63020310,162.0,2025-07-21 05:27:00.884,2025-07-21 05:27:00.884,,,,,100.0,,,,,503.24,,,,UTC+0530,Q+CzYexHJ2,,,3b5521eb-7c6d-48f8-9a0f-7ee912eeb56f.com.samsung.health.exercise.live_data.json,,,com.sec.android.app.shealth,,,,,2025-07-21 05:27:00.549,3b5521eb-7c6d-48f8-9a0f-7ee912eeb56f,,
cb684f1c-2b95-412a-bab0-02f7b08ccd83.live_data_internal.json,,0,,,,710.2543,,,,,cb684f1c-2b95-412a-bab0-02f7b08ccd83.sensing_status.json,1,,,,,,,,,,,,,,,4891947,,63020310,,,2025-07-22 03:49:07.552,15002,,,,128.0,,,,63020310,152.0,2025-07-22 05:10:49.082,2025-07-22 05:10:49.082,,,,,110.0,,,,,710.08,,,,UTC+0530,Q+CzYexHJ2,,,cb684f1c-2b95-412a-bab0-02f7b08ccd83.com.samsung.health.exercise.live_data.json,,,com.sec.android.app.shealth,,,,,2025-07-22 05:10:48.406,cb684f1c-2b95-412a-bab0-02f7b08ccd83,,
b5ff7f12-053d-43a5-853c-52693212b1d0.live_data_internal.json,,0,,,,578.78,,,,,b5ff7f12-053d-43a5-853c-52693212b1d0.sensing_status.json,1,,,,,,,,,,,,,,,4088597,,63020310,,,2025-07-23 03:57:52.733,15002,,,,125.0,,,,63020310,147.0,2025-07-23 05:06:01.733,2025-07-23 05:06:01.733,,,,,109.0,,,,,578.78,,,,UTC+0530,Q+CzYexHJ2,,,b5ff7f12-053d-43a5-853c-52693212b1d0.com.samsung.health.exercise.live_data.json,,,com.sec.android.app.shealth,,,,,2025-07-23 05:06:01.330,b5ff7f12-053d-43a5-853c-52693212b1d0,,
c3465f6e-8fa6-48c7-b4d8-61876967ee99.live_data_internal.json,,0,,,,27.66,,,,,c3465f6e-8fa6-48c7-b4d8-61876967ee99.sensing_status.json,4,,,,,,,,,,,,,,,242960,,63020310,,,2025-07-23 14:40:41.960,11007,,,,84.0,,,,63020310,92.0,2025-07-23 14:46:02.332,2025-07-23 14:46:02.332,,,,,68.0,,,,,27.66,,,,UTC+0530,Q+CzYexHJ2,,,c3465f6e-8fa6-48c7-b4d8-61876967ee99.com.samsung.health.exercise.live_data.json,,,com.sec.android.app.shealth,,,,,2025-07-23 14:44:44.920,c3465f6e-8fa6-48c7-b4d8-61876967ee99,,
bcff7a4b-52ff-4eec-b587-33016cdc4b50.live_data_internal.json,,0,,,,97.701416,,,,,bcff7a4b-52ff-4eec-b587-33016cdc4b50.sensing_status.json,4,,,,,,,,,,,,,,,1160673,,63020310,,,2025-07-23 14:47:14.624,1001,,,,118.0,30001,,,63020310,125.0,2025-07-23 15:08:26.302,2025-07-23 15:08:26.302,,,1.4722222,63.221943,101.0,,1223,880.79,,97.0,81.0,,,UTC+0530,Q+CzYexHJ2,,,bcff7a4b-52ff-4eec-b587-33016cdc4b50.com.samsung.health.exercise.live_data.json,,0.7588614,com.sec.android.app.shealth,,,,,2025-07-23 15:07:11.153,bcff7a4b-52ff-4eec-b587-33016cdc4b50,,
70c13eb3-4b23-465e-b817-6c131dc09712.live_data_internal.json,,0,,,,540.72,,,,,70c13eb3-4b23-465e-b817-6c131dc09712.sensing_status.json,1,,,,,,,,,,,,,,,4265385,,63020310,,,2025-07-24 04:07:10.369,15002,,,,116.0,,,,63020310,154.0,2025-07-24 05:18:16.098,2025-07-24 05:18:16.098,,,,,54.0,,,,,540.72,,,,UTC+0530,Q+CzYexHJ2,,,70c13eb3-4b23-465e-b817-6c131dc09712.com.samsung.health.exercise.live_data.json,,,com.sec.android.app.shealth,,,,,2025-07-24 05:18:15.754,70c13eb3-4b23-465e-b817-6c131dc09712,,
b14ea258-36e4-4046-aa3d-ffa952e9059d.live_data_internal.json,,0,,,,550.5887,,,,,b14ea258-36e4-4046-aa3d-ffa952e9059d.sensing_status.json,1,,,,,,,,,,,,,,,4063214,,63030110,,,2025-07-26 04:15:47.858,15002,,,,122.0,,,,63030110,155.0,2025-07-26 05:24:13.139,2025-07-26 05:24:13.139,,,,,98.0,,,,,549.78,,,,UTC+0530,Q+CzYexHJ2,,,b14ea258-36e4-4046-aa3d-ffa952e9059d.com.samsung.health.exercise.live_data.json,,,com.sec.android.app.shealth,,,,,2025-07-26 05:24:12.411,b14ea258-36e4-4046-aa3d-ffa952e9059d,,
40bd1f4c-34e0-4c80-8ef9-803df8157333.live_data_internal.json,,0,,,,780.1233,,,,,40bd1f4c-34e0-4c80-8ef9-803df8157333.sensing_status.json,1,,,,,,,,,,,,,,,4965718,,63030110,,,2025-07-28 03:56:41.443,15002,,,,134.0,,,,63030110,163.0,2025-07-28 05:19:29.177,2025-07-28 05:19:29.177,,,,,113.0,,,,,780.09,,,,UTC+0530,Q+CzYexHJ2,,,40bd1f4c-34e0-4c80-8ef9-803df8157333.com.samsung.health.exercise.live_data.json,,,com.sec.android.app.shealth,,,,,2025-07-28 05:19:28.862,40bd1f4c-34e0-4c80-8ef9-803df8157333,,
fea109b4-d8b0-405e-8b69-ee03646d1285.live_data_internal.json,,0,,,,55.90049,,,,,fea109b4-d8b0-405e-8b69-ee03646d1285.sensing_status.json,4,,,,,,,,,,,,,,,802960,,63030110,,,2025-07-28 06:03:27.418,0,,,,120.0,,,,63030110,132.0,2025-07-28 06:16:50.337,2025-07-28 06:16:50.337,,,,,114.0,,,,,55.9,,,,UTC+0530,Q+CzYexHJ2,,,fea109b4-d8b0-405e-8b69-ee03646d1285.com.samsung.health.exercise.live_data.json,,,com.sec.android.app.shealth,,,,,2025-07-28 06:16:50.403,fea109b4-d8b0-405e-8b69-ee03646d1285,,
05f0f7b0-6770-4f69-adf9-e34c42a2d7d2.live_data_internal.json,,0,,,,648.45,,,,,05f0f7b0-6770-4f69-adf9-e34c42a2d7d2.sensing_status.json,1,,,,,,,,,,,,,,,4521393,,63030110,,,2025-07-29 04:01:05.782,15002,,,,127.0,,,,63030110,152.0,2025-07-29 05:16:27.519,2025-07-29 05:16:27.519,,,,,85.0,,,,,648.45,,,,UTC+0530,Q+CzYexHJ2,,,05f0f7b0-6770-4f69-adf9-e34c42a2d7d2.com.samsung.health.exercise.live_data.json,,,com.sec.android.app.shealth,,,,,2025-07-29 05:16:27.175,05f0f7b0-6770-4f69-adf9-e34c42a2d7d2,,
399bf4b4-694b-465a-9b26-863f827dbf78.live_data_internal.json,,0,,,,457.58887,,,,,399bf4b4-694b-465a-9b26-863f827dbf78.sensing_status.json,1,,,,,,,,,,,,,,,3379859,,63030110,,,2025-07-30 04:24:21.687,15002,,,,123.0,,,,63030110,151.0,2025-07-30 05:20:47.911,2025-07-30 05:20:47.911,,,,,103.0,,,,,457.47,,,,UTC+0530,Q+CzYexHJ2,,,399bf4b4-694b-465a-9b26-863f827dbf78.com.samsung.health.exercise.live_data.json,,,com.sec.android.app.shealth,,,,,2025-07-30 05:20:47.623,399bf4b4-694b-465a-9b26-863f827dbf78,,
1d2f7d19-bfaa-41c8-a89e-e8c5b31f1f3a.live_data_internal.json,,0,,,,519.12,,,,,1d2f7d19-bfaa-41c8-a89e-e8c5b31f1f3a.sensing_status.json,1,,,,,,,,,,,,,,,3758484,,63030110,,,2025-07-31 03:59:26.065,15002,,,,124.0,,,,63030110,151.0,2025-07-31 05:02:04.926,2025-07-31 05:02:04.926,,,,,104.0,,,,,519.12,,,,UTC+0530,Q+CzYexHJ2,,,1d2f7d19-bfaa-41c8-a89e-e8c5b31f1f3a.com.samsung.health.exercise.live_data.json,,,com.sec.android.app.shealth,,,,,2025-07-31 05:02:04.549,1d2f7d19-bfaa-41c8-a89e-e8c5b31f1f3a,,
70fdd589-e8e6-4072-a2a8-689a189a3c40.live_data_internal.json,,0,,,,84.91293,,,,,70fdd589-e8e6-4072-a2a8-689a189a3c40.sensing_status.json,4,,,,,,,,,,,,,,,962873,,63030110,,,2025-07-31 14:51:50.346,1001,,,,102.0,30001,,,63030110,111.0,2025-07-31 15:08:41.417,2025-07-31 15:08:41.417,,,1.523267,60.00791,73.0,,963,718.29,,84.0,93.0,,,UTC+0530,Q+CzYexHJ2,,,70fdd589-e8e6-4072-a2a8-689a189a3c40.com.samsung.health.exercise.live_data.json,,0.7459862,com.sec.android.app.shealth,,,,,2025-07-31 15:08:39.888,70fdd589-e8e6-4072-a2a8-689a189a3c40,,
2179394c-464b-4900-96f7-793727da4278.live_data_internal.json,,0,,,,720.8325,,,,,2179394c-464b-4900-96f7-793727da4278.sensing_status.json,1,,,,,,,,,,,,,,,4900352,,63030110,,,2025-08-01 03:50:43.621,15002,,,,127.0,,,,63030110,161.0,2025-08-01 05:18:32.524,2025-08-01 05:18:32.524,,,,,106.0,,,,,713.63,,,,UTC+0530,Q+CzYexHJ2,,,2179394c-464b-4900-96f7-793727da4278.com.samsung.health.exercise.live_data.json,,,com.sec.android.app.shealth,,,,,2025-08-01 05:18:32.163,2179394c-464b-4900-96f7-793727da4278,,
189ff00c-e671-4a02-9400-17addba264a1.live_data_internal.json,,0,,,,68.57,,,,,189ff00c-e671-4a02-9400-17addba264a1.sensing_status.json,4,,,,,,,,,,,,,,,484840,,63030110,,,2025-08-01 14:49:02.474,11007,,,,115.0,,,,63030110,134.0,2025-08-01 14:58:18.772,2025-08-01 14:58:18.772,,,,,99.0,,,,,68.57,,,,UTC+0530,Q+CzYexHJ2,,,189ff00c-e671-4a02-9400-17addba264a1.com.samsung.health.exercise.live_data.json,,,com.sec.android.app.shealth,,,,,2025-08-01 14:57:07.314,189ff00c-e671-4a02-9400-17addba264a1,,
2f37eadc-4847-48ef-9a8e-a2a41074ecdb.live_data_internal.json,,0,,,,327.773,,,,,2f37eadc-4847-48ef-9a8e-a2a41074ecdb.sensing_status.json,1,,,,,,,,,,,,,,,3499465,,63030110,,,2025-08-02 04:34:31.193,15005,,,,123.0,30001,,,63030110,139.0,2025-08-02 05:32:49.377,2025-08-02 05:32:49.377,,,2.051,95.99753,104.0,,5599,4156.406,,327.773,134.498,,,UTC+0530,Q+CzYexHJ2,,,2f37eadc-4847-48ef-9a8e-a2a41074ecdb.com.samsung.health.exercise.live_data.json,,1.187726,com.sec.android.app.shealth,,,,,2025-08-02 05:32:50.658,2f37eadc-4847-48ef-9a8e-a2a41074ecdb,,
f186f567-249a-425b-a8cf-d0cce55cf309.live_data_internal.json,,0,,,,501.99072,,,,,f186f567-249a-425b-a8cf-d0cce55cf309.sensing_status.json,1,,,,,,,,,,,,,,,3636511,,63030110,,,2025-08-05 04:17:16.853,15002,,,,123.0,,,,63030110,147.0,2025-08-05 05:18:04.559,2025-08-05 05:18:04.559,,,,,90.0,,,,,501.78,,,,UTC+0530,Q+CzYexHJ2,,,f186f567-249a-425b-a8cf-d0cce55cf309.com.samsung.health.exercise.live_data.json,,,com.sec.android.app.shealth,,,,,2025-08-05 05:18:04.136,f186f567-249a-425b-a8cf-d0cce55cf309,,
7f579471-0cdf-4ce3-81e5-b68a6852d821.live_data_internal.json,,0,,,,498.55,,,,,7f579471-0cdf-4ce3-81e5-b68a6852d821.sensing_status.json,1,,,,,,,,,,,,,,,3942838,,63030110,,,2025-08-06 03:59:30.807,15002,,,,116.0,,,,63030110,159.0,2025-08-06 05:05:14.060,2025-08-06 05:05:14.060,,,,,94.0,,,,,498.55,,,,UTC+0530,Q+CzYexHJ2,,,7f579471-0cdf-4ce3-81e5-b68a6852d821.com.samsung.health.exercise.live_data.json,,,com.sec.android.app.shealth,,,,,2025-08-06 05:05:13.645,7f579471-0cdf-4ce3-81e5-b68a6852d821,,
982538f7-b2a2-4bfe-92de-c541e89a326b.live_data_internal.json,,0,,,,39.53,,,,,982538f7-b2a2-4bfe-92de-c541e89a326b.sensing_status.json,4,,,,,,,,,,,,,,,278360,,63030110,,,2025-08-08 06:58:48.600,11007,,,,101.0,,,,63030110,113.0,2025-08-08 07:04:54.760,2025-08-08 07:04:54.760,,,,,86.0,,,,,39.53,,,,UTC+0530,Q+CzYexHJ2,,,982538f7-b2a2-4bfe-92de-c541e89a326b.com.samsung.health.exercise.live_data.json,,,com.sec.android.app.shealth,,,,,2025-08-08 07:03:26.960,982538f7-b2a2-4bfe-92de-c541e89a326b,,
7c7ba414-7a91-4314-b414-54cbd1fbeed7.live_data_internal.json,,0,,,,34.56,,,,,7c7ba414-7a91-4314-b414-54cbd1fbeed7.sensing_status.json,4,,,,,,,,,,,,,,,212820,,63030110,,,2025-08-09 16:16:20.245,11007,,,,108.0,,,,63030110,114.0,2025-08-09 16:21:20.443,2025-08-09 16:21:20.443,,,,,100.0,,,,,34.56,,,,UTC+0530,Q+CzYexHJ2,,,7c7ba414-7a91-4314-b414-54cbd1fbeed7.com.samsung.health.exercise.live_data.json,,,com.sec.android.app.shealth,,,,,2025-08-09 16:19:53.065,7c7ba414-7a91-4314-b414-54cbd1fbeed7,,
1e13578c-55f1-4549-9331-39aabe653262.live_data_internal.json,,0,,,,57.0,,,,,1e13578c-55f1-4549-9331-39aabe653262.sensing_status.json,4,,,,,,,,,,,,,,,658610,,63030110,,,2025-08-10 12:42:39.877,1001,,,,97.0,30001,,,63030110,108.0,2025-08-10 12:54:53.710,2025-08-10 12:54:53.710,,,1.8055556,59.215622,49.0,,650,486.91,,57.0,94.0,,,UTC+0530,Q+CzYexHJ2,,,1e13578c-55f1-4549-9331-39aabe653262.com.samsung.health.exercise.live_data.json,,0.7392995,com.sec.android.app.shealth,,,,,2025-08-10 12:53:38.487,1e13578c-55f1-4549-9331-39aabe653262,,
c5b51a8d-2bf0-457d-a968-eaddc45c2f9d.live_data_internal.json,,0,,,,75.0,,,,,c5b51a8d-2bf0-457d-a968-eaddc45c2f9d.sensing_status.json,4,,,,,,,,,,,,,,,790213,,63030110,,,2025-08-10 15:05:07.933,1001,,,,101.0,30001,,,63030110,113.0,2025-08-10 15:19:33.347,2025-08-10 15:19:33.347,,,1.6944444,80.10499,89.0,,1055,792.95,,75.0,105.0,,,UTC+0530,Q+CzYexHJ2,,,c5b51a8d-2bf0-457d-a968-eaddc45c2f9d.com.samsung.health.exercise.live_data.json,,1.0034636,com.sec.android.app.shealth,,,,,2025-08-10 15:18:18.146,c5b51a8d-2bf0-457d-a968-eaddc45c2f9d,,
48c31f2f-dfe0-4f8f-968d-b3210f1ee355.live_data_internal.json,,0,,,,64.00002,,,,,48c31f2f-dfe0-4f8f-968d-b3210f1ee355.sensing_status.json,4,,,,,,,,,,,,,,,652677,,63030110,,,2025-08-10 16:04:22.033,1001,,,,110.0,30001,,,63030110,126.0,2025-08-10 16:16:53.184,2025-08-10 16:16:53.184,,,1.6804348,85.126335,83.0,,926,710.36,,64.0,117.0,,,UTC+0530,Q+CzYexHJ2,,,48c31f2f-dfe0-4f8f-968d-b3210f1ee355.com.samsung.health.exercise.live_data.json,,1.088379,com.sec.android.app.shealth,,,,,2025-08-10 16:15:14.711,48c31f2f-dfe0-4f8f-968d-b3210f1ee355,,
f8be1a7d-833d-4f07-8a97-ffd5c817ddc0.live_data_internal.json,,0,,,,66.95484,,,,,f8be1a7d-833d-4f07-8a97-ffd5c817ddc0.sensing_status.json,4,,,,,,,,,,,,,,,665603,,63030110,,,2025-08-12 10:13:13.859,1001,,,,108.0,30001,,,63030110,122.0,2025-08-12 10:27:02.901,2025-08-12 10:27:02.901,,,1.6666666,68.86988,81.0,,764,579.65,,66.0,105.0,,,UTC+0530,Q+CzYexHJ2,,,f8be1a7d-833d-4f07-8a97-ffd5c817ddc0.com.samsung.health.exercise.live_data.json,,0.87086445,com.sec.android.app.shealth,,,,,2025-08-12 10:25:08.273,f8be1a7d-833d-4f07-8a97-ffd5c817ddc0,,
5aae1941-bd27-41de-b616-ca59a507e5b0.live_data_internal.json,,0,,,,48.78,,,,,5aae1941-bd27-41de-b616-ca59a507e5b0.sensing_status.json,4,,,,,,,,,,,,,,,394220,,63030110,,,2025-08-13 14:39:44.439,11007,,,,100.0,,,,63030110,111.0,2025-08-13 14:47:43.071,2025-08-13 14:47:43.071,,,,,81.0,,,,,48.78,,,,UTC+0530,Q+CzYexHJ2,,,5aae1941-bd27-41de-b616-ca59a507e5b0.com.samsung.health.exercise.live_data.json,,,com.sec.android.app.shealth,,,,,2025-08-13 14:46:18.659,5aae1941-bd27-41de-b616-ca59a507e5b0,,
59f6a3f9-5802-4c71-9df7-235db35d9279.live_data_internal.json,,0,,,,46.9,,,,,59f6a3f9-5802-4c71-9df7-235db35d9279.sensing_status.json,4,,,,,,,,,,,,,,,319420,,63030110,,,2025-08-13 14:55:46.773,11007,,,,106.0,,,,63030110,126.0,2025-08-13 15:02:23.715,2025-08-13 15:02:23.715,,,,,97.0,,,,,46.9,,,,UTC+0530,Q+CzYexHJ2,,,59f6a3f9-5802-4c71-9df7-235db35d9279.com.samsung.health.exercise.live_data.json,,,com.sec.android.app.shealth,,,,,2025-08-13 15:01:06.193,59f6a3f9-5802-4c71-9df7-235db35d9279,,
7b107ee1-1854-4021-bc47-e498e845c7bc.live_data_internal.json,,0,,,,124.3,,,,,7b107ee1-1854-4021-bc47-e498e845c7bc.sensing_status.json,4,,,,,,,,,,,,,,,1144404,,63030110,,,2025-08-15 04:35:03.171,0,,,,126.0,,,,63030110,145.0,2025-08-15 04:54:06.602,2025-08-15 04:54:06.602,,,,,107.0,,,,,124.3,,,,UTC+0530,Q+CzYexHJ2,,,7b107ee1-1854-4021-bc47-e498e845c7bc.com.samsung.health.exercise.live_data.json,,,com.sec.android.app.shealth,,,,,2025-08-15 04:54:07.047,7b107ee1-1854-4021-bc47-e498e845c7bc,,
4a91c214-19a6-433f-9d0e-60b53115b107.live_data_internal.json,,0,,,,65.94,,,,,4a91c214-19a6-433f-9d0e-60b53115b107.sensing_status.json,4,,,,,,,,,,,,,,,443420,,63030110,,,2025-08-15 14:47:39.146,11007,,,,117.0,,,,63030110,139.0,2025-08-15 14:56:19.733,2025-08-15 14:56:19.733,,,,,104.0,,,,,65.94,,,,UTC+0530,Q+CzYexHJ2,,,4a91c214-19a6-433f-9d0e-60b53115b107.com.samsung.health.exercise.live_data.json,,,com.sec.android.app.shealth,,,,,2025-08-15 14:55:02.566,4a91c214-19a6-433f-9d0e-60b53115b107,,
8dd74797-0a90-4dd1-abdf-b6e5f8994e07.live_data_internal.json,,0,,,,34.8,,,,,8dd74797-0a90-4dd1-abdf-b6e5f8994e07.sensing_status.json,4,,,,,,,,,,,,,,,269920,,63030110,,,2025-08-15 16:05:36.739,11007,,,,105.0,,,,63030110,114.0,2025-08-15 16:11:22.622,2025-08-15 16:11:22.622,,,,,94.0,,,,,34.8,,,,UTC+0530,Q+CzYexHJ2,,,8dd74797-0a90-4dd1-abdf-b6e5f8994e07.com.samsung.health.exercise.live_data.json,,,com.sec.android.app.shealth,,,,,2025-08-15 16:10:06.659,8dd74797-0a90-4dd1-abdf-b6e5f8994e07,,
7cbe3583-15ee-400d-883d-30e548827a07.live_data_internal.json,,0,,,,459.53,,,,,7cbe3583-15ee-400d-883d-30e548827a07.sensing_status.json,1,,,,,,,,,,,,,,,3295072,,63030110,,,2025-08-18 04:16:40.618,15002,,,,124.0,,,,63030110,150.0,2025-08-18 05:11:36.080,2025-08-18 05:11:36.080,,,,,96.0,,,,,459.53,,,,UTC+0530,Q+CzYexHJ2,,,7cbe3583-15ee-400d-883d-30e548827a07.com.samsung.health.exercise.live_data.json,,,com.sec.android.app.shealth,,,,,2025-08-18 05:11:35.690,7cbe3583-15ee-400d-883d-30e548827a07,,
a3fe7f39-ae77-4cbf-929e-ca715e9350fa.live_data_internal.json,,0,,,,20.93,,,,,a3fe7f39-ae77-4cbf-929e-ca715e9350fa.sensing_status.json,4,,,,,,,,,,,,,,,190600,,63030110,,,2025-08-19 14:47:38.635,11007,,,,76.0,,,,63030110,76.0,2025-08-19 14:52:16.371,2025-08-19 14:52:16.371,,,,,76.0,,,,,20.93,,,,UTC+0530,Q+CzYexHJ2,,,a3fe7f39-ae77-4cbf-929e-ca715e9350fa.com.samsung.health.exercise.live_data.json,,,com.sec.android.app.shealth,,,,,2025-08-19 14:50:49.235,a3fe7f39-ae77-4cbf-929e-ca715e9350fa,,
81a36ad4-aaab-4482-8f06-41a8901b3b06.live_data_internal.json,,0,,,,594.33,,,,,81a36ad4-aaab-4482-8f06-41a8901b3b06.sensing_status.json,1,,,,,,,,,,,,,,,4199198,,63030110,,,2025-08-20 04:04:45.069,15002,,,,125.0,,,,63030110,160.0,2025-08-20 05:14:44.653,2025-08-20 05:14:44.653,,,,,105.0,,,,,594.33,,,,UTC+0530,Q+CzYexHJ2,,,81a36ad4-aaab-4482-8f06-41a8901b3b06.com.samsung.health.exercise.live_data.json,,,com.sec.android.app.shealth,,,,,2025-08-20 05:14:44.267,81a36ad4-aaab-4482-8f06-41a8901b3b06,,
86721a34-06ca-4c5c-8cc6-92d5ca78e239.live_data_internal.json,,0,,,,539.01,,,,,86721a34-06ca-4c5c-8cc6-92d5ca78e239.sensing_status.json,1,,,,,,,,,,,,,,,4012112,,63030110,,,2025-08-22 04:03:09.820,15002,,,,121.0,,,,63030110,145.0,2025-08-22 05:10:02.410,2025-08-22 05:10:02.410,,,,,85.0,,,,,539.01,,,,UTC+0530,Q+CzYexHJ2,,,86721a34-06ca-4c5c-8cc6-92d5ca78e239.com.samsung.health.exercise.live_data.json,,,com.sec.android.app.shealth,,,,,2025-08-22 05:10:01.932,86721a34-06ca-4c5c-8cc6-92d5ca78e239,,
eca859bf-c21e-43bb-9bcd-61ea257fb9db.live_data_internal.json,,0,,,,57.7,,,,,eca859bf-c21e-43bb-9bcd-61ea257fb9db.sensing_status.json,4,,,,,,,,,,,,,,,441200,,63030110,,,2025-08-22 14:42:47.932,11007,,,,104.0,,,,63030110,117.0,2025-08-22 14:51:24.545,2025-08-22 14:51:24.545,,,,,88.0,,,,,57.7,,,,UTC+0530,Q+CzYexHJ2,,,eca859bf-c21e-43bb-9bcd-61ea257fb9db.com.samsung.health.exercise.live_data.json,,,com.sec.android.app.shealth,,,,,2025-08-22 14:50:09.132,eca859bf-c21e-43bb-9bcd-61ea257fb9db,,
59649ac7-2ea2-468f-8a87-ce685dad0c73.live_data_internal.json,,0,,,,49.13,,,,,59649ac7-2ea2-468f-8a87-ce685dad0c73.sensing_status.json,4,,,,,,,,,,,,,,,344060,,63030110,,,2025-08-22 15:50:01.136,11007,,,,103.0,,,,63030110,117.0,2025-08-22 15:56:56.897,2025-08-22 15:56:56.897,,,,,94.0,,,,,49.13,,,,UTC+0530,Q+CzYexHJ2,,,59649ac7-2ea2-468f-8a87-ce685dad0c73.com.samsung.health.exercise.live_data.json,,,com.sec.android.app.shealth,,,,,2025-08-22 15:55:45.196,59649ac7-2ea2-468f-8a87-ce685dad0c73,,
fba85704-967c-4c0d-a015-fbf0f05f6a43.live_data_internal.json,,0,,,,508.4857,,,,,fba85704-967c-4c0d-a015-fbf0f05f6a43.sensing_status.json,1,,,,,,,,,,,,,,,3413122,,63030110,,,2025-08-23 04:10:24.789,15002,,,,129.0,,,,63030110,157.0,2025-08-23 05:07:22.727,2025-08-23 05:07:22.727,,,,,107.0,,,,,508.4,,,,UTC+0530,Q+CzYexHJ2,,,fba85704-967c-4c0d-a015-fbf0f05f6a43.com.samsung.health.exercise.live_data.json,,,com.sec.android.app.shealth,,,,,2025-08-23 05:07:22.291,fba85704-967c-4c0d-a015-fbf0f05f6a43,,
4e17e7e0-d09d-4cc1-80c2-0009d335a7ad.live_data_internal.json,,0,,,,50.25,,,,,4e17e7e0-d09d-4cc1-80c2-0009d335a7ad.sensing_status.json,4,,,,,,,,,,,,,,,297080,,63030110,,,2025-08-24 15:50:28.673,11007,,,,125.0,,,,63030110,142.0,2025-08-24 15:56:48.663,2025-08-24 15:56:48.663,,,,,106.0,,,,,50.25,,,,UTC+0530,Q+CzYexHJ2,,,4e17e7e0-d09d-4cc1-80c2-0009d335a7ad.com.samsung.health.exercise.live_data.json,,,com.sec.android.app.shealth,,,,,2025-08-24 15:55:25.753,4e17e7e0-d09d-4cc1-80c2-0009d335a7ad,,
aa1781ff-9eb7-4235-bb95-8f17fe7853ee.live_data_internal.json,,0,,,,596.62,,,,,aa1781ff-9eb7-4235-bb95-8f17fe7853ee.sensing_status.json,1,,,,,,,,,,,,,,,3989326,,63030110,,,2025-08-25 04:12:52.110,15002,,,,129.0,,,,63030110,156.0,2025-08-25 05:19:21.968,2025-08-25 05:19:21.968,,,,,111.0,,,,,596.62,,,,UTC+0530,Q+CzYexHJ2,,,aa1781ff-9eb7-4235-bb95-8f17fe7853ee.com.samsung.health.exercise.live_data.json,,,com.sec.android.app.shealth,,,,,2025-08-25 05:19:21.436,aa1781ff-9eb7-4235-bb95-8f17fe7853ee,,
5dfa108c-63f0-4050-921e-4fe00cc8e4fb.live_data_internal.json,,0,,,,558.5,,,,,5dfa108c-63f0-4050-921e-4fe00cc8e4fb.sensing_status.json,1,,,,,,,,,,,,,,,3605721,,63030110,,,2025-08-26 04:04:35.555,15002,,,,132.0,,,,63030110,158.0,2025-08-26 05:04:41.717,2025-08-26 05:04:41.717,,,,,103.0,,,,,558.5,,,,UTC+0530,Q+CzYexHJ2,,,5dfa108c-63f0-4050-921e-4fe00cc8e4fb.com.samsung.health.exercise.live_data.json,,,com.sec.android.app.shealth,,,,,2025-08-26 05:04:41.276,5dfa108c-63f0-4050-921e-4fe00cc8e4fb,,
b1e72ff5-12dd-4ee6-904c-adfb8a735302.live_data_internal.json,,0,,,,29.79,,,,,b1e72ff5-12dd-4ee6-904c-adfb8a735302.sensing_status.json,4,,,,,,,,,,,,,,,191720,,63030110,,,2025-08-26 14:53:07.043,11007,,,,84.0,,,,63030110,86.0,2025-08-26 14:57:44.531,2025-08-26 14:57:44.531,,,,,83.0,,,,,29.79,,,,UTC+0530,Q+CzYexHJ2,,,b1e72ff5-12dd-4ee6-904c-adfb8a735302.com.samsung.health.exercise.live_data.json,,,com.sec.android.app.shealth,,,,,2025-08-26 14:56:18.763,b1e72ff5-12dd-4ee6-904c-adfb8a735302,,
69bcbee3-351c-4f7e-b73f-a3758a69d199.live_data_internal.json,,0,,,,32.71,,,,,69bcbee3-351c-4f7e-b73f-a3758a69d199.sensing_status.json,4,,,,,,,,,,,,,,,198460,,63030110,,,2025-08-26 14:59:40.823,11007,,,,101.0,,,,63030110,102.0,2025-08-26 15:04:26.603,2025-08-26 15:04:26.603,,,,,101.0,,,,,32.71,,,,UTC+0530,Q+CzYexHJ2,,,69bcbee3-351c-4f7e-b73f-a3758a69d199.com.samsung.health.exercise.live_data.json,,,com.sec.android.app.shealth,,,,,2025-08-26 15:02:59.283,69bcbee3-351c-4f7e-b73f-a3758a69d199,,
d429dd8e-1c0b-47f5-ba16-58a2525ace30.live_data_internal.json,,0,,,,50.64,,,,,d429dd8e-1c0b-47f5-ba16-58a2525ace30.sensing_status.json,4,,,,,,,,,,,,,,,401200,,63030110,,,2025-08-27 14:50:51.921,11007,,,,100.0,,,,63030110,123.0,2025-08-27 14:58:49.733,2025-08-27 14:58:49.733,,,,,77.0,,,,,50.64,,,,UTC+0530,Q+CzYexHJ2,,,d429dd8e-1c0b-47f5-ba16-58a2525ace30.com.samsung.health.exercise.live_data.json,,,com.sec.android.app.shealth,,,,,2025-08-27 14:57:33.121,d429dd8e-1c0b-47f5-ba16-58a2525ace30,,
11824b9e-1316-47c3-9491-fd38d07365ab.live_data_internal.json,,0,,,,52.57,,,,,11824b9e-1316-47c3-9491-fd38d07365ab.sensing_status.json,4,,,,,,,,,,,,,,,670490,,63030110,,,2025-08-28 09:04:25.087,0,,,,107.0,,,,63030110,111.0,2025-08-28 09:15:35.712,2025-08-28 09:15:35.712,,,,,104.0,,,,,52.57,,,,UTC+0530,Q+CzYexHJ2,,,11824b9e-1316-47c3-9491-fd38d07365ab.com.samsung.health.exercise.live_data.json,,,com.sec.android.app.shealth,,,,,2025-08-28 09:15:35.488,11824b9e-1316-47c3-9491-fd38d07365ab,,
73892b2a-acb3-43ea-85f9-1224895951e3.live_data_internal.json,,0,,,,56.00002,,,,,73892b2a-acb3-43ea-85f9-1224895951e3.sensing_status.json,4,,,,,,,,,,,,,,,644056,,63030110,,,2025-08-28 14:54:41.608,1001,,,,116.0,30001,,,63030110,133.0,2025-08-28 15:05:33.905,2025-08-28 15:05:33.905,,,1.6163332,76.29771,95.0,,819,628.05,,56.0,125.0,,,UTC+0530,Q+CzYexHJ2,,,73892b2a-acb3-43ea-85f9-1224895951e3.com.samsung.health.exercise.live_data.json,,0.9751481,com.sec.android.app.shealth,,,,,2025-08-28 15:05:25.665,73892b2a-acb3-43ea-85f9-1224895951e3,,
64a0e064-a974-41aa-8cfc-cf5919876125.live_data_internal.json,,0,,,,531.52,,,,,64a0e064-a974-41aa-8cfc-cf5919876125.sensing_status.json,1,,,,,,,,,,,,,,,3539212,,63030110,,,2025-08-29 04:16:58.158,15002,,,,130.0,,,,63030110,148.0,2025-08-29 05:15:57.861,2025-08-29 05:15:57.861,,,,,103.0,,,,,531.52,,,,UTC+0530,Q+CzYexHJ2,,,64a0e064-a974-41aa-8cfc-cf5919876125.com.samsung.health.exercise.live_data.json,,,com.sec.android.app.shealth,,,,,2025-08-29 05:15:57.370,64a0e064-a974-41aa-8cfc-cf5919876125,,
a8b06829-6b39-4cad-8205-6c75b202c079.live_data_internal.json,,0,,,,63.929955,,,,,a8b06829-6b39-4cad-8205-6c75b202c079.sensing_status.json,4,,,,,,,,,,,,,,,645874,,63030110,,,2025-08-31 15:23:38.814,1001,,,,98.0,30001,,,63030110,106.0,2025-08-31 15:36:27.707,2025-08-31 15:36:27.707,,,1.3888888,50.071682,89.0,,539,400.96,,63.0,80.0,,,UTC+0530,Q+CzYexHJ2,,,a8b06829-6b39-4cad-8205-6c75b202c079.com.samsung.health.exercise.live_data.json,,0.62080216,com.sec.android.app.shealth,,,,,2025-08-31 15:35:12.227,a8b06829-6b39-4cad-8205-6c75b202c079,,
6c9e3407-3fb1-4b9e-a678-575cdbce8e98.live_data_internal.json,,0,,,,535.95,,,,,6c9e3407-3fb1-4b9e-a678-575cdbce8e98.sensing_status.json,1,,,,,,,,,,,,,,,3960223,,63030110,,,2025-09-01 04:20:18.386,15002,,,,123.0,,,,63030110,182.0,2025-09-01 05:26:19.164,2025-09-01 05:26:19.164,,,,,86.0,,,,,535.95,,,,UTC+0530,Q+CzYexHJ2,,,6c9e3407-3fb1-4b9e-a678-575cdbce8e98.com.samsung.health.exercise.live_data.json,,,com.sec.android.app.shealth,,,,,2025-09-01 05:26:18.609,6c9e3407-3fb1-4b9e-a678-575cdbce8e98,,
84345662-67f8-46ab-b72f-ffdefed9d2d7.live_data_internal.json,,0,,,,77.04,,,,,84345662-67f8-46ab-b72f-ffdefed9d2d7.sensing_status.json,4,,,,,,,,,,,,,,,542200,,63030110,,,2025-09-01 15:00:42.338,11007,,,,119.0,,,,63030110,141.0,2025-09-01 15:10:44.830,2025-09-01 15:10:44.830,,,,,102.0,,,,,77.04,,,,UTC+0530,Q+CzYexHJ2,,,84345662-67f8-46ab-b72f-ffdefed9d2d7.com.samsung.health.exercise.live_data.json,,,com.sec.android.app.shealth,,,,,2025-09-01 15:09:44.538,84345662-67f8-46ab-b72f-ffdefed9d2d7,,
48ad7f3e-7db8-47de-b58b-ed99dc0b8fd3.live_data_internal.json,,0,,,,39.75,,,,,48ad7f3e-7db8-47de-b58b-ed99dc0b8fd3.sensing_status.json,4,,,,,,,,,,,,,,,277960,,63030110,,,2025-09-01 16:13:01.203,11007,,,,97.0,,,,63030110,104.0,2025-09-01 16:19:01.445,2025-09-01 16:19:01.445,,,,,89.0,,,,,39.75,,,,UTC+0530,Q+CzYexHJ2,,,48ad7f3e-7db8-47de-b58b-ed99dc0b8fd3.com.samsung.health.exercise.live_data.json,,,com.sec.android.app.shealth,,,,,2025-09-01 16:17:39.163,48ad7f3e-7db8-47de-b58b-ed99dc0b8fd3,,
29d1a267-20b3-49ea-a0ea-18cd740673ab.live_data_internal.json,,0,,,,641.03,,,,,29d1a267-20b3-49ea-a0ea-18cd740673ab.sensing_status.json,1,,,,,,,,,,,,,,,4740242,,63030110,,,2025-09-02 04:13:26.949,15002,,,,121.0,,,,63030110,157.0,2025-09-02 05:32:27.885,2025-09-02 05:32:27.885,,,,,101.0,,,,,641.03,,,,UTC+0530,Q+CzYexHJ2,,,29d1a267-20b3-49ea-a0ea-18cd740673ab.com.samsung.health.exercise.live_data.json,,,com.sec.android.app.shealth,,,,,2025-09-02 05:32:27.191,29d1a267-20b3-49ea-a0ea-18cd740673ab,,
d4760f61-3eb6-4196-94dc-4d38c683934b.live_data_internal.json,,0,,,,121.06865,,,,,d4760f61-3eb6-4196-94dc-4d38c683934b.sensing_status.json,4,,,,,,,,,,,,,,,1334915,,63030110,,,2025-09-02 13:26:16.068,1001,,,,106.0,30001,,,63030110,116.0,2025-09-02 13:50:41.179,2025-09-02 13:50:41.179,,,1.590578,87.15161,88.0,,1939,1213.87,,120.0,129.0,,,UTC+0530,Q+CzYexHJ2,,,d4760f61-3eb6-4196-94dc-4d38c683934b.com.samsung.health.exercise.live_data.json,,0.9093238,com.sec.android.app.shealth,,,,,2025-09-02 13:49:25.612,d4760f61-3eb6-4196-94dc-4d38c683934b,,
e710b753-959f-425f-a0d6-a1856141b9b8.live_data_internal.json,,0,,,,386.7,,,,,e710b753-959f-425f-a0d6-a1856141b9b8.sensing_status.json,1,,,,,,,,,,,,,,,2581313,,63030110,,,2025-09-03 04:10:45.166,15002,,,,130.0,,,,63030110,159.0,2025-09-03 04:53:47.030,2025-09-03 04:53:47.030,,,,,74.0,,,,,386.7,,,,UTC+0530,Q+CzYexHJ2,,,e710b753-959f-425f-a0d6-a1856141b9b8.com.samsung.health.exercise.live_data.json,,,com.sec.android.app.shealth,,,,,2025-09-03 04:53:46.479,e710b753-959f-425f-a0d6-a1856141b9b8,,
6ac69101-b6d8-4047-86c7-4029a0e0af63.live_data_internal.json,,0,,,,31.49,,,,,6ac69101-b6d8-4047-86c7-4029a0e0af63.sensing_status.json,4,,,,,,,,,,,,,,,329200,,63030110,,,2025-09-04 14:21:06.635,11007,,,,90.0,,,,63030110,102.0,2025-09-04 14:27:52.344,2025-09-04 14:27:52.344,,,,,71.0,,,,,31.49,,,,UTC+0530,Q+CzYexHJ2,,,6ac69101-b6d8-4047-86c7-4029a0e0af63.com.samsung.health.exercise.live_data.json,,,com.sec.android.app.shealth,,,,,2025-09-04 14:26:35.835,6ac69101-b6d8-4047-86c7-4029a0e0af63,,
99911a7e-87af-40c4-8eae-aefb2a680354.live_data_internal.json,,0,,,,60.73,,,,,99911a7e-87af-40c4-8eae-aefb2a680354.sensing_status.json,4,,,,,,,,,,,,,,,388940,,63030110,,,2025-09-04 15:52:39.618,11007,,,,114.0,,,,63030110,144.0,2025-09-04 16:00:28.990,2025-09-04 16:00:28.990,,,,,89.0,,,,,60.73,,,,UTC+0530,Q+CzYexHJ2,,,99911a7e-87af-40c4-8eae-aefb2a680354.com.samsung.health.exercise.live_data.json,,,com.sec.android.app.shealth,,,,,2025-09-04 15:59:08.558,99911a7e-87af-40c4-8eae-aefb2a680354,,
a13a7096-ba9d-4afd-b026-cd09705214eb.live_data_internal.json,,0,,,,26.78,,,,,a13a7096-ba9d-4afd-b026-cd09705214eb.sensing_status.json,4,,,,,,,,,,,,,,,236540,,63030110,,,2025-09-06 15:24:44.255,11007,,,,79.0,,,,63030110,81.0,2025-09-06 15:30:08.412,2025-09-06 15:30:08.412,,,,,79.0,,,,,26.78,,,,UTC+0530,Q+CzYexHJ2,,,a13a7096-ba9d-4afd-b026-cd09705214eb.com.samsung.health.exercise.live_data.json,,,com.sec.android.app.shealth,,,,,2025-09-06 15:28:40.795,a13a7096-ba9d-4afd-b026-cd09705214eb,,
f54a0282-e1b7-49e0-a075-130b2bf7ca4f.live_data_internal.json,,0,,,,35.26,,,,,f54a0282-e1b7-49e0-a075-130b2bf7ca4f.sensing_status.json,4,,,,,,,,,,,,,,,299040,,63030110,,,2025-09-06 15:29:59.456,11007,,,,93.0,,,,63030110,104.0,2025-09-06 15:36:15.489,2025-09-06 15:36:15.489,,,,,72.0,,,,,35.26,,,,UTC+0530,Q+CzYexHJ2,,,f54a0282-e1b7-49e0-a075-130b2bf7ca4f.com.samsung.health.exercise.live_data.json,,,com.sec.android.app.shealth,,,,,2025-09-06 15:34:58.496,f54a0282-e1b7-49e0-a075-130b2bf7ca4f,,
2d89407a-0fc6-4ff2-987d-a4e1ca5506bf.live_data_internal.json,,0,,,,607.868,,,,,2d89407a-0fc6-4ff2-987d-a4e1ca5506bf.sensing_status.json,1,,,,,,,,,,,,,,,4066937,,63030110,,,2025-09-08 04:10:50.882,15002,,,,128.0,,,,63030110,171.0,2025-09-08 05:23:19.029,2025-09-08 05:23:19.029,,,,,95.0,,,,,602.38,,,,UTC+0530,Q+CzYexHJ2,,,2d89407a-0fc6-4ff2-987d-a4e1ca5506bf.com.samsung.health.exercise.live_data.json,,,com.sec.android.app.shealth,,,,,2025-09-08 05:23:18.361,2d89407a-0fc6-4ff2-987d-a4e1ca5506bf,,
63a37b1d-462b-4ee3-8a21-7f293b40f859.live_data_internal.json,,0,,,,662.33,,,,,63a37b1d-462b-4ee3-8a21-7f293b40f859.sensing_status.json,1,,,,,,,,,,,,,,,4308711,,63030110,,,2025-09-09 03:51:18.259,15002,,,,131.0,,,,63030110,165.0,2025-09-09 05:03:07.348,2025-09-09 05:03:07.348,,,,,111.0,,,,,662.33,,,,UTC+0530,Q+CzYexHJ2,,,63a37b1d-462b-4ee3-8a21-7f293b40f859.com.samsung.health.exercise.live_data.json,,,com.sec.android.app.shealth,,,,,2025-09-09 05:03:06.970,63a37b1d-462b-4ee3-8a21-7f293b40f859,,
eb1efc04-32a8-4660-88e3-3390e644d7e8.live_data_internal.json,,0,,,,97.78,,,,,eb1efc04-32a8-4660-88e3-3390e644d7e8.sensing_status.json,4,,,,,,,,,,,,,,,797080,,63030110,,,2025-09-09 14:25:41.401,11007,,,,106.0,,,,63030110,119.0,2025-09-09 14:39:54.415,2025-09-09 14:39:54.415,,,,,87.0,,,,,97.78,,,,UTC+0530,Q+CzYexHJ2,,,eb1efc04-32a8-4660-88e3-3390e644d7e8.com.samsung.health.exercise.live_data.json,,,com.sec.android.app.shealth,,,,,2025-09-09 14:38:58.481,eb1efc04-32a8-4660-88e3-3390e644d7e8,,
da3f449c-494e-4334-b82f-1d6fc9fa077d.live_data_internal.json,,0,,,,53.21,,,,,da3f449c-494e-4334-b82f-1d6fc9fa077d.sensing_status.json,4,,,,,,,,,,,,,,,449960,,63030110,,,2025-09-09 16:02:48.645,11007,,,,100.0,,,,63030110,123.0,2025-09-09 16:11:39.971,2025-09-09 16:11:39.971,,,,,74.0,,,,,53.21,,,,UTC+0530,Q+CzYexHJ2,,,da3f449c-494e-4334-b82f-1d6fc9fa077d.com.samsung.health.exercise.live_data.json,,,com.sec.android.app.shealth,,,,,2025-09-09 16:10:18.605,da3f449c-494e-4334-b82f-1d6fc9fa077d,,
55eb1c75-fd62-48d8-a737-04e5a7121ce8.live_data_internal.json,,0,,,,485.57425,,,,,55eb1c75-fd62-48d8-a737-04e5a7121ce8.sensing_status.json,1,,,,,,,,,,,,,,,3288570,,63030110,,,2025-09-10 04:07:01.590,15002,,,,128.0,,,,63030110,151.0,2025-09-10 05:05:12.644,2025-09-10 05:05:12.644,,,,,90.0,,,,,481.62,,,,UTC+0530,Q+CzYexHJ2,,,55eb1c75-fd62-48d8-a737-04e5a7121ce8.com.samsung.health.exercise.live_data.json,,,com.sec.android.app.shealth,,,,,2025-09-10 05:05:12.300,55eb1c75-fd62-48d8-a737-04e5a7121ce8,,
51f91024-d9f4-4b02-b519-9d052d1ad78e.live_data_internal.json,,0,,,,83.63429,,,,,51f91024-d9f4-4b02-b519-9d052d1ad78e.sensing_status.json,4,,,,,,,,,,,,,,,863627,,63030110,,,2025-09-10 05:05:44.739,1001,,,,115.0,30001,,,63030110,123.0,2025-09-10 05:21:06.550,2025-09-10 05:21:06.550,,,1.5277778,84.89776,102.0,,1222,892.12,,83.0,113.0,,,UTC+0530,Q+CzYexHJ2,,,51f91024-d9f4-4b02-b519-9d052d1ad78e.com.samsung.health.exercise.live_data.json,,1.0329922,com.sec.android.app.shealth,,,,,2025-09-10 05:20:40.791,51f91024-d9f4-4b02-b519-9d052d1ad78e,,
aff72405-0785-4ff1-a001-a99bac9e164f.live_data_internal.json,,0,,,,222.21,,,,,aff72405-0785-4ff1-a001-a99bac9e164f.sensing_status.json,1,,,,,,,,,,,,,,,1828501,,63030110,,,2025-09-11 04:10:38.970,15002,,,,113.0,,,,63030110,153.0,2025-09-11 04:41:07.963,2025-09-11 04:41:07.963,,,,,97.0,,,,,222.21,,,,UTC+0530,Q+CzYexHJ2,,,aff72405-0785-4ff1-a001-a99bac9e164f.com.samsung.health.exercise.live_data.json,,,com.sec.android.app.shealth,,,,,2025-09-11 04:41:07.471,aff72405-0785-4ff1-a001-a99bac9e164f,,
58f822fe-a9ab-4e7b-9d8b-98b2fb098c7c.live_data_internal.json,,0,,,,53.58,,,,,58f822fe-a9ab-4e7b-9d8b-98b2fb098c7c.sensing_status.json,4,,,,,,,,,,,,,,,358860,,63030110,,,2025-09-11 13:49:13.330,11007,,,,110.0,,,,63030110,118.0,2025-09-11 13:56:34.816,2025-09-11 13:56:34.816,,,,,102.0,,,,,53.58,,,,UTC+0530,Q+CzYexHJ2,,,58f822fe-a9ab-4e7b-9d8b-98b2fb098c7c.com.samsung.health.exercise.live_data.json,,,com.sec.android.app.shealth,,,,,2025-09-11 13:55:12.190,58f822fe-a9ab-4e7b-9d8b-98b2fb098c7c,,
2c9c00ce-3b97-4260-ace2-4b6f09538496.live_data_internal.json,,0,,,,74.69,,,,,2c9c00ce-3b97-4260-ace2-4b6f09538496.sensing_status.json,4,,,,,,,,,,,,,,,550820,,63030110,,,2025-09-11 13:56:31.264,11007,,,,110.0,,,,63030110,118.0,2025-09-11 14:06:44.925,2025-09-11 14:06:44.925,,,,,104.0,,,,,74.69,,,,UTC+0530,Q+CzYexHJ2,,,2c9c00ce-3b97-4260-ace2-4b6f09538496.com.samsung.health.exercise.live_data.json,,,com.sec.android.app.shealth,,,,,2025-09-11 14:05:42.084,2c9c00ce-3b97-4260-ace2-4b6f09538496,,
292b556b-55cc-4bc3-8c5e-06660e973c1e.live_data_internal.json,,0,,,,31.11,,,,,292b556b-55cc-4bc3-8c5e-06660e973c1e.sensing_status.json,4,,,,,,,,,,,,,,,194040,,63030110,,,2025-09-11 15:47:01.926,11007,,,,97.0,,,,63030110,98.0,2025-09-11 15:51:41.970,2025-09-11 15:51:41.970,,,,,97.0,,,,,31.11,,,,UTC+0530,Q+CzYexHJ2,,,292b556b-55cc-4bc3-8c5e-06660e973c1e.com.samsung.health.exercise.live_data.json,,,com.sec.android.app.shealth,,,,,2025-09-11 15:50:15.966,292b556b-55cc-4bc3-8c5e-06660e973c1e,,
e89eebf4-93da-483e-97e0-9ac47107b7cc.live_data_internal.json,,0,,,,562.33,,,,,e89eebf4-93da-483e-97e0-9ac47107b7cc.sensing_status.json,1,,,,,,,,,,,,,,,4010907,,63030110,,,2025-09-13 04:08:52.071,15002,,,,123.0,,,,63030110,163.0,2025-09-13 05:15:44.072,2025-09-13 05:15:44.072,,,,,93.0,,,,,562.33,,,,UTC+0530,Q+CzYexHJ2,,,e89eebf4-93da-483e-97e0-9ac47107b7cc.com.samsung.health.exercise.live_data.json,,,com.sec.android.app.shealth,,,,,2025-09-13 05:15:42.978,e89eebf4-93da-483e-97e0-9ac47107b7cc,,
8f8e1ede-0bcb-4581-8f57-7f6855c1ca95.live_data_internal.json,,0,,,,117.72823,,,,,8f8e1ede-0bcb-4581-8f57-7f6855c1ca95.sensing_status.json,4,,,,,,,,,,,,,,,1112167,,63030110,,,2025-09-14 13:08:22.129,1001,,,,102.0,30001,,,63030110,110.0,2025-09-14 13:30:35.228,2025-09-14 13:30:35.228,,,1.4152538,90.14834,87.0,,1671,1238.82,,114.0,104.0,,,UTC+0530,Q+CzYexHJ2,,,8f8e1ede-0bcb-4581-8f57-7f6855c1ca95.com.samsung.health.exercise.live_data.json,,1.1138794,com.sec.android.app.shealth,,,,,2025-09-14 13:30:04.882,8f8e1ede-0bcb-4581-8f57-7f6855c1ca95,,
1db77808-f9f7-4b5b-baa9-debafb2bfaae.live_data_internal.json,,0,,,,483.43,,,,,1db77808-f9f7-4b5b-baa9-debafb2bfaae.sensing_status.json,1,,,,,,,,,,,,,,,3609030,,63030110,,,2025-09-15 04:08:22.382,15002,,,,121.0,,,,63030110,143.0,2025-09-15 05:08:32.253,2025-09-15 05:08:32.253,,,,,97.0,,,,,483.43,,,,UTC+0530,Q+CzYexHJ2,,,1db77808-f9f7-4b5b-baa9-debafb2bfaae.com.samsung.health.exercise.live_data.json,,,com.sec.android.app.shealth,,,,,2025-09-15 05:08:31.412,1db77808-f9f7-4b5b-baa9-debafb2bfaae,,
ce48f471-4e31-400d-aa72-7e440a60a857.live_data_internal.json,,0,,,,58.3,,,,,ce48f471-4e31-400d-aa72-7e440a60a857.sensing_status.json,4,,,,,,,,,,,,,,,446820,,63030110,,,2025-09-15 14:57:51.632,11007,,,,107.0,,,,63030110,119.0,2025-09-15 15:06:31.834,2025-09-15 15:06:31.834,,,,,100.0,,,,,58.3,,,,UTC+0530,Q+CzYexHJ2,,,ce48f471-4e31-400d-aa72-7e440a60a857.com.samsung.health.exercise.live_data.json,,,com.sec.android.app.shealth,,,,,2025-09-15 15:05:18.452,ce48f471-4e31-400d-aa72-7e440a60a857,,
8e7a3d4c-8f3b-47c7-a030-45126fb97638.live_data_internal.json,,0,,,,38.89,,,,,8e7a3d4c-8f3b-47c7-a030-45126fb97638.sensing_status.json,4,,,,,,,,,,,,,,,257300,,63030110,,,2025-09-15 15:55:45.914,11007,,,,99.0,,,,63030110,102.0,2025-09-15 16:01:25.520,2025-09-15 16:01:25.520,,,,,97.0,,,,,38.89,,,,UTC+0530,Q+CzYexHJ2,,,8e7a3d4c-8f3b-47c7-a030-45126fb97638.com.samsung.health.exercise.live_data.json,,,com.sec.android.app.shealth,,,,,2025-09-15 16:00:03.214,8e7a3d4c-8f3b-47c7-a030-45126fb97638,,
fe3238ba-89b6-4471-9c3d-3fb924af952f.live_data_internal.json,,0,,,,75.20253,,,,,fe3238ba-89b6-4471-9c3d-3fb924af952f.sensing_status.json,4,,,,,,,,,,,,,,,649289,,63030110,,,2025-09-16 02:27:46.293,1001,,,,109.0,30001,,,63030110,122.0,2025-09-16 02:42:08.270,2025-09-16 02:42:08.270,,,1.3735768,66.81154,96.0,,723,542.78,,74.0,99.0,,,UTC+0530,Q+CzYexHJ2,,,fe3238ba-89b6-4471-9c3d-3fb924af952f.com.samsung.health.exercise.live_data.json,,0.8359606,com.sec.android.app.shealth,,,,,2025-09-16 02:39:37.055,fe3238ba-89b6-4471-9c3d-3fb924af952f,,
c68f8631-e507-43d0-a55f-805a686ea2f7.live_data_internal.json,,0,,,,687.37,,,,,c68f8631-e507-43d0-a55f-805a686ea2f7.sensing_status.json,1,,,,,,,,,,,,,,,4537853,,63030110,,,2025-09-16 04:04:09.501,15002,,,,130.0,,,,63030110,163.0,2025-09-16 05:19:47.683,2025-09-16 05:19:47.683,,,,,103.0,,,,,687.37,,,,UTC+0530,Q+CzYexHJ2,,,c68f8631-e507-43d0-a55f-805a686ea2f7.com.samsung.health.exercise.live_data.json,,,com.sec.android.app.shealth,,,,,2025-09-16 05:19:47.354,c68f8631-e507-43d0-a55f-805a686ea2f7,,
77053279-1e94-4f4c-a4e8-c2dccf2957e6.live_data_internal.json,,0,,,,539.73,,,,,77053279-1e94-4f4c-a4e8-c2dccf2957e6.sensing_status.json,1,,,,,,,,,,,,,,,3604890,,63030110,,,2025-09-17 03:58:52.985,15002,,,,128.0,,,,63030110,167.0,2025-09-17 04:58:58.822,2025-09-17 04:58:58.822,,,,,55.0,,,,,539.73,,,,UTC+0530,Q+CzYexHJ2,,,77053279-1e94-4f4c-a4e8-c2dccf2957e6.com.samsung.health.exercise.live_data.json,,,com.sec.android.app.shealth,,,,,2025-09-17 04:58:57.875,77053279-1e94-4f4c-a4e8-c2dccf2957e6,,
fb68fdbe-cb74-4c97-8608-6cbbd85324bc.live_data_internal.json,,0,,,,459.52,,,,,fb68fdbe-cb74-4c97-8608-6cbbd85324bc.sensing_status.json,1,,,,,,,,,,,,,,,3518051,,63030110,,,2025-09-19 04:17:48.105,15002,,,,118.0,,,,63030110,155.0,2025-09-19 05:16:26.999,2025-09-19 05:16:26.999,,,,,84.0,,,,,459.52,,,,UTC+0530,Q+CzYexHJ2,,,fb68fdbe-cb74-4c97-8608-6cbbd85324bc.com.samsung.health.exercise.live_data.json,,,com.sec.android.app.shealth,,,,,2025-09-19 05:16:26.156,fb68fdbe-cb74-4c97-8608-6cbbd85324bc,,
d3790521-5785-4209-a23b-13ea12eb3831.live_data_internal.json,,0,,,,36.87,,,,,d3790521-5785-4209-a23b-13ea12eb3831.sensing_status.json,4,,,,,,,,,,,,,,,296760,,63030110,,,2025-09-19 14:34:18.305,11007,,,,85.0,,,,63030110,91.0,2025-09-19 14:40:35.562,2025-09-19 14:40:35.562,,,,,78.0,,,,,36.87,,,,UTC+0530,Q+CzYexHJ2,,,d3790521-5785-4209-a23b-13ea12eb3831.com.samsung.health.exercise.live_data.json,,,com.sec.android.app.shealth,,,,,2025-09-19 14:39:15.065,d3790521-5785-4209-a23b-13ea12eb3831,,
ca5a1511-eb44-4826-ad17-d723d0109b89.live_data_internal.json,,0,,,,32.93,,,,,ca5a1511-eb44-4826-ad17-d723d0109b89.sensing_status.json,4,,,,,,,,,,,,,,,279120,,63030110,,,2025-09-19 16:20:53.275,11007,,,,88.0,,,,63030110,100.0,2025-09-19 16:26:53.985,2025-09-19 16:26:53.985,,,,,80.0,,,,,32.93,,,,UTC+0530,Q+CzYexHJ2,,,ca5a1511-eb44-4826-ad17-d723d0109b89.com.samsung.health.exercise.live_data.json,,,com.sec.android.app.shealth,,,,,2025-09-19 16:25:32.395,ca5a1511-eb44-4826-ad17-d723d0109b89,,
0baf8761-94a9-4571-8c80-64bdd3222ba7.live_data_internal.json,,0,,,,119.22578,,,,,0baf8761-94a9-4571-8c80-64bdd3222ba7.sensing_status.json,4,,,,,,,,,,,,,,,1234580,,63030110,,,2025-09-21 02:16:27.437,1001,,,,103.0,30001,,,63030110,114.0,2025-09-21 02:40:11.141,2025-09-21 02:40:11.141,,,1.558002,77.71064,82.0,,1599,1059.58,,117.0,94.0,,,UTC+0530,Q+CzYexHJ2,,,0baf8761-94a9-4571-8c80-64bdd3222ba7.com.samsung.health.exercise.live_data.json,,0.8582514,com.sec.android.app.shealth,,,,,2025-09-21 02:38:55.798,0baf8761-94a9-4571-8c80-64bdd3222ba7,,
7a2c67f4-04c8-4205-936d-cb1589c79980.live_data_internal.json,,0,,,,26.72,,,,,7a2c67f4-04c8-4205-936d-cb1589c79980.sensing_status.json,4,,,,,,,,,,,,,,,183320,,63030110,,,2025-09-21 07:37:57.175,11007,,,,95.0,,,,63030110,95.0,2025-09-21 07:42:26.994,2025-09-21 07:42:26.994,,,,,95.0,,,,,26.72,,,,UTC+0530,Q+CzYexHJ2,,,7a2c67f4-04c8-4205-936d-cb1589c79980.com.samsung.health.exercise.live_data.json,,,com.sec.android.app.shealth,,,,,2025-09-21 07:41:00.495,7a2c67f4-04c8-4205-936d-cb1589c79980,,
c77e6417-88b6-4988-89f4-aba7623d2fe9.live_data_internal.json,,0,,,,655.5832,,,,,c77e6417-88b6-4988-89f4-aba7623d2fe9.sensing_status.json,1,,,,,,,,,,,,,,,4658201,,63030110,,,2025-09-22 04:08:40.879,15002,,,,124.0,,,,63030110,152.0,2025-09-22 05:26:22.199,2025-09-22 05:26:22.199,,,,,106.0,,,,,655.53,,,,UTC+0530,Q+CzYexHJ2,,,c77e6417-88b6-4988-89f4-aba7623d2fe9.com.samsung.health.exercise.live_data.json,,,com.sec.android.app.shealth,,,,,2025-09-22 05:26:21.797,c77e6417-88b6-4988-89f4-aba7623d2fe9,,
e7925edf-75b0-4ec2-a6de-351eb5e5ca37.live_data_internal.json,,0,,,,65.99,,,,,e7925edf-75b0-4ec2-a6de-351eb5e5ca37.sensing_status.json,4,,,,,,,,,,,,,,,448640,,63030110,,,2025-09-22 14:39:59.994,11007,,,,114.0,,,,63030110,140.0,2025-09-22 14:48:37.994,2025-09-22 14:48:37.994,,,,,96.0,,,,,65.99,,,,UTC+0530,Q+CzYexHJ2,,,e7925edf-75b0-4ec2-a6de-351eb5e5ca37.com.samsung.health.exercise.live_data.json,,,com.sec.android.app.shealth,,,,,2025-09-22 14:47:28.634,e7925edf-75b0-4ec2-a6de-351eb5e5ca37,,
a54d801e-2ce2-437f-9c99-cdc498da15e6.live_data_internal.json,,0,,,,33.93,,,,,a54d801e-2ce2-437f-9c99-cdc498da15e6.sensing_status.json,4,,,,,,,,,,,,,,,252600,,63030110,,,2025-09-22 15:04:28.527,11007,,,,98.0,,,,63030110,99.0,2025-09-22 15:10:02.844,2025-09-22 15:10:02.844,,,,,97.0,,,,,33.93,,,,UTC+0530,Q+CzYexHJ2,,,a54d801e-2ce2-437f-9c99-cdc498da15e6.com.samsung.health.exercise.live_data.json,,,com.sec.android.app.shealth,,,,,2025-09-22 15:08:41.127,a54d801e-2ce2-437f-9c99-cdc498da15e6,,
bbda1116-7afb-4f4e-b0c9-b48b0f873c3d.live_data_internal.json,,0,,,,44.27,,,,,bbda1116-7afb-4f4e-b0c9-b48b0f873c3d.sensing_status.json,4,,,,,,,,,,,,,,,267620,,63030110,,,2025-09-22 16:16:31.834,11007,,,,104.0,,,,63030110,114.0,2025-09-22 16:22:21.581,2025-09-22 16:22:21.581,,,,,96.0,,,,,44.27,,,,UTC+0530,Q+CzYexHJ2,,,bbda1116-7afb-4f4e-b0c9-b48b0f873c3d.com.samsung.health.exercise.live_data.json,,,com.sec.android.app.shealth,,,,,2025-09-22 16:20:59.454,bbda1116-7afb-4f4e-b0c9-b48b0f873c3d,,
080b1b26-13b9-4c5c-a47a-fcdc384a5fa5.live_data_internal.json,,0,,,,615.21,,,,,080b1b26-13b9-4c5c-a47a-fcdc384a5fa5.sensing_status.json,1,,,,,,,,,,,,,,,4363302,,63030110,,,2025-09-23 04:11:58.910,15002,,,,125.0,,,,63030110,167.0,2025-09-23 05:24:42.785,2025-09-23 05:24:42.785,,,,,93.0,,,,,615.21,,,,UTC+0530,Q+CzYexHJ2,,,080b1b26-13b9-4c5c-a47a-fcdc384a5fa5.com.samsung.health.exercise.live_data.json,,,com.sec.android.app.shealth,,,,,2025-09-23 05:24:42.212,080b1b26-13b9-4c5c-a47a-fcdc384a5fa5,,
fb226eb9-804d-49c4-accb-74d83974397b.live_data_internal.json,,0,,,,525.37,,,,,fb226eb9-804d-49c4-accb-74d83974397b.sensing_status.json,1,,,,,,,,,,,,,,,4292369,,63030110,,,2025-09-24 04:01:38.327,15002,,,,115.0,,,,63030110,142.0,2025-09-24 05:13:11.524,2025-09-24 05:13:11.524,,,,,92.0,,,,,525.37,,,,UTC+0530,Q+CzYexHJ2,,,fb226eb9-804d-49c4-accb-74d83974397b.com.samsung.health.exercise.live_data.json,,,com.sec.android.app.shealth,,,,,2025-09-24 05:13:10.696,fb226eb9-804d-49c4-accb-74d83974397b,,
2562e62f-6a25-406a-bf7d-3385f8d5e872.live_data_internal.json,,0,,,,191.89,,,,,2562e62f-6a25-406a-bf7d-3385f8d5e872.sensing_status.json,4,,,,,,,,,,,,,,,2258311,,63030110,,,2025-09-24 07:40:42.580,0,,,,99.0,,,,63030110,124.0,2025-09-24 08:18:21.011,2025-09-24 08:18:21.011,,,,,90.0,,,,,191.89,,,,UTC+0530,Q+CzYexHJ2,,,2562e62f-6a25-406a-bf7d-3385f8d5e872.com.samsung.health.exercise.live_data.json,,,com.sec.android.app.shealth,,,,,2025-09-24 08:18:20.386,2562e62f-6a25-406a-bf7d-3385f8d5e872,,
ed4b9736-0116-4b32-b1c5-341e7789603f.live_data_internal.json,,0,,,,49.77,,,,,ed4b9736-0116-4b32-b1c5-341e7789603f.sensing_status.json,4,,,,,,,,,,,,,,,412220,,63030110,,,2025-09-24 11:09:15.868,11007,,,,109.0,,,,63030110,120.0,2025-09-24 11:17:29.515,2025-09-24 11:17:29.515,,,,,88.0,,,,,49.77,,,,UTC+0530,Q+CzYexHJ2,,,ed4b9736-0116-4b32-b1c5-341e7789603f.com.samsung.health.exercise.live_data.json,,,com.sec.android.app.shealth,,,,,2025-09-24 11:16:08.088,ed4b9736-0116-4b32-b1c5-341e7789603f,,
201c85c0-409d-4e70-b117-7944f6d689c6.live_data_internal.json,,0,,,,32.34,,,,,201c85c0-409d-4e70-b117-7944f6d689c6.sensing_status.json,4,,,,,,,,,,,,,,,214720,,63030110,,,2025-09-24 13:09:41.115,11007,,,,91.0,,,,63030110,101.0,2025-09-24 13:14:43.268,2025-09-24 13:14:43.268,,,,,86.0,,,,,32.34,,,,UTC+0530,Q+CzYexHJ2,,,201c85c0-409d-4e70-b117-7944f6d689c6.com.samsung.health.exercise.live_data.json,,,com.sec.android.app.shealth,,,,,2025-09-24 13:13:15.835,201c85c0-409d-4e70-b117-7944f6d689c6,,
f76d6762-6a91-4dd0-92c9-6f86f4cf0d96.live_data_internal.json,,0,,,,51.14,,,,,f76d6762-6a91-4dd0-92c9-6f86f4cf0d96.sensing_status.json,4,,,,,,,,,,,,,,,398740,,63030110,,,2025-09-24 13:14:26.642,11007,,,,106.0,,,,63030110,125.0,2025-09-24 13:22:25.772,2025-09-24 13:22:25.772,,,,,91.0,,,,,51.14,,,,UTC+0530,Q+CzYexHJ2,,,f76d6762-6a91-4dd0-92c9-6f86f4cf0d96.com.samsung.health.exercise.live_data.json,,,com.sec.android.app.shealth,,,,,2025-09-24 13:21:05.382,f76d6762-6a91-4dd0-92c9-6f86f4cf0d96,,
23fad09b-7110-41f5-9356-6f3eb1c9cfe3.live_data_internal.json,,0,,,,50.0,,,,,23fad09b-7110-41f5-9356-6f3eb1c9cfe3.sensing_status.json,4,,,,,,,,,,,,,,,364400,,63030110,,,2025-09-24 13:22:18.682,11007,,,,106.0,,,,63030110,112.0,2025-09-24 13:29:48.479,2025-09-24 13:29:48.479,,,,,89.0,,,,,50.0,,,,UTC+0530,Q+CzYexHJ2,,,23fad09b-7110-41f5-9356-6f3eb1c9cfe3.com.samsung.health.exercise.live_data.json,,,com.sec.android.app.shealth,,,,,2025-09-24 13:28:23.082,23fad09b-7110-41f5-9356-6f3eb1c9cfe3,,
f254a54c-d373-4642-8cf5-62196e35967a.live_data_internal.json,,0,,,,365.35,,,,,f254a54c-d373-4642-8cf5-62196e35967a.sensing_status.json,1,,,,,,,,,,,,,,,2808054,,63030110,,,2025-09-25 04:10:59.246,15002,,,,118.0,,,,63030110,147.0,2025-09-25 04:57:47.708,2025-09-25 04:57:47.708,,,,,97.0,,,,,365.35,,,,UTC+0530,Q+CzYexHJ2,,,f254a54c-d373-4642-8cf5-62196e35967a.com.samsung.health.exercise.live_data.json,,,com.sec.android.app.shealth,,,,,2025-09-25 04:57:47.300,f254a54c-d373-4642-8cf5-62196e35967a,,
1fa60cff-a3ea-467c-9fbe-70009200fd66.live_data_internal.json,,0,,,,537.2878,,,,,1fa60cff-a3ea-467c-9fbe-70009200fd66.sensing_status.json,1,,,,,,,,,,,,,,,4101783,,63030110,,,2025-09-27 04:47:43.008,15002,,,,119.0,,,,63030110,159.0,2025-09-27 05:56:09.680,2025-09-27 05:56:09.680,,,,,92.0,,,,,537.2,,,,UTC+0530,Q+CzYexHJ2,,,1fa60cff-a3ea-467c-9fbe-70009200fd66.com.samsung.health.exercise.live_data.json,,,com.sec.android.app.shealth,,,,,2025-09-27 05:56:09.278,1fa60cff-a3ea-467c-9fbe-70009200fd66,,
0f7ddc3e-e216-41c0-bf42-389257bb6ece.live_data_internal.json,,0,,,,678.23,,,,,0f7ddc3e-e216-41c0-bf42-389257bb6ece.sensing_status.json,1,,,,,,,,,,,,,,,4392653,,63051050,,,2025-09-29 04:08:07.977,15002,,,,133.0,,,,63051050,161.0,2025-09-29 05:21:21.059,2025-09-29 05:21:21.059,,,,,113.0,,,,,678.23,,,,UTC+0530,Q+CzYexHJ2,,,0f7ddc3e-e216-41c0-bf42-389257bb6ece.com.samsung.health.exercise.live_data.json,,,com.sec.android.app.shealth,,,,,2025-09-29 05:21:20.630,0f7ddc3e-e216-41c0-bf42-389257bb6ece,,
820ca0a3-38f6-4b53-ac2a-1862eda4eab0.live_data_internal.json,,0,,,,571.24,,,,,820ca0a3-38f6-4b53-ac2a-1862eda4eab0.sensing_status.json,1,,,,,,,,,,,,,,,4171578,,63051050,,,2025-09-30 04:08:56.001,15002,,,,123.0,,,,63051050,163.0,2025-09-30 05:18:27.922,2025-09-30 05:18:27.922,,,,,89.0,,,,,571.24,,,,UTC+0530,Q+CzYexHJ2,,,820ca0a3-38f6-4b53-ac2a-1862eda4eab0.com.samsung.health.exercise.live_data.json,,,com.sec.android.app.shealth,,,,,2025-09-30 05:18:27.579,820ca0a3-38f6-4b53-ac2a-1862eda4eab0,,
7215da16-c1fc-4d1a-ab8e-9d967587a527.live_data_internal.json,,0,,,,73.56298,,,,,7215da16-c1fc-4d1a-ab8e-9d967587a527.sensing_status.json,4,,,,,,,,,,,,,,,739402,,63051050,,,2025-09-30 13:13:13.075,1001,,,,109.0,30001,,,63051050,122.0,2025-09-30 13:26:52.970,2025-09-30 13:26:52.970,,,1.6111112,90.235085,58.0,,1112,871.43,,72.0,122.0,,,UTC+0530,Q+CzYexHJ2,,,7215da16-c1fc-4d1a-ab8e-9d967587a527.com.samsung.health.exercise.live_data.json,,1.1785605,com.sec.android.app.shealth,,,,,2025-09-30 13:26:52.376,7215da16-c1fc-4d1a-ab8e-9d967587a527,,
6adc545b-641a-41ea-a70d-1ded7d4940e5.live_data_internal.json,,0,,,,537.87,,,,,6adc545b-641a-41ea-a70d-1ded7d4940e5.sensing_status.json,1,,,,,,,,,,,,,,,3988244,,63051050,,,2025-10-01 04:06:18.011,15002,,,,122.0,,,,63051050,149.0,2025-10-01 05:12:46.790,2025-10-01 05:12:46.790,,,,,103.0,,,,,537.87,,,,UTC+0530,Q+CzYexHJ2,,,6adc545b-641a-41ea-a70d-1ded7d4940e5.com.samsung.health.exercise.live_data.json,,,com.sec.android.app.shealth,,,,,2025-10-01 05:12:46.255,6adc545b-641a-41ea-a70d-1ded7d4940e5,,
8424a67d-0037-415c-923f-4b40c949cc45.live_data_internal.json,,0,,,,504.61,,,,,8424a67d-0037-415c-923f-4b40c949cc45.sensing_status.json,1,,,,,,,,,,,,,,,3922038,,63051050,,,2025-10-03 04:11:52.155,15002,,,,117.0,,,,63051050,154.0,2025-10-03 05:17:15.101,2025-10-03 05:17:15.101,,,,,74.0,,,,,504.61,,,,UTC+0530,Q+CzYexHJ2,,,8424a67d-0037-415c-923f-4b40c949cc45.com.samsung.health.exercise.live_data.json,,,com.sec.android.app.shealth,,,,,2025-10-03 05:17:14.193,8424a67d-0037-415c-923f-4b40c949cc45,,
6c268ce7-9e0b-4e53-8390-e680afe3311e.live_data_internal.json,,0,,,,513.93,,,,,6c268ce7-9e0b-4e53-8390-e680afe3311e.sensing_status.json,1,,,,,,,,,,,,,,,3941604,,63051050,,,2025-10-04 04:02:26.610,15002,,,,119.0,,,,63051050,153.0,2025-10-04 05:08:11.031,2025-10-04 05:08:11.031,,,,,96.0,,,,,513.93,,,,UTC+0530,Q+CzYexHJ2,,,6c268ce7-9e0b-4e53-8390-e680afe3311e.com.samsung.health.exercise.live_data.json,,,com.sec.android.app.shealth,,,,,2025-10-04 05:08:08.214,6c268ce7-9e0b-4e53-8390-e680afe3311e,,
7f23ba0c-61ee-474d-949c-723dbdce4379.live_data_internal.json,,0,,,,42.71,,,,,7f23ba0c-61ee-474d-949c-723dbdce4379.sensing_status.json,4,,,,,,,,,,,,,,,256620,,63051050,,,2025-10-05 14:50:48.896,11007,,,,103.0,,,,63051050,111.0,2025-10-05 14:56:24.138,2025-10-05 14:56:24.138,,,,,99.0,,,,,42.71,,,,UTC+0530,Q+CzYexHJ2,,,7f23ba0c-61ee-474d-949c-723dbdce4379.com.samsung.health.exercise.live_data.json,,,com.sec.android.app.shealth,,,,,2025-10-05 14:55:05.516,7f23ba0c-61ee-474d-949c-723dbdce4379,,
3487764b-feda-4fae-865c-06518b9f4f5a.live_data_internal.json,,0,,,,526.17,,,,,3487764b-feda-4fae-865c-06518b9f4f5a.sensing_status.json,1,,,,,,,,,,,,,,,3639856,,63051050,,,2025-10-07 04:05:11.084,15002,,,,127.0,,,,63051050,150.0,2025-10-07 05:05:51.360,2025-10-07 05:05:51.360,,,,,96.0,,,,,526.17,,,,UTC+0530,Q+CzYexHJ2,,,3487764b-feda-4fae-865c-06518b9f4f5a.com.samsung.health.exercise.live_data.json,,,com.sec.android.app.shealth,,,,,2025-10-07 05:05:50.940,3487764b-feda-4fae-865c-06518b9f4f5a,,
f9268d9f-70ed-4fb5-b5cd-a0980d49474b.live_data_internal.json,,0,,,,58.57,,,,,f9268d9f-70ed-4fb5-b5cd-a0980d49474b.sensing_status.json,4,,,,,,,,,,,,,,,410800,,63051050,,,2025-10-07 15:03:51.849,11007,,,,106.0,,,,63051050,118.0,2025-10-07 15:11:58.238,2025-10-07 15:11:58.238,,,,,99.0,,,,,58.57,,,,UTC+0530,Q+CzYexHJ2,,,f9268d9f-70ed-4fb5-b5cd-a0980d49474b.com.samsung.health.exercise.live_data.json,,,com.sec.android.app.shealth,,,,,2025-10-07 15:10:42.649,f9268d9f-70ed-4fb5-b5cd-a0980d49474b,,
9290b9ea-538b-483b-bb89-9169cbfc5b50.live_data_internal.json,,0,,,,39.1,,,,,9290b9ea-538b-483b-bb89-9169cbfc5b50.sensing_status.json,4,,,,,,,,,,,,,,,260800,,63051050,,,2025-10-07 15:59:21.230,11007,,,,104.0,,,,63051050,115.0,2025-10-07 16:04:58.743,2025-10-07 16:04:58.743,,,,,98.0,,,,,39.1,,,,UTC+0530,Q+CzYexHJ2,,,9290b9ea-538b-483b-bb89-9169cbfc5b50.com.samsung.health.exercise.live_data.json,,,com.sec.android.app.shealth,,,,,2025-10-07 16:03:42.030,9290b9ea-538b-483b-bb89-9169cbfc5b50,,
1dd330a3-ac92-4f6b-b7f0-9aee841d3ee3.live_data_internal.json,,0,,,,568.39,,,,,1dd330a3-ac92-4f6b-b7f0-9aee841d3ee3.sensing_status.json,1,,,,,,,,,,,,,,,4050952,,63051050,,,2025-10-08 04:05:36.221,15002,,,,124.0,,,,63051050,147.0,2025-10-08 05:13:12.767,2025-10-08 05:13:12.767,,,,,102.0,,,,,568.39,,,,UTC+0530,Q+CzYexHJ2,,,1dd330a3-ac92-4f6b-b7f0-9aee841d3ee3.com.samsung.health.exercise.live_data.json,,,com.sec.android.app.shealth,,,,,2025-10-08 05:13:07.173,1dd330a3-ac92-4f6b-b7f0-9aee841d3ee3,,
6ccc0dda-4dc7-4514-856b-352f0fb37e95.live_data_internal.json,,0,,,,42.65,,,,,6ccc0dda-4dc7-4514-856b-352f0fb37e95.sensing_status.json,4,,,,,,,,,,,,,,,287440,,63051050,,,2025-10-08 06:32:47.907,11007,,,,122.0,,,,63051050,126.0,2025-10-08 06:38:56.239,2025-10-08 06:38:56.239,,,,,114.0,,,,,42.65,,,,UTC+0530,Q+CzYexHJ2,,,6ccc0dda-4dc7-4514-856b-352f0fb37e95.com.samsung.health.exercise.live_data.json,,,com.sec.android.app.shealth,,,,,2025-10-08 06:37:35.347,6ccc0dda-4dc7-4514-856b-352f0fb37e95,,
ffc5e377-0907-4701-8cde-f9b11f1f4452.live_data_internal.json,,0,,,,473.89,,,,,ffc5e377-0907-4701-8cde-f9b11f1f4452.sensing_status.json,1,,,,,,,,,,,,,,,3441118,,63051050,,,2025-10-09 04:05:22.747,15002,,,,122.0,,,,63051050,147.0,2025-10-09 05:02:44.498,2025-10-09 05:02:44.498,,,,,106.0,,,,,473.89,,,,UTC+0530,Q+CzYexHJ2,,,ffc5e377-0907-4701-8cde-f9b11f1f4452.com.samsung.health.exercise.live_data.json,,,com.sec.android.app.shealth,,,,,2025-10-09 05:02:43.865,ffc5e377-0907-4701-8cde-f9b11f1f4452,,
42d2edea-92f9-4f39-9cb2-287369a1680b.live_data_internal.json,,0,,,,570.33,,,,,42d2edea-92f9-4f39-9cb2-287369a1680b.sensing_status.json,1,,,,,,,,,,,,,,,3995300,,63051050,,,2025-10-10 04:21:01.719,15002,,,,125.0,,,,63051050,169.0,2025-10-10 05:27:37.434,2025-10-10 05:27:37.434,,,,,95.0,,,,,570.33,,,,UTC+0530,Q+CzYexHJ2,,,42d2edea-92f9-4f39-9cb2-287369a1680b.com.samsung.health.exercise.live_data.json,,,com.sec.android.app.shealth,,,,,2025-10-10 05:27:37.019,42d2edea-92f9-4f39-9cb2-287369a1680b,,
477d08ff-20f6-4cee-b13a-abc1dd950041.live_data_internal.json,,0,,,,36.09,,,,,477d08ff-20f6-4cee-b13a-abc1dd950041.sensing_status.json,4,,,,,,,,,,,,,,,290140,,63051050,,,2025-10-10 12:53:52.809,11007,,,,92.0,,,,63051050,113.0,2025-10-10 12:59:52.531,2025-10-10 12:59:52.531,,,,,77.0,,,,,36.09,,,,UTC+0530,Q+CzYexHJ2,,,477d08ff-20f6-4cee-b13a-abc1dd950041.com.samsung.health.exercise.live_data.json,,,com.sec.android.app.shealth,,,,,2025-10-10 12:58:42.949,477d08ff-20f6-4cee-b13a-abc1dd950041,,
f0ac00ec-4438-412c-ac3c-7e51f01acf50.live_data_internal.json,,0,,,,27.18,,,,,f0ac00ec-4438-412c-ac3c-7e51f01acf50.sensing_status.json,4,,,,,,,,,,,,,,,209960,,63051050,,,2025-10-10 12:59:38.043,11007,,,,80.0,,,,63051050,83.0,2025-10-10 13:04:35.662,2025-10-10 13:04:35.662,,,,,79.0,,,,,27.18,,,,UTC+0530,Q+CzYexHJ2,,,f0ac00ec-4438-412c-ac3c-7e51f01acf50.com.samsung.health.exercise.live_data.json,,,com.sec.android.app.shealth,,,,,2025-10-10 13:03:08.003,f0ac00ec-4438-412c-ac3c-7e51f01acf50,,
58c04b61-57a7-439b-8d09-5bf23418ab7d.live_data_internal.json,,0,,,,65.0,,,,,58c04b61-57a7-439b-8d09-5bf23418ab7d.sensing_status.json,4,,,,,,,,,,,,,,,638337,,63051050,,,2025-10-11 05:33:36.813,1001,,,,114.0,30001,,,63051050,125.0,2025-10-11 05:45:30.508,2025-10-11 05:45:30.508,,,1.614308,96.438095,74.0,,1026,785.38,,65.0,120.0,,,UTC+0530,Q+CzYexHJ2,,,58c04b61-57a7-439b-8d09-5bf23418ab7d.com.samsung.health.exercise.live_data.json,,1.2303534,com.sec.android.app.shealth,,,,,2025-10-11 05:44:15.150,58c04b61-57a7-439b-8d09-5bf23418ab7d,,
ff6608cd-907a-4ebc-b10e-2330eb59cc38.live_data_internal.json,,0,,,,84.60701,,,,,ff6608cd-907a-4ebc-b10e-2330eb59cc38.sensing_status.json,4,,,,,,,,,,,,,,,908495,,63051050,,,2025-10-11 10:15:22.579,1001,,,,105.0,30001,,,63051050,122.0,2025-10-11 10:32:17.444,2025-10-11 10:32:17.444,,,1.3712012,89.02636,61.0,,1348,871.76,,84.0,103.0,,,UTC+0530,Q+CzYexHJ2,,,ff6608cd-907a-4ebc-b10e-2330eb59cc38.com.samsung.health.exercise.live_data.json,,0.959565,com.sec.android.app.shealth,,,,,2025-10-11 10:31:02.104,ff6608cd-907a-4ebc-b10e-2330eb59cc38,,
1d125e8b-ebf6-4362-ad1e-ada8dff9fdd9.live_data_internal.json,,0,,,,111.21612,,,,,1d125e8b-ebf6-4362-ad1e-ada8dff9fdd9.sensing_status.json,4,,,,,,,,,,,,,,,1084097,,63051050,,,2025-10-11 10:54:35.386,1001,,,,104.0,30001,,,63051050,122.0,2025-10-11 11:16:24.055,2025-10-11 11:16:24.055,,,1.4722222,88.44226,81.0,,1598,1057.94,,109.0,103.0,,,UTC+0530,Q+CzYexHJ2,,,1d125e8b-ebf6-4362-ad1e-ada8dff9fdd9.com.samsung.health.exercise.live_data.json,,0.975872,com.sec.android.app.shealth,,,,,2025-10-11 11:14:32.770,1d125e8b-ebf6-4362-ad1e-ada8dff9fdd9,,
f393b41e-93ab-4e00-8ea1-a3ff0094d371.live_data_internal.json,,0,,,,79.00006,,,,,f393b41e-93ab-4e00-8ea1-a3ff0094d371.sensing_status.json,4,,,,,,,,,,,,,,,755147,,63051050,,,2025-10-12 06:49:56.634,1001,,,,107.0,30001,,,63051050,126.0,2025-10-12 07:05:03.218,2025-10-12 07:05:03.218,,,1.5833334,102.65551,76.0,,1292,1002.9,,79.0,120.0,,,UTC+0530,Q+CzYexHJ2,,,f393b41e-93ab-4e00-8ea1-a3ff0094d371.com.samsung.health.exercise.live_data.json,,1.3280859,com.sec.android.app.shealth,,,,,2025-10-12 07:02:31.784,f393b41e-93ab-4e00-8ea1-a3ff0094d371,,
f351eeb1-45ab-47de-ab98-c0f350d3a7f4.live_data_internal.json,,0,,,,575.64,,,,,f351eeb1-45ab-47de-ab98-c0f350d3a7f4.sensing_status.json,1,,,,,,,,,,,,,,,4050539,,63051050,,,2025-10-14 04:10:52.291,15002,,,,125.0,,,,63051050,154.0,2025-10-14 05:18:23.280,2025-10-14 05:18:23.280,,,,,105.0,,,,,575.64,,,,UTC+0530,Q+CzYexHJ2,,,f351eeb1-45ab-47de-ab98-c0f350d3a7f4.com.samsung.health.exercise.live_data.json,,,com.sec.android.app.shealth,,,,,2025-10-14 05:18:22.830,f351eeb1-45ab-47de-ab98-c0f350d3a7f4,,
2a0ee1aa-6c98-4f00-94d9-1275d59542c3.live_data_internal.json,,0,,,,548.96,,,,,2a0ee1aa-6c98-4f00-94d9-1275d59542c3.sensing_status.json,1,,,,,,,,,,,,,,,3658958,,63051050,,,2025-10-16 04:05:14.592,15002,,,,130.0,,,,63051050,162.0,2025-10-16 05:06:14.025,2025-10-16 05:06:14.025,,,,,94.0,,,,,548.96,,,,UTC+0530,Q+CzYexHJ2,,,2a0ee1aa-6c98-4f00-94d9-1275d59542c3.com.samsung.health.exercise.live_data.json,,,com.sec.android.app.shealth,,,,,2025-10-16 05:06:13.550,2a0ee1aa-6c98-4f00-94d9-1275d59542c3,,
f159a199-d7e6-46de-ae74-b76baebbdf42.live_data_internal.json,,0,,,,61.08,,,,,f159a199-d7e6-46de-ae74-b76baebbdf42.sensing_status.json,4,,,,,,,,,,,,,,,457360,,63051050,,,2025-10-16 14:28:12.520,11007,,,,119.0,,,,63051050,131.0,2025-10-16 14:36:55.069,2025-10-16 14:36:55.069,,,,,92.0,,,,,61.08,,,,UTC+0530,Q+CzYexHJ2,,,f159a199-d7e6-46de-ae74-b76baebbdf42.com.samsung.health.exercise.live_data.json,,,com.sec.android.app.shealth,,,,,2025-10-16 14:35:49.880,f159a199-d7e6-46de-ae74-b76baebbdf42,,
4fc6aa8d-d8c8-42c6-b28c-3e64a99df841.live_data_internal.json,,0,,,,48.84,,,,,4fc6aa8d-d8c8-42c6-b28c-3e64a99df841.sensing_status.json,4,,,,,,,,,,,,,,,321160,,63051050,,,2025-10-16 15:41:08.574,11007,,,,108.0,,,,63051050,115.0,2025-10-16 15:47:49.143,2025-10-16 15:47:49.143,,,,,103.0,,,,,48.84,,,,UTC+0530,Q+CzYexHJ2,,,4fc6aa8d-d8c8-42c6-b28c-3e64a99df841.com.samsung.health.exercise.live_data.json,,,com.sec.android.app.shealth,,,,,2025-10-16 15:46:29.734,4fc6aa8d-d8c8-42c6-b28c-3e64a99df841,,
d119cceb-eb26-40d6-b280-7bf23e10f755.live_data_internal.json,,0,,,,560.08,,,,,d119cceb-eb26-40d6-b280-7bf23e10f755.sensing_status.json,1,,,,,,,,,,,,,,,4101641,,63051050,,,2025-10-17 04:03:16.276,15002,,,,122.0,,,,63051050,156.0,2025-10-17 05:11:43.313,2025-10-17 05:11:43.313,,,,,92.0,,,,,560.08,,,,UTC+0530,Q+CzYexHJ2,,,d119cceb-eb26-40d6-b280-7bf23e10f755.com.samsung.health.exercise.live_data.json,,,com.sec.android.app.shealth,,,,,2025-10-17 05:11:37.917,d119cceb-eb26-40d6-b280-7bf23e10f755,,
9b1dd60d-9863-49af-9f6b-0e82ae03a5d8.live_data_internal.json,,0,,,,674.72,,,,,9b1dd60d-9863-49af-9f6b-0e82ae03a5d8.sensing_status.json,1,,,,,,,,,,,,,,,4661577,,63051050,,,2025-10-18 04:12:20.405,15002,,,,127.0,,,,63051050,159.0,2025-10-18 05:30:02.459,2025-10-18 05:30:02.459,,,,,106.0,,,,,674.72,,,,UTC+0530,Q+CzYexHJ2,,,9b1dd60d-9863-49af-9f6b-0e82ae03a5d8.com.samsung.health.exercise.live_data.json,,,com.sec.android.app.shealth,,,,,2025-10-18 05:30:01.982,9b1dd60d-9863-49af-9f6b-0e82ae03a5d8,,
0f8e21b8-081c-4685-86b1-e893648d0f6c.live_data_internal.json,,0,,,,42.98,,,,,0f8e21b8-081c-4685-86b1-e893648d0f6c.sensing_status.json,4,,,,,,,,,,,,,,,328300,,63051050,,,2025-10-18 14:41:35.277,11007,,,,106.0,,,,63051050,124.0,2025-10-18 14:48:25.588,2025-10-18 14:48:25.588,,,,,83.0,,,,,42.98,,,,UTC+0530,Q+CzYexHJ2,,,0f8e21b8-081c-4685-86b1-e893648d0f6c.com.samsung.health.exercise.live_data.json,,,com.sec.android.app.shealth,,,,,2025-10-18 14:47:03.577,0f8e21b8-081c-4685-86b1-e893648d0f6c,,
c9e29de1-c463-4c5a-9cc2-fc4b7820d546.live_data_internal.json,,0,,,,40.8,,,,,c9e29de1-c463-4c5a-9cc2-fc4b7820d546.sensing_status.json,4,,,,,,,,,,,,,,,267660,,63051050,,,2025-10-18 16:11:56.776,11007,,,,112.0,,,,63051050,118.0,2025-10-18 16:17:39.510,2025-10-18 16:17:39.510,,,,,107.0,,,,,40.8,,,,UTC+0530,Q+CzYexHJ2,,,c9e29de1-c463-4c5a-9cc2-fc4b7820d546.com.samsung.health.exercise.live_data.json,,,com.sec.android.app.shealth,,,,,2025-10-18 16:16:24.436,c9e29de1-c463-4c5a-9cc2-fc4b7820d546,,
,,0,,,,36.64,,,,,6c666d9a-03d9-46de-a19f-e84e82ce3cfa.sensing_status.json,4,,,,,,,,,,,,,,,182320,,63051050,,,2025-10-19 06:38:47.129,11007,,,,131.0,,,,63051050,136.0,2025-10-19 06:43:12.034,2025-10-19 06:43:12.034,,,,,128.0,,,,,36.64,,,,UTC+0530,Q+CzYexHJ2,,,,,,com.sec.android.app.shealth,,,,,2025-10-19 06:41:49.449,6c666d9a-03d9-46de-a19f-e84e82ce3cfa,,
fb34c1e9-6133-4935-a22a-e6f2459673bb.live_data_internal.json,,0,,,,25.46,,,,,fb34c1e9-6133-4935-a22a-e6f2459673bb.sensing_status.json,4,,,,,,,,,,,,,,,189880,,63051050,,,2025-10-19 06:43:03.097,11007,,,,80.0,,,,63051050,84.0,2025-10-19 06:47:40.363,2025-10-19 06:47:40.363,,,,,77.0,,,,,25.46,,,,UTC+0530,Q+CzYexHJ2,,,fb34c1e9-6133-4935-a22a-e6f2459673bb.com.samsung.health.exercise.live_data.json,,,com.sec.android.app.shealth,,,,,2025-10-19 06:46:12.977,fb34c1e9-6133-4935-a22a-e6f2459673bb,,
a4047d1b-bff5-4ef3-96b9-7c8d79aee28e.live_data_internal.json,,0,,,,560.39,,,,,a4047d1b-bff5-4ef3-96b9-7c8d79aee28e.sensing_status.json,1,,,,,,,,,,,,,,,3756220,,63051050,,,2025-10-20 04:08:48.240,15002,,,,129.0,,,,63051050,161.0,2025-10-20 05:11:24.968,2025-10-20 05:11:24.968,,,,,54.0,,,,,560.39,,,,UTC+0530,Q+CzYexHJ2,,,a4047d1b-bff5-4ef3-96b9-7c8d79aee28e.com.samsung.health.exercise.live_data.json,,,com.sec.android.app.shealth,,,,,2025-10-20 05:11:24.460,a4047d1b-bff5-4ef3-96b9-7c8d79aee28e,,
6e94e477-c5f1-4b3a-816e-bdfc029020e5.live_data_internal.json,,0,,,,90.44,,,,,6e94e477-c5f1-4b3a-816e-bdfc029020e5.sensing_status.json,4,,,,,,,,,,,,,,,664260,,63051050,,,2025-10-20 11:04:45.094,11007,,,,117.0,,,,63051050,126.0,2025-10-20 11:16:52.242,2025-10-20 11:16:52.242,,,,,102.0,,,,,90.44,,,,UTC+0530,Q+CzYexHJ2,,,6e94e477-c5f1-4b3a-816e-bdfc029020e5.com.samsung.health.exercise.live_data.json,,,com.sec.android.app.shealth,,,,,2025-10-20 11:15:49.354,6e94e477-c5f1-4b3a-816e-bdfc029020e5,,
7774dac0-c1a8-4683-b2e9-2af1e59df655.live_data_internal.json,,0,,,,78.69,,,,,7774dac0-c1a8-4683-b2e9-2af1e59df655.sensing_status.json,4,,,,,,,,,,,,,,,603580,,63051050,,,2025-10-20 12:59:05.423,11007,,,,116.0,,,,63051050,141.0,2025-10-20 13:10:16.163,2025-10-20 13:10:16.163,,,,,76.0,,,,,78.69,,,,UTC+0530,Q+CzYexHJ2,,,7774dac0-c1a8-4683-b2e9-2af1e59df655.com.samsung.health.exercise.live_data.json,,,com.sec.android.app.shealth,,,,,2025-10-20 13:09:09.003,7774dac0-c1a8-4683-b2e9-2af1e59df655,,
e1ff3019-ffc6-44f2-b6fd-91962ce35151.live_data_internal.json,,0,,,,610.62,,,,,e1ff3019-ffc6-44f2-b6fd-91962ce35151.sensing_status.json,1,,,,,,,,,,,,,,,4553743,,63051050,,,2025-10-21 04:14:13.034,15002,,,,121.0,,,,63051050,152.0,2025-10-21 05:30:07.777,2025-10-21 05:30:07.777,,,,,102.0,,,,,610.62,,,,UTC+0530,Q+CzYexHJ2,,,e1ff3019-ffc6-44f2-b6fd-91962ce35151.com.samsung.health.exercise.live_data.json,,,com.sec.android.app.shealth,,,,,2025-10-21 05:30:06.777,e1ff3019-ffc6-44f2-b6fd-91962ce35151,,
cdc1118f-6f52-4980-945e-444dd56e65ab.live_data_internal.json,,0,,,,542.62,,,,,cdc1118f-6f52-4980-945e-444dd56e65ab.sensing_status.json,1,,,,,,,,,,,,,,,4037504,,63051050,,,2025-10-22 04:11:02.915,15002,,,,122.0,,,,63051050,152.0,2025-10-22 05:18:21.085,2025-10-22 05:18:21.085,,,,,104.0,,,,,542.62,,,,UTC+0530,Q+CzYexHJ2,,,cdc1118f-6f52-4980-945e-444dd56e65ab.com.samsung.health.exercise.live_data.json,,,com.sec.android.app.shealth,,,,,2025-10-22 05:18:20.419,cdc1118f-6f52-4980-945e-444dd56e65ab,,
aa9f3af4-91c1-454b-88fc-088028b1d486.live_data_internal.json,,0,,,,26.04,,,,,aa9f3af4-91c1-454b-88fc-088028b1d486.sensing_status.json,4,,,,,,,,,,,,,,,216600,,63051050,,,2025-10-22 06:50:58.059,11007,,,,87.0,,,,63051050,94.0,2025-10-22 06:56:00.488,2025-10-22 06:56:00.488,,,,,78.0,,,,,26.04,,,,UTC+0530,Q+CzYexHJ2,,,aa9f3af4-91c1-454b-88fc-088028b1d486.com.samsung.health.exercise.live_data.json,,,com.sec.android.app.shealth,,,,,2025-10-22 06:54:34.659,aa9f3af4-91c1-454b-88fc-088028b1d486,,
920f3236-01a3-41a7-9d2e-e879f4fddea6.live_data_internal.json,,0,,,,535.21,,,,,920f3236-01a3-41a7-9d2e-e879f4fddea6.sensing_status.json,1,,,,,,,,,,,,,,,3848090,,63051050,,,2025-10-23 04:16:09.541,15002,,,,124.0,,,,63051050,147.0,2025-10-23 05:20:18.474,2025-10-23 05:20:18.474,,,,,91.0,,,,,535.21,,,,UTC+0530,Q+CzYexHJ2,,,920f3236-01a3-41a7-9d2e-e879f4fddea6.com.samsung.health.exercise.live_data.json,,,com.sec.android.app.shealth,,,,,2025-10-23 05:20:17.631,920f3236-01a3-41a7-9d2e-e879f4fddea6,,
,,0,,,,29.13,,,,,2fbe6237-3943-4bb3-9660-8de31e94c072.sensing_status.json,4,,,,,,,,,,,,,,,180880,,63051050,,,2025-10-23 14:42:37.666,11007,,,,114.0,,,,63051050,124.0,2025-10-23 14:47:06.841,2025-10-23 14:47:06.841,,,,,97.0,,,,,29.13,,,,UTC+0530,Q+CzYexHJ2,,,,,,com.sec.android.app.shealth,,,,,2025-10-23 14:45:38.546,2fbe6237-3943-4bb3-9660-8de31e94c072,,
c9a09485-0334-4e5a-94d7-c257a727213d.live_data_internal.json,,0,,,,528.23,,,,,c9a09485-0334-4e5a-94d7-c257a727213d.sensing_status.json,1,,,,,,,,,,,,,,,3768071,,63051050,,,2025-10-24 04:22:00.344,15002,,,,124.0,,,,63051050,176.0,2025-10-24 05:24:48.958,2025-10-24 05:24:48.958,,,,,98.0,,,,,528.23,,,,UTC+0530,Q+CzYexHJ2,,,c9a09485-0334-4e5a-94d7-c257a727213d.com.samsung.health.exercise.live_data.json,,,com.sec.android.app.shealth,,,,,2025-10-24 05:24:48.415,c9a09485-0334-4e5a-94d7-c257a727213d,,
4a6db4ae-c64a-44b8-9072-a5edc1d5beed.live_data_internal.json,,0,,,,537.54,,,,,4a6db4ae-c64a-44b8-9072-a5edc1d5beed.sensing_status.json,1,,,,,,,,,,,,,,,3916055,,63051050,,,2025-10-25 04:16:43.782,15002,,,,124.0,,,,63051050,161.0,2025-10-25 05:22:00.517,2025-10-25 05:22:00.517,,,,,97.0,,,,,537.54,,,,UTC+0530,Q+CzYexHJ2,,,4a6db4ae-c64a-44b8-9072-a5edc1d5beed.com.samsung.health.exercise.live_data.json,,,com.sec.android.app.shealth,,,,,2025-10-25 05:21:59.837,4a6db4ae-c64a-44b8-9072-a5edc1d5beed,,
fb9110d1-1346-4d50-b823-a826c0f8b559.live_data_internal.json,,0,,,,614.0,,,,,fb9110d1-1346-4d50-b823-a826c0f8b559.sensing_status.json,1,,,,,,,,,,,,,,,4794685,,63051050,,,2025-10-27 03:58:48.717,15002,,,,116.0,,,,63051050,143.0,2025-10-27 05:18:43.780,2025-10-27 05:18:43.780,,,,,87.0,,,,,614.0,,,,UTC+0530,Q+CzYexHJ2,,,fb9110d1-1346-4d50-b823-a826c0f8b559.com.samsung.health.exercise.live_data.json,,,com.sec.android.app.shealth,,,,,2025-10-27 05:18:43.402,fb9110d1-1346-4d50-b823-a826c0f8b559,,
0026bec2-ad47-4206-93f9-fb5c86d359e0.live_data_internal.json,,0,,,,45.09,,,,,0026bec2-ad47-4206-93f9-fb5c86d359e0.sensing_status.json,4,,,,,,,,,,,,,,,341500,,63051050,,,2025-10-27 14:39:58.760,11007,,,,104.0,,,,63051050,118.0,2025-10-27 14:46:56.819,2025-10-27 14:46:56.819,,,,,82.0,,,,,45.09,,,,UTC+0530,Q+CzYexHJ2,,,0026bec2-ad47-4206-93f9-fb5c86d359e0.com.samsung.health.exercise.live_data.json,,,com.sec.android.app.shealth,,,,,2025-10-27 14:45:40.260,0026bec2-ad47-4206-93f9-fb5c86d359e0,,
c6dc1b29-3fcd-4289-931e-bfd49e35a7fa.live_data_internal.json,,0,,,,58.48,,,,,c6dc1b29-3fcd-4289-931e-bfd49e35a7fa.sensing_status.json,4,,,,,,,,,,,,,,,448780,,63051050,,,2025-10-27 16:09:37.383,11007,,,,106.0,,,,63051050,130.0,2025-10-27 16:18:20.452,2025-10-27 16:18:20.452,,,,,89.0,,,,,58.48,,,,UTC+0530,Q+CzYexHJ2,,,c6dc1b29-3fcd-4289-931e-bfd49e35a7fa.com.samsung.health.exercise.live_data.json,,,com.sec.android.app.shealth,,,,,2025-10-27 16:17:06.163,c6dc1b29-3fcd-4289-931e-bfd49e35a7fa,,
d94ed181-c106-41c5-86ad-264750a663db.live_data_internal.json,,0,,,,36.47,,,,,d94ed181-c106-41c5-86ad-264750a663db.sensing_status.json,4,,,,,,,,,,,,,,,188940,,63051050,,,2025-10-28 08:27:56.187,11007,,,,121.0,,,,63051050,121.0,2025-10-28 08:32:33.561,2025-10-28 08:32:33.561,,,,,121.0,,,,,36.47,,,,UTC+0530,Q+CzYexHJ2,,,d94ed181-c106-41c5-86ad-264750a663db.com.samsung.health.exercise.live_data.json,,,com.sec.android.app.shealth,,,,,2025-10-28 08:31:05.127,d94ed181-c106-41c5-86ad-264750a663db,,
371bade2-fc2d-4db5-9857-21762e4472c8.live_data_internal.json,,0,,,,617.13,,,,,371bade2-fc2d-4db5-9857-21762e4472c8.sensing_status.json,1,,,,,,,,,,,,,,,4616301,,63051050,,,2025-10-29 04:19:53.064,15002,,,,120.0,,,,63051050,149.0,2025-10-29 05:36:51.057,2025-10-29 05:36:51.057,,,,,84.0,,,,,617.13,,,,UTC+0530,Q+CzYexHJ2,,,371bade2-fc2d-4db5-9857-21762e4472c8.com.samsung.health.exercise.live_data.json,,,com.sec.android.app.shealth,,,,,2025-10-29 05:36:49.365,371bade2-fc2d-4db5-9857-21762e4472c8,,
daba4933-ae94-46da-9027-1834f430a7c7.live_data_internal.json,,0,,,,578.16,,,,,daba4933-ae94-46da-9027-1834f430a7c7.sensing_status.json,1,,,,,,,,,,,,,,,4030066,,63051050,,,2025-10-30 04:14:53.332,15002,,,,127.0,,,,63051050,158.0,2025-10-30 05:22:05.023,2025-10-30 05:22:05.023,,,,,104.0,,,,,578.16,,,,UTC+0530,Q+CzYexHJ2,,,daba4933-ae94-46da-9027-1834f430a7c7.com.samsung.health.exercise.live_data.json,,,com.sec.android.app.shealth,,,,,2025-10-30 05:22:03.398,daba4933-ae94-46da-9027-1834f430a7c7,,
a1093ae6-bb15-4138-a109-c0f5a69b29f2.live_data_internal.json,,0,,,,557.95,,,,,a1093ae6-bb15-4138-a109-c0f5a69b29f2.sensing_status.json,1,,,,,,,,,,,,,,,3979314,,63051050,,,2025-10-31 04:13:16.554,15002,,,,124.0,,,,63051050,161.0,2025-10-31 05:19:36.492,2025-10-31 05:19:36.492,,,,,102.0,,,,,557.95,,,,UTC+0530,Q+CzYexHJ2,,,a1093ae6-bb15-4138-a109-c0f5a69b29f2.com.samsung.health.exercise.live_data.json,,,com.sec.android.app.shealth,,,,,2025-10-31 05:19:35.868,a1093ae6-bb15-4138-a109-c0f5a69b29f2,,
5658fde8-5147-48c5-8762-0b8b336f5904.live_data_internal.json,,0,,,,53.26,,,,,5658fde8-5147-48c5-8762-0b8b336f5904.sensing_status.json,4,,,,,,,,,,,,,,,368980,,63051050,,,2025-10-31 08:00:19.630,11007,,,,107.0,,,,63051050,114.0,2025-10-31 08:07:51.363,2025-10-31 08:07:51.363,,,,,99.0,,,,,53.26,,,,UTC+0530,Q+CzYexHJ2,,,5658fde8-5147-48c5-8762-0b8b336f5904.com.samsung.health.exercise.live_data.json,,,com.sec.android.app.shealth,,,,,2025-10-31 08:06:28.610,5658fde8-5147-48c5-8762-0b8b336f5904,,
0c31adff-fefb-4115-82a0-89d952d2cb4c.live_data_internal.json,,0,,,,419.21,,,,,0c31adff-fefb-4115-82a0-89d952d2cb4c.sensing_status.json,1,,,,,,,,,,,,,,,3324271,,63051050,,,2025-11-01 04:27:14.254,15002,,,,114.0,,,,63051050,140.0,2025-11-01 05:22:38.965,2025-11-01 05:22:38.965,,,,,89.0,,,,,419.21,,,,UTC+0530,Q+CzYexHJ2,,,0c31adff-fefb-4115-82a0-89d952d2cb4c.com.samsung.health.exercise.live_data.json,,,com.sec.android.app.shealth,,,,,2025-11-01 05:22:38.525,0c31adff-fefb-4115-82a0-89d952d2cb4c,,
9b265c87-f901-4293-a0bf-2f86601f37c0.live_data_internal.json,,0,,,,75.85,,,,,9b265c87-f901-4293-a0bf-2f86601f37c0.sensing_status.json,4,,,,,,,,,,,,,,,572860,,63051050,,,2025-11-03 12:41:23.912,11007,,,,106.0,,,,63051050,130.0,2025-11-03 12:52:00.497,2025-11-03 12:52:00.497,,,,,96.0,,,,,75.85,,,,UTC+0530,Q+CzYexHJ2,,,9b265c87-f901-4293-a0bf-2f86601f37c0.com.samsung.health.exercise.live_data.json,,,com.sec.android.app.shealth,,,,,2025-11-03 12:50:56.772,9b265c87-f901-4293-a0bf-2f86601f37c0,,
6204ab2c-a402-4269-b57b-3510c80d5b4c.live_data_internal.json,,0,,,,44.32,,,,,6204ab2c-a402-4269-b57b-3510c80d5b4c.sensing_status.json,4,,,,,,,,,,,,,,,262780,,63051050,,,2025-11-03 14:55:34.868,11007,,,,112.0,,,,63051050,121.0,2025-11-03 15:01:25.795,2025-11-03 15:01:25.795,,,,,108.0,,,,,44.32,,,,UTC+0530,Q+CzYexHJ2,,,6204ab2c-a402-4269-b57b-3510c80d5b4c.com.samsung.health.exercise.live_data.json,,,com.sec.android.app.shealth,,,,,2025-11-03 14:59:57.648,6204ab2c-a402-4269-b57b-3510c80d5b4c,,
0ba65003-3d9a-4b6d-b39b-48b8d56e2298.live_data_internal.json,,0,,,,47.21,,,,,0ba65003-3d9a-4b6d-b39b-48b8d56e2298.sensing_status.json,4,,,,,,,,,,,,,,,323780,,63051050,,,2025-11-03 16:06:20.792,11007,,,,111.0,,,,63051050,124.0,2025-11-03 16:13:11.729,2025-11-03 16:13:11.729,,,,,83.0,,,,,47.21,,,,UTC+0530,Q+CzYexHJ2,,,0ba65003-3d9a-4b6d-b39b-48b8d56e2298.com.samsung.health.exercise.live_data.json,,,com.sec.android.app.shealth,,,,,2025-11-03 16:11:44.572,0ba65003-3d9a-4b6d-b39b-48b8d56e2298,,
f25dd30f-f608-4834-97ff-577f069d55ec.live_data_internal.json,,0,,,,514.32,,,,,f25dd30f-f608-4834-97ff-577f069d55ec.sensing_status.json,1,,,,,,,,,,,,,,,3728881,,63051050,,,2025-11-07 03:59:29.994,15002,,,,123.0,,,,63051050,159.0,2025-11-07 05:01:39.872,2025-11-07 05:01:39.872,,,,,96.0,,,,,514.32,,,,UTC+0530,Q+CzYexHJ2,,,f25dd30f-f608-4834-97ff-577f069d55ec.com.samsung.health.exercise.live_data.json,,,com.sec.android.app.shealth,,,,,2025-11-07 05:01:38.875,f25dd30f-f608-4834-97ff-577f069d55ec,,
83d888d7-b765-43b0-8e6f-05cecf5d3b8e.live_data_internal.json,,0,,,,578.87,,,,,83d888d7-b765-43b0-8e6f-05cecf5d3b8e.sensing_status.json,1,,,,,,,,,,,,,,,4213338,,63051050,,,2025-11-08 04:38:54.100,15002,,,,121.0,,,,63051050,154.0,2025-11-08 05:49:07.998,2025-11-08 05:49:07.998,,,,,52.0,,,,,578.87,,,,UTC+0530,Q+CzYexHJ2,,,83d888d7-b765-43b0-8e6f-05cecf5d3b8e.com.samsung.health.exercise.live_data.json,,,com.sec.android.app.shealth,,,,,2025-11-08 05:49:07.438,83d888d7-b765-43b0-8e6f-05cecf5d3b8e,,
dac9e884-702d-4f17-a31e-4d63203890f6.live_data_internal.json,,0,,,,608.57,,,,,dac9e884-702d-4f17-a31e-4d63203890f6.sensing_status.json,1,,,,,,,,,,,,,,,4592356,,63051050,,,2025-11-10 04:03:11.701,15002,,,,120.0,,,,63051050,157.0,2025-11-10 05:19:44.886,2025-11-10 05:19:44.886,,,,,96.0,,,,,608.57,,,,UTC+0530,Q+CzYexHJ2,,,dac9e884-702d-4f17-a31e-4d63203890f6.com.samsung.health.exercise.live_data.json,,,com.sec.android.app.shealth,,,,,2025-11-10 05:19:44.057,dac9e884-702d-4f17-a31e-4d63203890f6,,
c49e3dc3-64fb-4b85-8510-537ab8e85467.live_data_internal.json,,0,,,,104.39,,,,,c49e3dc3-64fb-4b85-8510-537ab8e85467.sensing_status.json,4,,,,,,,,,,,,,,,870440,,63060070,,,2025-11-13 14:06:44.029,11007,,,,105.0,,,,63060070,129.0,2025-11-13 14:21:50.349,2025-11-13 14:21:50.349,,,,,91.0,,,,,104.39,,,,UTC+0530,Q+CzYexHJ2,,,c49e3dc3-64fb-4b85-8510-537ab8e85467.com.samsung.health.exercise.live_data.json,,,com.sec.android.app.shealth,,,,,2025-11-13 14:21:14.469,c49e3dc3-64fb-4b85-8510-537ab8e85467,,
fc25b1fd-2856-47c1-a495-1f064b13b626.live_data_internal.json,,0,,,,89.25752,,,,,fc25b1fd-2856-47c1-a495-1f064b13b626.sensing_status.json,4,,,,,,,,,,,,,,,897195,,63060070,,,2025-11-15 03:20:59.335,1001,,,,114.0,30001,,,63060070,125.0,2025-11-15 03:38:16.066,2025-11-15 03:38:16.066,,,1.6023333,63.26384,97.0,,946,727.88,,88.0,123.0,,,UTC+0530,Q+CzYexHJ2,,,fc25b1fd-2856-47c1-a495-1f064b13b626.com.samsung.health.exercise.live_data.json,,0.81128407,com.sec.android.app.shealth,,,,,2025-11-15 03:37:00.814,fc25b1fd-2856-47c1-a495-1f064b13b626,,
8ed2e087-8dc0-4568-9416-f16e55a2c6e5.live_data_internal.json,,0,,,,44.74,,,,,8ed2e087-8dc0-4568-9416-f16e55a2c6e5.sensing_status.json,4,,,,,,,,,,,,,,,312520,,63060070,,,2025-11-15 05:02:16.385,11007,,,,108.0,,,,63060070,114.0,2025-11-15 05:08:50.750,2025-11-15 05:08:50.750,,,,,101.0,,,,,44.74,,,,UTC+0530,Q+CzYexHJ2,,,8ed2e087-8dc0-4568-9416-f16e55a2c6e5.com.samsung.health.exercise.live_data.json,,,com.sec.android.app.shealth,,,,,2025-11-15 05:07:28.905,8ed2e087-8dc0-4568-9416-f16e55a2c6e5,,
2a42785d-c5b5-49ee-aad1-1094c9431222.live_data_internal.json,,0,,,,48.26,,,,,2a42785d-c5b5-49ee-aad1-1094c9431222.sensing_status.json,4,,,,,,,,,,,,,,,608941,,63060070,,,2025-11-16 02:27:10.439,0,,,,117.0,,,,63060070,118.0,2025-11-16 02:37:19.487,2025-11-16 02:37:19.487,,,,,117.0,,,,,48.26,,,,UTC+0530,Q+CzYexHJ2,,,2a42785d-c5b5-49ee-aad1-1094c9431222.com.samsung.health.exercise.live_data.json,,,com.sec.android.app.shealth,,,,,2025-11-16 02:37:19.101,2a42785d-c5b5-49ee-aad1-1094c9431222,,
9c026181-9029-4a3f-bbe9-249b37410922.live_data_internal.json,,0,,,,54.14,,,,,9c026181-9029-4a3f-bbe9-249b37410922.sensing_status.json,4,,,,,,,,,,,,,,,406560,,63060070,,,2025-11-16 14:39:06.636,11007,,,,111.0,,,,63060070,126.0,2025-11-16 14:46:55.291,2025-11-16 14:46:55.291,,,,,94.0,,,,,54.14,,,,UTC+0530,Q+CzYexHJ2,,,9c026181-9029-4a3f-bbe9-249b37410922.com.samsung.health.exercise.live_data.json,,,com.sec.android.app.shealth,,,,,2025-11-16 14:45:53.196,9c026181-9029-4a3f-bbe9-249b37410922,,
8c2b126a-2c8d-4ac5-ad16-57a2162d032f.live_data_internal.json,,0,,,,29.76,,,,,8c2b126a-2c8d-4ac5-ad16-57a2162d032f.sensing_status.json,4,,,,,,,,,,,,,,,304400,,63060070,,,2025-11-16 15:49:22.369,11007,,,,82.0,,,,63060070,87.0,2025-11-16 15:55:50.874,2025-11-16 15:55:50.874,,,,,78.0,,,,,29.76,,,,UTC+0530,Q+CzYexHJ2,,,8c2b126a-2c8d-4ac5-ad16-57a2162d032f.com.samsung.health.exercise.live_data.json,,,com.sec.android.app.shealth,,,,,2025-11-16 15:54:26.769,8c2b126a-2c8d-4ac5-ad16-57a2162d032f,,
6bca5aee-a163-4e2c-92f7-c96bf854c71c.live_data_internal.json,,0,,,,693.52,,,,,6bca5aee-a163-4e2c-92f7-c96bf854c71c.sensing_status.json,1,,,,,,,,,,,,,,,5544733,,63060070,,,2025-11-17 04:06:58.733,15002,,,,128.0,,,,63060070,152.0,2025-11-17 05:39:21.092,2025-11-17 05:39:21.092,,,,,84.0,,,,,693.52,,,,UTC+0530,Q+CzYexHJ2,,,6bca5aee-a163-4e2c-92f7-c96bf854c71c.com.samsung.health.exercise.live_data.json,,,com.sec.android.app.shealth,,,,,2025-11-17 05:39:23.466,6bca5aee-a163-4e2c-92f7-c96bf854c71c,,
bcf214d0-a686-41b7-b78e-5f3c79f31bd2.live_data_internal.json,,0,,,,76.6,,,,,bcf214d0-a686-41b7-b78e-5f3c79f31bd2.sensing_status.json,4,,,,,,,,,,,,,,,523240,,63060070,,,2025-11-17 13:06:03.287,11007,,,,126.0,,,,63060070,139.0,2025-11-17 13:16:00.993,2025-11-17 13:16:00.993,,,,,100.0,,,,,76.6,,,,UTC+0530,Q+CzYexHJ2,,,bcf214d0-a686-41b7-b78e-5f3c79f31bd2.com.samsung.health.exercise.live_data.json,,,com.sec.android.app.shealth,,,,,2025-11-17 13:14:46.527,bcf214d0-a686-41b7-b78e-5f3c79f31bd2,,
bb861650-62f2-4028-9f82-49ee0e9c9fc6.live_data_internal.json,,0,,,,554.25,,,,,bb861650-62f2-4028-9f82-49ee0e9c9fc6.sensing_status.json,1,,,,,,,,,,,,,,,4195472,,63060070,,,2025-11-18 04:04:51.547,15002,,,,119.0,,,,63060070,144.0,2025-11-18 05:14:49.122,2025-11-18 05:14:49.122,,,,,87.0,,,,,554.25,,,,UTC+0530,Q+CzYexHJ2,,,bb861650-62f2-4028-9f82-49ee0e9c9fc6.com.samsung.health.exercise.live_data.json,,,com.sec.android.app.shealth,,,,,2025-11-18 05:14:47.019,bb861650-62f2-4028-9f82-49ee0e9c9fc6,,
ad048c2c-b47a-453a-9095-219bc36965b8.live_data_internal.json,,0,,,,52.37,,,,,ad048c2c-b47a-453a-9095-219bc36965b8.sensing_status.json,4,,,,,,,,,,,,,,,660894,,63060070,,,2025-11-18 12:13:57.901,0,,,,115.0,,,,63060070,119.0,2025-11-18 12:24:58.941,2025-11-18 12:24:58.941,,,,,112.0,,,,,52.37,,,,UTC+0530,Q+CzYexHJ2,,,ad048c2c-b47a-453a-9095-219bc36965b8.com.samsung.health.exercise.live_data.json,,,com.sec.android.app.shealth,,,,,2025-11-18 12:24:58.752,ad048c2c-b47a-453a-9095-219bc36965b8,,
d8e5c221-f156-483d-ad04-3f73c8a2f3db.live_data_internal.json,,0,,,,561.33,,,,,d8e5c221-f156-483d-ad04-3f73c8a2f3db.sensing_status.json,1,,,,,,,,,,,,,,,3787702,,63060070,,,2025-11-19 04:05:17.667,15002,,,,128.0,,,,63060070,157.0,2025-11-19 05:08:26.046,2025-11-19 05:08:26.046,,,,,94.0,,,,,561.33,,,,UTC+0530,Q+CzYexHJ2,,,d8e5c221-f156-483d-ad04-3f73c8a2f3db.com.samsung.health.exercise.live_data.json,,,com.sec.android.app.shealth,,,,,2025-11-19 05:08:25.369,d8e5c221-f156-483d-ad04-3f73c8a2f3db,,
4a0983df-983f-4d77-9bed-4b7bc8dad9f8.live_data_internal.json,,0,,,,63.36,,,,,4a0983df-983f-4d77-9bed-4b7bc8dad9f8.sensing_status.json,4,,,,,,,,,,,,,,,440520,,63060070,,,2025-11-19 14:38:58.989,11007,,,,117.0,,,,63060070,123.0,2025-11-19 14:47:31.098,2025-11-19 14:47:31.098,,,,,113.0,,,,,63.36,,,,UTC+0530,Q+CzYexHJ2,,,4a0983df-983f-4d77-9bed-4b7bc8dad9f8.com.samsung.health.exercise.live_data.json,,,com.sec.android.app.shealth,,,,,2025-11-19 14:46:19.509,4a0983df-983f-4d77-9bed-4b7bc8dad9f8,,
c1f29348-cd53-48b8-b5a9-55f4fd8165fd.live_data_internal.json,,0,,,,43.65,,,,,c1f29348-cd53-48b8-b5a9-55f4fd8165fd.sensing_status.json,4,,,,,,,,,,,,,,,244320,,63060070,,,2025-11-19 15:43:17.869,11007,,,,124.0,,,,63060070,133.0,2025-11-19 15:48:49.159,2025-11-19 15:48:49.159,,,,,115.0,,,,,43.65,,,,UTC+0530,Q+CzYexHJ2,,,c1f29348-cd53-48b8-b5a9-55f4fd8165fd.com.samsung.health.exercise.live_data.json,,,com.sec.android.app.shealth,,,,,2025-11-19 15:47:22.189,c1f29348-cd53-48b8-b5a9-55f4fd8165fd,,
8a4183eb-ed7e-4182-a2f6-69640d18ac15.live_data_internal.json,,0,,,,533.86,,,,,8a4183eb-ed7e-4182-a2f6-69640d18ac15.sensing_status.json,1,,,,,,,,,,,,,,,3851572,,63060070,,,2025-11-20 04:13:46.111,15002,,,,123.0,,,,63060070,151.0,2025-11-20 05:17:58.321,2025-11-20 05:17:58.321,,,,,81.0,,,,,533.86,,,,UTC+0530,Q+CzYexHJ2,,,8a4183eb-ed7e-4182-a2f6-69640d18ac15.com.samsung.health.exercise.live_data.json,,,com.sec.android.app.shealth,,,,,2025-11-20 05:17:57.683,8a4183eb-ed7e-4182-a2f6-69640d18ac15,,
1c81ca86-e027-44e9-8178-78d15b688f11.live_data_internal.json,,0,,,,111.09,,,,,1c81ca86-e027-44e9-8178-78d15b688f11.sensing_status.json,4,,,,,,,,,,,,,,,1360702,,63060070,,,2025-11-21 02:57:43.372,0,,,,102.0,,,,63060070,114.0,2025-11-21 03:20:25.220,2025-11-21 03:20:25.220,,,,,94.0,,,,,111.09,,,,UTC+0530,Q+CzYexHJ2,,,1c81ca86-e027-44e9-8178-78d15b688f11.com.samsung.health.exercise.live_data.json,,,com.sec.android.app.shealth,,,,,2025-11-21 03:20:23.988,1c81ca86-e027-44e9-8178-78d15b688f11,,
3591558e-5589-4c64-8b8d-4ed45e4b491b.live_data_internal.json,,0,,,,545.45,,,,,3591558e-5589-4c64-8b8d-4ed45e4b491b.sensing_status.json,1,,,,,,,,,,,,,,,3999948,,63060070,,,2025-11-21 03:56:36.950,15002,,,,122.0,,,,63060070,168.0,2025-11-21 05:03:17.772,2025-11-21 05:03:17.772,,,,,103.0,,,,,545.45,,,,UTC+0530,Q+CzYexHJ2,,,3591558e-5589-4c64-8b8d-4ed45e4b491b.com.samsung.health.exercise.live_data.json,,,com.sec.android.app.shealth,,,,,2025-11-21 05:03:16.898,3591558e-5589-4c64-8b8d-4ed45e4b491b,,
98f12ccf-5b16-4daa-a548-6cbeeed054eb.live_data_internal.json,,0,,,,85.44,,,,,98f12ccf-5b16-4daa-a548-6cbeeed054eb.sensing_status.json,4,,,,,,,,,,,,,,,877606,,63060070,,,2025-11-21 14:05:50.281,0,,,,127.0,,,,63060070,136.0,2025-11-21 14:20:28.039,2025-11-21 14:20:28.039,,,,,117.0,,,,,85.44,,,,UTC+0530,Q+CzYexHJ2,,,98f12ccf-5b16-4daa-a548-6cbeeed054eb.com.samsung.health.exercise.live_data.json,,,com.sec.android.app.shealth,,,,,2025-11-21 14:20:27.778,98f12ccf-5b16-4daa-a548-6cbeeed054eb,,
40f4b143-fdd5-4cc2-9c1e-ef300182cfa8.live_data_internal.json,,0,,,,54.45,,,,,40f4b143-fdd5-4cc2-9c1e-ef300182cfa8.sensing_status.json,4,,,,,,,,,,,,,,,360500,,63060070,,,2025-11-21 15:48:51.978,11007,,,,119.0,,,,63060070,127.0,2025-11-21 15:56:06.031,2025-11-21 15:56:06.031,,,,,111.0,,,,,54.45,,,,UTC+0530,Q+CzYexHJ2,,,40f4b143-fdd5-4cc2-9c1e-ef300182cfa8.com.samsung.health.exercise.live_data.json,,,com.sec.android.app.shealth,,,,,2025-11-21 15:54:52.478,40f4b143-fdd5-4cc2-9c1e-ef300182cfa8,,
8267bd4e-6e32-4a8d-8b36-aee7a2670e7c.live_data_internal.json,,0,,,,461.96,,,,,8267bd4e-6e32-4a8d-8b36-aee7a2670e7c.sensing_status.json,1,,,,,,,,,,,,,,,3294163,,63060070,,,2025-11-22 04:11:33.432,15002,,,,124.0,,,,63060070,153.0,2025-11-22 05:06:28.109,2025-11-22 05:06:28.109,,,,,109.0,,,,,461.96,,,,UTC+0530,Q+CzYexHJ2,,,8267bd4e-6e32-4a8d-8b36-aee7a2670e7c.com.samsung.health.exercise.live_data.json,,,com.sec.android.app.shealth,,,,,2025-11-22 05:06:27.595,8267bd4e-6e32-4a8d-8b36-aee7a2670e7c,,
7a815dbf-d037-4719-81ab-b518ab432567.live_data_internal.json,,0,,,,37.09,,,,,7a815dbf-d037-4719-81ab-b518ab432567.sensing_status.json,4,,,,,,,,,,,,,,,264100,,63060070,,,2025-11-22 06:23:19.209,11007,,,,112.0,,,,63060070,122.0,2025-11-22 06:29:07.245,2025-11-22 06:29:07.245,,,,,107.0,,,,,37.09,,,,UTC+0530,Q+CzYexHJ2,,,7a815dbf-d037-4719-81ab-b518ab432567.com.samsung.health.exercise.live_data.json,,,com.sec.android.app.shealth,,,,,2025-11-22 06:27:43.309,7a815dbf-d037-4719-81ab-b518ab432567,,
2da3a531-f7d3-4cc8-89c6-74b884554a3e.live_data_internal.json,,0,,,,51.2,,,,,2da3a531-f7d3-4cc8-89c6-74b884554a3e.sensing_status.json,4,,,,,,,,,,,,,,,395500,,63060070,,,2025-11-22 07:39:29.025,11007,,,,115.0,,,,63060070,129.0,2025-11-22 07:47:23.983,2025-11-22 07:47:23.983,,,,,90.0,,,,,51.2,,,,UTC+0530,Q+CzYexHJ2,,,2da3a531-f7d3-4cc8-89c6-74b884554a3e.com.samsung.health.exercise.live_data.json,,,com.sec.android.app.shealth,,,,,2025-11-22 07:46:04.525,2da3a531-f7d3-4cc8-89c6-74b884554a3e,,
c91c0494-5927-4b71-88c8-310d6e9f789c.live_data_internal.json,,0,,,,176.3656,,,,,c91c0494-5927-4b71-88c8-310d6e9f789c.sensing_status.json,4,,,,,,,,,,,,,,,1442659,,63060070,,,2025-11-23 12:35:04.683,0,,,,130.0,,,,63060070,147.0,2025-11-23 12:59:08.825,2025-11-23 12:59:08.825,,,,,113.0,,,,,176.36,,,,UTC+0530,Q+CzYexHJ2,,,c91c0494-5927-4b71-88c8-310d6e9f789c.com.samsung.health.exercise.live_data.json,,,com.sec.android.app.shealth,,,,,2025-11-23 12:59:07.628,c91c0494-5927-4b71-88c8-310d6e9f789c,,
9c2cb68f-6be9-44ae-bf2e-dd07cff8aad7.live_data_internal.json,,0,,,,77.83538,,,,,9c2cb68f-6be9-44ae-bf2e-dd07cff8aad7.sensing_status.json,4,,,,,,,,,,,,,,,747982,,63060070,,,2025-11-23 13:50:38.369,1001,,,,99.0,30001,,,63060070,117.0,2025-11-23 14:05:55.272,2025-11-23 14:05:55.272,,,1.5183879,77.88957,74.0,,971,724.22,,76.0,93.0,,,UTC+0530,Q+CzYexHJ2,,,9c2cb68f-6be9-44ae-bf2e-dd07cff8aad7.com.samsung.health.exercise.live_data.json,,0.9682318,com.sec.android.app.shealth,,,,,2025-11-23 14:04:40.175,9c2cb68f-6be9-44ae-bf2e-dd07cff8aad7,,
3ea70d09-dc6d-4b46-bc80-0541a98e50a0.live_data_internal.json,,0,,,,753.73,,,,,3ea70d09-dc6d-4b46-bc80-0541a98e50a0.sensing_status.json,1,,,,,,,,,,,,,,,4819468,,63060070,,,2025-11-24 03:58:43.614,15002,,,,133.0,,,,63060070,174.0,2025-11-24 05:19:03.535,2025-11-24 05:19:03.535,,,,,102.0,,,,,753.73,,,,UTC+0530,Q+CzYexHJ2,,,3ea70d09-dc6d-4b46-bc80-0541a98e50a0.com.samsung.health.exercise.live_data.json,,,com.sec.android.app.shealth,,,,,2025-11-24 05:19:03.082,3ea70d09-dc6d-4b46-bc80-0541a98e50a0,,
a9ec0231-20ef-4ad6-a01e-ee5179c32072.live_data_internal.json,,0,,,,502.39,,,,,a9ec0231-20ef-4ad6-a01e-ee5179c32072.sensing_status.json,1,,,,,,,,,,,,,,,3606849,,63060070,,,2025-11-25 04:15:56.254,15002,,,,125.0,,,,63060070,151.0,2025-11-25 05:16:03.439,2025-11-25 05:16:03.439,,,,,107.0,,,,,502.39,,,,UTC+0530,mP8yc45n7o,,,a9ec0231-20ef-4ad6-a01e-ee5179c32072.com.samsung.health.exercise.live_data.json,,,com.sec.android.app.shealth,,,,,2025-11-25 05:16:03.103,a9ec0231-20ef-4ad6-a01e-ee5179c32072,,
b7f4dea9-cb7b-40c6-a5fc-c0b97b27f02f.live_data_internal.json,,0,,,,137.63782,,,,,b7f4dea9-cb7b-40c6-a5fc-c0b97b27f02f.sensing_status.json,4,,,,,,,,,,,,,,,1496378,,63060070,,,2025-11-25 11:31:45.331,0,,,,114.0,,,,63060070,124.0,2025-11-25 11:56:42.852,2025-11-25 11:56:42.852,,,,,102.0,,,,,137.63,,,,UTC+0530,mP8yc45n7o,,,b7f4dea9-cb7b-40c6-a5fc-c0b97b27f02f.com.samsung.health.exercise.live_data.json,,,com.sec.android.app.shealth,,,,,2025-11-25 11:56:42.110,b7f4dea9-cb7b-40c6-a5fc-c0b97b27f02f,,
76378b6f-740c-4671-9188-25d2e0dcf966.live_data_internal.json,,0,,,,57.36,,,,,76378b6f-740c-4671-9188-25d2e0dcf966.sensing_status.json,4,,,,,,,,,,,,,,,432440,,63060070,,,2025-11-27 14:40:31.387,11007,,,,116.0,,,,63060070,136.0,2025-11-27 14:48:49.601,2025-11-27 14:48:49.601,,,,,88.0,,,,,57.36,,,,UTC+0530,mP8yc45n7o,,,76378b6f-740c-4671-9188-25d2e0dcf966.com.samsung.health.exercise.live_data.json,,,com.sec.android.app.shealth,,,,,2025-11-27 14:47:43.827,76378b6f-740c-4671-9188-25d2e0dcf966,,
2c46d6df-adcd-4ed8-ba9d-6b5001ed8b09.live_data_internal.json,,0,,,,48.96,,,,,2c46d6df-adcd-4ed8-ba9d-6b5001ed8b09.sensing_status.json,4,,,,,,,,,,,,,,,306400,,63060070,,,2025-11-27 16:08:45.521,11007,,,,105.0,,,,63060070,131.0,2025-11-27 16:15:19.382,2025-11-27 16:15:19.382,,,,,88.0,,,,,48.96,,,,UTC+0530,mP8yc45n7o,,,2c46d6df-adcd-4ed8-ba9d-6b5001ed8b09.com.samsung.health.exercise.live_data.json,,,com.sec.android.app.shealth,,,,,2025-11-27 16:13:51.921,2c46d6df-adcd-4ed8-ba9d-6b5001ed8b09,,
8e6a1c14-7d54-4c96-ba06-9bf82ed0cd99.live_data_internal.json,,0,,,,510.82,,,,,8e6a1c14-7d54-4c96-ba06-9bf82ed0cd99.sensing_status.json,1,,,,,,,,,,,,,,,3546489,,63060070,,,2025-11-28 04:07:46.857,15002,,,,127.0,,,,63060070,159.0,2025-11-28 05:06:53.838,2025-11-28 05:06:53.838,,,,,85.0,,,,,510.82,,,,UTC+0530,mP8yc45n7o,,,8e6a1c14-7d54-4c96-ba06-9bf82ed0cd99.com.samsung.health.exercise.live_data.json,,,com.sec.android.app.shealth,,,,,2025-11-28 05:06:53.346,8e6a1c14-7d54-4c96-ba06-9bf82ed0cd99,,
bba6df2f-97e0-49ba-872b-ba4a20079c5d.live_data_internal.json,,0,,,,527.9,,,,,bba6df2f-97e0-49ba-872b-ba4a20079c5d.sensing_status.json,1,,,,,,,,,,,,,,,4040474,,63060070,,,2025-11-29 04:12:23.263,15002,,,,119.0,,,,63060070,179.0,2025-11-29 05:19:49.222,2025-11-29 05:19:49.222,,,,,96.0,,,,,527.9,,,,UTC+0530,mP8yc45n7o,,,bba6df2f-97e0-49ba-872b-ba4a20079c5d.com.samsung.health.exercise.live_data.json,,,com.sec.android.app.shealth,,,,,2025-11-29 05:19:43.737,bba6df2f-97e0-49ba-872b-ba4a20079c5d,,
dc8bbe37-50f8-4d99-897c-f256112913fc.live_data_internal.json,,0,,,,38.12,,,,,dc8bbe37-50f8-4d99-897c-f256112913fc.sensing_status.json,4,,,,,,,,,,,,,,,250900,,63060070,,,2025-11-29 06:50:33.292,11007,,,,104.0,,,,63060070,107.0,2025-11-29 06:56:07.774,2025-11-29 06:56:07.774,,,,,103.0,,,,,38.12,,,,UTC+0530,mP8yc45n7o,,,dc8bbe37-50f8-4d99-897c-f256112913fc.com.samsung.health.exercise.live_data.json,,,com.sec.android.app.shealth,,,,,2025-11-29 06:54:44.192,dc8bbe37-50f8-4d99-897c-f256112913fc,,
d8131a3a-43e2-4513-a9ae-c7986c57074a.live_data_internal.json,,0,,,,33.51,,,,,d8131a3a-43e2-4513-a9ae-c7986c57074a.sensing_status.json,4,,,,,,,,,,,,,,,310320,,63060070,,,2025-11-29 07:29:12.468,11007,,,,86.0,,,,63060070,95.0,2025-11-29 07:35:43.179,2025-11-29 07:35:43.179,,,,,79.0,,,,,33.51,,,,UTC+0530,mP8yc45n7o,,,d8131a3a-43e2-4513-a9ae-c7986c57074a.com.samsung.health.exercise.live_data.json,,,com.sec.android.app.shealth,,,,,2025-11-29 07:34:22.788,d8131a3a-43e2-4513-a9ae-c7986c57074a,,
dae4c96f-74c1-4b07-bd65-c51c2ac2bf1b.live_data_internal.json,,0,,,,61.55,,,,,dae4c96f-74c1-4b07-bd65-c51c2ac2bf1b.sensing_status.json,4,,,,,,,,,,,,,,,482120,,63060070,,,2025-11-29 14:10:40.962,11007,,,,110.0,,,,63060070,127.0,2025-11-29 14:19:44.231,2025-11-29 14:19:44.231,,,,,87.0,,,,,61.55,,,,UTC+0530,mP8yc45n7o,,,dae4c96f-74c1-4b07-bd65-c51c2ac2bf1b.com.samsung.health.exercise.live_data.json,,,com.sec.android.app.shealth,,,,,2025-11-29 14:18:43.082,dae4c96f-74c1-4b07-bd65-c51c2ac2bf1b,,
65c228df-0d18-43b2-bd24-7437b785a18f.live_data_internal.json,,0,,,,36.47,,,,,65c228df-0d18-43b2-bd24-7437b785a18f.sensing_status.json,4,,,,,,,,,,,,,,,205780,,63060070,,,2025-11-29 16:35:55.595,11007,,,,106.0,,,,63060070,109.0,2025-11-29 16:40:48.394,2025-11-29 16:40:48.394,,,,,106.0,,,,,36.47,,,,UTC+0530,mP8yc45n7o,,,65c228df-0d18-43b2-bd24-7437b785a18f.com.samsung.health.exercise.live_data.json,,,com.sec.android.app.shealth,,,,,2025-11-29 16:39:21.375,65c228df-0d18-43b2-bd24-7437b785a18f,,
3d747e61-86f3-445a-8016-fe097b93d97b.live_data_internal.json,,0,,,,104.74837,,,,,3d747e61-86f3-445a-8016-fe097b93d97b.sensing_status.json,4,,,,,,,,,,,,,,,1026138,,63060070,,,2025-11-30 14:43:53.267,1001,,,,98.0,30001,,,63060070,108.0,2025-11-30 15:04:35.806,2025-11-30 15:04:35.806,,,1.5555556,75.07763,82.0,,1284,851.91,,102.0,115.0,,,UTC+0530,mP8yc45n7o,,,3d747e61-86f3-445a-8016-fe097b93d97b.com.samsung.health.exercise.live_data.json,,0.83021,com.sec.android.app.shealth,,,,,2025-11-30 15:03:20.374,3d747e61-86f3-445a-8016-fe097b93d97b,,
5dfd6939-8a2f-42d9-b6d0-6a47aef1b4ec.live_data_internal.json,,0,,,,516.7,,,,,5dfd6939-8a2f-42d9-b6d0-6a47aef1b4ec.sensing_status.json,1,,,,,,,,,,,,,,,3440523,,63060070,,,2025-12-01 04:00:27.492,15002,,,,130.0,,,,63060070,162.0,2025-12-01 04:57:48.409,2025-12-01 04:57:48.409,,,,,103.0,,,,,516.7,,,,UTC+0530,mP8yc45n7o,,,5dfd6939-8a2f-42d9-b6d0-6a47aef1b4ec.com.samsung.health.exercise.live_data.json,,,com.sec.android.app.shealth,,,,,2025-12-01 04:57:48.015,5dfd6939-8a2f-42d9-b6d0-6a47aef1b4ec,,
5608c1a8-bc2d-41a1-93c4-ef52630b8484.live_data_internal.json,,0,,,,58.92,,,,,5608c1a8-bc2d-41a1-93c4-ef52630b8484.sensing_status.json,4,,,,,,,,,,,,,,,417200,,63060070,,,2025-12-01 14:35:16.562,11007,,,,111.0,,,,63060070,123.0,2025-12-01 14:43:38.414,2025-12-01 14:43:38.414,,,,,91.0,,,,,58.92,,,,UTC+0530,mP8yc45n7o,,,5608c1a8-bc2d-41a1-93c4-ef52630b8484.com.samsung.health.exercise.live_data.json,,,com.sec.android.app.shealth,,,,,2025-12-01 14:42:13.762,5608c1a8-bc2d-41a1-93c4-ef52630b8484,,
490e28e3-0991-42ea-85f6-0c94dc94b2f3.live_data_internal.json,,0,,,,555.64,,,,,490e28e3-0991-42ea-85f6-0c94dc94b2f3.sensing_status.json,1,,,,,,,,,,,,,,,3734608,,63060070,,,2025-12-02 04:08:26.476,15002,,,,128.0,,,,63060070,155.0,2025-12-02 05:10:41.698,2025-12-02 05:10:41.698,,,,,96.0,,,,,555.64,,,,UTC+0530,mP8yc45n7o,,,490e28e3-0991-42ea-85f6-0c94dc94b2f3.com.samsung.health.exercise.live_data.json,,,com.sec.android.app.shealth,,,,,2025-12-02 05:10:41.084,490e28e3-0991-42ea-85f6-0c94dc94b2f3,,
94e3c824-2c48-43a6-bc49-1dd9a512a475.live_data_internal.json,,0,,,,35.56,,,,,94e3c824-2c48-43a6-bc49-1dd9a512a475.sensing_status.json,4,,,,,,,,,,,,,,,346360,,63060070,,,2025-12-03 07:25:43.154,11007,,,,84.0,,,,63060070,95.0,2025-12-03 07:32:48.495,2025-12-03 07:32:48.495,,,,,75.0,,,,,35.56,,,,UTC+0530,mP8yc45n7o,,,94e3c824-2c48-43a6-bc49-1dd9a512a475.com.samsung.health.exercise.live_data.json,,,com.sec.android.app.shealth,,,,,2025-12-03 07:31:29.514,94e3c824-2c48-43a6-bc49-1dd9a512a475,,
0ff824d3-382f-424f-8828-b13e5ebf725f.live_data_internal.json,,0,,,,50.08,,,,,0ff824d3-382f-424f-8828-b13e5ebf725f.sensing_status.json,4,,,,,,,,,,,,,,,325700,,63060070,,,2025-12-03 15:04:54.578,11007,,,,105.0,,,,63060070,114.0,2025-12-03 15:11:44.865,2025-12-03 15:11:44.865,,,,,98.0,,,,,50.08,,,,UTC+0530,mP8yc45n7o,,,0ff824d3-382f-424f-8828-b13e5ebf725f.com.samsung.health.exercise.live_data.json,,,com.sec.android.app.shealth,,,,,2025-12-03 15:10:20.278,0ff824d3-382f-424f-8828-b13e5ebf725f,,
12ed90b1-60ee-4f43-94bd-44f943ba29cf.live_data_internal.json,,0,,,,46.03,,,,,12ed90b1-60ee-4f43-94bd-44f943ba29cf.sensing_status.json,4,,,,,,,,,,,,,,,279340,,63060070,,,2025-12-03 16:18:08.665,11007,,,,112.0,,,,63060070,121.0,2025-12-03 16:24:02.799,2025-12-03 16:24:02.799,,,,,103.0,,,,,46.03,,,,UTC+0530,mP8yc45n7o,,,12ed90b1-60ee-4f43-94bd-44f943ba29cf.com.samsung.health.exercise.live_data.json,,,com.sec.android.app.shealth,,,,,2025-12-03 16:22:48.005,12ed90b1-60ee-4f43-94bd-44f943ba29cf,,
53a46675-fd81-498c-b880-1f0bd1b5c15e.live_data_internal.json,,0,,,,51.28,,,,,53a46675-fd81-498c-b880-1f0bd1b5c15e.sensing_status.json,4,,,,,,,,,,,,,,,312900,,63060070,,,2025-12-04 15:50:33.090,11007,,,,113.0,,,,63060070,126.0,2025-12-04 15:57:10.964,2025-12-04 15:57:10.964,,,,,82.0,,,,,51.28,,,,UTC+0530,mP8yc45n7o,,,53a46675-fd81-498c-b880-1f0bd1b5c15e.com.samsung.health.exercise.live_data.json,,,com.sec.android.app.shealth,,,,,2025-12-04 15:55:45.990,53a46675-fd81-498c-b880-1f0bd1b5c15e,,
a181470c-be8c-41a6-9262-06a14b1adb52.live_data_internal.json,,0,,,,487.93,,,,,a181470c-be8c-41a6-9262-06a14b1adb52.sensing_status.json,1,,,,,,,,,,,,,,,3666299,,63060070,,,2025-12-05 04:00:05.510,15002,,,,121.0,,,,63060070,149.0,2025-12-05 05:01:12.106,2025-12-05 05:01:12.106,,,,,103.0,,,,,487.93,,,,UTC+0530,mP8yc45n7o,,,a181470c-be8c-41a6-9262-06a14b1adb52.com.samsung.health.exercise.live_data.json,,,com.sec.android.app.shealth,,,,,2025-12-05 05:01:11.809,a181470c-be8c-41a6-9262-06a14b1adb52,,
7d801383-097c-4f14-85f2-2e4ceadd173c.live_data_internal.json,,0,,,,525.74,,,,,7d801383-097c-4f14-85f2-2e4ceadd173c.sensing_status.json,1,,,,,,,,,,,,,,,4066174,,63060070,,,2025-12-06 04:16:38.701,15002,,,,119.0,,,,63060070,168.0,2025-12-06 05:24:25.236,2025-12-06 05:24:25.236,,,,,96.0,,,,,525.74,,,,UTC+0530,mP8yc45n7o,,,7d801383-097c-4f14-85f2-2e4ceadd173c.com.samsung.health.exercise.live_data.json,,,com.sec.android.app.shealth,,,,,2025-12-06 05:24:24.875,7d801383-097c-4f14-85f2-2e4ceadd173c,,
f0c59f88-f4f2-4b82-8eef-bb34bb96e143.live_data_internal.json,,0,,,,45.41,,,,,f0c59f88-f4f2-4b82-8eef-bb34bb96e143.sensing_status.json,4,,,,,,,,,,,,,,,303800,,63060070,,,2025-12-07 07:06:12.827,11007,,,,123.0,,,,63060070,131.0,2025-12-07 07:12:42.009,2025-12-07 07:12:42.009,,,,,112.0,,,,,45.41,,,,UTC+0530,mP8yc45n7o,,,f0c59f88-f4f2-4b82-8eef-bb34bb96e143.com.samsung.health.exercise.live_data.json,,,com.sec.android.app.shealth,,,,,2025-12-07 07:11:16.627,f0c59f88-f4f2-4b82-8eef-bb34bb96e143,,
ca41de68-ad5a-40fa-ab8b-652d8f7546ab.live_data_internal.json,,0,,,,564.6,,,,,ca41de68-ad5a-40fa-ab8b-652d8f7546ab.sensing_status.json,1,,,,,,,,,,,,,,,4285613,,63060070,,,2025-12-08 04:08:11.148,15002,,,,119.0,,,,63060070,149.0,2025-12-08 05:19:37.084,2025-12-08 05:19:37.084,,,,,97.0,,,,,564.6,,,,UTC+0530,mP8yc45n7o,,,ca41de68-ad5a-40fa-ab8b-652d8f7546ab.com.samsung.health.exercise.live_data.json,,,com.sec.android.app.shealth,,,,,2025-12-08 05:19:36.761,ca41de68-ad5a-40fa-ab8b-652d8f7546ab,,
ab8df154-3a78-44af-9ec4-59e56e496741.live_data_internal.json,,0,,,,59.9,,,,,ab8df154-3a78-44af-9ec4-59e56e496741.sensing_status.json,4,,,,,,,,,,,,,,,455520,,63060070,,,2025-12-08 13:04:05.975,11007,,,,111.0,,,,63060070,122.0,2025-12-08 13:12:56.695,2025-12-08 13:12:56.695,,,,,73.0,,,,,59.9,,,,UTC+0530,mP8yc45n7o,,,ab8df154-3a78-44af-9ec4-59e56e496741.com.samsung.health.exercise.live_data.json,,,com.sec.android.app.shealth,,,,,2025-12-08 13:11:41.495,ab8df154-3a78-44af-9ec4-59e56e496741,,
e16c902e-10a8-4664-9049-f4ee7f2010f3.live_data_internal.json,,0,,,,36.24,,,,,e16c902e-10a8-4664-9049-f4ee7f2010f3.sensing_status.json,4,,,,,,,,,,,,,,,252960,,63060070,,,2025-12-08 15:06:11.229,11007,,,,100.0,,,,63060070,106.0,2025-12-08 15:11:43.768,2025-12-08 15:11:43.768,,,,,91.0,,,,,36.24,,,,UTC+0530,mP8yc45n7o,,,e16c902e-10a8-4664-9049-f4ee7f2010f3.com.samsung.health.exercise.live_data.json,,,com.sec.android.app.shealth,,,,,2025-12-08 15:10:24.189,e16c902e-10a8-4664-9049-f4ee7f2010f3,,
addeb1a5-98de-464a-8062-40b9b5bd375a.live_data_internal.json,,0,,,,67.0,,,,,addeb1a5-98de-464a-8062-40b9b5bd375a.sensing_status.json,4,,,,,,,,,,,,,,,647135,,63060070,,,2025-12-10 07:06:40.128,1001,,,,122.0,30001,,,63060070,144.0,2025-12-10 07:18:42.626,2025-12-10 07:18:42.626,,,1.8032817,108.01456,85.0,,1165,932.59,,67.0,127.0,,,UTC+0530,mP8yc45n7o,,,addeb1a5-98de-464a-8062-40b9b5bd375a.com.samsung.health.exercise.live_data.json,,1.4411058,com.sec.android.app.shealth,,,,,2025-12-10 07:17:27.262,addeb1a5-98de-464a-8062-40b9b5bd375a,,
d57062cf-4a7f-4d61-a599-16bcd9d11303.live_data_internal.json,,0,,,,63.22,,,,,d57062cf-4a7f-4d61-a599-16bcd9d11303.sensing_status.json,4,,,,,,,,,,,,,,,418960,,63060070,,,2025-12-10 14:24:10.783,11007,,,,117.0,,,,63060070,127.0,2025-12-10 14:32:29.092,2025-12-10 14:32:29.092,,,,,110.0,,,,,63.22,,,,UTC+0530,mP8yc45n7o,,,d57062cf-4a7f-4d61-a599-16bcd9d11303.com.samsung.health.exercise.live_data.json,,,com.sec.android.app.shealth,,,,,2025-12-10 14:31:09.743,d57062cf-4a7f-4d61-a599-16bcd9d11303,,
c6e591ee-8c16-4ca7-9f14-8f9600b9ae0d.live_data_internal.json,,0,,,,41.07,,,,,c6e591ee-8c16-4ca7-9f14-8f9600b9ae0d.sensing_status.json,4,,,,,,,,,,,,,,,267860,,63060070,,,2025-12-10 15:35:56.713,11007,,,,90.0,,,,63060070,106.0,2025-12-10 15:41:48.865,2025-12-10 15:41:48.865,,,,,81.0,,,,,41.07,,,,UTC+0530,mP8yc45n7o,,,c6e591ee-8c16-4ca7-9f14-8f9600b9ae0d.com.samsung.health.exercise.live_data.json,,,com.sec.android.app.shealth,,,,,2025-12-10 15:40:24.573,c6e591ee-8c16-4ca7-9f14-8f9600b9ae0d,,
e7dd0567-aa9a-4756-90cd-00fb5933fcb2.live_data_internal.json,,0,,,,554.87,,,,,e7dd0567-aa9a-4756-90cd-00fb5933fcb2.sensing_status.json,1,,,,,,,,,,,,,,,3972082,,63060070,,,2025-12-12 04:01:48.386,15002,,,,123.0,,,,63060070,180.0,2025-12-12 05:08:03.461,2025-12-12 05:08:03.461,,,,,100.0,,,,,554.87,,,,UTC+0530,mP8yc45n7o,,,e7dd0567-aa9a-4756-90cd-00fb5933fcb2.com.samsung.health.exercise.live_data.json,,,com.sec.android.app.shealth,,,,,2025-12-12 05:08:00.468,e7dd0567-aa9a-4756-90cd-00fb5933fcb2,,
2a4f3a96-16da-4e2e-bcb7-51c5c88ef745.live_data_internal.json,,0,,,,661.03,,,,,2a4f3a96-16da-4e2e-bcb7-51c5c88ef745.sensing_status.json,1,,,,,,,,,,,,,,,5778772,,63070030,,,2025-12-13 04:17:04.549,15002,,,,121.0,,,,63070030,174.0,2025-12-13 05:53:23.642,2025-12-13 05:53:23.642,,,,,97.0,,,,,661.03,,,,UTC+0530,mP8yc45n7o,,,2a4f3a96-16da-4e2e-bcb7-51c5c88ef745.com.samsung.health.exercise.live_data.json,,,com.sec.android.app.shealth,,,,,2025-12-13 05:53:23.321,2a4f3a96-16da-4e2e-bcb7-51c5c88ef745,,
d364c28e-71e2-4491-bcd1-17c8efca072b.live_data_internal.json,,0,,,,127.47,,,,,d364c28e-71e2-4491-bcd1-17c8efca072b.sensing_status.json,4,,,,,,,,,,,,,,,1086440,,63070030,,,2025-12-14 03:00:07.794,11007,,,,109.0,,,,63070030,140.0,2025-12-14 03:19:19.754,2025-12-14 03:19:19.754,,,,,88.0,,,,,127.47,,,,UTC+0530,mP8yc45n7o,,,d364c28e-71e2-4491-bcd1-17c8efca072b.com.samsung.health.exercise.live_data.json,,,com.sec.android.app.shealth,,,,,2025-12-14 03:18:14.234,d364c28e-71e2-4491-bcd1-17c8efca072b,,
45705ff0-6da1-43ab-9944-7e83ef23ba79.live_data_internal.json,,0,,,,135.22,,,,,45705ff0-6da1-43ab-9944-7e83ef23ba79.sensing_status.json,4,,,,,,,,,,,,,,,1055340,,63070030,,,2025-12-14 04:02:16.638,11007,,,,105.0,,,,63070030,122.0,2025-12-14 04:20:53.598,2025-12-14 04:20:53.598,,,,,89.0,,,,,135.22,,,,UTC+0530,mP8yc45n7o,,,45705ff0-6da1-43ab-9944-7e83ef23ba79.com.samsung.health.exercise.live_data.json,,,com.sec.android.app.shealth,,,,,2025-12-14 04:19:51.978,45705ff0-6da1-43ab-9944-7e83ef23ba79,,
437a8d24-db49-4363-8de7-3498dd337ad3.live_data_internal.json,,0,,,,586.31,,,,,437a8d24-db49-4363-8de7-3498dd337ad3.sensing_status.json,1,,,,,,,,,,,,,,,4427902,,63070030,,,2025-12-15 04:04:38.545,15002,,,,120.0,,,,63070030,178.0,2025-12-15 05:18:31.792,2025-12-15 05:18:31.792,,,,,90.0,,,,,586.31,,,,UTC+0530,mP8yc45n7o,,,437a8d24-db49-4363-8de7-3498dd337ad3.com.samsung.health.exercise.live_data.json,,,com.sec.android.app.shealth,,,,,2025-12-15 05:18:26.447,437a8d24-db49-4363-8de7-3498dd337ad3,,
9efd896c-01a3-4d17-bd49-64b0d676b926.live_data_internal.json,,0,,,,575.28,,,,,9efd896c-01a3-4d17-bd49-64b0d676b926.sensing_status.json,1,,,,,,,,,,,,,,,4280399,,63070030,,,2025-12-16 03:55:30.853,15002,,,,122.0,,,,63070030,159.0,2025-12-16 05:06:51.563,2025-12-16 05:06:51.563,,,,,99.0,,,,,575.28,,,,UTC+0530,mP8yc45n7o,,,9efd896c-01a3-4d17-bd49-64b0d676b926.com.samsung.health.exercise.live_data.json,,,com.sec.android.app.shealth,,,,,2025-12-16 05:06:51.252,9efd896c-01a3-4d17-bd49-64b0d676b926,,
3428f6c9-fc2e-4413-a53c-2195ea323ad5.live_data_internal.json,,0,,,,36.94,,,,,3428f6c9-fc2e-4413-a53c-2195ea323ad5.sensing_status.json,4,,,,,,,,,,,,,,,229740,,63070030,,,2025-12-16 14:44:34.825,11007,,,,105.0,,,,63070030,110.0,2025-12-16 14:49:52.434,2025-12-16 14:49:52.434,,,,,103.0,,,,,36.94,,,,UTC+0530,mP8yc45n7o,,,3428f6c9-fc2e-4413-a53c-2195ea323ad5.com.samsung.health.exercise.live_data.json,,,com.sec.android.app.shealth,,,,,2025-12-16 14:48:24.565,3428f6c9-fc2e-4413-a53c-2195ea323ad5,,
067aad25-d12a-4c6f-80f6-db12b5508427.live_data_internal.json,,0,,,,29.12,,,,,067aad25-d12a-4c6f-80f6-db12b5508427.sensing_status.json,4,,,,,,,,,,,,,,,204860,,63070030,,,2025-12-16 14:54:02.682,11007,,,,98.0,,,,63070030,101.0,2025-12-16 14:58:52.057,2025-12-16 14:58:52.057,,,,,96.0,,,,,29.12,,,,UTC+0530,mP8yc45n7o,,,067aad25-d12a-4c6f-80f6-db12b5508427.com.samsung.health.exercise.live_data.json,,,com.sec.android.app.shealth,,,,,2025-12-16 14:57:27.542,067aad25-d12a-4c6f-80f6-db12b5508427,,
159b22be-f022-49ee-a07e-0cf4646376e3.live_data_internal.json,,0,,,,492.95,,,,,159b22be-f022-49ee-a07e-0cf4646376e3.sensing_status.json,1,,,,,,,,,,,,,,,3863611,,63070030,,,2025-12-17 04:16:51.719,15002,,,,118.0,,,,63070030,151.0,2025-12-17 05:21:15.593,2025-12-17 05:21:15.593,,,,,82.0,,,,,492.95,,,,UTC+0530,mP8yc45n7o,,,159b22be-f022-49ee-a07e-0cf4646376e3.com.samsung.health.exercise.live_data.json,,,com.sec.android.app.shealth,,,,,2025-12-17 05:21:15.330,159b22be-f022-49ee-a07e-0cf4646376e3,,
979d604e-0967-49c8-abf3-2c5c323b8637.live_data_internal.json,,0,,,,57.56,,,,,979d604e-0967-49c8-abf3-2c5c323b8637.sensing_status.json,4,,,,,,,,,,,,,,,499600,,63070030,,,2025-12-17 14:23:41.668,11007,,,,103.0,,,,63070030,131.0,2025-12-17 14:33:13.398,2025-12-17 14:33:13.398,,,,,64.0,,,,,57.56,,,,UTC+0530,mP8yc45n7o,,,979d604e-0967-49c8-abf3-2c5c323b8637.com.samsung.health.exercise.live_data.json,,,com.sec.android.app.shealth,,,,,2025-12-17 14:32:01.268,979d604e-0967-49c8-abf3-2c5c323b8637,,
dbaef1af-a666-4adb-b066-549447747d85.live_data_internal.json,,0,,,,43.35,,,,,dbaef1af-a666-4adb-b066-549447747d85.sensing_status.json,4,,,,,,,,,,,,,,,283240,,63070030,,,2025-12-17 15:34:42.840,11007,,,,111.0,,,,63070030,119.0,2025-12-17 15:40:53.827,2025-12-17 15:40:53.827,,,,,106.0,,,,,43.35,,,,UTC+0530,mP8yc45n7o,,,dbaef1af-a666-4adb-b066-549447747d85.com.samsung.health.exercise.live_data.json,,,com.sec.android.app.shealth,,,,,2025-12-17 15:39:26.080,dbaef1af-a666-4adb-b066-549447747d85,,
6366b3cc-aea9-42e2-89f1-96e923926656.live_data_internal.json,,0,,,,97.82257,,,,,6366b3cc-aea9-42e2-89f1-96e923926656.sensing_status.json,4,,,,,,,,,,,,,,,1001171,,63070030,,,2025-12-18 10:32:41.408,0,,,,118.0,,,,63070030,140.0,2025-12-18 10:49:23.684,2025-12-18 10:49:23.684,,,,,105.0,,,,,97.82,,,,UTC+0530,mP8yc45n7o,,,6366b3cc-aea9-42e2-89f1-96e923926656.com.samsung.health.exercise.live_data.json,,,com.sec.android.app.shealth,,,,,2025-12-18 10:49:22.711,6366b3cc-aea9-42e2-89f1-96e923926656,,
192c52c3-3188-4f21-ab27-e0ca860cf3ff.live_data_internal.json,,0,,,,55.15,,,,,192c52c3-3188-4f21-ab27-e0ca860cf3ff.sensing_status.json,4,,,,,,,,,,,,,,,420420,,63070030,,,2025-12-18 14:40:53.646,11007,,,,104.0,,,,63070030,115.0,2025-12-18 14:49:01.156,2025-12-18 14:49:01.156,,,,,95.0,,,,,55.15,,,,UTC+0530,mP8yc45n7o,,,192c52c3-3188-4f21-ab27-e0ca860cf3ff.com.samsung.health.exercise.live_data.json,,,com.sec.android.app.shealth,,,,,2025-12-18 14:47:54.066,192c52c3-3188-4f21-ab27-e0ca860cf3ff,,
f15c126f-85da-4a10-a473-8e25fff36ae5.live_data_internal.json,,0,,,,31.11,,,,,f15c126f-85da-4a10-a473-8e25fff36ae5.sensing_status.json,4,,,,,,,,,,,,,,,224700,,63070030,,,2025-12-18 16:01:00.485,11007,,,,97.0,,,,63070030,108.0,2025-12-18 16:06:10.506,2025-12-18 16:06:10.506,,,,,87.0,,,,,31.11,,,,UTC+0530,mP8yc45n7o,,,f15c126f-85da-4a10-a473-8e25fff36ae5.com.samsung.health.exercise.live_data.json,,,com.sec.android.app.shealth,,,,,2025-12-18 16:04:45.185,f15c126f-85da-4a10-a473-8e25fff36ae5,,
e012e0c5-b4b8-43f5-a0a5-cdc8883a64e2.live_data_internal.json,,0,,,,45.05,,,,,e012e0c5-b4b8-43f5-a0a5-cdc8883a64e2.sensing_status.json,4,,,,,,,,,,,,,,,314140,,63070030,,,2025-12-21 02:30:14.065,11007,,,,115.0,,,,63070030,126.0,2025-12-21 02:36:48.155,2025-12-21 02:36:48.155,,,,,106.0,,,,,45.05,,,,UTC+0530,mP8yc45n7o,,,e012e0c5-b4b8-43f5-a0a5-cdc8883a64e2.com.samsung.health.exercise.live_data.json,,,com.sec.android.app.shealth,,,,,2025-12-21 02:35:28.205,e012e0c5-b4b8-43f5-a0a5-cdc8883a64e2,,
7dcf50c3-5959-43e5-97ee-261665b47400.live_data_internal.json,,0,,,,69.35,,,,,7dcf50c3-5959-43e5-97ee-261665b47400.sensing_status.json,4,,,,,,,,,,,,,,,510400,,63070030,,,2025-12-21 03:35:47.550,11007,,,,109.0,,,,63070030,122.0,2025-12-21 03:45:24.299,2025-12-21 03:45:24.299,,,,,101.0,,,,,69.35,,,,UTC+0530,mP8yc45n7o,,,7dcf50c3-5959-43e5-97ee-261665b47400.com.samsung.health.exercise.live_data.json,,,com.sec.android.app.shealth,,,,,2025-12-21 03:44:17.950,7dcf50c3-5959-43e5-97ee-261665b47400,,
e7b1653b-c235-4baf-9b95-b9ad7af72850.live_data_internal.json,,0,,,,56.95,,,,,e7b1653b-c235-4baf-9b95-b9ad7af72850.sensing_status.json,4,,,,,,,,,,,,,,,381920,,63070030,,,2025-12-21 03:45:15.009,11007,,,,111.0,,,,63070030,140.0,2025-12-21 03:52:48.559,2025-12-21 03:52:48.559,,,,,100.0,,,,,56.95,,,,UTC+0530,mP8yc45n7o,,,e7b1653b-c235-4baf-9b95-b9ad7af72850.com.samsung.health.exercise.live_data.json,,,com.sec.android.app.shealth,,,,,2025-12-21 03:51:36.929,e7b1653b-c235-4baf-9b95-b9ad7af72850,,
ea52c2af-a792-4df9-96a0-9f57dd584b76.live_data_internal.json,,0,,,,53.54,,,,,ea52c2af-a792-4df9-96a0-9f57dd584b76.sensing_status.json,4,,,,,,,,,,,,,,,396640,,63070030,,,2025-12-21 14:47:23.000,11007,,,,108.0,,,,63070030,117.0,2025-12-21 14:55:16.008,2025-12-21 14:55:16.008,,,,,103.0,,,,,53.54,,,,UTC+0530,mP8yc45n7o,,,ea52c2af-a792-4df9-96a0-9f57dd584b76.com.samsung.health.exercise.live_data.json,,,com.sec.android.app.shealth,,,,,2025-12-21 14:53:59.640,ea52c2af-a792-4df9-96a0-9f57dd584b76,,
94ad21e9-4458-4a65-9ef0-9219894b5520.live_data_internal.json,,0,,,,36.78,,,,,94ad21e9-4458-4a65-9ef0-9219894b5520.sensing_status.json,4,,,,,,,,,,,,,,,240880,,63070030,,,2025-12-21 16:01:33.935,11007,,,,97.0,,,,63070030,105.0,2025-12-21 16:06:58.825,2025-12-21 16:06:58.825,,,,,83.0,,,,,36.78,,,,UTC+0530,mP8yc45n7o,,,94ad21e9-4458-4a65-9ef0-9219894b5520.com.samsung.health.exercise.live_data.json,,,com.sec.android.app.shealth,,,,,2025-12-21 16:05:34.815,94ad21e9-4458-4a65-9ef0-9219894b5520,,
220d12a9-1922-40e2-86c3-e2760f63168c.live_data_internal.json,,0,,,,531.59174,,,,,220d12a9-1922-40e2-86c3-e2760f63168c.sensing_status.json,1,,,,,,,,,,,,,,,3761128,,63070030,,,2025-12-22 04:04:35.802,15002,,,,126.0,,,,63070030,153.0,2025-12-22 05:07:56.235,2025-12-22 05:07:56.235,,,,,79.0,,,,,530.84,,,,UTC+0530,mP8yc45n7o,,,220d12a9-1922-40e2-86c3-e2760f63168c.com.samsung.health.exercise.live_data.json,,,com.sec.android.app.shealth,,,,,2025-12-22 05:07:55.487,220d12a9-1922-40e2-86c3-e2760f63168c,,
bb008835-c2a7-4e42-89e2-b80bacadc3b6.live_data_internal.json,,0,,,,498.47,,,,,bb008835-c2a7-4e42-89e2-b80bacadc3b6.sensing_status.json,1,,,,,,,,,,,,,,,4008417,,63070030,,,2025-12-23 04:06:31.114,15002,,,,114.0,,,,63070030,143.0,2025-12-23 05:13:19.887,2025-12-23 05:13:19.887,,,,,88.0,,,,,498.47,,,,UTC+0530,mP8yc45n7o,,,bb008835-c2a7-4e42-89e2-b80bacadc3b6.com.samsung.health.exercise.live_data.json,,,com.sec.android.app.shealth,,,,,2025-12-23 05:13:19.531,bb008835-c2a7-4e42-89e2-b80bacadc3b6,,
548020fe-d336-46ce-b6c8-1f6b72b8092d.live_data_internal.json,,0,,,,36.08,,,,,548020fe-d336-46ce-b6c8-1f6b72b8092d.sensing_status.json,4,,,,,,,,,,,,,,,228680,,63070030,,,2025-12-23 05:57:57.932,11007,,,,87.0,,,,63070030,92.0,2025-12-23 06:03:11.056,2025-12-23 06:03:11.056,,,,,81.0,,,,,36.08,,,,UTC+0530,mP8yc45n7o,,,548020fe-d336-46ce-b6c8-1f6b72b8092d.com.samsung.health.exercise.live_data.json,,,com.sec.android.app.shealth,,,,,2025-12-23 06:01:46.612,548020fe-d336-46ce-b6c8-1f6b72b8092d,,
132c106d-3fe0-4297-a699-e982302eea3e.live_data_internal.json,,0,,,,37.55,,,,,132c106d-3fe0-4297-a699-e982302eea3e.sensing_status.json,4,,,,,,,,,,,,,,,265940,,63070030,,,2025-12-23 07:07:38.985,11007,,,,97.0,,,,63070030,103.0,2025-12-23 07:13:30.070,2025-12-23 07:13:30.070,,,,,88.0,,,,,37.55,,,,UTC+0530,mP8yc45n7o,,,132c106d-3fe0-4297-a699-e982302eea3e.com.samsung.health.exercise.live_data.json,,,com.sec.android.app.shealth,,,,,2025-12-23 07:12:04.925,132c106d-3fe0-4297-a699-e982302eea3e,,
b79703ca-6f24-466e-a4cd-5e55c1d1fd31.live_data_internal.json,,0,,,,61.94,,,,,b79703ca-6f24-466e-a4cd-5e55c1d1fd31.sensing_status.json,4,,,,,,,,,,,,,,,433420,,63070030,,,2025-12-23 14:28:45.164,11007,,,,113.0,,,,63070030,126.0,2025-12-23 14:37:19.792,2025-12-23 14:37:19.792,,,,,93.0,,,,,61.94,,,,UTC+0530,mP8yc45n7o,,,b79703ca-6f24-466e-a4cd-5e55c1d1fd31.com.samsung.health.exercise.live_data.json,,,com.sec.android.app.shealth,,,,,2025-12-23 14:35:58.584,b79703ca-6f24-466e-a4cd-5e55c1d1fd31,,
67fe4c60-4e40-42ea-bd1f-12cc5b66f6f8.live_data_internal.json,,0,,,,51.67,,,,,67fe4c60-4e40-42ea-bd1f-12cc5b66f6f8.sensing_status.json,4,,,,,,,,,,,,,,,366380,,63070030,,,2025-12-24 03:46:13.849,11007,,,,102.0,,,,63070030,112.0,2025-12-24 03:53:39.469,2025-12-24 03:53:39.469,,,,,85.0,,,,,51.67,,,,UTC+0530,mP8yc45n7o,,,67fe4c60-4e40-42ea-bd1f-12cc5b66f6f8.com.samsung.health.exercise.live_data.json,,,com.sec.android.app.shealth,,,,,2025-12-24 03:52:20.229,67fe4c60-4e40-42ea-bd1f-12cc5b66f6f8,,
6fca57f2-0c29-4785-90dd-574d605a24a3.live_data_internal.json,,0,,,,448.19,,,,,6fca57f2-0c29-4785-90dd-574d605a24a3.sensing_status.json,1,,,,,,,,,,,,,,,3680789,,63070030,,,2025-12-25 04:12:17.181,15002,,,,113.0,,,,63070030,138.0,2025-12-25 05:13:38.229,2025-12-25 05:13:38.229,,,,,97.0,,,,,448.19,,,,UTC+0530,mP8yc45n7o,,,6fca57f2-0c29-4785-90dd-574d605a24a3.com.samsung.health.exercise.live_data.json,,,com.sec.android.app.shealth,,,,,2025-12-25 05:13:37.970,6fca57f2-0c29-4785-90dd-574d605a24a3,,
80c6958d-0ee3-47da-8fd2-054422da1b69.live_data_internal.json,,0,,,,614.53,,,,,80c6958d-0ee3-47da-8fd2-054422da1b69.sensing_status.json,1,,,,,,,,,,,,,,,4184854,,63070030,,,2025-12-27 04:07:30.192,15002,,,,128.0,,,,63070030,180.0,2025-12-27 05:17:15.425,2025-12-27 05:17:15.425,,,,,100.0,,,,,614.53,,,,UTC+0530,mP8yc45n7o,,,80c6958d-0ee3-47da-8fd2-054422da1b69.com.samsung.health.exercise.live_data.json,,,com.sec.android.app.shealth,,,,,2025-12-27 05:17:15.046,80c6958d-0ee3-47da-8fd2-054422da1b69,,
400134fc-ccab-40c0-ad1c-faa09b72c457.live_data_internal.json,,0,,,,69.92,,,,,400134fc-ccab-40c0-ad1c-faa09b72c457.sensing_status.json,4,,,,,,,,,,,,,,,447580,,63070030,,,2025-12-27 07:27:03.239,11007,,,,128.0,,,,63070030,147.0,2025-12-27 07:35:34.510,2025-12-27 07:35:34.510,,,,,96.0,,,,,69.92,,,,UTC+0530,mP8yc45n7o,,,400134fc-ccab-40c0-ad1c-faa09b72c457.com.samsung.health.exercise.live_data.json,,,com.sec.android.app.shealth,,,,,2025-12-27 07:34:30.819,400134fc-ccab-40c0-ad1c-faa09b72c457,,
fd876c41-d243-4edb-a5a3-1fdfec78516c.live_data_internal.json,,0,,,,52.17,,,,,fd876c41-d243-4edb-a5a3-1fdfec78516c.sensing_status.json,4,,,,,,,,,,,,,,,435020,,63070030,,,2025-12-27 08:44:00.535,11007,,,,100.0,,,,63070030,130.0,2025-12-27 08:52:34.464,2025-12-27 08:52:34.464,,,,,82.0,,,,,52.17,,,,UTC+0530,mP8yc45n7o,,,fd876c41-d243-4edb-a5a3-1fdfec78516c.com.samsung.health.exercise.live_data.json,,,com.sec.android.app.shealth,,,,,2025-12-27 08:51:15.555,fd876c41-d243-4edb-a5a3-1fdfec78516c,,
5508945d-71de-44c7-a051-6a9f09b03603.live_data_internal.json,,0,,,,53.82,,,,,5508945d-71de-44c7-a051-6a9f09b03603.sensing_status.json,4,,,,,,,,,,,,,,,439880,,63070030,,,2025-12-28 14:22:39.631,11007,,,,98.0,,,,63070030,116.0,2025-12-28 14:31:24.140,2025-12-28 14:31:24.140,,,,,76.0,,,,,53.82,,,,UTC+0530,mP8yc45n7o,,,5508945d-71de-44c7-a051-6a9f09b03603.com.samsung.health.exercise.live_data.json,,,com.sec.android.app.shealth,,,,,2025-12-28 14:29:59.511,5508945d-71de-44c7-a051-6a9f09b03603,,
12c52787-0fe5-4351-b695-95dd04164799.live_data_internal.json,,0,,,,44.18,,,,,12c52787-0fe5-4351-b695-95dd04164799.sensing_status.json,4,,,,,,,,,,,,,,,322560,,63070030,,,2025-12-28 15:43:41.004,11007,,,,105.0,,,,63070030,121.0,2025-12-28 15:50:22.569,2025-12-28 15:50:22.569,,,,,85.0,,,,,44.18,,,,UTC+0530,mP8yc45n7o,,,12c52787-0fe5-4351-b695-95dd04164799.com.samsung.health.exercise.live_data.json,,,com.sec.android.app.shealth,,,,,2025-12-28 15:49:03.564,12c52787-0fe5-4351-b695-95dd04164799,,
438c284f-82a0-467c-8d85-3a58a376d51c.live_data_internal.json,,0,,,,24.0,,,,,438c284f-82a0-467c-8d85-3a58a376d51c.sensing_status.json,4,,,,,,,,,,,,,,,205060,,63070030,,,2025-12-29 04:21:49.583,11007,,,,75.0,,,,63070030,76.0,2025-12-29 04:26:42.768,2025-12-29 04:26:42.768,,,,,75.0,,,,,24.0,,,,UTC+0530,mP8yc45n7o,,,438c284f-82a0-467c-8d85-3a58a376d51c.com.samsung.health.exercise.live_data.json,,,com.sec.android.app.shealth,,,,,2025-12-29 04:25:14.643,438c284f-82a0-467c-8d85-3a58a376d51c,,
5be52e5b-3129-473e-aee1-c7189c70a6b6.live_data_internal.json,,0,,,,68.766945,,,,,5be52e5b-3129-473e-aee1-c7189c70a6b6.sensing_status.json,4,,,,,,,,,,,,,,,684114,,63070030,,,2025-12-30 02:15:54.327,1001,,,,125.0,30001,,,63070030,140.0,2025-12-30 02:29:13.103,2025-12-30 02:29:13.103,,,1.8888888,56.920338,98.0,,649,490.64,,68.0,81.0,,,UTC+0530,mP8yc45n7o,,,5be52e5b-3129-473e-aee1-c7189c70a6b6.com.samsung.health.exercise.live_data.json,,0.71719044,com.sec.android.app.shealth,,,,,2025-12-30 02:27:57.779,5be52e5b-3129-473e-aee1-c7189c70a6b6,,
1cc0ef4e-0239-4f1f-8960-abebca2be58a.live_data_internal.json,,0,,,,576.43,,,,,1cc0ef4e-0239-4f1f-8960-abebca2be58a.sensing_status.json,1,,,,,,,,,,,,,,,3947599,,63070030,,,2025-12-30 04:02:21.792,15002,,,,128.0,,,,63070030,175.0,2025-12-30 05:08:09.647,2025-12-30 05:08:09.647,,,,,93.0,,,,,576.43,,,,UTC+0530,mP8yc45n7o,,,1cc0ef4e-0239-4f1f-8960-abebca2be58a.com.samsung.health.exercise.live_data.json,,,com.sec.android.app.shealth,,,,,2025-12-30 05:08:09.391,1cc0ef4e-0239-4f1f-8960-abebca2be58a,,
a4d55cc2-d67b-4e84-9b05-41a55de71c7b.live_data_internal.json,,0,,,,47.01,,,,,a4d55cc2-d67b-4e84-9b05-41a55de71c7b.sensing_status.json,4,,,,,,,,,,,,,,,365160,,63070030,,,2025-12-30 14:08:54.377,11007,,,,107.0,,,,63070030,130.0,2025-12-30 14:16:14.874,2025-12-30 14:16:14.874,,,,,78.0,,,,,47.01,,,,UTC+0530,mP8yc45n7o,,,a4d55cc2-d67b-4e84-9b05-41a55de71c7b.com.samsung.health.exercise.live_data.json,,,com.sec.android.app.shealth,,,,,2025-12-30 14:14:59.537,a4d55cc2-d67b-4e84-9b05-41a55de71c7b,,
337823b7-b9ce-493b-8d55-83c664f341fc.live_data_internal.json,,0,,,,87.400955,,,,,337823b7-b9ce-493b-8d55-83c664f341fc.sensing_status.json,4,,,,,,,,,,,,,,,973997,,63070030,,,2025-12-31 11:42:18.555,0,,,,115.0,,,,63070030,128.0,2025-12-31 11:58:32.867,2025-12-31 11:58:32.867,,,,,98.0,,,,,87.4,,,,UTC+0530,mP8yc45n7o,,,337823b7-b9ce-493b-8d55-83c664f341fc.com.samsung.health.exercise.live_data.json,,,com.sec.android.app.shealth,,,,,2025-12-31 11:58:32.601,337823b7-b9ce-493b-8d55-83c664f341fc,,
a83c4339-2423-4ded-9d89-c029a5f4c70c.live_data_internal.json,,0,,,,65.61846,,,,,a83c4339-2423-4ded-9d89-c029a5f4c70c.sensing_status.json,4,,,,,,,,,,,,,,,681378,,63070030,,,2026-01-01 15:19:51.008,1001,,,,95.0,30001,,,63070030,111.0,2026-01-01 15:32:59.543,2026-01-01 15:32:59.543,,,1.3888888,68.42017,76.0,,777,577.92,,65.0,85.0,,,UTC+0530,mP8yc45n7o,,,a83c4339-2423-4ded-9d89-c029a5f4c70c.com.samsung.health.exercise.live_data.json,,0.84816355,com.sec.android.app.shealth,,,,,2026-01-01 15:31:44.108,a83c4339-2423-4ded-9d89-c029a5f4c70c,,
2e0b4d6e-620e-4004-9261-0513d44b2ffa.live_data_internal.json,,0,,,,560.76,,,,,2e0b4d6e-620e-4004-9261-0513d44b2ffa.sensing_status.json,1,,,,,,,,,,,,,,,4292553,,63070030,,,2026-01-02 03:53:21.779,15002,,,,119.0,,,,63070030,161.0,2026-01-02 05:04:54.632,2026-01-02 05:04:54.632,,,,,96.0,,,,,560.76,,,,UTC+0530,mP8yc45n7o,,,2e0b4d6e-620e-4004-9261-0513d44b2ffa.com.samsung.health.exercise.live_data.json,,,com.sec.android.app.shealth,,,,,2026-01-02 05:04:54.332,2e0b4d6e-620e-4004-9261-0513d44b2ffa,,
09735411-acb2-4c01-ab18-af7f3ca76c88.live_data_internal.json,,0,,,,80.06,,,,,09735411-acb2-4c01-ab18-af7f3ca76c88.sensing_status.json,4,,,,,,,,,,,,,,,654580,,63070030,,,2026-01-02 14:18:39.740,11007,,,,110.0,,,,63070030,127.0,2026-01-02 14:30:34.104,2026-01-02 14:30:34.104,,,,,97.0,,,,,80.06,,,,UTC+0530,mP8yc45n7o,,,09735411-acb2-4c01-ab18-af7f3ca76c88.com.samsung.health.exercise.live_data.json,,,com.sec.android.app.shealth,,,,,2026-01-02 14:29:34.320,09735411-acb2-4c01-ab18-af7f3ca76c88,,
6f92759d-f046-4413-9339-ef7cde0a9008.live_data_internal.json,,0,,,,470.96,,,,,6f92759d-f046-4413-9339-ef7cde0a9008.sensing_status.json,1,,,,,,,,,,,,,,,3737933,,63070030,,,2026-01-03 04:10:54.694,15002,,,,115.0,,,,63070030,153.0,2026-01-03 05:13:12.899,2026-01-03 05:13:12.899,,,,,92.0,,,,,470.96,,,,UTC+0530,mP8yc45n7o,,,6f92759d-f046-4413-9339-ef7cde0a9008.com.samsung.health.exercise.live_data.json,,,com.sec.android.app.shealth,,,,,2026-01-03 05:13:12.627,6f92759d-f046-4413-9339-ef7cde0a9008,,
51614851-35c3-4aee-b0a3-bb263e11c687.live_data_internal.json,,0,,,,44.39,,,,,51614851-35c3-4aee-b0a3-bb263e11c687.sensing_status.json,4,,,,,,,,,,,,,,,367380,,63070030,,,2026-01-03 14:17:01.826,11007,,,,112.0,,,,63070030,123.0,2026-01-03 14:24:18.149,2026-01-03 14:24:18.149,,,,,90.0,,,,,44.39,,,,UTC+0530,mP8yc45n7o,,,51614851-35c3-4aee-b0a3-bb263e11c687.com.samsung.health.exercise.live_data.json,,,com.sec.android.app.shealth,,,,,2026-01-03 14:23:09.206,51614851-35c3-4aee-b0a3-bb263e11c687,,
dbc54dbc-2097-4c43-ac8e-7929568db568.live_data_internal.json,,0,,,,67.53,,,,,dbc54dbc-2097-4c43-ac8e-7929568db568.sensing_status.json,4,,,,,,,,,,,,,,,519760,,63070030,,,2026-01-04 13:14:09.296,11007,,,,100.0,,,,63070030,114.0,2026-01-04 13:23:54.410,2026-01-04 13:23:54.410,,,,,91.0,,,,,67.53,,,,UTC+0530,mP8yc45n7o,,,dbc54dbc-2097-4c43-ac8e-7929568db568.com.samsung.health.exercise.live_data.json,,,com.sec.android.app.shealth,,,,,2026-01-04 13:22:49.056,dbc54dbc-2097-4c43-ac8e-7929568db568,,
58709672-723f-48c0-b0d2-e83fe560850a.live_data_internal.json,,0,,,,39.79,,,,,58709672-723f-48c0-b0d2-e83fe560850a.sensing_status.json,4,,,,,,,,,,,,,,,256200,,63070030,,,2026-01-04 13:23:50.571,11007,,,,94.0,,,,63070030,101.0,2026-01-04 13:29:35.147,2026-01-04 13:29:35.147,,,,,88.0,,,,,39.79,,,,UTC+0530,mP8yc45n7o,,,58709672-723f-48c0-b0d2-e83fe560850a.com.samsung.health.exercise.live_data.json,,,com.sec.android.app.shealth,,,,,2026-01-04 13:28:06.771,58709672-723f-48c0-b0d2-e83fe560850a,,
e2e8e8d5-ad20-4289-aa5e-4cafee41d66c.live_data_internal.json,,0,,,,68.38546,,,,,e2e8e8d5-ad20-4289-aa5e-4cafee41d66c.sensing_status.json,4,,,,,,,,,,,,,,,639135,,63070030,,,2026-01-04 15:25:13.950,1001,,,,99.0,30001,,,63070030,111.0,2026-01-04 15:39:10.806,2026-01-04 15:39:10.806,,,1.6329465,81.67288,63.0,,870,647.12,,66.0,91.0,,,UTC+0530,mP8yc45n7o,,,e2e8e8d5-ad20-4289-aa5e-4cafee41d66c.com.samsung.health.exercise.live_data.json,,1.0124934,com.sec.android.app.shealth,,,,,2026-01-04 15:37:55.440,e2e8e8d5-ad20-4289-aa5e-4cafee41d66c,,
b276635c-e90c-4e51-ba2a-0211323be3ff.live_data_internal.json,,0,,,,68.00002,,,,,b276635c-e90c-4e51-ba2a-0211323be3ff.sensing_status.json,4,,,,,,,,,,,,,,,640624,,63070030,,,2026-01-05 05:12:20.163,1001,,,,115.0,30001,,,63070030,124.0,2026-01-05 05:24:56.897,2026-01-05 05:24:56.897,,,1.7014112,99.7465,104.0,,1065,837.29,,68.0,119.0,,,UTC+0530,mP8yc45n7o,,,b276635c-e90c-4e51-ba2a-0211323be3ff.com.samsung.health.exercise.live_data.json,,1.3069912,com.sec.android.app.shealth,,,,,2026-01-05 05:23:00.788,b276635c-e90c-4e51-ba2a-0211323be3ff,,
575ace80-5f51-4786-8c1a-37be7bc5a1e7.live_data_internal.json,,0,,,,86.00002,,,,,575ace80-5f51-4786-8c1a-37be7bc5a1e7.sensing_status.json,4,,,,,,,,,,,,,,,966378,,63070030,,,2026-01-05 13:12:04.679,1001,,,,99.0,30001,,,63070030,114.0,2026-01-05 13:29:26.403,2026-01-05 13:29:26.403,,,1.3378333,84.62527,82.0,,1363,982.12,,86.0,108.0,,,UTC+0530,mP8yc45n7o,,,575ace80-5f51-4786-8c1a-37be7bc5a1e7.com.samsung.health.exercise.live_data.json,,1.0162897,com.sec.android.app.shealth,,,,,2026-01-05 13:28:11.058,575ace80-5f51-4786-8c1a-37be7bc5a1e7,,
741fe1fd-9f12-48eb-97c7-67737b16e82f.live_data_internal.json,,0,,,,74.19789,,,,,741fe1fd-9f12-48eb-97c7-67737b16e82f.sensing_status.json,4,,,,,,,,,,,,,,,644580,,63070030,,,2026-01-06 05:26:58.223,1001,,,,104.0,30001,,,63070030,118.0,2026-01-06 05:40:27.671,2026-01-06 05:40:27.671,,,1.5555556,107.69804,73.0,,1157,895.8,,73.0,118.0,,,UTC+0530,mP8yc45n7o,,,741fe1fd-9f12-48eb-97c7-67737b16e82f.com.samsung.health.exercise.live_data.json,,1.3897421,com.sec.android.app.shealth,,,,,2026-01-06 05:38:44.245,741fe1fd-9f12-48eb-97c7-67737b16e82f,,
cb6e0920-a4a5-4175-a5f3-5a731b41299a.live_data_internal.json,,0,,,,79.00002,,,,,cb6e0920-a4a5-4175-a5f3-5a731b41299a.sensing_status.json,4,,,,,,,,,,,,,,,867606,,63070030,,,2026-01-07 16:56:19.404,1001,,,,109.0,30001,,,63070030,116.0,2026-01-07 17:12:02.411,2026-01-07 17:12:02.411,,,1.427,93.36035,97.0,,1350,1006.97,,79.0,114.0,,,UTC+0530,mP8yc45n7o,,,cb6e0920-a4a5-4175-a5f3-5a731b41299a.com.samsung.health.exercise.live_data.json,,1.1606305,com.sec.android.app.shealth,,,,,2026-01-07 17:10:47.011,cb6e0920-a4a5-4175-a5f3-5a731b41299a,,
8b2c751b-4105-41dc-bdbd-3113f92e347d.live_data_internal.json,,0,,,,72.63501,,,,,8b2c751b-4105-41dc-bdbd-3113f92e347d.sensing_status.json,4,,,,,,,,,,,,,,,675567,,63070030,,,2026-01-08 06:16:51.804,1001,,,,114.0,30001,,,63070030,119.0,2026-01-08 06:29:55.249,2026-01-08 06:29:55.249,,,1.6813962,98.583855,103.0,,1110,871.39,,72.0,122.0,,,UTC+0530,mP8yc45n7o,,,8b2c751b-4105-41dc-bdbd-3113f92e347d.com.samsung.health.exercise.live_data.json,,1.2898647,com.sec.android.app.shealth,,,,,2026-01-08 06:28:39.942,8b2c751b-4105-41dc-bdbd-3113f92e347d,,
935ce32f-2323-4f9d-bfea-7be50b7d2153.live_data_internal.json,,0,,,,61.00002,,,,,935ce32f-2323-4f9d-bfea-7be50b7d2153.sensing_status.json,4,,,,,,,,,,,,,,,662283,,63070030,,,2026-01-08 12:35:11.679,1001,,,,107.0,30001,,,63070030,115.0,2026-01-08 12:47:29.298,2026-01-08 12:47:29.298,,,1.516392,73.11073,93.0,,807,604.44,,61.0,93.0,,,UTC+0530,mP8yc45n7o,,,935ce32f-2323-4f9d-bfea-7be50b7d2153.com.samsung.health.exercise.live_data.json,,0.9126612,com.sec.android.app.shealth,,,,,2026-01-08 12:46:13.963,935ce32f-2323-4f9d-bfea-7be50b7d2153,,
b10057b5-ca48-482b-bb25-98a08320b380.live_data_internal.json,,0,,,,118.71851,,,,,b10057b5-ca48-482b-bb25-98a08320b380.sensing_status.json,4,,,,,,,,,,,,,,,1241532,,63070030,,,2026-01-08 13:26:05.525,1001,,,,101.0,30001,,,63070030,114.0,2026-01-08 13:48:39.008,2026-01-08 13:48:39.008,,,1.3607619,73.36098,89.0,,1518,1069.91,,118.0,93.0,,,UTC+0530,mP8yc45n7o,,,b10057b5-ca48-482b-bb25-98a08320b380.com.samsung.health.exercise.live_data.json,,0.861766,com.sec.android.app.shealth,,,,,2026-01-08 13:47:23.911,b10057b5-ca48-482b-bb25-98a08320b380,,
4220191f-ee8e-4737-ab7b-39dc4a05af47.live_data_internal.json,,0,,,,69.54,,,,,4220191f-ee8e-4737-ab7b-39dc4a05af47.sensing_status.json,4,,,,,,,,,,,,,,,524580,,63070030,,,2026-01-08 14:20:58.867,11007,,,,112.0,,,,63070030,126.0,2026-01-08 14:30:51.871,2026-01-08 14:30:51.871,,,,,98.0,,,,,69.54,,,,UTC+0530,mP8yc45n7o,,,4220191f-ee8e-4737-ab7b-39dc4a05af47.com.samsung.health.exercise.live_data.json,,,com.sec.android.app.shealth,,,,,2026-01-08 14:29:43.447,4220191f-ee8e-4737-ab7b-39dc4a05af47,,
8d64b0ef-74b2-4691-a404-b53cc14df08e.live_data_internal.json,,0,,,,40.49,,,,,8d64b0ef-74b2-4691-a404-b53cc14df08e.sensing_status.json,4,,,,,,,,,,,,,,,265980,,63070030,,,2026-01-08 15:31:17.020,11007,,,,95.0,,,,63070030,104.0,2026-01-08 15:37:00.229,2026-01-08 15:37:00.229,,,,,88.0,,,,,40.49,,,,UTC+0530,mP8yc45n7o,,,8d64b0ef-74b2-4691-a404-b53cc14df08e.com.samsung.health.exercise.live_data.json,,,com.sec.android.app.shealth,,,,,2026-01-08 15:35:43.000,8d64b0ef-74b2-4691-a404-b53cc14df08e,,
b55fb9b2-ff1f-4a49-ae8d-f810a653bb0e.live_data_internal.json,,0,,,,85.771255,,,,,b55fb9b2-ff1f-4a49-ae8d-f810a653bb0e.sensing_status.json,4,,,,,,,,,,,,,,,799649,,63070030,,,2026-01-09 08:43:30.436,1001,,,,112.0,30001,,,63070030,130.0,2026-01-09 08:59:36.113,2026-01-09 08:59:36.113,,,1.8245615,87.78852,87.0,,1170,915.72,,84.0,124.0,,,UTC+0530,mP8yc45n7o,,,b55fb9b2-ff1f-4a49-ae8d-f810a653bb0e.com.samsung.health.exercise.live_data.json,,1.1451524,com.sec.android.app.shealth,,,,,2026-01-09 08:58:20.936,b55fb9b2-ff1f-4a49-ae8d-f810a653bb0e,,
1d3cfa96-b65a-44de-9ad9-b60c0e842d45.live_data_internal.json,,0,,,,84.00002,,,,,1d3cfa96-b65a-44de-9ad9-b60c0e842d45.sensing_status.json,4,,,,,,,,,,,,,,,895295,,63070030,,,2026-01-09 11:33:37.704,1001,,,,105.0,30001,,,63070030,118.0,2026-01-09 11:49:48.275,2026-01-09 11:49:48.275,,,1.4761841,77.605705,89.0,,1158,868.35,,84.0,97.0,,,UTC+0530,mP8yc45n7o,,,1d3cfa96-b65a-44de-9ad9-b60c0e842d45.com.samsung.health.exercise.live_data.json,,0.96990377,com.sec.android.app.shealth,,,,,2026-01-09 11:48:33.000,1d3cfa96-b65a-44de-9ad9-b60c0e842d45,,
40246703-da80-4085-bef7-1bcd42914eed.live_data_internal.json,,0,,,,53.93,,,,,40246703-da80-4085-bef7-1bcd42914eed.sensing_status.json,4,,,,,,,,,,,,,,,365140,,63070030,,,2026-01-09 14:53:40.983,11007,,,,108.0,,,,63070030,122.0,2026-01-09 15:01:04.484,2026-01-09 15:01:04.484,,,,,92.0,,,,,53.93,,,,UTC+0530,mP8yc45n7o,,,40246703-da80-4085-bef7-1bcd42914eed.com.samsung.health.exercise.live_data.json,,,com.sec.android.app.shealth,,,,,2026-01-09 14:59:46.123,40246703-da80-4085-bef7-1bcd42914eed,,
a634a24f-cf06-4434-a14c-a3017b1e2619.live_data_internal.json,,0,,,,64.84,,,,,a634a24f-cf06-4434-a14c-a3017b1e2619.sensing_status.json,4,,,,,,,,,,,,,,,405160,,63070030,,,2026-01-09 16:18:32.906,11007,,,,123.0,,,,63070030,140.0,2026-01-09 16:26:40.558,2026-01-09 16:26:40.558,,,,,109.0,,,,,64.84,,,,UTC+0530,mP8yc45n7o,,,a634a24f-cf06-4434-a14c-a3017b1e2619.com.samsung.health.exercise.live_data.json,,,com.sec.android.app.shealth,,,,,2026-01-09 16:25:18.066,a634a24f-cf06-4434-a14c-a3017b1e2619,,
320d8fcf-4b99-428a-90dc-3652a815e9c5.live_data_internal.json,,0,,,,165.69064,,,,,320d8fcf-4b99-428a-90dc-3652a815e9c5.sensing_status.json,4,,,,,,,,,,,,,,,1623356,,63070030,,,2026-01-10 13:42:04.095,1001,,,,103.0,30001,,,63070030,119.0,2026-01-10 14:14:29.127,2026-01-10 14:14:29.127,,,1.4647206,90.035706,76.0,,2436,1800.7,,163.0,106.0,,,UTC+0530,mP8yc45n7o,,,320d8fcf-4b99-428a-90dc-3652a815e9c5.com.samsung.health.exercise.live_data.json,,1.1092453,com.sec.android.app.shealth,,,,,2026-01-10 14:11:25.459,320d8fcf-4b99-428a-90dc-3652a815e9c5,,
faf10bdb-8d05-44b6-97d0-60087c6344df.live_data_internal.json,,0,,,,66.00002,,,,,faf10bdb-8d05-44b6-97d0-60087c6344df.sensing_status.json,4,,,,,,,,,,,,,,,709082,,63070030,,,2026-01-11 02:32:28.434,1001,,,,102.0,30001,,,63070030,117.0,2026-01-11 02:45:32.929,2026-01-11 02:45:32.929,,,1.3888888,68.70856,92.0,,812,610.24,,66.0,98.0,,,UTC+0530,mP8yc45n7o,,,faf10bdb-8d05-44b6-97d0-60087c6344df.com.samsung.health.exercise.live_data.json,,0.8606057,com.sec.android.app.shealth,,,,,2026-01-11 02:44:17.517,faf10bdb-8d05-44b6-97d0-60087c6344df,,
2169db42-74be-4830-a609-c705b19d02bd.live_data_internal.json,,0,,,,298.11032,,,,,2169db42-74be-4830-a609-c705b19d02bd.sensing_status.json,4,,,,,,,,,,,,,,,2481532,,63070030,,,2026-01-11 13:52:18.527,1001,,,,97.0,30001,,,63070030,116.0,2026-01-11 14:48:48.815,2026-01-11 14:48:48.815,,,1.4444444,88.203575,74.0,,3648,2635.0,,283.0,105.0,,,UTC+0530,mP8yc45n7o,,,2169db42-74be-4830-a609-c705b19d02bd.com.samsung.health.exercise.live_data.json,,1.0618441,com.sec.android.app.shealth,,,,,2026-01-11 14:46:35.096,2169db42-74be-4830-a609-c705b19d02bd,,
a52b91ab-977b-42a3-9aff-ecadb1f65c4a.live_data_internal.json,,0,,,,524.9825,,,,,a52b91ab-977b-42a3-9aff-ecadb1f65c4a.sensing_status.json,1,,,,,,,,,,,,,,,3654368,,63070030,,,2026-01-12 04:09:22.160,15002,,,,127.0,,,,63070030,156.0,2026-01-12 05:11:10.504,2026-01-12 05:11:10.504,,,,,103.0,,,,,523.94,,,,UTC+0530,mP8yc45n7o,,,a52b91ab-977b-42a3-9aff-ecadb1f65c4a.com.samsung.health.exercise.live_data.json,,,com.sec.android.app.shealth,,,,,2026-01-12 05:11:09.998,a52b91ab-977b-42a3-9aff-ecadb1f65c4a,,
229531ae-7726-45c8-98fa-2cbce34be046.live_data_internal.json,,0,,,,538.94,,,,,229531ae-7726-45c8-98fa-2cbce34be046.sensing_status.json,1,,,,,,,,,,,,,,,4294414,,63070030,,,2026-01-13 03:59:07.978,15002,,,,115.0,,,,63070030,175.0,2026-01-13 05:10:42.776,2026-01-13 05:10:42.776,,,,,97.0,,,,,538.94,,,,UTC+0530,mP8yc45n7o,,,229531ae-7726-45c8-98fa-2cbce34be046.com.samsung.health.exercise.live_data.json,,,com.sec.android.app.shealth,,,,,2026-01-13 05:10:42.392,229531ae-7726-45c8-98fa-2cbce34be046,,
7aaee0de-90f7-4067-8a89-de60cdc66bb9.live_data_internal.json,,0,,,,75.76792,,,,,7aaee0de-90f7-4067-8a89-de60cdc66bb9.sensing_status.json,4,,,,,,,,,,,,,,,787536,,63070030,,,2026-01-14 02:26:02.765,1001,,,,98.0,30001,,,63070030,111.0,2026-01-14 02:41:05.069,2026-01-14 02:41:05.069,,,1.5037733,85.32944,72.0,,1120,768.41,,75.0,99.0,,,UTC+0530,mP8yc45n7o,,,7aaee0de-90f7-4067-8a89-de60cdc66bb9.com.samsung.health.exercise.live_data.json,,0.9757141,com.sec.android.app.shealth,,,,,2026-01-14 02:39:49.689,7aaee0de-90f7-4067-8a89-de60cdc66bb9,,
5516265c-d1cd-4ba7-9ab2-e4322b22e0f8.live_data_internal.json,,0,,,,560.39,,,,,5516265c-d1cd-4ba7-9ab2-e4322b22e0f8.sensing_status.json,1,,,,,,,,,,,,,,,4263555,,63070030,,,2026-01-14 04:05:31.595,15002,,,,120.0,,,,63070030,159.0,2026-01-14 05:16:33.547,2026-01-14 05:16:33.547,,,,,95.0,,,,,560.39,,,,UTC+0530,mP8yc45n7o,,,5516265c-d1cd-4ba7-9ab2-e4322b22e0f8.com.samsung.health.exercise.live_data.json,,,com.sec.android.app.shealth,,,,,2026-01-14 05:16:35.150,5516265c-d1cd-4ba7-9ab2-e4322b22e0f8,,
fde2e005-87d5-4c32-a9d7-98327e61a252.live_data_internal.json,,0,,,,53.88,,,,,fde2e005-87d5-4c32-a9d7-98327e61a252.sensing_status.json,4,,,,,,,,,,,,,,,369840,,63070030,,,2026-01-15 14:21:50.111,11007,,,,113.0,,,,63070030,120.0,2026-01-15 14:29:27.391,2026-01-15 14:29:27.391,,,,,106.0,,,,,53.88,,,,UTC+0530,mP8yc45n7o,,,fde2e005-87d5-4c32-a9d7-98327e61a252.com.samsung.health.exercise.live_data.json,,,com.sec.android.app.shealth,,,,,2026-01-15 14:27:59.951,fde2e005-87d5-4c32-a9d7-98327e61a252,,
ed753ffe-bf98-4a07-89f7-7470685b7008.live_data_internal.json,,0,,,,438.86,,,,,ed753ffe-bf98-4a07-89f7-7470685b7008.sensing_status.json,1,,,,,,,,,,,,,,,3739569,,63070030,,,2026-01-16 04:07:34.813,15002,,,,110.0,,,,63070030,158.0,2026-01-16 05:09:54.754,2026-01-16 05:09:54.754,,,,,88.0,,,,,438.86,,,,UTC+0530,mP8yc45n7o,,,ed753ffe-bf98-4a07-89f7-7470685b7008.com.samsung.health.exercise.live_data.json,,,com.sec.android.app.shealth,,,,,2026-01-16 05:09:54.382,ed753ffe-bf98-4a07-89f7-7470685b7008,,
c34014da-61cd-4c7a-b425-b22a2097a15a.live_data_internal.json,,0,,,,90.18264,,,,,c34014da-61cd-4c7a-b425-b22a2097a15a.sensing_status.json,4,,,,,,,,,,,,,,,835267,,63070030,,,2026-01-16 07:01:49.201,1001,,,,116.0,30001,,,63070030,132.0,2026-01-16 07:18:51.648,2026-01-16 07:18:51.648,,,1.7222222,84.69148,107.0,,1179,931.3,,88.0,121.0,,,UTC+0530,mP8yc45n7o,,,c34014da-61cd-4c7a-b425-b22a2097a15a.com.samsung.health.exercise.live_data.json,,1.1149727,com.sec.android.app.shealth,,,,,2026-01-16 07:17:36.420,c34014da-61cd-4c7a-b425-b22a2097a15a,,
63455a3a-9ae9-4d83-a9bc-fd3120f96879.live_data_internal.json,,0,,,,435.14,,,,,63455a3a-9ae9-4d83-a9bc-fd3120f96879.sensing_status.json,1,,,,,,,,,,,,,,,3613962,,63070030,,,2026-01-17 04:10:17.219,15002,,,,112.0,,,,63070030,147.0,2026-01-17 05:10:31.983,2026-01-17 05:10:31.983,,,,,90.0,,,,,435.14,,,,UTC+0530,mP8yc45n7o,,,63455a3a-9ae9-4d83-a9bc-fd3120f96879.com.samsung.health.exercise.live_data.json,,,com.sec.android.app.shealth,,,,,2026-01-17 05:10:31.181,63455a3a-9ae9-4d83-a9bc-fd3120f96879,,
ab3967ba-7c43-41e2-8089-be28a3cba941.live_data_internal.json,,0,,,,30.37,,,,,ab3967ba-7c43-41e2-8089-be28a3cba941.sensing_status.json,4,,,,,,,,,,,,,,,191620,,63070030,,,2026-01-17 06:32:04.493,11007,,,,102.0,,,,63070030,104.0,2026-01-17 06:36:42.723,2026-01-17 06:36:42.723,,,,,99.0,,,,,30.37,,,,UTC+0530,mP8yc45n7o,,,ab3967ba-7c43-41e2-8089-be28a3cba941.com.samsung.health.exercise.live_data.json,,,com.sec.android.app.shealth,,,,,2026-01-17 06:35:16.113,ab3967ba-7c43-41e2-8089-be28a3cba941,,
09948fa8-3f88-4001-9c22-ef17ebf626a2.live_data_internal.json,,0,,,,28.8,,,,,09948fa8-3f88-4001-9c22-ef17ebf626a2.sensing_status.json,4,,,,,,,,,,,,,,,237900,,63070030,,,2026-01-17 06:36:38.801,11007,,,,81.0,,,,63070030,84.0,2026-01-17 06:42:03.869,2026-01-17 06:42:03.869,,,,,77.0,,,,,28.8,,,,UTC+0530,mP8yc45n7o,,,09948fa8-3f88-4001-9c22-ef17ebf626a2.com.samsung.health.exercise.live_data.json,,,com.sec.android.app.shealth,,,,,2026-01-17 06:40:36.701,09948fa8-3f88-4001-9c22-ef17ebf626a2,,
314af670-e5c8-406e-ae73-6027a65baa82.live_data_internal.json,,0,,,,226.61572,,,,,314af670-e5c8-406e-ae73-6027a65baa82.sensing_status.json,4,,,,,,,,,,,,,,,1533332,,63070030,,,2026-01-17 07:22:44.420,1001,,,,106.0,30001,,,63070030,141.0,2026-01-17 08:05:40.938,2026-01-17 08:05:40.938,,,1.4166666,95.79138,55.0,,2448,1673.58,,213.0,103.0,,,UTC+0530,mP8yc45n7o,,,314af670-e5c8-406e-ae73-6027a65baa82.com.samsung.health.exercise.live_data.json,,1.0914661,com.sec.android.app.shealth,,,,,2026-01-17 07:59:56.129,314af670-e5c8-406e-ae73-6027a65baa82,,
3e41b75e-56f5-4981-bdf3-d121a7907457.live_data_internal.json,,0,,,,28.53,,,,,3e41b75e-56f5-4981-bdf3-d121a7907457.sensing_status.json,4,,,,,,,,,,,,,,,201060,,63070030,,,2026-01-17 12:16:59.843,11007,,,,86.0,,,,63070030,93.0,2026-01-17 12:21:47.098,2026-01-17 12:21:47.098,,,,,80.0,,,,,28.53,,,,UTC+0530,mP8yc45n7o,,,3e41b75e-56f5-4981-bdf3-d121a7907457.com.samsung.health.exercise.live_data.json,,,com.sec.android.app.shealth,,,,,2026-01-17 12:20:20.903,3e41b75e-56f5-4981-bdf3-d121a7907457,,
9d393428-226e-4642-bb89-6a8eb1ed7d18.live_data_internal.json,,0,,,,68.18,,,,,9d393428-226e-4642-bb89-6a8eb1ed7d18.sensing_status.json,4,,,,,,,,,,,,,,,519740,,63070030,,,2026-01-18 14:08:07.947,11007,,,,108.0,,,,63070030,122.0,2026-01-18 14:17:54.809,2026-01-18 14:17:54.809,,,,,94.0,,,,,68.18,,,,UTC+0530,mP8yc45n7o,,,9d393428-226e-4642-bb89-6a8eb1ed7d18.com.samsung.health.exercise.live_data.json,,,com.sec.android.app.shealth,,,,,2026-01-18 14:16:47.687,9d393428-226e-4642-bb89-6a8eb1ed7d18,,
e4e3bbc6-3024-4bbc-87a9-08a728d3fb7e.live_data_internal.json,,0,,,,43.84,,,,,e4e3bbc6-3024-4bbc-87a9-08a728d3fb7e.sensing_status.json,4,,,,,,,,,,,,,,,299720,,63070030,,,2026-01-18 15:35:06.583,11007,,,,101.0,,,,63070030,108.0,2026-01-18 15:41:28.291,2026-01-18 15:41:28.291,,,,,96.0,,,,,43.84,,,,UTC+0530,mP8yc45n7o,,,e4e3bbc6-3024-4bbc-87a9-08a728d3fb7e.com.samsung.health.exercise.live_data.json,,,com.sec.android.app.shealth,,,,,2026-01-18 15:40:06.303,e4e3bbc6-3024-4bbc-87a9-08a728d3fb7e,,
41dbec3c-a402-43c7-b670-ca0738953964.live_data_internal.json,,0,,,,649.86,,,,,41dbec3c-a402-43c7-b670-ca0738953964.sensing_status.json,1,,,,,,,,,,,,,,,4469935,,63070030,,,2026-01-19 04:09:56.528,15002,,,,128.0,,,,63070030,160.0,2026-01-19 05:24:27.034,2026-01-19 05:24:27.034,,,,,87.0,,,,,649.86,,,,UTC+0530,mP8yc45n7o,,,41dbec3c-a402-43c7-b670-ca0738953964.com.samsung.health.exercise.live_data.json,,,com.sec.android.app.shealth,,,,,2026-01-19 05:24:26.463,41dbec3c-a402-43c7-b670-ca0738953964,,
d3798336-e053-42f4-8d91-dbad0f110680.live_data_internal.json,,0,,,,577.82,,,,,d3798336-e053-42f4-8d91-dbad0f110680.sensing_status.json,1,,,,,,,,,,,,,,,4716312,,63070030,,,2026-01-20 03:58:43.900,15002,,,,113.0,,,,63070030,146.0,2026-01-20 05:17:20.909,2026-01-20 05:17:20.909,,,,,94.0,,,,,577.82,,,,UTC+0530,mP8yc45n7o,,,d3798336-e053-42f4-8d91-dbad0f110680.com.samsung.health.exercise.live_data.json,,,com.sec.android.app.shealth,,,,,2026-01-20 05:17:20.212,d3798336-e053-42f4-8d91-dbad0f110680,,
2638ca37-d6e6-4303-b27b-f5f228bc2701.live_data_internal.json,,0,,,,539.93,,,,,2638ca37-d6e6-4303-b27b-f5f228bc2701.sensing_status.json,1,,,,,,,,,,,,,,,4027206,,63070030,,,2026-01-21 03:56:48.542,15002,,,,121.0,,,,63070030,165.0,2026-01-21 05:03:56.240,2026-01-21 05:03:56.240,,,,,98.0,,,,,539.93,,,,UTC+0530,mP8yc45n7o,,,2638ca37-d6e6-4303-b27b-f5f228bc2701.com.samsung.health.exercise.live_data.json,,,com.sec.android.app.shealth,,,,,2026-01-21 05:03:55.748,2638ca37-d6e6-4303-b27b-f5f228bc2701,,
057763cb-fbe0-4491-89ac-e6aaf9e77325.live_data_internal.json,,0,,,,79.00004,,,,,057763cb-fbe0-4491-89ac-e6aaf9e77325.sensing_status.json,4,,,,,,,,,,,,,,,776780,,63070030,,,2026-01-21 06:18:19.110,1001,,,,95.0,30001,,,63070030,120.0,2026-01-21 06:32:31.521,2026-01-21 06:32:31.521,,,1.543483,96.55243,68.0,,1250,928.6,,79.0,118.0,,,UTC+0530,mP8yc45n7o,,,057763cb-fbe0-4491-89ac-e6aaf9e77325.com.samsung.health.exercise.live_data.json,,1.1954478,com.sec.android.app.shealth,,,,,2026-01-21 06:31:15.892,057763cb-fbe0-4491-89ac-e6aaf9e77325,,
d810afdf-f73d-45dc-9495-d96b0e6eb092.live_data_internal.json,,0,,,,121.047424,,,,,d810afdf-f73d-45dc-9495-d96b0e6eb092.sensing_status.json,4,,,,,,,,,,,,,,,1065655,,63070030,,,2026-01-21 07:36:08.507,1001,,,,116.0,30001,,,63070030,127.0,2026-01-21 07:58:37.237,2026-01-21 07:58:37.237,,,1.6388891,87.608086,101.0,,1556,1190.22,,117.0,118.0,,,UTC+0530,mP8yc45n7o,,,d810afdf-f73d-45dc-9495-d96b0e6eb092.com.samsung.health.exercise.live_data.json,,1.1168905,com.sec.android.app.shealth,,,,,2026-01-21 07:57:21.762,d810afdf-f73d-45dc-9495-d96b0e6eb092,,
1e04b948-7785-48b4-a521-67ef948bb4e9.live_data_internal.json,,0,,,,59.01,,,,,1e04b948-7785-48b4-a521-67ef948bb4e9.sensing_status.json,4,,,,,,,,,,,,,,,421340,,63070030,,,2026-01-21 14:50:08.453,11007,,,,104.0,,,,63070030,115.0,2026-01-21 14:58:24.629,2026-01-21 14:58:24.629,,,,,83.0,,,,,59.01,,,,UTC+0530,mP8yc45n7o,,,1e04b948-7785-48b4-a521-67ef948bb4e9.com.samsung.health.exercise.live_data.json,,,com.sec.android.app.shealth,,,,,2026-01-21 14:57:09.793,1e04b948-7785-48b4-a521-67ef948bb4e9,,
a8853fbb-db3b-4fc3-9e98-2cd5b8908207.live_data_internal.json,,0,,,,94.99532,,,,,a8853fbb-db3b-4fc3-9e98-2cd5b8908207.sensing_status.json,4,,,,,,,,,,,,,,,1089160,,63070030,,,2026-01-22 12:32:37.300,1001,,,,107.0,30001,,,63070030,122.0,2026-01-22 12:51:38.879,2026-01-22 12:51:38.879,,,1.4575775,64.89404,80.0,,1178,882.01,,94.0,104.0,,,UTC+0530,C5JmDaYRZ4,,,a8853fbb-db3b-4fc3-9e98-2cd5b8908207.com.samsung.health.exercise.live_data.json,,0.80980754,com.sec.android.app.shealth,,,,,2026-01-22 12:51:37.512,a8853fbb-db3b-4fc3-9e98-2cd5b8908207,,
775b9106-d715-434f-9699-5414571bcf2e.live_data_internal.json,,0,,,,56.0,,,,,775b9106-d715-434f-9699-5414571bcf2e.sensing_status.json,4,,,,,,,,,,,,,,,625784,,63070030,,,2026-01-22 14:09:19.218,1001,,,,103.0,30001,,,63070030,117.0,2026-01-22 14:21:00.633,2026-01-22 14:21:00.633,,,1.4244379,79.96369,85.0,,834,619.1,,56.0,104.0,,,UTC+0530,C5JmDaYRZ4,,,775b9106-d715-434f-9699-5414571bcf2e.com.samsung.health.exercise.live_data.json,,0.98931897,com.sec.android.app.shealth,,,,,2026-01-22 14:19:45.002,775b9106-d715-434f-9699-5414571bcf2e,,
65ec1656-4cbe-4da2-b7e0-e014cc710dc4.live_data_internal.json,,0,,,,48.36,,,,,65ec1656-4cbe-4da2-b7e0-e014cc710dc4.sensing_status.json,4,,,,,,,,,,,,,,,343980,,63070030,,,2026-01-22 14:34:21.281,11007,,,,111.0,,,,63070030,117.0,2026-01-22 14:41:23.913,2026-01-22 14:41:23.913,,,,,104.0,,,,,48.36,,,,UTC+0530,C5JmDaYRZ4,,,65ec1656-4cbe-4da2-b7e0-e014cc710dc4.com.samsung.health.exercise.live_data.json,,,com.sec.android.app.shealth,,,,,2026-01-22 14:40:05.261,65ec1656-4cbe-4da2-b7e0-e014cc710dc4,,
f86a71d5-9049-4f1d-bfb8-1c89da17dff6.live_data_internal.json,,0,,,,462.42,,,,,f86a71d5-9049-4f1d-bfb8-1c89da17dff6.sensing_status.json,1,,,,,,,,,,,,,,,3432485,,63070030,,,2026-01-23 04:01:10.907,15002,,,,121.0,,,,63070030,184.0,2026-01-23 04:58:23.737,2026-01-23 04:58:23.737,,,,,92.0,,,,,462.42,,,,UTC+0530,zqeK1JMuMn,,,f86a71d5-9049-4f1d-bfb8-1c89da17dff6.com.samsung.health.exercise.live_data.json,,,com.sec.android.app.shealth,,,,,2026-01-23 04:58:23.392,f86a71d5-9049-4f1d-bfb8-1c89da17dff6,,
846fc0ae-fa10-4c9d-9398-fe2204582177.live_data_internal.json,,0,,,,71.55826,,,,,846fc0ae-fa10-4c9d-9398-fe2204582177.sensing_status.json,4,,,,,,,,,,,,,,,684786,,63070030,,,2026-01-23 07:28:35.094,1001,,,,117.0,30001,,,63070030,131.0,2026-01-23 07:41:43.540,2026-01-23 07:41:43.540,,,1.5555556,111.275635,109.0,,1270,922.08,,71.0,116.0,,,UTC+0530,zqeK1JMuMn,,,846fc0ae-fa10-4c9d-9398-fe2204582177.com.samsung.health.exercise.live_data.json,,1.3465228,com.sec.android.app.shealth,,,,,2026-01-23 07:40:28.514,846fc0ae-fa10-4c9d-9398-fe2204582177,,
d4bb8f52-28e5-4667-9a3a-c0423c8ec62e.live_data_internal.json,,0,,,,578.17,,,,,d4bb8f52-28e5-4667-9a3a-c0423c8ec62e.sensing_status.json,1,,,,,,,,,,,,,,,4831440,,63070030,,,2026-01-24 04:02:54.996,15002,,,,109.0,,,,63070030,135.0,2026-01-24 05:23:27.681,2026-01-24 05:23:27.681,,,,,88.0,,,,,578.17,,,,UTC+0530,zqeK1JMuMn,,,d4bb8f52-28e5-4667-9a3a-c0423c8ec62e.com.samsung.health.exercise.live_data.json,,,com.sec.android.app.shealth,,,,,2026-01-24 05:23:26.436,d4bb8f52-28e5-4667-9a3a-c0423c8ec62e,,
4ae8c2d1-a9ee-4ea8-9194-aa7b19125637.live_data_internal.json,,0,,,,67.84,,,,,4ae8c2d1-a9ee-4ea8-9194-aa7b19125637.sensing_status.json,4,,,,,,,,,,,,,,,543420,,63070030,,,2026-01-24 14:08:07.503,11007,,,,105.0,,,,63070030,117.0,2026-01-24 14:18:05.203,2026-01-24 14:18:05.203,,,,,88.0,,,,,67.84,,,,UTC+0530,zqeK1JMuMn,,,4ae8c2d1-a9ee-4ea8-9194-aa7b19125637.com.samsung.health.exercise.live_data.json,,,com.sec.android.app.shealth,,,,,2026-01-24 14:17:10.923,4ae8c2d1-a9ee-4ea8-9194-aa7b19125637,,
24dcc13f-2c36-4b9b-892d-417d93686505.live_data_internal.json,,0,,,,49.2,,,,,24dcc13f-2c36-4b9b-892d-417d93686505.sensing_status.json,4,,,,,,,,,,,,,,,371220,,63070030,,,2026-01-24 15:42:46.726,11007,,,,103.0,,,,63070030,129.0,2026-01-24 15:50:15.504,2026-01-24 15:50:15.504,,,,,82.0,,,,,49.2,,,,UTC+0530,zqeK1JMuMn,,,24dcc13f-2c36-4b9b-892d-417d93686505.com.samsung.health.exercise.live_data.json,,,com.sec.android.app.shealth,,,,,2026-01-24 15:48:57.946,24dcc13f-2c36-4b9b-892d-417d93686505,,
52e47e2b-4cc9-45a2-8879-61672d9569ac.live_data_internal.json,,0,,,,52.74,,,,,52e47e2b-4cc9-45a2-8879-61672d9569ac.sensing_status.json,4,,,,,,,,,,,,,,,507580,,63070030,,,2026-01-25 07:23:26.062,11007,,,,94.0,,,,63070030,126.0,2026-01-25 07:33:01.400,2026-01-25 07:33:01.400,,,,,72.0,,,,,52.74,,,,UTC+0530,zqeK1JMuMn,,,52e47e2b-4cc9-45a2-8879-61672d9569ac.com.samsung.health.exercise.live_data.json,,,com.sec.android.app.shealth,,,,,2026-01-25 07:31:53.642,52e47e2b-4cc9-45a2-8879-61672d9569ac,,
8761b55d-a3c7-491e-a278-6b87fdbc5f77.live_data_internal.json,,0,,,,79.79665,,,,,8761b55d-a3c7-491e-a278-6b87fdbc5f77.sensing_status.json,4,,,,,,,,,,,,,,,894019,,63070030,,,2026-01-25 12:47:03.301,1001,,,,103.0,30001,,,63070030,117.0,2026-01-25 13:03:29.624,2026-01-25 13:03:29.624,,,1.4191186,73.75682,83.0,,1099,810.15,,78.0,97.0,,,UTC+0530,zqeK1JMuMn,,,8761b55d-a3c7-491e-a278-6b87fdbc5f77.com.samsung.health.exercise.live_data.json,,0.90618885,com.sec.android.app.shealth,,,,,2026-01-25 13:03:29.474,8761b55d-a3c7-491e-a278-6b87fdbc5f77,,
b7c7b703-fa9b-4342-b1c2-ae7bc7011d83.live_data_internal.json,,0,,,,538.8488,,,,,b7c7b703-fa9b-4342-b1c2-ae7bc7011d83.sensing_status.json,1,,,,,,,,,,,,,,,4280209,,63070030,,,2026-01-26 04:12:38.031,15002,,,,116.0,,,,63070030,169.0,2026-01-26 05:25:17.743,2026-01-26 05:25:17.743,,,,,93.0,,,,,537.31,,,,UTC+0530,zqeK1JMuMn,,,b7c7b703-fa9b-4342-b1c2-ae7bc7011d83.com.samsung.health.exercise.live_data.json,,,com.sec.android.app.shealth,,,,,2026-01-26 05:25:17.168,b7c7b703-fa9b-4342-b1c2-ae7bc7011d83,,
a3bd3c43-60d3-4d43-ba2f-7e5ff51128b4.live_data_internal.json,,0,,,,87.26141,,,,,a3bd3c43-60d3-4d43-ba2f-7e5ff51128b4.sensing_status.json,4,,,,,,,,,,,,,,,837032,,63070030,,,2026-01-26 12:22:53.666,1001,,,,100.0,30001,,,63070030,113.0,2026-01-26 12:40:53.235,2026-01-26 12:40:53.235,,,1.5984341,66.09067,87.0,,922,688.99,,84.0,99.0,,,UTC+0530,zqeK1JMuMn,,,a3bd3c43-60d3-4d43-ba2f-7e5ff51128b4.com.samsung.health.exercise.live_data.json,,0.8231346,com.sec.android.app.shealth,,,,,2026-01-26 12:39:37.982,a3bd3c43-60d3-4d43-ba2f-7e5ff51128b4,,
323730d9-6269-45bc-b9bb-aea9fbc6b375.live_data_internal.json,,0,,,,123.69611,,,,,323730d9-6269-45bc-b9bb-aea9fbc6b375.sensing_status.json,4,,,,,,,,,,,,,,,1284645,,63070030,,,2026-01-26 13:55:17.659,1001,,,,99.0,30001,,,63070030,113.0,2026-01-26 14:19:24.676,2026-01-26 14:19:24.676,,,1.6666666,70.19839,85.0,,1503,1106.2,,122.0,95.0,,,UTC+0530,zqeK1JMuMn,,,323730d9-6269-45bc-b9bb-aea9fbc6b375.com.samsung.health.exercise.live_data.json,,0.8610939,com.sec.android.app.shealth,,,,,2026-01-26 14:18:09.301,323730d9-6269-45bc-b9bb-aea9fbc6b375,,
a4497358-5de6-42b2-a198-41d91de7cc4e.live_data_internal.json,,0,,,,568.36,,,,,a4497358-5de6-42b2-a198-41d91de7cc4e.sensing_status.json,1,,,,,,,,,,,,,,,4068559,,63070030,,,2026-01-27 03:56:38.095,15002,,,,124.0,,,,63070030,159.0,2026-01-27 05:04:27.930,2026-01-27 05:04:27.930,,,,,92.0,,,,,568.36,,,,UTC+0530,zqeK1JMuMn,,,a4497358-5de6-42b2-a198-41d91de7cc4e.com.samsung.health.exercise.live_data.json,,,com.sec.android.app.shealth,,,,,2026-01-27 05:04:26.654,a4497358-5de6-42b2-a198-41d91de7cc4e,,
4e8f061c-91e8-4ce8-88b1-7f7896e23261.live_data_internal.json,,0,,,,83.22472,,,,,4e8f061c-91e8-4ce8-88b1-7f7896e23261.sensing_status.json,4,,,,,,,,,,,,,,,855467,,63070030,,,2026-01-27 06:07:12.959,1001,,,,90.0,30001,,,63070030,106.0,2026-01-27 06:22:55.280,2026-01-27 06:22:55.280,,,1.6666666,93.21225,48.0,,1329,899.62,,83.0,120.0,,,UTC+0530,zqeK1JMuMn,,,4e8f061c-91e8-4ce8-88b1-7f7896e23261.com.samsung.health.exercise.live_data.json,,1.0516127,com.sec.android.app.shealth,,,,,2026-01-27 06:21:39.952,4e8f061c-91e8-4ce8-88b1-7f7896e23261,,
af2fb063-2022-48eb-be49-34f1c835fe4b.live_data_internal.json,,0,,,,76.60604,,,,,af2fb063-2022-48eb-be49-34f1c835fe4b.sensing_status.json,4,,,,,,,,,,,,,,,696326,,63070030,,,2026-01-27 07:25:46.931,1001,,,,109.0,30001,,,63070030,124.0,2026-01-27 07:40:00.941,2026-01-27 07:40:00.941,,,1.6111112,93.921524,84.0,,1090,854.98,,75.0,119.0,,,UTC+0530,zqeK1JMuMn,,,af2fb063-2022-48eb-be49-34f1c835fe4b.com.samsung.health.exercise.live_data.json,,1.2278445,com.sec.android.app.shealth,,,,,2026-01-27 07:38:45.634,af2fb063-2022-48eb-be49-34f1c835fe4b,,
bfeff77f-ec48-4f2e-9301-6d9e4bd51b17.live_data_internal.json,,0,,,,61.20629,,,,,bfeff77f-ec48-4f2e-9301-6d9e4bd51b17.sensing_status.json,4,,,,,,,,,,,,,,,688823,,63070030,,,2026-01-29 02:29:49.095,1001,,,,89.0,30001,,,63070030,99.0,2026-01-29 02:42:43.843,2026-01-29 02:42:43.843,,,1.5833334,57.053844,57.0,,655,490.95,,61.0,89.0,,,UTC+0530,zqeK1JMuMn,,,bfeff77f-ec48-4f2e-9301-6d9e4bd51b17.com.samsung.health.exercise.live_data.json,,0.71273756,com.sec.android.app.shealth,,,,,2026-01-29 02:41:28.499,bfeff77f-ec48-4f2e-9301-6d9e4bd51b17,,
3973c52d-2aa7-4276-b399-37cb4675266e.live_data_internal.json,,0,,,,530.03,,,,,3973c52d-2aa7-4276-b399-37cb4675266e.sensing_status.json,1,,,,,,,,,,,,,,,4285350,,63070030,,,2026-01-29 04:06:48.706,15002,,,,115.0,,,,63070030,140.0,2026-01-29 05:18:14.515,2026-01-29 05:18:14.515,,,,,90.0,,,,,530.03,,,,UTC+0530,zqeK1JMuMn,,,3973c52d-2aa7-4276-b399-37cb4675266e.com.samsung.health.exercise.live_data.json,,,com.sec.android.app.shealth,,,,,2026-01-29 05:18:14.056,3973c52d-2aa7-4276-b399-37cb4675266e,,
e4bbe0a6-407a-489c-baf4-1cdf42c86956.live_data_internal.json,,0,,,,41.93,,,,,e4bbe0a6-407a-489c-baf4-1cdf42c86956.sensing_status.json,4,,,,,,,,,,,,,,,318820,,63070030,,,2026-01-29 06:18:31.554,11007,,,,100.0,,,,63070030,119.0,2026-01-29 06:25:03.153,2026-01-29 06:25:03.153,,,,,82.0,,,,,41.93,,,,UTC+0530,zqeK1JMuMn,,,e4bbe0a6-407a-489c-baf4-1cdf42c86956.com.samsung.health.exercise.live_data.json,,,com.sec.android.app.shealth,,,,,2026-01-29 06:23:50.374,e4bbe0a6-407a-489c-baf4-1cdf42c86956,,
88d25505-cbad-458c-b9ef-76ff852c4bc9.live_data_internal.json,,0,,,,38.18,,,,,88d25505-cbad-458c-b9ef-76ff852c4bc9.sensing_status.json,4,,,,,,,,,,,,,,,277520,,63070030,,,2026-01-29 06:49:06.495,11007,,,,106.0,,,,63070030,133.0,2026-01-29 06:55:04.314,2026-01-29 06:55:04.314,,,,,84.0,,,,,38.18,,,,UTC+0530,zqeK1JMuMn,,,88d25505-cbad-458c-b9ef-76ff852c4bc9.com.samsung.health.exercise.live_data.json,,,com.sec.android.app.shealth,,,,,2026-01-29 06:53:44.015,88d25505-cbad-458c-b9ef-76ff852c4bc9,,
2f265c8c-1e63-4698-856e-30408866a779.live_data_internal.json,,0,,,,467.01,,,,,2f265c8c-1e63-4698-856e-30408866a779.sensing_status.json,1,,,,,,,,,,,,,,,3791062,,63070030,,,2026-01-30 04:13:18.199,15002,,,,113.0,,,,63070030,160.0,2026-01-30 05:16:30.061,2026-01-30 05:16:30.061,,,,,92.0,,,,,467.01,,,,UTC+0530,zqeK1JMuMn,,,2f265c8c-1e63-4698-856e-30408866a779.com.samsung.health.exercise.live_data.json,,,com.sec.android.app.shealth,,,,,2026-01-30 05:16:29.261,2f265c8c-1e63-4698-856e-30408866a779,,
d5ed8106-3fd4-4432-8159-d01c41ce990a.live_data_internal.json,,0,,,,76.0,,,,,d5ed8106-3fd4-4432-8159-d01c41ce990a.sensing_status.json,4,,,,,,,,,,,,,,,727111,,63070030,,,2026-01-30 06:12:13.087,1001,,,,106.0,30001,,,63070030,119.0,2026-01-30 06:25:35.432,2026-01-30 06:25:35.432,,,1.6388888,94.81358,72.0,,1149,892.02,,76.0,118.0,,,UTC+0530,zqeK1JMuMn,,,d5ed8106-3fd4-4432-8159-d01c41ce990a.com.samsung.health.exercise.live_data.json,,1.2268003,com.sec.android.app.shealth,,,,,2026-01-30 06:24:20.198,d5ed8106-3fd4-4432-8159-d01c41ce990a,,
79eb107c-7baa-4846-a9ed-0122506a7a9b.live_data_internal.json,,0,,,,82.63174,,,,,79eb107c-7baa-4846-a9ed-0122506a7a9b.sensing_status.json,4,,,,,,,,,,,,,,,696947,,63070030,,,2026-01-30 07:12:01.694,1001,,,,83.0,30001,,,63070030,119.0,2026-01-30 07:27:08.909,2026-01-30 07:27:08.909,,,1.5393004,95.04309,60.0,,1104,854.14,,80.0,117.0,,,UTC+0530,zqeK1JMuMn,,,79eb107c-7baa-4846-a9ed-0122506a7a9b.com.samsung.health.exercise.live_data.json,,1.2255452,com.sec.android.app.shealth,,,,,2026-01-30 07:25:53.628,79eb107c-7baa-4846-a9ed-0122506a7a9b,,
d1e30022-d525-4da9-adc0-3566556e52f7.live_data_internal.json,,0,,,,97.38427,,,,,d1e30022-d525-4da9-adc0-3566556e52f7.sensing_status.json,4,,,,,,,,,,,,,,,992438,,63070030,,,2026-01-31 06:34:25.593,1001,,,,97.0,30001,,,63070030,113.0,2026-01-31 06:52:32.993,2026-01-31 06:52:32.993,,,1.3628284,81.01262,57.0,,1340,995.56,,97.0,103.0,,,UTC+0530,zqeK1JMuMn,,,d1e30022-d525-4da9-adc0-3566556e52f7.com.samsung.health.exercise.live_data.json,,1.0031458,com.sec.android.app.shealth,,,,,2026-01-31 06:51:17.741,d1e30022-d525-4da9-adc0-3566556e52f7,,
fed8700f-a035-450f-8058-686cabf46885.live_data_internal.json,,0,,,,124.79362,,,,,fed8700f-a035-450f-8058-686cabf46885.sensing_status.json,4,,,,,,,,,,,,,,,1200532,,63070030,,,2026-01-31 16:59:05.095,1001,,,,106.0,30001,,,63070030,116.0,2026-01-31 17:23:35.488,2026-01-31 17:23:35.488,,,2.4009397,84.96233,88.0,,1700,1192.99,,121.0,102.0,,,UTC+0530,zqeK1JMuMn,,,fed8700f-a035-450f-8058-686cabf46885.com.samsung.health.exercise.live_data.json,,0.9937178,com.sec.android.app.shealth,,,,,2026-01-31 17:22:20.209,fed8700f-a035-450f-8058-686cabf46885,,
40e82c05-07a5-449c-8b53-3ed196255bb2.live_data_internal.json,,0,,,,60.0,,,,,40e82c05-07a5-449c-8b53-3ed196255bb2.sensing_status.json,4,,,,,,,,,,,,,,,661994,,63070030,,,2026-02-01 11:27:12.089,1001,,,,101.0,30001,,,63070030,118.0,2026-02-01 11:39:29.363,2026-02-01 11:39:29.363,,,1.3744024,65.34802,59.0,,721,582.45,,60.0,99.0,,,UTC+0530,zqeK1JMuMn,,,40e82c05-07a5-449c-8b53-3ed196255bb2.com.samsung.health.exercise.live_data.json,,0.8798418,com.sec.android.app.shealth,,,,,2026-02-01 11:38:14.083,40e82c05-07a5-449c-8b53-3ed196255bb2,,
421d7fb3-4d76-4c0a-bc6b-89bddeeb24fb.live_data_internal.json,,0,,,,63.0,,,,,421d7fb3-4d76-4c0a-bc6b-89bddeeb24fb.sensing_status.json,4,,,,,,,,,,,,,,,707265,,63070030,,,2026-02-01 12:31:03.920,1001,,,,96.0,30001,,,63070030,104.0,2026-02-01 12:44:06.423,2026-02-01 12:44:06.423,,,1.2257667,67.273224,73.0,,793,580.01,,63.0,82.0,,,UTC+0530,zqeK1JMuMn,,,421d7fb3-4d76-4c0a-bc6b-89bddeeb24fb.com.samsung.health.exercise.live_data.json,,0.8200745,com.sec.android.app.shealth,,,,,2026-02-01 12:42:51.185,421d7fb3-4d76-4c0a-bc6b-89bddeeb24fb,,
0ce324db-63db-43e8-8df0-6729366a7509.live_data_internal.json,,0,,,,55.89,,,,,0ce324db-63db-43e8-8df0-6729366a7509.sensing_status.json,4,,,,,,,,,,,,,,,450980,,63070030,,,2026-02-01 14:47:09.431,11007,,,,104.0,,,,63070030,118.0,2026-02-01 14:55:58.227,2026-02-01 14:55:58.227,,,,,91.0,,,,,55.89,,,,UTC+0530,zqeK1JMuMn,,,0ce324db-63db-43e8-8df0-6729366a7509.com.samsung.health.exercise.live_data.json,,,com.sec.android.app.shealth,,,,,2026-02-01 14:54:40.411,0ce324db-63db-43e8-8df0-6729366a7509,,
b1b4bb71-22ea-4abf-8d65-5160a41060a7.live_data_internal.json,,0,,,,33.35,,,,,b1b4bb71-22ea-4abf-8d65-5160a41060a7.sensing_status.json,4,,,,,,,,,,,,,,,303100,,63070030,,,2026-02-01 16:18:30.152,11007,,,,87.0,,,,63070030,105.0,2026-02-01 16:24:56.101,2026-02-01 16:24:56.101,,,,,76.0,,,,,33.35,,,,UTC+0530,zqeK1JMuMn,,,b1b4bb71-22ea-4abf-8d65-5160a41060a7.com.samsung.health.exercise.live_data.json,,,com.sec.android.app.shealth,,,,,2026-02-01 16:23:33.252,b1b4bb71-22ea-4abf-8d65-5160a41060a7,,
fa6a300f-8696-4bea-9d27-991501aa3884.live_data_internal.json,,0,,,,65.0,,,,,fa6a300f-8696-4bea-9d27-991501aa3884.sensing_status.json,4,,,,,,,,,,,,,,,715812,,63070030,,,2026-02-03 15:53:38.178,1001,,,,106.0,30001,,,63070030,116.0,2026-02-03 16:06:49.343,2026-02-03 16:06:49.343,,,1.75,73.25945,99.0,,874,608.34,,65.0,97.0,,,UTC+0530,zqeK1JMuMn,,,fa6a300f-8696-4bea-9d27-991501aa3884.com.samsung.health.exercise.live_data.json,,0.8498601,com.sec.android.app.shealth,,,,,2026-02-03 16:05:33.990,fa6a300f-8696-4bea-9d27-991501aa3884,,
8fa7f1ab-3e6a-492f-89c3-891c94cdea43.live_data_internal.json,,0,,,,64.46,,,,,8fa7f1ab-3e6a-492f-89c3-891c94cdea43.sensing_status.json,4,,,,,,,,,,,,,,,532020,,63070030,,,2026-02-04 05:54:12.730,11007,,,,107.0,,,,63070030,127.0,2026-02-04 06:04:14.432,2026-02-04 06:04:14.432,,,,,83.0,,,,,64.46,,,,UTC+0530,zqeK1JMuMn,,,8fa7f1ab-3e6a-492f-89c3-891c94cdea43.com.samsung.health.exercise.live_data.json,,,com.sec.android.app.shealth,,,,,2026-02-04 06:03:04.750,8fa7f1ab-3e6a-492f-89c3-891c94cdea43,,
d6478eef-3523-4e48-873f-af7006a6a7fe.live_data_internal.json,,0,,,,180.0247,,,,,d6478eef-3523-4e48-873f-af7006a6a7fe.sensing_status.json,4,,,,,,,,,,,,,,,2055563,,63070030,,,2026-02-06 07:23:15.202,0,,,,111.0,,,,63070030,138.0,2026-02-06 07:57:30.876,2026-02-06 07:57:30.876,,,,,97.0,,,,,180.02,,,,UTC+0530,zqeK1JMuMn,,,d6478eef-3523-4e48-873f-af7006a6a7fe.com.samsung.health.exercise.live_data.json,,,com.sec.android.app.shealth,,,,,2026-02-06 07:57:31.006,d6478eef-3523-4e48-873f-af7006a6a7fe,,
df8d282f-cd1e-482d-b973-2f0672dfe5d0.live_data_internal.json,,0,,,,78.67502,,,,,df8d282f-cd1e-482d-b973-2f0672dfe5d0.sensing_status.json,4,,,,,,,,,,,,,,,805088,,63070030,,,2026-02-07 05:44:56.836,1001,,,,98.0,30001,,,63070030,113.0,2026-02-07 06:01:03.203,2026-02-07 06:01:03.203,,,1.5833334,59.0246,84.0,,792,586.89,,77.0,98.0,,,UTC+0530,zqeK1JMuMn,,,df8d282f-cd1e-482d-b973-2f0672dfe5d0.com.samsung.health.exercise.live_data.json,,0.7289762,com.sec.android.app.shealth,,,,,2026-02-07 05:59:47.839,df8d282f-cd1e-482d-b973-2f0672dfe5d0,,
fa0d0f09-6f69-43db-ab09-f3dc885f9281.live_data_internal.json,,0,,,,63.61,,,,,fa0d0f09-6f69-43db-ab09-f3dc885f9281.sensing_status.json,4,,,,,,,,,,,,,,,463120,,63070030,,,2026-02-08 14:16:51.018,11007,,,,109.0,,,,63070030,124.0,2026-02-08 14:25:44.484,2026-02-08 14:25:44.484,,,,,89.0,,,,,63.61,,,,UTC+0530,zqeK1JMuMn,,,fa0d0f09-6f69-43db-ab09-f3dc885f9281.com.samsung.health.exercise.live_data.json,,,com.sec.android.app.shealth,,,,,2026-02-08 14:24:34.138,fa0d0f09-6f69-43db-ab09-f3dc885f9281,,
1f8dc389-b6bc-4aa4-9b90-ea166df9783d.live_data_internal.json,,0,,,,65.3,,,,,1f8dc389-b6bc-4aa4-9b90-ea166df9783d.sensing_status.json,4,,,,,,,,,,,,,,,422180,,63070030,,,2026-02-08 16:03:34.681,11007,,,,130.0,,,,63070030,153.0,2026-02-08 16:11:54.541,2026-02-08 16:11:54.541,,,,,112.0,,,,,65.3,,,,UTC+0530,zqeK1JMuMn,,,1f8dc389-b6bc-4aa4-9b90-ea166df9783d.com.samsung.health.exercise.live_data.json,,,com.sec.android.app.shealth,,,,,2026-02-08 16:10:36.861,1f8dc389-b6bc-4aa4-9b90-ea166df9783d,,
41d7b2a0-d28c-4a85-80ab-559bd530dabe.live_data_internal.json,,0,,,,512.46,,,,,41d7b2a0-d28c-4a85-80ab-559bd530dabe.sensing_status.json,1,,,,,,,,,,,,,,,3628730,,63070030,,,2026-02-09 03:58:32.138,15002,,,,125.0,,,,63070030,170.0,2026-02-09 04:59:01.183,2026-02-09 04:59:01.183,,,,,99.0,,,,,512.46,,,,UTC+0530,zqeK1JMuMn,,,41d7b2a0-d28c-4a85-80ab-559bd530dabe.com.samsung.health.exercise.live_data.json,,,com.sec.android.app.shealth,,,,,2026-02-09 04:59:00.868,41d7b2a0-d28c-4a85-80ab-559bd530dabe,,
0c68c76e-04f7-474a-92c4-c19df0b53d21.live_data_internal.json,,0,,,,493.39,,,,,0c68c76e-04f7-474a-92c4-c19df0b53d21.sensing_status.json,1,,,,,,,,,,,,,,,3801736,,63070030,,,2026-02-10 04:05:34.832,15002,,,,119.0,,,,63070030,151.0,2026-02-10 05:08:57.017,2026-02-10 05:08:57.017,,,,,89.0,,,,,493.39,,,,UTC+0530,zqeK1JMuMn,,,0c68c76e-04f7-474a-92c4-c19df0b53d21.com.samsung.health.exercise.live_data.json,,,com.sec.android.app.shealth,,,,,2026-02-10 05:08:56.568,0c68c76e-04f7-474a-92c4-c19df0b53d21,,
c2ece641-6f98-480f-ac52-776a8efbcc9a.live_data_internal.json,,0,,,,564.55,,,,,c2ece641-6f98-480f-ac52-776a8efbcc9a.sensing_status.json,1,,,,,,,,,,,,,,,4147261,,63070030,,,2026-02-11 04:12:41.685,15002,,,,123.0,,,,63070030,160.0,2026-02-11 05:21:49.445,2026-02-11 05:21:49.445,,,,,99.0,,,,,564.55,,,,UTC+0530,zqeK1JMuMn,,,c2ece641-6f98-480f-ac52-776a8efbcc9a.com.samsung.health.exercise.live_data.json,,,com.sec.android.app.shealth,,,,,2026-02-11 05:21:48.946,c2ece641-6f98-480f-ac52-776a8efbcc9a,,
2811cda6-62f3-42a2-b1e3-f955746be325.live_data_internal.json,,0,,,,41.23,,,,,2811cda6-62f3-42a2-b1e3-f955746be325.sensing_status.json,4,,,,,,,,,,,,,,,296100,,63070030,,,2026-02-11 14:49:41.226,11007,,,,106.0,,,,63070030,116.0,2026-02-11 14:56:04.583,2026-02-11 14:56:04.583,,,,,89.0,,,,,41.23,,,,UTC+0530,zqeK1JMuMn,,,2811cda6-62f3-42a2-b1e3-f955746be325.com.samsung.health.exercise.live_data.json,,,com.sec.android.app.shealth,,,,,2026-02-11 14:54:37.326,2811cda6-62f3-42a2-b1e3-f955746be325,,
,,0,,,,23.62,,,,,094355c5-4753-420c-b83f-ce8380ae6985.sensing_status.json,4,,,,,,,,,,,,,,,140240,,63070030,,,2026-02-11 15:46:01.833,11007,,,,88.0,,,,63070030,95.0,2026-02-11 15:50:22.263,2026-02-11 15:50:22.263,,,,,73.0,,,,,23.62,,,,UTC+0530,zqeK1JMuMn,,,,,,com.sec.android.app.shealth,,,,,2026-02-11 15:48:22.073,094355c5-4753-420c-b83f-ce8380ae6985,,
0fd7bb1a-e294-4456-8293-8dfa5d099a16.live_data_internal.json,,0,,,,57.082653,,,,,0fd7bb1a-e294-4456-8293-8dfa5d099a16.sensing_status.json,4,,,,,,,,,,,,,,,692711,,63070030,,,2026-02-12 07:16:42.189,0,,,,126.0,,,,63070030,136.0,2026-02-12 07:28:15.963,2026-02-12 07:28:15.963,,,,,111.0,,,,,57.07,,,,UTC+0530,zqeK1JMuMn,,,0fd7bb1a-e294-4456-8293-8dfa5d099a16.com.samsung.health.exercise.live_data.json,,,com.sec.android.app.shealth,,,,,2026-02-12 07:28:15.549,0fd7bb1a-e294-4456-8293-8dfa5d099a16,,
1cb27797-be90-4c23-ac88-a6a616359eb6.live_data_internal.json,,0,,,,521.06,,,,,1cb27797-be90-4c23-ac88-a6a616359eb6.sensing_status.json,1,,,,,,,,,,,,,,,3813703,,63070030,,,2026-02-13 04:08:45.965,15002,,,,124.0,,,,63070030,150.0,2026-02-13 05:12:20.060,2026-02-13 05:12:20.060,,,,,105.0,,,,,521.06,,,,UTC+0530,zqeK1JMuMn,,,1cb27797-be90-4c23-ac88-a6a616359eb6.com.samsung.health.exercise.live_data.json,,,com.sec.android.app.shealth,,,,,2026-02-13 05:12:19.668,1cb27797-be90-4c23-ac88-a6a616359eb6,,
d82a3b71-59b7-4503-8bd1-571e6e21fd8d.live_data_internal.json,,0,,,,188.05,,,,,d82a3b71-59b7-4503-8bd1-571e6e21fd8d.sensing_status.json,4,,,,,,,,,,,,,,,1990149,,63070030,,,2026-02-13 08:51:22.366,0,,,,118.0,,,,63070030,131.0,2026-02-13 09:24:31.714,2026-02-13 09:24:31.714,,,,,107.0,,,,,188.05,,,,UTC+0530,zqeK1JMuMn,,,d82a3b71-59b7-4503-8bd1-571e6e21fd8d.com.samsung.health.exercise.live_data.json,,,com.sec.android.app.shealth,,,,,2026-02-13 09:24:31.753,d82a3b71-59b7-4503-8bd1-571e6e21fd8d,,
d34cc94b-384a-4cba-aa10-971339a4d2e7.live_data_internal.json,,0,,,,33.49,,,,,d34cc94b-384a-4cba-aa10-971339a4d2e7.sensing_status.json,4,,,,,,,,,,,,,,,301520,,63070030,,,2026-02-13 09:24:21.558,11007,,,,92.0,,,,63070030,99.0,2026-02-13 09:30:47.927,2026-02-13 09:30:47.927,,,,,88.0,,,,,33.49,,,,UTC+0530,zqeK1JMuMn,,,d34cc94b-384a-4cba-aa10-971339a4d2e7.com.samsung.health.exercise.live_data.json,,,com.sec.android.app.shealth,,,,,2026-02-13 09:29:23.078,d34cc94b-384a-4cba-aa10-971339a4d2e7,,
28feed6c-04bd-4a06-93e2-bb4242d354f5.live_data_internal.json,,0,,,,115.704094,,,,,28feed6c-04bd-4a06-93e2-bb4242d354f5.sensing_status.json,4,,,,,,,,,,,,,,,1401245,,63070030,,,2026-02-13 09:40:48.065,0,,,,106.0,,,,63070030,135.0,2026-02-13 10:04:10.381,2026-02-13 10:04:10.381,,,,,99.0,,,,,115.7,,,,UTC+0530,zqeK1JMuMn,,,28feed6c-04bd-4a06-93e2-bb4242d354f5.com.samsung.health.exercise.live_data.json,,,com.sec.android.app.shealth,,,,,2026-02-13 10:04:09.520,28feed6c-04bd-4a06-93e2-bb4242d354f5,,
e6e16ab5-d672-4579-8fc8-b7f3f620a468.live_data_internal.json,,0,,,,48.28,,,,,e6e16ab5-d672-4579-8fc8-b7f3f620a468.sensing_status.json,4,,,,,,,,,,,,,,,306800,,63070030,,,2026-02-13 14:31:35.510,11007,,,,122.0,,,,63070030,128.0,2026-02-13 14:38:08.730,2026-02-13 14:38:08.730,,,,,117.0,,,,,48.28,,,,UTC+0530,zqeK1JMuMn,,,e6e16ab5-d672-4579-8fc8-b7f3f620a468.com.samsung.health.exercise.live_data.json,,,com.sec.android.app.shealth,,,,,2026-02-13 14:36:42.310,e6e16ab5-d672-4579-8fc8-b7f3f620a468,,
88937f32-1fa9-4b47-8d96-bebac58e89a0.live_data_internal.json,,0,,,,69.05,,,,,88937f32-1fa9-4b47-8d96-bebac58e89a0.sensing_status.json,4,,,,,,,,,,,,,,,473800,,63070030,,,2026-02-13 15:43:51.082,11007,,,,117.0,,,,63070030,127.0,2026-02-13 15:52:49.870,2026-02-13 15:52:49.870,,,,,107.0,,,,,69.05,,,,UTC+0530,zqeK1JMuMn,,,88937f32-1fa9-4b47-8d96-bebac58e89a0.com.samsung.health.exercise.live_data.json,,,com.sec.android.app.shealth,,,,,2026-02-13 15:51:44.882,88937f32-1fa9-4b47-8d96-bebac58e89a0,,
9b57c462-16c1-4343-af0c-c3b1ea4b51ef.live_data_internal.json,,0,,,,576.93,,,,,9b57c462-16c1-4343-af0c-c3b1ea4b51ef.sensing_status.json,1,,,,,,,,,,,,,,,4177090,,63070030,,,2026-02-14 04:13:52.909,15002,,,,124.0,,,,63070030,167.0,2026-02-14 05:23:32.145,2026-02-14 05:23:32.145,,,,,94.0,,,,,576.93,,,,UTC+0530,zqeK1JMuMn,,,9b57c462-16c1-4343-af0c-c3b1ea4b51ef.com.samsung.health.exercise.live_data.json,,,com.sec.android.app.shealth,,,,,2026-02-14 05:23:29.999,9b57c462-16c1-4343-af0c-c3b1ea4b51ef,,
83636776-2a02-4994-8e40-5b9036b459bc.live_data_internal.json,,0,,,,29.82,,,,,83636776-2a02-4994-8e40-5b9036b459bc.sensing_status.json,4,,,,,,,,,,,,,,,230240,,63070030,,,2026-02-15 13:11:41.778,11007,,,,91.0,,,,63070030,100.0,2026-02-15 13:16:59.391,2026-02-15 13:16:59.391,,,,,83.0,,,,,29.82,,,,UTC+0530,zqeK1JMuMn,,,83636776-2a02-4994-8e40-5b9036b459bc.com.samsung.health.exercise.live_data.json,,,com.sec.android.app.shealth,,,,,2026-02-15 13:15:32.018,83636776-2a02-4994-8e40-5b9036b459bc,,
88addbb4-37b2-4e08-a570-cfbbddb00a63.live_data_internal.json,,0,,,,52.07,,,,,88addbb4-37b2-4e08-a570-cfbbddb00a63.sensing_status.json,4,,,,,,,,,,,,,,,453560,,63070030,,,2026-02-15 16:50:17.407,11007,,,,106.0,,,,63070030,121.0,2026-02-15 16:58:52.137,2026-02-15 16:58:52.137,,,,,83.0,,,,,52.07,,,,UTC+0530,zqeK1JMuMn,,,88addbb4-37b2-4e08-a570-cfbbddb00a63.com.samsung.health.exercise.live_data.json,,,com.sec.android.app.shealth,,,,,2026-02-15 16:57:50.967,88addbb4-37b2-4e08-a570-cfbbddb00a63,,
dc2d348e-2ec1-4c26-8405-346bc04645fd.live_data_internal.json,,0,,,,31.22,,,,,dc2d348e-2ec1-4c26-8405-346bc04645fd.sensing_status.json,4,,,,,,,,,,,,,,,274940,,63070030,,,2026-02-16 03:19:03.575,11007,,,,75.0,,,,63070030,82.0,2026-02-16 03:24:58.545,2026-02-16 03:24:58.545,,,,,65.0,,,,,31.22,,,,UTC+0530,zqeK1JMuMn,,,dc2d348e-2ec1-4c26-8405-346bc04645fd.com.samsung.health.exercise.live_data.json,,,com.sec.android.app.shealth,,,,,2026-02-16 03:23:38.515,dc2d348e-2ec1-4c26-8405-346bc04645fd,,
48f4999b-ee3e-47c9-b212-f45ef1630255.live_data_internal.json,,0,,,,74.80129,,,,,48f4999b-ee3e-47c9-b212-f45ef1630255.sensing_status.json,4,,,,,,,,,,,,,,,812801,,63070030,,,2026-02-17 03:25:24.787,0,,,,117.0,,,,63070030,129.0,2026-02-17 03:38:57.692,2026-02-17 03:38:57.692,,,,,108.0,,,,,74.8,,,,UTC+0530,zqeK1JMuMn,,,48f4999b-ee3e-47c9-b212-f45ef1630255.com.samsung.health.exercise.live_data.json,,,com.sec.android.app.shealth,,,,,2026-02-17 03:38:57.654,48f4999b-ee3e-47c9-b212-f45ef1630255,,
70f7d955-c6b1-4051-b316-3a2e980c4c50.live_data_internal.json,,0,,,,605.36,,,,,70f7d955-c6b1-4051-b316-3a2e980c4c50.sensing_status.json,1,,,,,,,,,,,,,,,4104552,,63070030,,,2026-02-17 03:57:37.993,15002,,,,129.0,,,,63070030,157.0,2026-02-17 05:06:02.869,2026-02-17 05:06:02.869,,,,,105.0,,,,,605.36,,,,UTC+0530,zqeK1JMuMn,,,70f7d955-c6b1-4051-b316-3a2e980c4c50.com.samsung.health.exercise.live_data.json,,,com.sec.android.app.shealth,,,,,2026-02-17 05:06:02.545,70f7d955-c6b1-4051-b316-3a2e980c4c50,,
0526b6db-268d-4144-bcf5-523549a92cac.live_data_internal.json,,0,,,,592.99,,,,,0526b6db-268d-4144-bcf5-523549a92cac.sensing_status.json,1,,,,,,,,,,,,,,,4285699,,63070030,,,2026-02-18 04:04:45.604,15002,,,,124.0,,,,63070030,162.0,2026-02-18 05:16:11.693,2026-02-18 05:16:11.693,,,,,96.0,,,,,592.99,,,,UTC+0530,zqeK1JMuMn,,,0526b6db-268d-4144-bcf5-523549a92cac.com.samsung.health.exercise.live_data.json,,,com.sec.android.app.shealth,,,,,2026-02-18 05:16:11.303,0526b6db-268d-4144-bcf5-523549a92cac,,
6ced2824-f78d-4d68-be54-a3e97f5d58bc.live_data_internal.json,,0,,,,49.65,,,,,6ced2824-f78d-4d68-be54-a3e97f5d58bc.sensing_status.json,4,,,,,,,,,,,,,,,321400,,63070030,,,2026-02-19 14:20:59.703,11007,,,,114.0,,,,63070030,132.0,2026-02-19 14:27:45.138,2026-02-19 14:27:45.138,,,,,93.0,,,,,49.65,,,,UTC+0530,zqeK1JMuMn,,,6ced2824-f78d-4d68-be54-a3e97f5d58bc.com.samsung.health.exercise.live_data.json,,,com.sec.android.app.shealth,,,,,2026-02-19 14:26:21.103,6ced2824-f78d-4d68-be54-a3e97f5d58bc,,
fcc118fd-a537-46df-842d-4492e11d3c9a.live_data_internal.json,,0,,,,46.96,,,,,fcc118fd-a537-46df-842d-4492e11d3c9a.sensing_status.json,4,,,,,,,,,,,,,,,372780,,63070030,,,2026-02-19 16:14:30.873,11007,,,,116.0,,,,63070030,128.0,2026-02-19 16:21:58.328,2026-02-19 16:21:58.328,,,,,84.0,,,,,46.96,,,,UTC+0530,zqeK1JMuMn,,,fcc118fd-a537-46df-842d-4492e11d3c9a.com.samsung.health.exercise.live_data.json,,,com.sec.android.app.shealth,,,,,2026-02-19 16:20:43.653,fcc118fd-a537-46df-842d-4492e11d3c9a,,
c58989f7-03b9-4205-b156-1e87efe245ee.live_data_internal.json,,0,,,,508.63,,,,,c58989f7-03b9-4205-b156-1e87efe245ee.sensing_status.json,1,,,,,,,,,,,,,,,3916217,,63070030,,,2026-02-20 04:10:05.745,15002,,,,120.0,,,,63070030,148.0,2026-02-20 05:15:27.314,2026-02-20 05:15:27.314,,,,,104.0,,,,,508.63,,,,UTC+0530,zqeK1JMuMn,,,c58989f7-03b9-4205-b156-1e87efe245ee.com.samsung.health.exercise.live_data.json,,,com.sec.android.app.shealth,,,,,2026-02-20 05:15:21.962,c58989f7-03b9-4205-b156-1e87efe245ee,,
62f2a90c-6cb5-4dad-ab59-e7ddafa6f939.live_data_internal.json,,0,,,,567.12,,,,,62f2a90c-6cb5-4dad-ab59-e7ddafa6f939.sensing_status.json,1,,,,,,,,,,,,,,,4664434,,63070030,,,2026-02-21 04:10:27.008,15002,,,,111.0,,,,63070030,146.0,2026-02-21 05:28:11.846,2026-02-21 05:28:11.846,,,,,87.0,,,,,567.12,,,,UTC+0530,zqeK1JMuMn,,,62f2a90c-6cb5-4dad-ab59-e7ddafa6f939.com.samsung.health.exercise.live_data.json,,,com.sec.android.app.shealth,,,,,2026-02-21 05:28:11.442,62f2a90c-6cb5-4dad-ab59-e7ddafa6f939,,
be7f595f-36ce-4300-8d90-7bfb13947a49.live_data_internal.json,,0,,,,131.83,,,,,be7f595f-36ce-4300-8d90-7bfb13947a49.sensing_status.json,4,,,,,,,,,,,,,,,1050820,,63070030,,,2026-02-22 03:55:31.216,11007,,,,107.0,,,,63070030,125.0,2026-02-22 04:13:55.146,2026-02-22 04:13:55.146,,,,,98.0,,,,,131.83,,,,UTC+0530,zqeK1JMuMn,,,be7f595f-36ce-4300-8d90-7bfb13947a49.com.samsung.health.exercise.live_data.json,,,com.sec.android.app.shealth,,,,,2026-02-22 04:13:02.036,be7f595f-36ce-4300-8d90-7bfb13947a49,,
0d2b989b-d272-419f-97e3-4ac5385ec29c.live_data_internal.json,,0,,,,648.07,,,,,0d2b989b-d272-419f-97e3-4ac5385ec29c.sensing_status.json,1,,,,,,,,,,,,,,,4439669,,63070030,,,2026-02-23 04:01:46.850,15002,,,,128.0,,,,63070030,156.0,2026-02-23 05:15:46.914,2026-02-23 05:15:46.914,,,,,102.0,,,,,648.07,,,,UTC+0530,zqeK1JMuMn,,,0d2b989b-d272-419f-97e3-4ac5385ec29c.com.samsung.health.exercise.live_data.json,,,com.sec.android.app.shealth,,,,,2026-02-23 05:15:46.519,0d2b989b-d272-419f-97e3-4ac5385ec29c,,
25c1b0ed-9450-4d0f-9f88-34685722277e.live_data_internal.json,,0,,,,59.82,,,,,25c1b0ed-9450-4d0f-9f88-34685722277e.sensing_status.json,4,,,,,,,,,,,,,,,573520,,63070030,,,2026-02-24 15:15:07.700,11007,,,,96.0,,,,63070030,114.0,2026-02-24 15:25:28.334,2026-02-24 15:25:28.334,,,,,87.0,,,,,59.82,,,,UTC+0530,zqeK1JMuMn,,,25c1b0ed-9450-4d0f-9f88-34685722277e.com.samsung.health.exercise.live_data.json,,,com.sec.android.app.shealth,,,,,2026-02-24 15:24:41.220,25c1b0ed-9450-4d0f-9f88-34685722277e,,
eeaa1f4f-4a53-43a5-a8be-44d7925e403a.live_data_internal.json,,0,,,,587.73,,,,,eeaa1f4f-4a53-43a5-a8be-44d7925e403a.sensing_status.json,1,,,,,,,,,,,,,,,4369532,,63070030,,,2026-02-25 04:04:31.504,15002,,,,122.0,,,,63070030,158.0,2026-02-25 05:17:21.598,2026-02-25 05:17:21.598,,,,,101.0,,,,,587.73,,,,UTC+0530,zqeK1JMuMn,,,eeaa1f4f-4a53-43a5-a8be-44d7925e403a.com.samsung.health.exercise.live_data.json,,,com.sec.android.app.shealth,,,,,2026-02-25 05:17:21.036,eeaa1f4f-4a53-43a5-a8be-44d7925e403a,,
f9d75e5d-7ed1-40eb-a7f1-27ef17cae203.live_data_internal.json,,0,,,,457.98,,,,,f9d75e5d-7ed1-40eb-a7f1-27ef17cae203.sensing_status.json,1,,,,,,,,,,,,,,,3603480,,63070030,,,2026-02-26 04:12:01.389,15002,,,,117.0,,,,63070030,152.0,2026-02-26 05:12:05.395,2026-02-26 05:12:05.395,,,,,97.0,,,,,457.98,,,,UTC+0530,zqeK1JMuMn,,,f9d75e5d-7ed1-40eb-a7f1-27ef17cae203.com.samsung.health.exercise.live_data.json,,,com.sec.android.app.shealth,,,,,2026-02-26 05:12:04.869,f9d75e5d-7ed1-40eb-a7f1-27ef17cae203,,
73d22eb9-c5f6-407c-b591-0fe9dd2a3513.live_data_internal.json,,0,,,,60.76,,,,,73d22eb9-c5f6-407c-b591-0fe9dd2a3513.sensing_status.json,4,,,,,,,,,,,,,,,368480,,63070030,,,2026-02-26 14:22:15.929,11007,,,,124.0,,,,63070030,132.0,2026-02-26 14:29:46.932,2026-02-26 14:29:46.932,,,,,116.0,,,,,60.76,,,,UTC+0530,zqeK1JMuMn,,,73d22eb9-c5f6-407c-b591-0fe9dd2a3513.com.samsung.health.exercise.live_data.json,,,com.sec.android.app.shealth,,,,,2026-02-26 14:28:24.409,73d22eb9-c5f6-407c-b591-0fe9dd2a3513,,
34efcb5b-7682-4993-b19e-5a85982090ab.live_data_internal.json,,0,,,,63.56,,,,,34efcb5b-7682-4993-b19e-5a85982090ab.sensing_status.json,4,,,,,,,,,,,,,,,427760,,63070030,,,2026-02-26 15:17:56.674,11007,,,,115.0,,,,63070030,126.0,2026-02-26 15:26:24.474,2026-02-26 15:26:24.474,,,,,98.0,,,,,63.56,,,,UTC+0530,zqeK1JMuMn,,,34efcb5b-7682-4993-b19e-5a85982090ab.com.samsung.health.exercise.live_data.json,,,com.sec.android.app.shealth,,,,,2026-02-26 15:25:04.434,34efcb5b-7682-4993-b19e-5a85982090ab,,
4654e38a-0b48-48fa-ad14-80966c141c1e.live_data_internal.json,,0,,,,437.55,,,,,4654e38a-0b48-48fa-ad14-80966c141c1e.sensing_status.json,1,,,,,,,,,,,,,,,3483694,,63070030,,,2026-02-27 04:11:06.598,15002,,,,116.0,,,,63070030,148.0,2026-02-27 05:09:10.795,2026-02-27 05:09:10.795,,,,,85.0,,,,,437.55,,,,UTC+0530,zqeK1JMuMn,,,4654e38a-0b48-48fa-ad14-80966c141c1e.com.samsung.health.exercise.live_data.json,,,com.sec.android.app.shealth,,,,,2026-02-27 05:09:10.292,4654e38a-0b48-48fa-ad14-80966c141c1e,,
52fdf7c4-b3f4-4a57-922b-66febd876aa1.live_data_internal.json,,0,,,,556.69,,,,,52fdf7c4-b3f4-4a57-922b-66febd876aa1.sensing_status.json,1,,,,,,,,,,,,,,,4207490,,63110130,,,2026-02-28 04:18:22.876,15002,,,,120.0,,,,63110130,162.0,2026-02-28 05:28:30.943,2026-02-28 05:28:30.943,,,,,89.0,,,,,556.69,,,,UTC+0530,zqeK1JMuMn,,,52fdf7c4-b3f4-4a57-922b-66febd876aa1.com.samsung.health.exercise.live_data.json,,,com.sec.android.app.shealth,,,,,2026-02-28 05:28:30.366,52fdf7c4-b3f4-4a57-922b-66febd876aa1,,
1f8be621-d783-4604-824f-9296c1ff1fe0.live_data_internal.json,,0,,,,65.02,,,,,1f8be621-d783-4604-824f-9296c1ff1fe0.sensing_status.json,4,,,,,,,,,,,,,,,439220,,63110130,,,2026-03-01 05:42:46.268,11007,,,,131.0,,,,63110130,151.0,2026-03-01 05:51:17.776,2026-03-01 05:51:17.776,,,,,107.0,,,,,65.02,,,,UTC+0530,zqeK1JMuMn,,,1f8be621-d783-4604-824f-9296c1ff1fe0.com.samsung.health.exercise.live_data.json,,,com.sec.android.app.shealth,,,,,2026-03-01 05:50:05.488,1f8be621-d783-4604-824f-9296c1ff1fe0,,
af5fed34-2a11-4e29-98bd-489cada308d6.live_data_internal.json,,0,,,,43.8,,,,,af5fed34-2a11-4e29-98bd-489cada308d6.sensing_status.json,4,,,,,,,,,,,,,,,309020,,63110130,,,2026-03-01 07:36:25.827,11007,,,,101.0,,,,63110130,107.0,2026-03-01 07:42:59.147,2026-03-01 07:42:59.147,,,,,95.0,,,,,43.8,,,,UTC+0530,zqeK1JMuMn,,,af5fed34-2a11-4e29-98bd-489cada308d6.com.samsung.health.exercise.live_data.json,,,com.sec.android.app.shealth,,,,,2026-03-01 07:41:34.847,af5fed34-2a11-4e29-98bd-489cada308d6,,
812bfe82-90c0-4bea-b8df-f7fe97af0294.live_data_internal.json,,0,,,,698.74,,,,,812bfe82-90c0-4bea-b8df-f7fe97af0294.sensing_status.json,1,,,,,,,,,,,,,,,4652586,,63110130,,,2026-03-02 04:07:35.041,15002,,,,130.0,,,,63110130,155.0,2026-03-02 05:25:08.088,2026-03-02 05:25:08.088,,,,,105.0,,,,,698.74,,,,UTC+0530,zqeK1JMuMn,,,812bfe82-90c0-4bea-b8df-f7fe97af0294.com.samsung.health.exercise.live_data.json,,,com.sec.android.app.shealth,,,,,2026-03-02 05:25:07.627,812bfe82-90c0-4bea-b8df-f7fe97af0294,,
6a1be9e0-2d44-401d-8758-b92a1a169f24.live_data_internal.json,,0,,,,62.98,,,,,6a1be9e0-2d44-401d-8758-b92a1a169f24.sensing_status.json,4,,,,,,,,,,,,,,,449640,,63110130,,,2026-03-03 14:21:00.258,11007,,,,110.0,,,,63110130,121.0,2026-03-03 14:29:54.951,2026-03-03 14:29:54.951,,,,,105.0,,,,,62.98,,,,UTC+0530,zqeK1JMuMn,,,6a1be9e0-2d44-401d-8758-b92a1a169f24.com.samsung.health.exercise.live_data.json,,,com.sec.android.app.shealth,,,,,2026-03-03 14:28:29.898,6a1be9e0-2d44-401d-8758-b92a1a169f24,,
34372a5a-774b-49de-aad5-4a1e9eae4b6e.live_data_internal.json,,0,,,,45.92,,,,,34372a5a-774b-49de-aad5-4a1e9eae4b6e.sensing_status.json,4,,,,,,,,,,,,,,,294240,,63110130,,,2026-03-03 15:39:08.277,11007,,,,111.0,,,,63110130,118.0,2026-03-03 15:45:29.903,2026-03-03 15:45:29.903,,,,,104.0,,,,,45.92,,,,UTC+0530,zqeK1JMuMn,,,34372a5a-774b-49de-aad5-4a1e9eae4b6e.com.samsung.health.exercise.live_data.json,,,com.sec.android.app.shealth,,,,,2026-03-03 15:44:02.517,34372a5a-774b-49de-aad5-4a1e9eae4b6e,,
0902e972-0a3d-4617-969b-d5716b897be5.live_data_internal.json,,0,,,,604.56,,,,,0902e972-0a3d-4617-969b-d5716b897be5.sensing_status.json,1,,,,,,,,,,,,,,,4193972,,63110130,,,2026-03-04 04:10:00.092,15002,,,,127.0,,,,63110130,159.0,2026-03-04 05:19:55.063,2026-03-04 05:19:55.063,,,,,101.0,,,,,604.56,,,,UTC+0530,zqeK1JMuMn,,,0902e972-0a3d-4617-969b-d5716b897be5.com.samsung.health.exercise.live_data.json,,,com.sec.android.app.shealth,,,,,2026-03-04 05:19:54.064,0902e972-0a3d-4617-969b-d5716b897be5,,
39da2c72-a94b-4cbb-8f31-0be2d89b39c2.live_data_internal.json,,0,,,,24.67,,,,,39da2c72-a94b-4cbb-8f31-0be2d89b39c2.sensing_status.json,4,,,,,,,,,,,,,,,200760,,63110130,,,2026-03-05 03:19:19.041,11007,,,,86.0,,,,63110130,88.0,2026-03-05 03:24:07.391,2026-03-05 03:24:07.391,,,,,85.0,,,,,24.67,,,,UTC+0530,zqeK1JMuMn,,,39da2c72-a94b-4cbb-8f31-0be2d89b39c2.com.samsung.health.exercise.live_data.json,,,com.sec.android.app.shealth,,,,,2026-03-05 03:22:39.801,39da2c72-a94b-4cbb-8f31-0be2d89b39c2,,
1e1bdfdf-57c6-4866-b352-6f1112559938.live_data_internal.json,,0,,,,48.48,,,,,1e1bdfdf-57c6-4866-b352-6f1112559938.sensing_status.json,4,,,,,,,,,,,,,,,309460,,63110130,,,2026-03-06 14:30:41.371,11007,,,,110.0,,,,63110130,122.0,2026-03-06 14:37:17.379,2026-03-06 14:37:17.379,,,,,100.0,,,,,48.48,,,,UTC+0530,zqeK1JMuMn,,,1e1bdfdf-57c6-4866-b352-6f1112559938.com.samsung.health.exercise.live_data.json,,,com.sec.android.app.shealth,,,,,2026-03-06 14:35:50.831,1e1bdfdf-57c6-4866-b352-6f1112559938,,
9f0d0e6a-7962-4db9-9cd5-a67918f2b846.live_data_internal.json,,0,,,,157.78,,,,,9f0d0e6a-7962-4db9-9cd5-a67918f2b846.sensing_status.json,4,,,,,,,,,,,,,,,1327220,,63110130,,,2026-03-07 03:50:55.326,11007,,,,108.0,,,,63110130,126.0,2026-03-07 04:13:37.842,2026-03-07 04:13:37.842,,,,,83.0,,,,,157.78,,,,UTC+0530,zqeK1JMuMn,,,9f0d0e6a-7962-4db9-9cd5-a67918f2b846.com.samsung.health.exercise.live_data.json,,,com.sec.android.app.shealth,,,,,2026-03-07 04:13:02.546,9f0d0e6a-7962-4db9-9cd5-a67918f2b846,,
043def8c-f0e7-447d-a0db-9eada4073497.live_data_internal.json,,0,,,,53.81,,,,,043def8c-f0e7-447d-a0db-9eada4073497.sensing_status.json,4,,,,,,,,,,,,,,,350860,,63110130,,,2026-03-07 04:27:58.004,11007,,,,115.0,,,,63110130,123.0,2026-03-07 04:35:10.661,2026-03-07 04:35:10.661,,,,,106.0,,,,,53.81,,,,UTC+0530,zqeK1JMuMn,,,043def8c-f0e7-447d-a0db-9eada4073497.com.samsung.health.exercise.live_data.json,,,com.sec.android.app.shealth,,,,,2026-03-07 04:33:48.864,043def8c-f0e7-447d-a0db-9eada4073497,,
3cb16db2-f614-4e7f-9b5e-cc06ca94ccf4.live_data_internal.json,,0,,,,93.45,,,,,3cb16db2-f614-4e7f-9b5e-cc06ca94ccf4.sensing_status.json,4,,,,,,,,,,,,,,,756480,,63110130,,,2026-03-07 04:37:58.308,11007,,,,111.0,,,,63110130,129.0,2026-03-07 04:51:37.747,2026-03-07 04:51:37.747,,,,,94.0,,,,,93.45,,,,UTC+0530,zqeK1JMuMn,,,3cb16db2-f614-4e7f-9b5e-cc06ca94ccf4.com.samsung.health.exercise.live_data.json,,,com.sec.android.app.shealth,,,,,2026-03-07 04:50:34.788,3cb16db2-f614-4e7f-9b5e-cc06ca94ccf4,,
76cf4364-ddbd-4393-8cd1-ab423452ddfa.live_data_internal.json,,0,,,,190.3,,,,,76cf4364-ddbd-4393-8cd1-ab423452ddfa.sensing_status.json,4,,,,,,,,,,,,,,,1328120,,63110130,,,2026-03-08 02:20:50.124,11007,,,,126.0,,,,63110130,163.0,2026-03-08 02:43:17.904,2026-03-08 02:43:17.904,,,,,93.0,,,,,190.3,,,,UTC+0530,zqeK1JMuMn,,,76cf4364-ddbd-4393-8cd1-ab423452ddfa.com.samsung.health.exercise.live_data.json,,,com.sec.android.app.shealth,,,,,2026-03-08 02:42:58.244,76cf4364-ddbd-4393-8cd1-ab423452ddfa,,
5dfc3ffa-3669-474c-beb1-24500436de99.live_data_internal.json,,0,,,,170.4,,,,,5dfc3ffa-3669-474c-beb1-24500436de99.sensing_status.json,4,,,,,,,,,,,,,,,1006660,,63110130,,,2026-03-08 03:44:35.515,11007,,,,150.0,,,,63110130,183.0,2026-03-08 04:02:27.124,2026-03-08 04:02:27.124,,,,,109.0,,,,,170.4,,,,UTC+0530,zqeK1JMuMn,,,5dfc3ffa-3669-474c-beb1-24500436de99.com.samsung.health.exercise.live_data.json,,,com.sec.android.app.shealth,,,,,2026-03-08 04:01:22.175,5dfc3ffa-3669-474c-beb1-24500436de99,,
7006054f-c1a9-43e9-a94e-a3e277f1176f.live_data_internal.json,,0,,,,66.0,,,,,7006054f-c1a9-43e9-a94e-a3e277f1176f.sensing_status.json,4,,,,,,,,,,,,,,,636911,,63110130,,,2026-03-08 17:16:36.705,1001,,,,105.0,30001,,,63110130,123.0,2026-03-08 17:29:21.302,2026-03-08 17:29:21.302,,,1.6111112,86.95092,85.0,,923,722.06,,66.0,120.0,,,UTC+0530,zqeK1JMuMn,,,7006054f-c1a9-43e9-a94e-a3e277f1176f.com.samsung.health.exercise.live_data.json,,1.1336906,com.sec.android.app.shealth,,,,,2026-03-08 17:27:13.616,7006054f-c1a9-43e9-a94e-a3e277f1176f,,
53154b02-1d7f-4d66-afe9-0deecc5c65c5.live_data_internal.json,,0,,,,21.19,,,,,53154b02-1d7f-4d66-afe9-0deecc5c65c5.sensing_status.json,4,,,,,,,,,,,,,,,199820,,63110130,,,2026-03-09 07:03:28.584,11007,,,,79.0,,,,63110130,83.0,2026-03-09 07:08:16.549,2026-03-09 07:08:16.549,,,,,77.0,,,,,21.19,,,,UTC+0530,zqeK1JMuMn,,,53154b02-1d7f-4d66-afe9-0deecc5c65c5.com.samsung.health.exercise.live_data.json,,,com.sec.android.app.shealth,,,,,2026-03-09 07:06:48.404,53154b02-1d7f-4d66-afe9-0deecc5c65c5,,
b4d1d093-ef97-42ba-9c59-5e4fdc05c0b8.live_data_internal.json,,0,,,,72.07,,,,,b4d1d093-ef97-42ba-9c59-5e4fdc05c0b8.sensing_status.json,4,,,,,,,,,,,,,,,500760,,63110130,,,2026-03-09 14:21:25.738,11007,,,,122.0,,,,63110130,139.0,2026-03-09 14:30:44.429,2026-03-09 14:30:44.429,,,,,111.0,,,,,72.07,,,,UTC+0530,zqeK1JMuMn,,,b4d1d093-ef97-42ba-9c59-5e4fdc05c0b8.com.samsung.health.exercise.live_data.json,,,com.sec.android.app.shealth,,,,,2026-03-09 14:29:46.498,b4d1d093-ef97-42ba-9c59-5e4fdc05c0b8,,
564b8512-7e2b-4465-8e7e-bfc3b0e111bd.live_data_internal.json,,0,,,,30.55,,,,,564b8512-7e2b-4465-8e7e-bfc3b0e111bd.sensing_status.json,4,,,,,,,,,,,,,,,228820,,63110130,,,2026-03-09 15:43:45.224,11007,,,,88.0,,,,63110130,97.0,2026-03-09 15:48:54.265,2026-03-09 15:48:54.265,,,,,80.0,,,,,30.55,,,,UTC+0530,zqeK1JMuMn,,,564b8512-7e2b-4465-8e7e-bfc3b0e111bd.com.samsung.health.exercise.live_data.json,,,com.sec.android.app.shealth,,,,,2026-03-09 15:47:34.044,564b8512-7e2b-4465-8e7e-bfc3b0e111bd,,
e2b3a007-be4d-4cbe-9909-7e6a6dc3dd9f.live_data_internal.json,,0,,,,463.64,,,,,e2b3a007-be4d-4cbe-9909-7e6a6dc3dd9f.sensing_status.json,1,,,,,,,,,,,,,,,3459350,,63110130,,,2026-03-10 04:08:07.171,15002,,,,122.0,,,,63110130,150.0,2026-03-10 05:05:46.978,2026-03-10 05:05:46.978,,,,,54.0,,,,,463.64,,,,UTC+0530,zqeK1JMuMn,,,e2b3a007-be4d-4cbe-9909-7e6a6dc3dd9f.com.samsung.health.exercise.live_data.json,,,com.sec.android.app.shealth,,,,,2026-03-10 05:05:46.521,e2b3a007-be4d-4cbe-9909-7e6a6dc3dd9f,,
2dd0ec6a-9e48-4a27-82c3-fd423230fc01.live_data_internal.json,,0,,,,498.53253,,,,,2dd0ec6a-9e48-4a27-82c3-fd423230fc01.sensing_status.json,1,,,,,,,,,,,,,,,3769178,,63110130,,,2026-03-11 03:54:34.526,15002,,,,120.0,,,,63110130,149.0,2026-03-11 05:00:21.670,2026-03-11 05:00:21.670,,,,,90.0,,,,,495.07,,,,UTC+0530,zqeK1JMuMn,,,2dd0ec6a-9e48-4a27-82c3-fd423230fc01.com.samsung.health.exercise.live_data.json,,,com.sec.android.app.shealth,,,,,2026-03-11 05:00:21.303,2dd0ec6a-9e48-4a27-82c3-fd423230fc01,,
497c4530-9dd2-4241-a972-56c0a8eb5384.live_data_internal.json,,0,,,,63.15,,,,,497c4530-9dd2-4241-a972-56c0a8eb5384.sensing_status.json,4,,,,,,,,,,,,,,,432880,,63110130,,,2026-03-11 14:36:09.785,11007,,,,110.0,,,,63110130,128.0,2026-03-11 14:44:39.998,2026-03-11 14:44:39.998,,,,,82.0,,,,,63.15,,,,UTC+0530,zqeK1JMuMn,,,497c4530-9dd2-4241-a972-56c0a8eb5384.com.samsung.health.exercise.live_data.json,,,com.sec.android.app.shealth,,,,,2026-03-11 14:43:22.665,497c4530-9dd2-4241-a972-56c0a8eb5384,,
26600344-b53d-4deb-88a0-92b883eb2776.live_data_internal.json,,0,,,,35.03,,,,,26600344-b53d-4deb-88a0-92b883eb2776.sensing_status.json,4,,,,,,,,,,,,,,,272820,,63110130,,,2026-03-11 15:52:51.809,11007,,,,92.0,,,,63110130,121.0,2026-03-11 15:58:52.436,2026-03-11 15:58:52.436,,,,,79.0,,,,,35.03,,,,UTC+0530,zqeK1JMuMn,,,26600344-b53d-4deb-88a0-92b883eb2776.com.samsung.health.exercise.live_data.json,,,com.sec.android.app.shealth,,,,,2026-03-11 15:57:24.629,26600344-b53d-4deb-88a0-92b883eb2776,,
12ffd473-c0a5-4a25-9402-9fa835036788.live_data_internal.json,,0,,,,72.91,,,,,12ffd473-c0a5-4a25-9402-9fa835036788.sensing_status.json,4,,,,,,,,,,,,,,,509380,,63110130,,,2026-03-12 14:50:19.943,11007,,,,120.0,,,,63110130,139.0,2026-03-12 14:59:59.970,2026-03-12 14:59:59.970,,,,,88.0,,,,,72.91,,,,UTC+0530,zqeK1JMuMn,,,12ffd473-c0a5-4a25-9402-9fa835036788.com.samsung.health.exercise.live_data.json,,,com.sec.android.app.shealth,,,,,2026-03-12 14:58:49.323,12ffd473-c0a5-4a25-9402-9fa835036788,,
e4ef520a-d7d0-4860-ab4c-d5e3379ed467.live_data_internal.json,,0,,,,54.75,,,,,e4ef520a-d7d0-4860-ab4c-d5e3379ed467.sensing_status.json,4,,,,,,,,,,,,,,,456600,,63110130,,,2026-03-12 16:05:25.310,11007,,,,102.0,,,,63110130,128.0,2026-03-12 16:14:17.486,2026-03-12 16:14:17.486,,,,,66.0,,,,,54.75,,,,UTC+0530,zqeK1JMuMn,,,e4ef520a-d7d0-4860-ab4c-d5e3379ed467.com.samsung.health.exercise.live_data.json,,,com.sec.android.app.shealth,,,,,2026-03-12 16:13:01.910,e4ef520a-d7d0-4860-ab4c-d5e3379ed467,,
878e279f-6cfe-4a29-b006-57df777be23a.live_data_internal.json,,0,,,,445.49,,,,,878e279f-6cfe-4a29-b006-57df777be23a.sensing_status.json,1,,,,,,,,,,,,,,,3647996,,63110130,,,2026-03-13 04:04:34.981,15002,,,,115.0,,,,63110130,134.0,2026-03-13 05:05:23.861,2026-03-13 05:05:23.861,,,,,58.0,,,,,445.49,,,,UTC+0530,zqeK1JMuMn,,,878e279f-6cfe-4a29-b006-57df777be23a.com.samsung.health.exercise.live_data.json,,,com.sec.android.app.shealth,,,,,2026-03-13 05:05:22.977,878e279f-6cfe-4a29-b006-57df777be23a,,
80e2c05f-0629-468a-ba4a-2b029632c003.live_data_internal.json,,0,,,,589.67,,,,,80e2c05f-0629-468a-ba4a-2b029632c003.sensing_status.json,1,,,,,,,,,,,,,,,4340661,,63110130,,,2026-03-14 04:13:11.200,15002,,,,123.0,,,,63110130,178.0,2026-03-14 05:25:32.510,2026-03-14 05:25:32.510,,,,,103.0,,,,,589.67,,,,UTC+0530,zqeK1JMuMn,,,80e2c05f-0629-468a-ba4a-2b029632c003.com.samsung.health.exercise.live_data.json,,,com.sec.android.app.shealth,,,,,2026-03-14 05:25:31.861,80e2c05f-0629-468a-ba4a-2b029632c003,,
e807e7b8-a64d-4f01-8615-a4108483df96.live_data_internal.json,,0,,,,135.35,,,,,e807e7b8-a64d-4f01-8615-a4108483df96.sensing_status.json,4,,,,,,,,,,,,,,,1057400,,63110130,,,2026-03-15 02:40:30.621,11007,,,,113.0,,,,63110130,144.0,2026-03-15 02:58:53.488,2026-03-15 02:58:53.488,,,,,95.0,,,,,135.35,,,,UTC+0530,zqeK1JMuMn,,,e807e7b8-a64d-4f01-8615-a4108483df96.com.samsung.health.exercise.live_data.json,,,com.sec.android.app.shealth,,,,,2026-03-15 02:58:08.021,e807e7b8-a64d-4f01-8615-a4108483df96,,
a5ec3fad-9012-4974-a58c-144122bdebc5.live_data_internal.json,,0,,,,131.75,,,,,a5ec3fad-9012-4974-a58c-144122bdebc5.sensing_status.json,4,,,,,,,,,,,,,,,1165640,,63110130,,,2026-03-15 03:58:16.299,11007,,,,108.0,,,,63110130,119.0,2026-03-15 04:18:02.030,2026-03-15 04:18:02.030,,,,,95.0,,,,,131.75,,,,UTC+0530,zqeK1JMuMn,,,a5ec3fad-9012-4974-a58c-144122bdebc5.com.samsung.health.exercise.live_data.json,,,com.sec.android.app.shealth,,,,,2026-03-15 04:17:41.939,a5ec3fad-9012-4974-a58c-144122bdebc5,,
12a2eb8b-785d-4291-813e-6a147d29f74e.live_data_internal.json,,0,,,,63.82,,,,,12a2eb8b-785d-4291-813e-6a147d29f74e.sensing_status.json,4,,,,,,,,,,,,,,,472620,,63110130,,,2026-03-16 14:51:56.738,11007,,,,110.0,,,,63110130,124.0,2026-03-16 15:01:06.311,2026-03-16 15:01:06.311,,,,,103.0,,,,,63.82,,,,UTC+0530,zqeK1JMuMn,,,12a2eb8b-785d-4291-813e-6a147d29f74e.com.samsung.health.exercise.live_data.json,,,com.sec.android.app.shealth,,,,,2026-03-16 14:59:49.358,12a2eb8b-785d-4291-813e-6a147d29f74e,,
038bb81f-4366-4732-9575-1327d3b222af.live_data_internal.json,,0,,,,44.33,,,,,038bb81f-4366-4732-9575-1327d3b222af.sensing_status.json,4,,,,,,,,,,,,,,,313920,,63110130,,,2026-03-16 16:11:20.392,11007,,,,99.0,,,,63110130,105.0,2026-03-16 16:18:00.689,2026-03-16 16:18:00.689,,,,,89.0,,,,,44.33,,,,UTC+0530,zqeK1JMuMn,,,038bb81f-4366-4732-9575-1327d3b222af.com.samsung.health.exercise.live_data.json,,,com.sec.android.app.shealth,,,,,2026-03-16 16:16:34.312,038bb81f-4366-4732-9575-1327d3b222af,,
ca2ac8b9-5356-4396-b252-07d17c4e1e6c.live_data_internal.json,,0,,,,72.41,,,,,ca2ac8b9-5356-4396-b252-07d17c4e1e6c.sensing_status.json,4,,,,,,,,,,,,,,,484920,,63110130,,,2026-03-19 14:52:16.575,11007,,,,114.0,,,,63110130,122.0,2026-03-19 15:01:50.765,2026-03-19 15:01:50.765,,,,,105.0,,,,,72.41,,,,UTC+0530,zqeK1JMuMn,,,ca2ac8b9-5356-4396-b252-07d17c4e1e6c.com.samsung.health.exercise.live_data.json,,,com.sec.android.app.shealth,,,,,2026-03-19 15:00:21.495,ca2ac8b9-5356-4396-b252-07d17c4e1e6c,,
445d0645-f533-4ac3-b2bd-e39ce015d966.live_data_internal.json,,0,,,,36.74,,,,,445d0645-f533-4ac3-b2bd-e39ce015d966.sensing_status.json,4,,,,,,,,,,,,,,,224280,,63110130,,,2026-03-19 16:08:16.523,11007,,,,111.0,,,,63110130,115.0,2026-03-19 16:13:25.518,2026-03-19 16:13:25.518,,,,,108.0,,,,,36.74,,,,UTC+0530,zqeK1JMuMn,,,445d0645-f533-4ac3-b2bd-e39ce015d966.com.samsung.health.exercise.live_data.json,,,com.sec.android.app.shealth,,,,,2026-03-19 16:12:00.803,445d0645-f533-4ac3-b2bd-e39ce015d966,,
8f0f86c8-21c7-461d-b7f3-b2770f4caef2.live_data_internal.json,,0,,,,42.33,,,,,8f0f86c8-21c7-461d-b7f3-b2770f4caef2.sensing_status.json,4,,,,,,,,,,,,,,,261680,,63110130,,,2026-03-21 14:42:34.143,11007,,,,98.0,,,,63110130,106.0,2026-03-21 14:48:18.221,2026-03-21 14:48:18.221,,,,,88.0,,,,,42.33,,,,UTC+0530,zqeK1JMuMn,,,8f0f86c8-21c7-461d-b7f3-b2770f4caef2.com.samsung.health.exercise.live_data.json,,,com.sec.android.app.shealth,,,,,2026-03-21 14:46:55.823,8f0f86c8-21c7-461d-b7f3-b2770f4caef2,,
c735d3cb-a757-4947-a289-fe86e82b8e95.live_data_internal.json,,0,,,,80.36,,,,,c735d3cb-a757-4947-a289-fe86e82b8e95.sensing_status.json,4,,,,,,,,,,,,,,,551520,,63110130,,,2026-03-22 02:47:32.921,11007,,,,117.0,,,,63110130,141.0,2026-03-22 02:57:50.204,2026-03-22 02:57:50.204,,,,,90.0,,,,,80.36,,,,UTC+0530,zqeK1JMuMn,,,c735d3cb-a757-4947-a289-fe86e82b8e95.com.samsung.health.exercise.live_data.json,,,com.sec.android.app.shealth,,,,,2026-03-22 02:56:44.441,c735d3cb-a757-4947-a289-fe86e82b8e95,,
9a2a2194-b7d4-4d54-b320-2224c93cda0e.live_data_internal.json,,0,,,,84.37,,,,,9a2a2194-b7d4-4d54-b320-2224c93cda0e.sensing_status.json,4,,,,,,,,,,,,,,,642700,,63110130,,,2026-03-22 03:46:02.939,11007,,,,115.0,,,,63110130,133.0,2026-03-22 03:57:47.749,2026-03-22 03:57:47.749,,,,,99.0,,,,,84.37,,,,UTC+0530,zqeK1JMuMn,,,9a2a2194-b7d4-4d54-b320-2224c93cda0e.com.samsung.health.exercise.live_data.json,,,com.sec.android.app.shealth,,,,,2026-03-22 03:56:45.639,9a2a2194-b7d4-4d54-b320-2224c93cda0e,,
2b9a5f54-9c2a-4a0a-985c-1271fbf3c79e.live_data_internal.json,,0,,,,77.0,,,,,2b9a5f54-9c2a-4a0a-985c-1271fbf3c79e.sensing_status.json,4,,,,,,,,,,,,,,,696192,,63110130,,,2026-03-25 03:50:33.563,1001,,,,103.0,30001,,,63110130,119.0,2026-03-25 04:03:55.533,2026-03-25 04:03:55.533,,,1.3611112,72.39382,81.0,,840,622.34,,77.0,107.0,,,UTC+0530,zqeK1JMuMn,,,2b9a5f54-9c2a-4a0a-985c-1271fbf3c79e.com.samsung.health.exercise.live_data.json,,0.89392006,com.sec.android.app.shealth,,,,,2026-03-25 04:02:09.755,2b9a5f54-9c2a-4a0a-985c-1271fbf3c79e,,
06e551c0-96c6-4a46-9680-5e92fe623508.live_data_internal.json,,0,,,,64.0,,,,,06e551c0-96c6-4a46-9680-5e92fe623508.sensing_status.json,4,,,,,,,,,,,,,,,623197,,63110130,,,2026-03-25 10:54:21.247,1001,,,,123.0,30001,,,63110130,143.0,2026-03-25 11:05:59.881,2026-03-25 11:05:59.881,,,1.7222222,73.36364,108.0,,762,590.82,,64.0,106.0,,,UTC+0530,zqeK1JMuMn,,,06e551c0-96c6-4a46-9680-5e92fe623508.com.samsung.health.exercise.live_data.json,,0.9480469,com.sec.android.app.shealth,,,,,2026-03-25 11:04:44.444,06e551c0-96c6-4a46-9680-5e92fe623508,,
7e2978b3-1cb0-4959-82c7-78f40d1fb5d5.live_data_internal.json,,0,,,,485.43,,,,,7e2978b3-1cb0-4959-82c7-78f40d1fb5d5.sensing_status.json,1,,,,,,,,,,,,,,,3605442,,63130130,,,2026-03-31 04:20:39.925,15002,,,,122.0,,,,63130130,158.0,2026-03-31 05:20:45.799,2026-03-31 05:20:45.799,,,,,97.0,,,,,485.43,,,,UTC+0530,NtSgKtj6xT,,,7e2978b3-1cb0-4959-82c7-78f40d1fb5d5.com.samsung.health.exercise.live_data.json,,,com.sec.android.app.shealth,,,,,2026-03-31 05:20:45.367,7e2978b3-1cb0-4959-82c7-78f40d1fb5d5,,
0b3d7adb-40bf-4fa0-b64e-4c0680f99644.live_data_internal.json,,0,,,,43.76,,,,,0b3d7adb-40bf-4fa0-b64e-4c0680f99644.sensing_status.json,4,,,,,,,,,,,,,,,268860,,63130130,,,2026-03-31 18:10:42.622,11007,,,,104.0,,,,63130130,112.0,2026-03-31 18:16:36.104,2026-03-31 18:16:36.104,,,,,96.0,,,,,43.76,,,,UTC+0530,NtSgKtj6xT,,,0b3d7adb-40bf-4fa0-b64e-4c0680f99644.com.samsung.health.exercise.live_data.json,,,com.sec.android.app.shealth,,,,,2026-03-31 18:15:11.482,0b3d7adb-40bf-4fa0-b64e-4c0680f99644,,
902a185f-ae9b-4497-b075-ea6825f6e0ab.live_data_internal.json,,0,,,,468.96,,,,,902a185f-ae9b-4497-b075-ea6825f6e0ab.sensing_status.json,1,,,,,,,,,,,,,,,3862882,,63130130,,,2026-04-01 04:05:52.141,15002,,,,109.0,,,,63130130,143.0,2026-04-01 05:10:15.278,2026-04-01 05:10:15.278,,,,,94.0,,,,,468.96,,,,UTC+0530,NtSgKtj6xT,,,902a185f-ae9b-4497-b075-ea6825f6e0ab.com.samsung.health.exercise.live_data.json,,,com.sec.android.app.shealth,,,,,2026-04-01 05:10:15.023,902a185f-ae9b-4497-b075-ea6825f6e0ab,,
0aef8dc3-b758-4828-be99-3d9d4eac66ad.live_data_internal.json,,0,,,,460.37,,,,,0aef8dc3-b758-4828-be99-3d9d4eac66ad.sensing_status.json,1,,,,,,,,,,,,,,,3607495,,63130130,,,2026-04-02 04:03:36.214,15002,,,,116.0,,,,63130130,150.0,2026-04-02 05:03:44.008,2026-04-02 05:03:44.008,,,,,95.0,,,,,460.37,,,,UTC+0530,NtSgKtj6xT,,,0aef8dc3-b758-4828-be99-3d9d4eac66ad.com.samsung.health.exercise.live_data.json,,,com.sec.android.app.shealth,,,,,2026-04-02 05:03:43.709,0aef8dc3-b758-4828-be99-3d9d4eac66ad,,
7b1ebaf9-8450-43a1-ba5e-bdcdd5e29eec.live_data_internal.json,,0,,,,49.03,,,,,7b1ebaf9-8450-43a1-ba5e-bdcdd5e29eec.sensing_status.json,4,,,,,,,,,,,,,,,322020,,63130130,,,2026-04-02 14:51:46.687,11007,,,,104.0,,,,63130130,117.0,2026-04-02 14:58:28.268,2026-04-02 14:58:28.268,,,,,90.0,,,,,49.03,,,,UTC+0530,NtSgKtj6xT,,,7b1ebaf9-8450-43a1-ba5e-bdcdd5e29eec.com.samsung.health.exercise.live_data.json,,,com.sec.android.app.shealth,,,,,2026-04-02 14:57:08.707,7b1ebaf9-8450-43a1-ba5e-bdcdd5e29eec,,
27b4e34f-0907-4c11-82f9-85f091202eaa.live_data_internal.json,,0,,,,38.99,,,,,27b4e34f-0907-4c11-82f9-85f091202eaa.sensing_status.json,4,,,,,,,,,,,,,,,247260,,63130130,,,2026-04-02 16:00:12.475,11007,,,,103.0,,,,63130130,105.0,2026-04-02 16:05:37.948,2026-04-02 16:05:37.948,,,,,99.0,,,,,38.99,,,,UTC+0530,NtSgKtj6xT,,,27b4e34f-0907-4c11-82f9-85f091202eaa.com.samsung.health.exercise.live_data.json,,,com.sec.android.app.shealth,,,,,2026-04-02 16:04:19.735,27b4e34f-0907-4c11-82f9-85f091202eaa,,
ae8c11e3-7547-481c-a12a-ef9299e1eb9e.live_data_internal.json,,0,,,,507.63,,,,,ae8c11e3-7547-481c-a12a-ef9299e1eb9e.sensing_status.json,1,,,,,,,,,,,,,,,3604957,,63130130,,,2026-04-03 04:10:15.561,15002,,,,125.0,,,,63130130,168.0,2026-04-03 05:10:20.827,2026-04-03 05:10:20.827,,,,,99.0,,,,,507.63,,,,UTC+0530,NtSgKtj6xT,,,ae8c11e3-7547-481c-a12a-ef9299e1eb9e.com.samsung.health.exercise.live_data.json,,,com.sec.android.app.shealth,,,,,2026-04-03 05:10:20.518,ae8c11e3-7547-481c-a12a-ef9299e1eb9e,,
30b804b9-0ca3-4cd4-9a1d-72c4e554fc0d.live_data_internal.json,,0,,,,20.67,,,,,30b804b9-0ca3-4cd4-9a1d-72c4e554fc0d.sensing_status.json,4,,,,,,,,,,,,,,,213300,,63130130,,,2026-04-03 11:52:26.159,11007,,,,77.0,,,,63130130,79.0,2026-04-03 11:57:26.304,2026-04-03 11:57:26.304,,,,,76.0,,,,,20.67,,,,UTC+0530,NtSgKtj6xT,,,30b804b9-0ca3-4cd4-9a1d-72c4e554fc0d.com.samsung.health.exercise.live_data.json,,,com.sec.android.app.shealth,,,,,2026-04-03 11:55:59.459,30b804b9-0ca3-4cd4-9a1d-72c4e554fc0d,,
edb82de7-6225-4de2-836b-facdbfed0b31.live_data_internal.json,,0,,,,57.68,,,,,edb82de7-6225-4de2-836b-facdbfed0b31.sensing_status.json,4,,,,,,,,,,,,,,,450600,,63130130,,,2026-04-03 14:31:55.886,11007,,,,105.0,,,,63130130,120.0,2026-04-03 14:40:17.506,2026-04-03 14:40:17.506,,,,,95.0,,,,,57.68,,,,UTC+0530,NtSgKtj6xT,,,edb82de7-6225-4de2-836b-facdbfed0b31.com.samsung.health.exercise.live_data.json,,,com.sec.android.app.shealth,,,,,2026-04-03 14:39:26.486,edb82de7-6225-4de2-836b-facdbfed0b31,,
297851cf-9bb4-4380-b807-075897a712d3.live_data_internal.json,,0,,,,54.28,,,,,297851cf-9bb4-4380-b807-075897a712d3.sensing_status.json,4,,,,,,,,,,,,,,,400260,,63130130,,,2026-04-03 15:56:15.945,11007,,,,102.0,,,,63130130,124.0,2026-04-03 16:04:08.089,2026-04-03 16:04:08.089,,,,,79.0,,,,,54.28,,,,UTC+0530,NtSgKtj6xT,,,297851cf-9bb4-4380-b807-075897a712d3.com.samsung.health.exercise.live_data.json,,,com.sec.android.app.shealth,,,,,2026-04-03 16:02:56.205,297851cf-9bb4-4380-b807-075897a712d3,,
0e9de846-7b82-48bc-9a4e-5e3659ac7c35.live_data_internal.json,,0,,,,352.874,,,,,0e9de846-7b82-48bc-9a4e-5e3659ac7c35.sensing_status.json,1,,,,,,,,,,,,,,,3652133,,63130130,,,2026-04-04 04:14:14.270,15005,,,,115.0,30001,,,63130130,133.0,2026-04-04 05:15:06.972,2026-04-04 05:15:06.972,,,2.3119783,98.81896,91.0,,6015,4641.554,,352.874,138.584,,42.97,UTC+0530,NtSgKtj6xT,,,0e9de846-7b82-48bc-9a4e-5e3659ac7c35.com.samsung.health.exercise.live_data.json,,1.270916,com.sec.android.app.shealth,,,,,2026-04-04 05:15:06.403,0e9de846-7b82-48bc-9a4e-5e3659ac7c35,514,
319fd010-fc2b-4e05-9ce4-7d0d32b4eda3.live_data_internal.json,,0,,,,36.81,,,,,319fd010-fc2b-4e05-9ce4-7d0d32b4eda3.sensing_status.json,4,,,,,,,,,,,,,,,274740,,63130130,,,2026-04-04 07:42:55.875,11007,,,,112.0,,,,63130130,124.0,2026-04-04 07:48:45.465,2026-04-04 07:48:45.465,,,,,108.0,,,,,36.81,,,,UTC+0530,NtSgKtj6xT,,,319fd010-fc2b-4e05-9ce4-7d0d32b4eda3.com.samsung.health.exercise.live_data.json,,,com.sec.android.app.shealth,,,,,2026-04-04 07:47:30.615,319fd010-fc2b-4e05-9ce4-7d0d32b4eda3,,
5a98f626-3117-42c7-8356-027b1d43f2e4.live_data_internal.json,,0,,,,66.41,,,,,5a98f626-3117-42c7-8356-027b1d43f2e4.sensing_status.json,4,,,,,,,,,,,,,,,402640,,63130130,,,2026-04-05 02:54:38.257,11007,,,,116.0,,,,63130130,140.0,2026-04-05 03:02:40.997,2026-04-05 03:02:40.997,,,,,93.0,,,,,66.41,,,,UTC+0530,NtSgKtj6xT,,,5a98f626-3117-42c7-8356-027b1d43f2e4.com.samsung.health.exercise.live_data.json,,,com.sec.android.app.shealth,,,,,2026-04-05 03:01:20.897,5a98f626-3117-42c7-8356-027b1d43f2e4,,
cd2e4bf2-1847-445e-9e0f-3b37dc51cc12.live_data_internal.json,,0,,,,40.64,,,,,cd2e4bf2-1847-445e-9e0f-3b37dc51cc12.sensing_status.json,4,,,,,,,,,,,,,,,266900,,63130130,,,2026-04-05 03:13:47.472,11007,,,,103.0,,,,63130130,113.0,2026-04-05 03:19:36.437,2026-04-05 03:19:36.437,,,,,95.0,,,,,40.64,,,,UTC+0530,NtSgKtj6xT,,,cd2e4bf2-1847-445e-9e0f-3b37dc51cc12.com.samsung.health.exercise.live_data.json,,,com.sec.android.app.shealth,,,,,2026-04-05 03:18:14.372,cd2e4bf2-1847-445e-9e0f-3b37dc51cc12,,
c758cef1-3938-45dd-8740-c463b9d26680.live_data_internal.json,,0,,,,57.76,,,,,c758cef1-3938-45dd-8740-c463b9d26680.sensing_status.json,4,,,,,,,,,,,,,,,298240,,63130130,,,2026-04-05 03:22:07.124,11007,,,,134.0,,,,63130130,151.0,2026-04-05 03:28:26.958,2026-04-05 03:28:26.958,,,,,116.0,,,,,57.76,,,,UTC+0530,NtSgKtj6xT,,,c758cef1-3938-45dd-8740-c463b9d26680.com.samsung.health.exercise.live_data.json,,,com.sec.android.app.shealth,,,,,2026-04-05 03:27:05.364,c758cef1-3938-45dd-8740-c463b9d26680,,
8678743b-4fe9-4618-8fac-f7820841674c.live_data_internal.json,,0,,,,114.21,,,,,8678743b-4fe9-4618-8fac-f7820841674c.sensing_status.json,4,,,,,,,,,,,,,,,765140,,63130130,,,2026-04-05 06:02:56.807,11007,,,,125.0,,,,63130130,140.0,2026-04-05 06:16:27.923,2026-04-05 06:16:27.923,,,,,117.0,,,,,114.21,,,,UTC+0530,NtSgKtj6xT,,,8678743b-4fe9-4618-8fac-f7820841674c.com.samsung.health.exercise.live_data.json,,,com.sec.android.app.shealth,,,,,2026-04-05 06:15:41.947,8678743b-4fe9-4618-8fac-f7820841674c,,
dea2a4fb-0f4c-4ddf-b35a-1bca50c4a398.live_data_internal.json,,0,,,,124.72,,,,,dea2a4fb-0f4c-4ddf-b35a-1bca50c4a398.sensing_status.json,4,,,,,,,,,,,,,,,972060,,63130130,,,2026-04-05 06:48:27.863,11007,,,,116.0,,,,63130130,141.0,2026-04-05 07:05:18.282,2026-04-05 07:05:18.282,,,,,106.0,,,,,124.72,,,,UTC+0530,NtSgKtj6xT,,,dea2a4fb-0f4c-4ddf-b35a-1bca50c4a398.com.samsung.health.exercise.live_data.json,,,com.sec.android.app.shealth,,,,,2026-04-05 07:04:39.923,dea2a4fb-0f4c-4ddf-b35a-1bca50c4a398,,
375fff42-143d-4f3e-9a7e-075d9d1bd042.live_data_internal.json,,0,,,,541.63,,,,,375fff42-143d-4f3e-9a7e-075d9d1bd042.sensing_status.json,1,,,,,,,,,,,,,,,3890288,,63130130,,,2026-04-06 04:03:03.367,15002,,,,125.0,,,,63130130,160.0,2026-04-06 05:07:54.165,2026-04-06 05:07:54.165,,,,,103.0,,,,,541.63,,,,UTC+0530,NtSgKtj6xT,,,375fff42-143d-4f3e-9a7e-075d9d1bd042.com.samsung.health.exercise.live_data.json,,,com.sec.android.app.shealth,,,,,2026-04-06 05:07:53.655,375fff42-143d-4f3e-9a7e-075d9d1bd042,,
f47cd8e3-54b6-4ded-a9f2-e6f4a59bf67b.live_data_internal.json,,0,,,,537.5338,,,,,f47cd8e3-54b6-4ded-a9f2-e6f4a59bf67b.sensing_status.json,1,,,,,,,,,,,,,,,3791521,,63130130,,,2026-04-07 04:01:23.149,15002,,,,125.0,,,,63130130,150.0,2026-04-07 05:07:22.753,2026-04-07 05:07:22.753,,,,,106.0,,,,,534.28,,,,UTC+0530,NtSgKtj6xT,,,f47cd8e3-54b6-4ded-a9f2-e6f4a59bf67b.com.samsung.health.exercise.live_data.json,,,com.sec.android.app.shealth,,,,,2026-04-07 05:07:21.564,f47cd8e3-54b6-4ded-a9f2-e6f4a59bf67b,,
aefe58fc-0986-4f18-ad60-7760297fb1d4.live_data_internal.json,,0,,,,55.11,,,,,aefe58fc-0986-4f18-ad60-7760297fb1d4.sensing_status.json,4,,,,,,,,,,,,,,,404120,,63130130,,,2026-04-07 14:32:25.816,11007,,,,104.0,,,,63130130,116.0,2026-04-07 14:40:23.813,2026-04-07 14:40:23.813,,,,,88.0,,,,,55.11,,,,UTC+0530,NtSgKtj6xT,,,aefe58fc-0986-4f18-ad60-7760297fb1d4.com.samsung.health.exercise.live_data.json,,,com.sec.android.app.shealth,,,,,2026-04-07 14:39:09.936,aefe58fc-0986-4f18-ad60-7760297fb1d4,,
184dfcc7-1614-4c6d-ae00-c65033f1b20e.live_data_internal.json,,0,,,,33.38,,,,,184dfcc7-1614-4c6d-ae00-c65033f1b20e.sensing_status.json,4,,,,,,,,,,,,,,,224220,,63130130,,,2026-04-07 15:51:39.372,11007,,,,105.0,,,,63130130,110.0,2026-04-07 15:56:47.599,2026-04-07 15:56:47.599,,,,,102.0,,,,,33.38,,,,UTC+0530,NtSgKtj6xT,,,184dfcc7-1614-4c6d-ae00-c65033f1b20e.com.samsung.health.exercise.live_data.json,,,com.sec.android.app.shealth,,,,,2026-04-07 15:55:23.592,184dfcc7-1614-4c6d-ae00-c65033f1b20e,,
5eb3ee87-7bfb-4437-a095-1341055de6d2.live_data_internal.json,,0,,,,524.71,,,,,5eb3ee87-7bfb-4437-a095-1341055de6d2.sensing_status.json,1,,,,,,,,,,,,,,,4214208,,63130130,,,2026-04-08 04:00:48.527,15002,,,,114.0,,,,63130130,151.0,2026-04-08 05:11:03.497,2026-04-08 05:11:03.497,,,,,90.0,,,,,524.71,,,,UTC+0530,NtSgKtj6xT,,,5eb3ee87-7bfb-4437-a095-1341055de6d2.com.samsung.health.exercise.live_data.json,,,com.sec.android.app.shealth,,,,,2026-04-08 05:11:02.735,5eb3ee87-7bfb-4437-a095-1341055de6d2,,
ace27d73-4ff4-4556-8030-10e2b0154e71.live_data_internal.json,,0,,,,410.2,,,,,ace27d73-4ff4-4556-8030-10e2b0154e71.sensing_status.json,1,,,,,,,,,,,,,,,3523610,,63130130,,,2026-04-09 04:00:09.166,15002,,,,108.0,,,,63130130,148.0,2026-04-09 04:58:53.201,2026-04-09 04:58:53.201,,,,,90.0,,,,,410.2,,,,UTC+0530,NtSgKtj6xT,,,ace27d73-4ff4-4556-8030-10e2b0154e71.com.samsung.health.exercise.live_data.json,,,com.sec.android.app.shealth,,,,,2026-04-09 04:58:52.776,ace27d73-4ff4-4556-8030-10e2b0154e71,,
be1dce2b-e4b3-48db-aa18-158209817c3e.live_data_internal.json,,0,,,,50.17,,,,,be1dce2b-e4b3-48db-aa18-158209817c3e.sensing_status.json,4,,,,,,,,,,,,,,,389180,,63130130,,,2026-04-09 14:45:29.506,11007,,,,101.0,,,,63130130,115.0,2026-04-09 14:53:23.298,2026-04-09 14:53:23.298,,,,,84.0,,,,,50.17,,,,UTC+0530,NtSgKtj6xT,,,be1dce2b-e4b3-48db-aa18-158209817c3e.com.samsung.health.exercise.live_data.json,,,com.sec.android.app.shealth,,,,,2026-04-09 14:51:58.686,be1dce2b-e4b3-48db-aa18-158209817c3e,,
e0d60f7f-b7a6-4c96-90e7-871822af0032.live_data_internal.json,,0,,,,33.58,,,,,e0d60f7f-b7a6-4c96-90e7-871822af0032.sensing_status.json,4,,,,,,,,,,,,,,,260280,,63130130,,,2026-04-09 15:57:50.942,11007,,,,80.0,,,,63130130,97.0,2026-04-09 16:03:39.069,2026-04-09 16:03:39.069,,,,,70.0,,,,,33.58,,,,UTC+0530,NtSgKtj6xT,,,e0d60f7f-b7a6-4c96-90e7-871822af0032.com.samsung.health.exercise.live_data.json,,,com.sec.android.app.shealth,,,,,2026-04-09 16:02:11.222,e0d60f7f-b7a6-4c96-90e7-871822af0032,,
d47e9905-9022-45d4-8c4e-ef405f6f042f.live_data_internal.json,,0,,,,49.93,,,,,d47e9905-9022-45d4-8c4e-ef405f6f042f.sensing_status.json,4,,,,,,,,,,,,,,,312220,,63130130,,,2026-04-10 15:02:35.903,11007,,,,115.0,,,,63130130,122.0,2026-04-10 15:09:06.618,2026-04-10 15:09:06.618,,,,,109.0,,,,,49.93,,,,UTC+0530,NtSgKtj6xT,,,d47e9905-9022-45d4-8c4e-ef405f6f042f.com.samsung.health.exercise.live_data.json,,,com.sec.android.app.shealth,,,,,2026-04-10 15:07:48.123,d47e9905-9022-45d4-8c4e-ef405f6f042f,,
198b9413-2990-4873-9c3a-8999c12105e9.live_data_internal.json,,0,,,,558.46,,,,,198b9413-2990-4873-9c3a-8999c12105e9.sensing_status.json,1,,,,,,,,,,,,,,,4083294,,63130130,,,2026-04-11 04:13:11.444,15002,,,,123.0,,,,63130130,176.0,2026-04-11 05:21:15.115,2026-04-11 05:21:15.115,,,,,57.0,,,,,558.46,,,,UTC+0530,NtSgKtj6xT,,,198b9413-2990-4873-9c3a-8999c12105e9.com.samsung.health.exercise.live_data.json,,,com.sec.android.app.shealth,,,,,2026-04-11 05:21:14.738,198b9413-2990-4873-9c3a-8999c12105e9,,
e269209d-3fa7-4be6-ae00-26aa492c2003.live_data_internal.json,,0,,,,58.37,,,,,e269209d-3fa7-4be6-ae00-26aa492c2003.sensing_status.json,4,,,,,,,,,,,,,,,454060,,63130130,,,2026-04-11 14:36:32.125,11007,,,,105.0,,,,63130130,116.0,2026-04-11 14:45:12.541,2026-04-11 14:45:12.541,,,,,98.0,,,,,58.37,,,,UTC+0530,NtSgKtj6xT,,,e269209d-3fa7-4be6-ae00-26aa492c2003.com.samsung.health.exercise.live_data.json,,,com.sec.android.app.shealth,,,,,2026-04-11 14:44:06.185,e269209d-3fa7-4be6-ae00-26aa492c2003,,
8b73e710-8274-4296-ae96-033283c8d548.live_data_internal.json,,0,,,,54.47,,,,,8b73e710-8274-4296-ae96-033283c8d548.sensing_status.json,4,,,,,,,,,,,,,,,430320,,63130130,,,2026-04-11 16:01:17.852,11007,,,,111.0,,,,63130130,132.0,2026-04-11 16:09:35.763,2026-04-11 16:09:35.763,,,,,83.0,,,,,54.47,,,,UTC+0530,NtSgKtj6xT,,,8b73e710-8274-4296-ae96-033283c8d548.com.samsung.health.exercise.live_data.json,,,com.sec.android.app.shealth,,,,,2026-04-11 16:08:28.172,8b73e710-8274-4296-ae96-033283c8d548,,
8c34af9b-c90c-4b6d-8c70-970463934540.live_data_internal.json,,0,,,,91.24,,,,,8c34af9b-c90c-4b6d-8c70-970463934540.sensing_status.json,4,,,,,,,,,,,,,,,661700,,63130130,,,2026-04-12 11:43:54.945,11007,,,,113.0,,,,63130130,125.0,2026-04-12 11:56:11.365,2026-04-12 11:56:11.365,,,,,94.0,,,,,91.24,,,,UTC+0530,NtSgKtj6xT,,,8c34af9b-c90c-4b6d-8c70-970463934540.com.samsung.health.exercise.live_data.json,,,com.sec.android.app.shealth,,,,,2026-04-12 11:54:56.645,8c34af9b-c90c-4b6d-8c70-970463934540,,
ad012e60-182d-4fbb-8e21-4e78a18e17f2.live_data_internal.json,,0,,,,512.11,,,,,ad012e60-182d-4fbb-8e21-4e78a18e17f2.sensing_status.json,1,,,,,,,,,,,,,,,3823752,,63130130,,,2026-04-13 04:03:32.211,15002,,,,121.0,,,,63130130,152.0,2026-04-13 05:07:16.523,2026-04-13 05:07:16.523,,,,,100.0,,,,,512.11,,,,UTC+0530,NtSgKtj6xT,,,ad012e60-182d-4fbb-8e21-4e78a18e17f2.com.samsung.health.exercise.live_data.json,,,com.sec.android.app.shealth,,,,,2026-04-13 05:07:15.963,ad012e60-182d-4fbb-8e21-4e78a18e17f2,,
05afdb7b-22d6-4c89-a164-454ebe00b241.live_data_internal.json,,0,,,,560.77,,,,,05afdb7b-22d6-4c89-a164-454ebe00b241.sensing_status.json,1,,,,,,,,,,,,,,,3970448,,63130130,,,2026-04-14 04:11:51.180,15002,,,,125.0,,,,63130130,162.0,2026-04-14 05:18:02.124,2026-04-14 05:18:02.124,,,,,104.0,,,,,560.77,,,,UTC+0530,NtSgKtj6xT,,,05afdb7b-22d6-4c89-a164-454ebe00b241.com.samsung.health.exercise.live_data.json,,,com.sec.android.app.shealth,,,,,2026-04-14 05:18:01.628,05afdb7b-22d6-4c89-a164-454ebe00b241,,
5d9ef32f-a814-40f7-9f24-c4e2ceffe21c.live_data_internal.json,,0,,,,670.27,,,,,5d9ef32f-a814-40f7-9f24-c4e2ceffe21c.sensing_status.json,1,,,,,,,,,,,,,,,4199223,,63130130,,,2026-04-15 06:30:07.913,15002,,,,135.0,,,,63130130,175.0,2026-04-15 07:40:12.620,2026-04-15 07:40:12.620,,,,,90.0,,,,,670.27,,,,UTC+0530,NtSgKtj6xT,,,5d9ef32f-a814-40f7-9f24-c4e2ceffe21c.com.samsung.health.exercise.live_data.json,,,com.sec.android.app.shealth,,,,,2026-04-15 07:40:07.136,5d9ef32f-a814-40f7-9f24-c4e2ceffe21c,,
419a1264-e85d-42c7-9fae-dad86060722e.live_data_internal.json,,0,,,,73.01,,,,,419a1264-e85d-42c7-9fae-dad86060722e.sensing_status.json,4,,,,,,,,,,,,,,,527660,,63130130,,,2026-04-15 12:51:05.372,11007,,,,107.0,,,,63130130,120.0,2026-04-15 13:00:51.612,2026-04-15 13:00:51.612,,,,,98.0,,,,,73.01,,,,UTC+0530,NtSgKtj6xT,,,419a1264-e85d-42c7-9fae-dad86060722e.com.samsung.health.exercise.live_data.json,,,com.sec.android.app.shealth,,,,,2026-04-15 12:59:53.032,419a1264-e85d-42c7-9fae-dad86060722e,,
5584d1da-eb63-485e-96b0-8a18164fd94f.live_data_internal.json,,0,,,,430.93,,,,,5584d1da-eb63-485e-96b0-8a18164fd94f.sensing_status.json,1,,,,,,,,,,,,,,,3386784,,63130130,,,2026-04-16 03:55:24.182,15002,,,,117.0,,,,63130130,157.0,2026-04-16 04:51:51.574,2026-04-16 04:51:51.574,,,,,97.0,,,,,430.93,,,,UTC+0530,NtSgKtj6xT,,,5584d1da-eb63-485e-96b0-8a18164fd94f.com.samsung.health.exercise.live_data.json,,,com.sec.android.app.shealth,,,,,2026-04-16 04:51:50.966,5584d1da-eb63-485e-96b0-8a18164fd94f,,
2202112a-7b6d-4a9b-9753-4dc3ccd578af.live_data_internal.json,,0,,,,519.5112,,,,,2202112a-7b6d-4a9b-9753-4dc3ccd578af.sensing_status.json,1,,,,,,,,,,,,,,,4411686,,63130130,,,2026-04-18 03:51:43.216,15002,,,,109.0,,,,63130130,140.0,2026-04-18 05:05:18.999,2026-04-18 05:05:18.999,,,,,93.0,,,,,519.44,,,,UTC+0530,NtSgKtj6xT,,,2202112a-7b6d-4a9b-9753-4dc3ccd578af.com.samsung.health.exercise.live_data.json,,,com.sec.android.app.shealth,,,,,2026-04-18 05:05:18.556,2202112a-7b6d-4a9b-9753-4dc3ccd578af,,
096512a1-c3fe-4ade-b695-768a5acbb932.live_data_internal.json,,0,,,,146.81,,,,,096512a1-c3fe-4ade-b695-768a5acbb932.sensing_status.json,4,,,,,,,,,,,,,,,1225160,,63200010,,,2026-04-19 02:55:51.105,11007,,,,105.0,,,,63200010,144.0,2026-04-19 03:16:45.019,2026-04-19 03:16:45.019,,,,,88.0,,,,,146.81,,,,UTC+0530,NtSgKtj6xT,,,096512a1-c3fe-4ade-b695-768a5acbb932.com.samsung.health.exercise.live_data.json,,,com.sec.android.app.shealth,,,,,2026-04-19 03:16:16.265,096512a1-c3fe-4ade-b695-768a5acbb932,,
689d0045-6fba-4f54-bc85-6e34c105e6a6.live_data_internal.json,,0,,,,51.87,,,,,689d0045-6fba-4f54-bc85-6e34c105e6a6.sensing_status.json,4,,,,,,,,,,,,,,,370280,,63200010,,,2026-04-19 03:55:44.643,11007,,,,102.0,,,,63200010,112.0,2026-04-19 04:03:02.741,2026-04-19 04:03:02.741,,,,,93.0,,,,,51.87,,,,UTC+0530,NtSgKtj6xT,,,689d0045-6fba-4f54-bc85-6e34c105e6a6.com.samsung.health.exercise.live_data.json,,,com.sec.android.app.shealth,,,,,2026-04-19 04:01:54.923,689d0045-6fba-4f54-bc85-6e34c105e6a6,,
b57365c8-9c80-4352-839a-0c6f8635a79b.live_data_internal.json,,0,,,,550.105,,,,,b57365c8-9c80-4352-839a-0c6f8635a79b.sensing_status.json,1,,,,,,,,,,,,,,,4650860,,63200010,,,2026-04-20 04:05:21.367,15002,,,,124.0,,,,63200010,162.0,2026-04-20 05:23:03.721,2026-04-20 05:23:03.721,,,,,83.0,,,,,549.9,,,,UTC+0530,NtSgKtj6xT,,,b57365c8-9c80-4352-839a-0c6f8635a79b.com.samsung.health.exercise.live_data.json,,,com.sec.android.app.shealth,,,,,2026-04-20 05:23:02.740,b57365c8-9c80-4352-839a-0c6f8635a79b,,
9a477afc-f4f0-4cc5-911e-397d67787c72.live_data_internal.json,,0,,,,38.15,,,,,9a477afc-f4f0-4cc5-911e-397d67787c72.sensing_status.json,4,,,,,,,,,,,,,,,305900,,63200010,,,2026-04-20 14:51:23.522,11007,,,,96.0,,,,63200010,117.0,2026-04-20 14:57:44.798,2026-04-20 14:57:44.798,,,,,78.0,,,,,38.15,,,,UTC+0530,NtSgKtj6xT,,,9a477afc-f4f0-4cc5-911e-397d67787c72.com.samsung.health.exercise.live_data.json,,,com.sec.android.app.shealth,,,,,2026-04-20 14:56:29.422,9a477afc-f4f0-4cc5-911e-397d67787c72,,
45842735-fc6b-495f-9b18-043585c63a5b.live_data_internal.json,,0,,,,492.01,,,,,45842735-fc6b-495f-9b18-043585c63a5b.sensing_status.json,1,,,,,,,,,,,,,,,3784397,,63200010,,,2026-04-21 04:02:01.166,15002,,,,118.0,,,,63200010,157.0,2026-04-21 05:05:06.137,2026-04-21 05:05:06.137,,,,,86.0,,,,,492.01,,,,UTC+0530,NtSgKtj6xT,,,45842735-fc6b-495f-9b18-043585c63a5b.com.samsung.health.exercise.live_data.json,,,com.sec.android.app.shealth,,,,,2026-04-21 05:05:05.563,45842735-fc6b-495f-9b18-043585c63a5b,,
3a55defc-0694-482e-9a2e-d655e21e8fb1.live_data_internal.json,,0,,,,45.41,,,,,3a55defc-0694-482e-9a2e-d655e21e8fb1.sensing_status.json,4,,,,,,,,,,,,,,,345600,,63200010,,,2026-04-21 15:03:23.531,11007,,,,106.0,,,,63200010,122.0,2026-04-21 15:10:25.874,2026-04-21 15:10:25.874,,,,,84.0,,,,,45.41,,,,UTC+0530,NtSgKtj6xT,,,3a55defc-0694-482e-9a2e-d655e21e8fb1.com.samsung.health.exercise.live_data.json,,,com.sec.android.app.shealth,,,,,2026-04-21 15:09:09.131,3a55defc-0694-482e-9a2e-d655e21e8fb1,,
e5275f5e-caba-4792-865c-649a2bdd099c.live_data_internal.json,,0,,,,32.82,,,,,e5275f5e-caba-4792-865c-649a2bdd099c.sensing_status.json,4,,,,,,,,,,,,,,,218200,,63200010,,,2026-04-21 16:19:17.927,11007,,,,92.0,,,,63200010,99.0,2026-04-21 16:24:23.710,2026-04-21 16:24:23.710,,,,,85.0,,,,,32.82,,,,UTC+0530,NtSgKtj6xT,,,e5275f5e-caba-4792-865c-649a2bdd099c.com.samsung.health.exercise.live_data.json,,,com.sec.android.app.shealth,,,,,2026-04-21 16:22:56.127,e5275f5e-caba-4792-865c-649a2bdd099c,,
57735887-5e14-48d8-bf46-c22498245ac3.live_data_internal.json,,0,,,,619.79,,,,,57735887-5e14-48d8-bf46-c22498245ac3.sensing_status.json,1,,,,,,,,,,,,,,,4811610,,63200010,,,2026-04-22 03:58:43.982,15002,,,,117.0,,,,63200010,148.0,2026-04-22 05:18:56.200,2026-04-22 05:18:56.200,,,,,96.0,,,,,619.79,,,,UTC+0530,NtSgKtj6xT,,,57735887-5e14-48d8-bf46-c22498245ac3.com.samsung.health.exercise.live_data.json,,,com.sec.android.app.shealth,,,,,2026-04-22 05:18:55.592,57735887-5e14-48d8-bf46-c22498245ac3,,
bc8c6c99-8bde-4eb3-b45f-0b9fe9215af6.live_data_internal.json,,0,,,,39.72,,,,,bc8c6c99-8bde-4eb3-b45f-0b9fe9215af6.sensing_status.json,4,,,,,,,,,,,,,,,224380,,63200010,,,2026-04-22 17:40:38.026,11007,,,,118.0,,,,63200010,122.0,2026-04-22 17:45:49.089,2026-04-22 17:45:49.089,,,,,116.0,,,,,39.72,,,,UTC+0530,NtSgKtj6xT,,,bc8c6c99-8bde-4eb3-b45f-0b9fe9215af6.com.samsung.health.exercise.live_data.json,,,com.sec.android.app.shealth,,,,,2026-04-22 17:44:22.406,bc8c6c99-8bde-4eb3-b45f-0b9fe9215af6,,
0b60511f-14c7-4054-b089-3a681bf70ce4.live_data_internal.json,,0,,,,446.94,,,,,0b60511f-14c7-4054-b089-3a681bf70ce4.sensing_status.json,1,,,,,,,,,,,,,,,3557610,,63200010,,,2026-04-23 04:02:40.917,15002,,,,116.0,,,,63200010,146.0,2026-04-23 05:01:58.788,2026-04-23 05:01:58.788,,,,,88.0,,,,,446.94,,,,UTC+0530,NtSgKtj6xT,,,0b60511f-14c7-4054-b089-3a681bf70ce4.com.samsung.health.exercise.live_data.json,,,com.sec.android.app.shealth,,,,,2026-04-23 05:01:58.527,0b60511f-14c7-4054-b089-3a681bf70ce4,,
c2ab3d88-dda7-4354-a6a6-cc21aba312c5.live_data_internal.json,,0,,,,488.78,,,,,c2ab3d88-dda7-4354-a6a6-cc21aba312c5.sensing_status.json,1,,,,,,,,,,,,,,,3763908,,63200010,,,2026-04-24 03:57:00.996,15002,,,,118.0,,,,63200010,163.0,2026-04-24 04:59:45.176,2026-04-24 04:59:45.176,,,,,82.0,,,,,488.78,,,,UTC+0530,NtSgKtj6xT,,,c2ab3d88-dda7-4354-a6a6-cc21aba312c5.com.samsung.health.exercise.live_data.json,,,com.sec.android.app.shealth,,,,,2026-04-24 04:59:44.904,c2ab3d88-dda7-4354-a6a6-cc21aba312c5,,
f34b891f-1b61-4f70-8b30-c4089c5f53df.live_data_internal.json,,0,,,,99.27424,,,,,f34b891f-1b61-4f70-8b30-c4089c5f53df.sensing_status.json,4,,,,,,,,,,,,,,,1030752,,63200010,,,2026-04-25 02:54:52.980,1001,,,,103.0,30001,,,63200010,117.0,2026-04-25 03:14:24.476,2026-04-25 03:14:24.476,,,1.4613113,66.94142,90.0,,1150,856.96,,98.0,99.0,,,UTC+0530,NtSgKtj6xT,,,f34b891f-1b61-4f70-8b30-c4089c5f53df.com.samsung.health.exercise.live_data.json,,0.83139306,com.sec.android.app.shealth,,,,,2026-04-25 03:13:09.090,f34b891f-1b61-4f70-8b30-c4089c5f53df,,
e761562d-af03-4527-8393-5ecc4f820c16.live_data_internal.json,,0,,,,446.53,,,,,e761562d-af03-4527-8393-5ecc4f820c16.sensing_status.json,1,,,,,,,,,,,,,,,3318874,,63200010,,,2026-04-25 04:10:13.499,15002,,,,121.0,,,,63200010,145.0,2026-04-25 05:05:33.259,2026-04-25 05:05:33.259,,,,,88.0,,,,,446.53,,,,UTC+0530,NtSgKtj6xT,,,e761562d-af03-4527-8393-5ecc4f820c16.com.samsung.health.exercise.live_data.json,,,com.sec.android.app.shealth,,,,,2026-04-25 05:05:32.373,e761562d-af03-4527-8393-5ecc4f820c16,,
0cab2b6a-23a0-48d0-8bb2-a2d82c97b7af.live_data_internal.json,,0,,,,49.09,,,,,0cab2b6a-23a0-48d0-8bb2-a2d82c97b7af.sensing_status.json,4,,,,,,,,,,,,,,,322900,,63200010,,,2026-04-26 02:56:44.667,11007,,,,111.0,,,,63200010,121.0,2026-04-26 03:03:30.066,2026-04-26 03:03:30.066,,,,,105.0,,,,,49.09,,,,UTC+0530,NtSgKtj6xT,,,0cab2b6a-23a0-48d0-8bb2-a2d82c97b7af.com.samsung.health.exercise.live_data.json,,,com.sec.android.app.shealth,,,,,2026-04-26 03:02:07.567,0cab2b6a-23a0-48d0-8bb2-a2d82c97b7af,,
4e049eff-9838-476b-a8a7-b2d8a475ee6d.live_data_internal.json,,0,,,,66.52,,,,,4e049eff-9838-476b-a8a7-b2d8a475ee6d.sensing_status.json,4,,,,,,,,,,,,,,,449100,,63200010,,,2026-04-26 03:07:28.595,11007,,,,114.0,,,,63200010,124.0,2026-04-26 03:16:15.085,2026-04-26 03:16:15.085,,,,,96.0,,,,,66.52,,,,UTC+0530,NtSgKtj6xT,,,4e049eff-9838-476b-a8a7-b2d8a475ee6d.com.samsung.health.exercise.live_data.json,,,com.sec.android.app.shealth,,,,,2026-04-26 03:14:57.695,4e049eff-9838-476b-a8a7-b2d8a475ee6d,,
eafef234-9c87-4598-8e4b-219c8c1ab480.live_data_internal.json,,0,,,,44.45,,,,,eafef234-9c87-4598-8e4b-219c8c1ab480.sensing_status.json,4,,,,,,,,,,,,,,,276940,,63200010,,,2026-04-26 15:04:12.962,11007,,,,97.0,,,,63200010,110.0,2026-04-26 15:10:15.283,2026-04-26 15:10:15.283,,,,,87.0,,,,,44.45,,,,UTC+0530,NtSgKtj6xT,,,eafef234-9c87-4598-8e4b-219c8c1ab480.com.samsung.health.exercise.live_data.json,,,com.sec.android.app.shealth,,,,,2026-04-26 15:08:49.902,eafef234-9c87-4598-8e4b-219c8c1ab480,,
e939d959-1b7c-4394-8a7e-652c532761b9.live_data_internal.json,,0,,,,531.02,,,,,e939d959-1b7c-4394-8a7e-652c532761b9.sensing_status.json,1,,,,,,,,,,,,,,,4146762,,63200010,,,2026-04-27 03:57:51.469,15002,,,,117.0,,,,63200010,149.0,2026-04-27 05:06:59.329,2026-04-27 05:06:59.329,,,,,96.0,,,,,531.02,,,,UTC+0530,NtSgKtj6xT,,,e939d959-1b7c-4394-8a7e-652c532761b9.com.samsung.health.exercise.live_data.json,,,com.sec.android.app.shealth,,,,,2026-04-27 05:06:58.231,e939d959-1b7c-4394-8a7e-652c532761b9,,
02d9d6fc-f151-482e-8e17-6a672ca07170.live_data_internal.json,,0,,,,46.14,,,,,02d9d6fc-f151-482e-8e17-6a672ca07170.sensing_status.json,4,,,,,,,,,,,,,,,337140,,63200010,,,2026-04-27 09:34:46.751,11007,,,,114.0,,,,63200010,123.0,2026-04-27 09:41:43.448,2026-04-27 09:41:43.448,,,,,104.0,,,,,46.14,,,,UTC+0530,NtSgKtj6xT,,,02d9d6fc-f151-482e-8e17-6a672ca07170.com.samsung.health.exercise.live_data.json,,,com.sec.android.app.shealth,,,,,2026-04-27 09:40:23.891,02d9d6fc-f151-482e-8e17-6a672ca07170,,
a2518499-7699-42b3-8d25-b12388800392.live_data_internal.json,,0,,,,51.72,,,,,a2518499-7699-42b3-8d25-b12388800392.sensing_status.json,4,,,,,,,,,,,,,,,360460,,63200010,,,2026-04-27 09:41:33.337,11007,,,,112.0,,,,63200010,127.0,2026-04-27 09:48:39.136,2026-04-27 09:48:39.136,,,,,103.0,,,,,51.72,,,,UTC+0530,NtSgKtj6xT,,,a2518499-7699-42b3-8d25-b12388800392.com.samsung.health.exercise.live_data.json,,,com.sec.android.app.shealth,,,,,2026-04-27 09:47:33.797,a2518499-7699-42b3-8d25-b12388800392,,
14e81c82-7897-496b-b057-c831cf55f561.live_data_internal.json,,0,,,,58.14,,,,,14e81c82-7897-496b-b057-c831cf55f561.sensing_status.json,4,,,,,,,,,,,,,,,692133,,63200010,,,2026-04-27 11:39:27.869,0,,,,105.0,,,,63200010,114.0,2026-04-27 11:51:00.074,2026-04-27 11:51:00.074,,,,,98.0,,,,,58.14,,,,UTC+0530,NtSgKtj6xT,,,14e81c82-7897-496b-b057-c831cf55f561.com.samsung.health.exercise.live_data.json,,,com.sec.android.app.shealth,,,,,2026-04-27 11:50:59.912,14e81c82-7897-496b-b057-c831cf55f561,,
1dfb2b78-fb78-49e9-95e7-e8f7292ddd13.live_data_internal.json,,0,,,,586.01,,,,,1dfb2b78-fb78-49e9-95e7-e8f7292ddd13.sensing_status.json,1,,,,,,,,,,,,,,,4417181,,63200010,,,2026-04-28 04:09:26.781,15002,,,,120.0,,,,63200010,150.0,2026-04-28 05:23:04.367,2026-04-28 05:23:04.367,,,,,92.0,,,,,586.01,,,,UTC+0530,NtSgKtj6xT,,,1dfb2b78-fb78-49e9-95e7-e8f7292ddd13.com.samsung.health.exercise.live_data.json,,,com.sec.android.app.shealth,,,,,2026-04-28 05:23:03.962,1dfb2b78-fb78-49e9-95e7-e8f7292ddd13,,
aa7c4fe1-59ae-4676-b9d8-eca349eaf105.live_data_internal.json,,0,,,,42.9,,,,,aa7c4fe1-59ae-4676-b9d8-eca349eaf105.sensing_status.json,4,,,,,,,,,,,,,,,266800,,63200010,,,2026-04-28 14:38:23.761,11007,,,,107.0,,,,63200010,116.0,2026-04-28 14:44:11.753,2026-04-28 14:44:11.753,,,,,97.0,,,,,42.9,,,,UTC+0530,NtSgKtj6xT,,,aa7c4fe1-59ae-4676-b9d8-eca349eaf105.com.samsung.health.exercise.live_data.json,,,com.sec.android.app.shealth,,,,,2026-04-28 14:42:50.561,aa7c4fe1-59ae-4676-b9d8-eca349eaf105,,
06c0da35-6926-4eb4-ba51-474d8d5fadb8.live_data_internal.json,,0,,,,29.68,,,,,06c0da35-6926-4eb4-ba51-474d8d5fadb8.sensing_status.json,4,,,,,,,,,,,,,,,222460,,63200010,,,2026-04-28 15:54:34.144,11007,,,,80.0,,,,63200010,92.0,2026-04-28 15:59:44.833,2026-04-28 15:59:44.833,,,,,70.0,,,,,29.68,,,,UTC+0530,NtSgKtj6xT,,,06c0da35-6926-4eb4-ba51-474d8d5fadb8.com.samsung.health.exercise.live_data.json,,,com.sec.android.app.shealth,,,,,2026-04-28 15:58:16.604,06c0da35-6926-4eb4-ba51-474d8d5fadb8,,
3f6fcdfc-e6df-4802-8be8-3c9838e6c1d1.live_data_internal.json,,0,,,,464.02,,,,,3f6fcdfc-e6df-4802-8be8-3c9838e6c1d1.sensing_status.json,1,,,,,,,,,,,,,,,3695513,,63200010,,,2026-04-29 04:07:49.057,15002,,,,116.0,,,,63200010,148.0,2026-04-29 05:09:24.845,2026-04-29 05:09:24.845,,,,,85.0,,,,,464.02,,,,UTC+0530,NtSgKtj6xT,,,3f6fcdfc-e6df-4802-8be8-3c9838e6c1d1.com.samsung.health.exercise.live_data.json,,,com.sec.android.app.shealth,,,,,2026-04-29 05:09:24.570,3f6fcdfc-e6df-4802-8be8-3c9838e6c1d1,,
3957c1d0-df31-4a91-b665-8babad8db3e5.live_data_internal.json,,0,,,,64.38,,,,,3957c1d0-df31-4a91-b665-8babad8db3e5.sensing_status.json,4,,,,,,,,,,,,,,,448560,,63200010,,,2026-04-29 14:41:28.805,11007,,,,113.0,,,,63200010,125.0,2026-04-29 14:50:03.546,2026-04-29 14:50:03.546,,,,,97.0,,,,,64.38,,,,UTC+0530,NtSgKtj6xT,,,3957c1d0-df31-4a91-b665-8babad8db3e5.com.samsung.health.exercise.live_data.json,,,com.sec.android.app.shealth,,,,,2026-04-29 14:48:57.365,3957c1d0-df31-4a91-b665-8babad8db3e5,,
b0a15a66-f420-4304-91e2-41c08ad0da59.live_data_internal.json,,0,,,,41.54,,,,,b0a15a66-f420-4304-91e2-41c08ad0da59.sensing_status.json,4,,,,,,,,,,,,,,,283480,,63200010,,,2026-04-29 16:06:36.813,11007,,,,115.0,,,,63200010,123.0,2026-04-29 16:12:36.689,2026-04-29 16:12:36.689,,,,,108.0,,,,,41.54,,,,UTC+0530,NtSgKtj6xT,,,b0a15a66-f420-4304-91e2-41c08ad0da59.com.samsung.health.exercise.live_data.json,,,com.sec.android.app.shealth,,,,,2026-04-29 16:11:20.293,b0a15a66-f420-4304-91e2-41c08ad0da59,,
d81f2f6b-9e5f-427f-ad7e-230cbb4aead9.live_data_internal.json,,0,,,,417.35,,,,,d81f2f6b-9e5f-427f-ad7e-230cbb4aead9.sensing_status.json,1,,,,,,,,,,,,,,,3284653,,63200010,,,2026-04-30 04:03:43.082,15002,,,,116.0,,,,63200010,151.0,2026-04-30 04:58:28.304,2026-04-30 04:58:28.304,,,,,93.0,,,,,417.35,,,,UTC+0530,NtSgKtj6xT,,,d81f2f6b-9e5f-427f-ad7e-230cbb4aead9.com.samsung.health.exercise.live_data.json,,,com.sec.android.app.shealth,,,,,2026-04-30 04:58:27.735,d81f2f6b-9e5f-427f-ad7e-230cbb4aead9,,
9c544e53-8cd3-49c9-a634-745042750205.live_data_internal.json,,0,,,,565.78,,,,,9c544e53-8cd3-49c9-a634-745042750205.sensing_status.json,1,,,,,,,,,,,,,,,4720066,,63200010,,,2026-05-02 04:09:49.737,15002,,,,111.0,,,,63200010,141.0,2026-05-02 05:28:30.344,2026-05-02 05:28:30.344,,,,,90.0,,,,,565.78,,,,UTC+0530,NtSgKtj6xT,,,9c544e53-8cd3-49c9-a634-745042750205.com.samsung.health.exercise.live_data.json,,,com.sec.android.app.shealth,,,,,2026-05-02 05:28:29.803,9c544e53-8cd3-49c9-a634-745042750205,,
bbdccb0f-15bb-4710-8f74-02fe0609d071.live_data_internal.json,,0,,,,41.35,,,,,bbdccb0f-15bb-4710-8f74-02fe0609d071.sensing_status.json,4,,,,,,,,,,,,,,,350560,,63200010,,,2026-05-03 04:20:51.731,11007,,,,88.0,,,,63200010,107.0,2026-05-03 04:28:06.921,2026-05-03 04:28:06.921,,,,,72.0,,,,,41.35,,,,UTC+0530,NtSgKtj6xT,,,bbdccb0f-15bb-4710-8f74-02fe0609d071.com.samsung.health.exercise.live_data.json,,,com.sec.android.app.shealth,,,,,2026-05-03 04:26:42.291,bbdccb0f-15bb-4710-8f74-02fe0609d071,,
310dca32-58d3-42f5-8290-cdca9df0b99f.live_data_internal.json,,0,,,,57.07,,,,,310dca32-58d3-42f5-8290-cdca9df0b99f.sensing_status.json,4,,,,,,,,,,,,,,,436600,,63200010,,,2026-05-04 14:42:08.984,11007,,,,108.0,,,,63200010,119.0,2026-05-04 14:50:40.100,2026-05-04 14:50:40.100,,,,,88.0,,,,,57.07,,,,UTC+0530,NtSgKtj6xT,,,310dca32-58d3-42f5-8290-cdca9df0b99f.com.samsung.health.exercise.live_data.json,,,com.sec.android.app.shealth,,,,,2026-05-04 14:49:25.584,310dca32-58d3-42f5-8290-cdca9df0b99f,,
f0411eb1-db9d-430a-a46e-20fefba78b5d.live_data_internal.json,,0,,,,32.74,,,,,f0411eb1-db9d-430a-a46e-20fefba78b5d.sensing_status.json,4,,,,,,,,,,,,,,,228380,,63200010,,,2026-05-04 14:50:37.673,11007,,,,91.0,,,,63200010,104.0,2026-05-04 14:55:50.533,2026-05-04 14:55:50.533,,,,,75.0,,,,,32.74,,,,UTC+0530,NtSgKtj6xT,,,f0411eb1-db9d-430a-a46e-20fefba78b5d.com.samsung.health.exercise.live_data.json,,,com.sec.android.app.shealth,,,,,2026-05-04 14:54:26.053,f0411eb1-db9d-430a-a46e-20fefba78b5d,,
21c940cf-47af-42e7-a9ab-28294ef3ee02.live_data_internal.json,,0,,,,41.83,,,,,21c940cf-47af-42e7-a9ab-28294ef3ee02.sensing_status.json,4,,,,,,,,,,,,,,,271480,,63200010,,,2026-05-04 16:01:53.945,11007,,,,105.0,,,,63200010,125.0,2026-05-04 16:07:49.318,2026-05-04 16:07:49.318,,,,,76.0,,,,,41.83,,,,UTC+0530,NtSgKtj6xT,,,21c940cf-47af-42e7-a9ab-28294ef3ee02.com.samsung.health.exercise.live_data.json,,,com.sec.android.app.shealth,,,,,2026-05-04 16:06:25.425,21c940cf-47af-42e7-a9ab-28294ef3ee02,,
26cf39e6-8f16-4091-b3dd-1d9a32369073.live_data_internal.json,,0,,,,617.07,,,,,26cf39e6-8f16-4091-b3dd-1d9a32369073.sensing_status.json,1,,,,,,,,,,,,,,,4372652,,63200010,,,2026-05-05 04:02:37.696,15002,,,,126.0,,,,63200010,155.0,2026-05-05 05:15:30.805,2026-05-05 05:15:30.805,,,,,99.0,,,,,617.07,,,,UTC+0530,NtSgKtj6xT,,,26cf39e6-8f16-4091-b3dd-1d9a32369073.com.samsung.health.exercise.live_data.json,,,com.sec.android.app.shealth,,,,,2026-05-05 05:15:30.348,26cf39e6-8f16-4091-b3dd-1d9a32369073,,
61ad69fc-68cb-4ae0-a64d-50779fcc91af.live_data_internal.json,,0,,,,70.55,,,,,61ad69fc-68cb-4ae0-a64d-50779fcc91af.sensing_status.json,4,,,,,,,,,,,,,,,480460,,63200010,,,2026-05-05 14:19:04.439,11007,,,,111.0,,,,63200010,130.0,2026-05-05 14:28:11.003,2026-05-05 14:28:11.003,,,,,90.0,,,,,70.55,,,,UTC+0530,NtSgKtj6xT,,,61ad69fc-68cb-4ae0-a64d-50779fcc91af.com.samsung.health.exercise.live_data.json,,,com.sec.android.app.shealth,,,,,2026-05-05 14:27:04.899,61ad69fc-68cb-4ae0-a64d-50779fcc91af,,
e238c593-f0ef-4a09-a155-85754021b476.live_data_internal.json,,0,,,,32.82,,,,,e238c593-f0ef-4a09-a155-85754021b476.sensing_status.json,4,,,,,,,,,,,,,,,237320,,63200010,,,2026-05-05 15:46:33.919,11007,,,,96.0,,,,63200010,104.0,2026-05-05 15:51:55.088,2026-05-05 15:51:55.088,,,,,87.0,,,,,32.82,,,,UTC+0530,NtSgKtj6xT,,,e238c593-f0ef-4a09-a155-85754021b476.com.samsung.health.exercise.live_data.json,,,com.sec.android.app.shealth,,,,,2026-05-05 15:50:31.239,e238c593-f0ef-4a09-a155-85754021b476,,
376e9c85-9315-4d7c-bce8-9cd47bd0b928.live_data_internal.json,,0,,,,600.78,,,,,376e9c85-9315-4d7c-bce8-9cd47bd0b928.sensing_status.json,1,,,,,,,,,,,,,,,4436942,,63200010,,,2026-05-06 04:00:12.833,15002,,,,122.0,,,,63200010,150.0,2026-05-06 05:14:10.628,2026-05-06 05:14:10.628,,,,,101.0,,,,,600.78,,,,UTC+0530,NtSgKtj6xT,,,376e9c85-9315-4d7c-bce8-9cd47bd0b928.com.samsung.health.exercise.live_data.json,,,com.sec.android.app.shealth,,,,,2026-05-06 05:14:09.775,376e9c85-9315-4d7c-bce8-9cd47bd0b928,,
b50ebf86-6ad9-47d0-8773-e65649d94077.live_data_internal.json,,0,,,,55.25,,,,,b50ebf86-6ad9-47d0-8773-e65649d94077.sensing_status.json,4,,,,,,,,,,,,,,,670751,,63200010,,,2026-05-06 14:26:55.627,0,,,,112.0,,,,63200010,126.0,2026-05-06 14:38:07.493,2026-05-06 14:38:07.493,,,,,100.0,,,,,55.25,,,,UTC+0530,NtSgKtj6xT,,,b50ebf86-6ad9-47d0-8773-e65649d94077.com.samsung.health.exercise.live_data.json,,,com.sec.android.app.shealth,,,,,2026-05-06 14:38:06.317,b50ebf86-6ad9-47d0-8773-e65649d94077,,
e2e6ead0-a28d-47ca-b156-bb5435ff7e8e.live_data_internal.json,,0,,,,496.39,,,,,e2e6ead0-a28d-47ca-b156-bb5435ff7e8e.sensing_status.json,1,,,,,,,,,,,,,,,3443655,,63200010,,,2026-05-07 04:09:47.106,15002,,,,127.0,,,,63200010,153.0,2026-05-07 05:07:11.225,2026-05-07 05:07:11.225,,,,,101.0,,,,,496.39,,,,UTC+0530,NtSgKtj6xT,,,e2e6ead0-a28d-47ca-b156-bb5435ff7e8e.com.samsung.health.exercise.live_data.json,,,com.sec.android.app.shealth,,,,,2026-05-07 05:07:10.761,e2e6ead0-a28d-47ca-b156-bb5435ff7e8e,,
ef1fa594-75b7-4da4-8b56-9fdc43296f20.live_data_internal.json,,0,,,,495.54,,,,,ef1fa594-75b7-4da4-8b56-9fdc43296f20.sensing_status.json,1,,,,,,,,,,,,,,,3829380,,63200010,,,2026-05-08 04:04:27.971,15002,,,,117.0,,,,63200010,153.0,2026-05-08 05:08:17.831,2026-05-08 05:08:17.831,,,,,85.0,,,,,495.54,,,,UTC+0530,NtSgKtj6xT,,,ef1fa594-75b7-4da4-8b56-9fdc43296f20.com.samsung.health.exercise.live_data.json,,,com.sec.android.app.shealth,,,,,2026-05-08 05:08:17.351,ef1fa594-75b7-4da4-8b56-9fdc43296f20,,
e219da63-64b8-4c48-be37-144f1585a383.live_data_internal.json,,0,,,,81.72,,,,,e219da63-64b8-4c48-be37-144f1585a383.sensing_status.json,4,,,,,,,,,,,,,,,869474,,63200010,,,2026-05-08 11:48:49.616,0,,,,123.0,,,,63200010,139.0,2026-05-08 12:03:19.235,2026-05-08 12:03:19.235,,,,,112.0,,,,,81.72,,,,UTC+0530,NtSgKtj6xT,,,e219da63-64b8-4c48-be37-144f1585a383.com.samsung.health.exercise.live_data.json,,,com.sec.android.app.shealth,,,,,2026-05-08 12:03:19.042,e219da63-64b8-4c48-be37-144f1585a383,,
e7593433-38b3-4248-872a-397b83cbc86f.live_data_internal.json,,0,,,,558.3,,,,,e7593433-38b3-4248-872a-397b83cbc86f.sensing_status.json,1,,,,,,,,,,,,,,,3865433,,63200010,,,2026-05-09 04:11:54.246,15002,,,,127.0,,,,63200010,157.0,2026-05-09 05:16:20.181,2026-05-09 05:16:20.181,,,,,91.0,,,,,558.3,,,,UTC+0530,NtSgKtj6xT,,,e7593433-38b3-4248-872a-397b83cbc86f.com.samsung.health.exercise.live_data.json,,,com.sec.android.app.shealth,,,,,2026-05-09 05:16:19.679,e7593433-38b3-4248-872a-397b83cbc86f,,
efa8da3a-756a-4ec5-8873-6ec255fcd0db.live_data_internal.json,,0,,,,32.78,,,,,efa8da3a-756a-4ec5-8873-6ec255fcd0db.sensing_status.json,4,,,,,,,,,,,,,,,205620,,63200010,,,2026-05-09 07:26:45.639,11007,,,,111.0,,,,63200010,113.0,2026-05-09 07:31:38.581,2026-05-09 07:31:38.581,,,,,109.0,,,,,32.78,,,,UTC+0530,NtSgKtj6xT,,,efa8da3a-756a-4ec5-8873-6ec255fcd0db.com.samsung.health.exercise.live_data.json,,,com.sec.android.app.shealth,,,,,2026-05-09 07:30:11.259,efa8da3a-756a-4ec5-8873-6ec255fcd0db,,
b3e2641f-a730-44ef-bd59-9d5f32d1a2ac.live_data_internal.json,,0,,,,160.97,,,,,b3e2641f-a730-44ef-bd59-9d5f32d1a2ac.sensing_status.json,4,,,,,,,,,,,,,,,1416474,,63200010,,,2026-05-09 08:16:18.854,0,,,,125.0,,,,63200010,159.0,2026-05-09 08:39:54.456,2026-05-09 08:39:54.456,,,,,101.0,,,,,160.97,,,,UTC+0530,NtSgKtj6xT,,,b3e2641f-a730-44ef-bd59-9d5f32d1a2ac.com.samsung.health.exercise.live_data.json,,,com.sec.android.app.shealth,,,,,2026-05-09 08:39:54.258,b3e2641f-a730-44ef-bd59-9d5f32d1a2ac,,
a885185c-9c70-473f-97a7-d5e4642825f2.live_data_internal.json,,0,,,,57.98,,,,,a885185c-9c70-473f-97a7-d5e4642825f2.sensing_status.json,4,,,,,,,,,,,,,,,393140,,63200010,,,2026-05-09 14:23:15.174,11007,,,,107.0,,,,63200010,118.0,2026-05-09 14:31:12.647,2026-05-09 14:31:12.647,,,,,97.0,,,,,57.98,,,,UTC+0530,NtSgKtj6xT,,,a885185c-9c70-473f-97a7-d5e4642825f2.com.samsung.health.exercise.live_data.json,,,com.sec.android.app.shealth,,,,,2026-05-09 14:29:48.314,a885185c-9c70-473f-97a7-d5e4642825f2,,
3dff5c5e-a1c6-4564-9253-a4a3d4c38829.live_data_internal.json,,0,,,,45.85,,,,,3dff5c5e-a1c6-4564-9253-a4a3d4c38829.sensing_status.json,4,,,,,,,,,,,,,,,272600,,63200010,,,2026-05-09 15:43:05.601,11007,,,,111.0,,,,63200010,116.0,2026-05-09 15:49:04.135,2026-05-09 15:49:04.135,,,,,103.0,,,,,45.85,,,,UTC+0530,NtSgKtj6xT,,,3dff5c5e-a1c6-4564-9253-a4a3d4c38829.com.samsung.health.exercise.live_data.json,,,com.sec.android.app.shealth,,,,,2026-05-09 15:47:38.201,3dff5c5e-a1c6-4564-9253-a4a3d4c38829,,
231970f0-d5dc-48f2-9799-9001346a3578.live_data_internal.json,,0,,,,75.5,,,,,231970f0-d5dc-48f2-9799-9001346a3578.sensing_status.json,4,,,,,,,,,,,,,,,565060,,63200010,,,2026-05-10 02:42:35.990,11007,,,,111.0,,,,63200010,112.0,2026-05-10 02:53:28.535,2026-05-10 02:53:28.535,,,,,110.0,,,,,75.5,,,,UTC+0530,NtSgKtj6xT,,,231970f0-d5dc-48f2-9799-9001346a3578.com.samsung.health.exercise.live_data.json,,,com.sec.android.app.shealth,,,,,2026-05-10 02:52:01.050,231970f0-d5dc-48f2-9799-9001346a3578,,
9167ebcc-8a09-4100-8e03-45bc879a7445.live_data_internal.json,,0,,,,28.27,,,,,9167ebcc-8a09-4100-8e03-45bc879a7445.sensing_status.json,4,,,,,,,,,,,,,,,269420,,63200010,,,2026-05-10 03:50:28.892,11007,,,,77.0,,,,63200010,79.0,2026-05-10 03:56:24.533,2026-05-10 03:56:24.533,,,,,75.0,,,,,28.27,,,,UTC+0530,NtSgKtj6xT,,,9167ebcc-8a09-4100-8e03-45bc879a7445.com.samsung.health.exercise.live_data.json,,,com.sec.android.app.shealth,,,,,2026-05-10 03:54:58.312,9167ebcc-8a09-4100-8e03-45bc879a7445,,
f46d65e5-4341-4697-830d-a57816e2312f.live_data_internal.json,,0,,,,55.48,,,,,f46d65e5-4341-4697-830d-a57816e2312f.sensing_status.json,4,,,,,,,,,,,,,,,407340,,63200010,,,2026-05-10 03:56:12.981,11007,,,,103.0,,,,63200010,114.0,2026-05-10 04:04:22.544,2026-05-10 04:04:22.544,,,,,89.0,,,,,55.48,,,,UTC+0530,NtSgKtj6xT,,,f46d65e5-4341-4697-830d-a57816e2312f.com.samsung.health.exercise.live_data.json,,,com.sec.android.app.shealth,,,,,2026-05-10 04:03:00.321,f46d65e5-4341-4697-830d-a57816e2312f,,
60ad236b-1cc7-42be-b6d2-5c61c3f411db.live_data_internal.json,,0,,,,558.01,,,,,60ad236b-1cc7-42be-b6d2-5c61c3f411db.sensing_status.json,1,,,,,,,,,,,,,,,4003979,,63200010,,,2026-05-11 04:02:10.748,15002,,,,124.0,,,,63200010,179.0,2026-05-11 05:08:55.330,2026-05-11 05:08:55.330,,,,,95.0,,,,,558.01,,,,UTC+0530,NtSgKtj6xT,,,60ad236b-1cc7-42be-b6d2-5c61c3f411db.com.samsung.health.exercise.live_data.json,,,com.sec.android.app.shealth,,,,,2026-05-11 05:08:54.727,60ad236b-1cc7-42be-b6d2-5c61c3f411db,,
013dd125-5bbf-4d61-a135-8ac214248861.live_data_internal.json,,0,,,,54.36,,,,,013dd125-5bbf-4d61-a135-8ac214248861.sensing_status.json,4,,,,,,,,,,,,,,,400440,,63200010,,,2026-05-11 14:53:23.361,11007,,,,118.0,,,,63200010,137.0,2026-05-11 15:01:10.753,2026-05-11 15:01:10.753,,,,,102.0,,,,,54.36,,,,UTC+0530,NtSgKtj6xT,,,013dd125-5bbf-4d61-a135-8ac214248861.com.samsung.health.exercise.live_data.json,,,com.sec.android.app.shealth,,,,,2026-05-11 15:00:03.801,013dd125-5bbf-4d61-a135-8ac214248861,,
659d3137-2ff2-4717-bed0-6a61de6005c9.live_data_internal.json,,0,,,,501.01,,,,,659d3137-2ff2-4717-bed0-6a61de6005c9.sensing_status.json,1,,,,,,,,,,,,,,,3871393,,63200010,,,2026-05-12 04:06:44.542,15002,,,,118.0,,,,63200010,154.0,2026-05-12 05:11:16.622,2026-05-12 05:11:16.622,,,,,84.0,,,,,501.01,,,,UTC+0530,NtSgKtj6xT,,,659d3137-2ff2-4717-bed0-6a61de6005c9.com.samsung.health.exercise.live_data.json,,,com.sec.android.app.shealth,,,,,2026-05-12 05:11:15.935,659d3137-2ff2-4717-bed0-6a61de6005c9,,
39ad329d-9e14-493b-bb33-1fefbed85ad9.live_data_internal.json,,0,,,,73.94,,,,,39ad329d-9e14-493b-bb33-1fefbed85ad9.sensing_status.json,4,,,,,,,,,,,,,,,523560,,63200010,,,2026-05-12 14:31:39.521,11007,,,,109.0,,,,63200010,135.0,2026-05-12 14:41:35.944,2026-05-12 14:41:35.944,,,,,89.0,,,,,73.94,,,,UTC+0530,NtSgKtj6xT,,,39ad329d-9e14-493b-bb33-1fefbed85ad9.com.samsung.health.exercise.live_data.json,,,com.sec.android.app.shealth,,,,,2026-05-12 14:40:23.081,39ad329d-9e14-493b-bb33-1fefbed85ad9,,
18c7620f-ee7c-4a05-9cfc-539accce7bf4.live_data_internal.json,,0,,,,37.58,,,,,18c7620f-ee7c-4a05-9cfc-539accce7bf4.sensing_status.json,4,,,,,,,,,,,,,,,240500,,63200010,,,2026-05-13 04:04:54.306,11007,,,,95.0,,,,63200010,105.0,2026-05-13 04:10:22.179,2026-05-13 04:10:22.179,,,,,89.0,,,,,37.58,,,,UTC+0530,NtSgKtj6xT,,,18c7620f-ee7c-4a05-9cfc-539accce7bf4.com.samsung.health.exercise.live_data.json,,,com.sec.android.app.shealth,,,,,2026-05-13 04:08:54.806,18c7620f-ee7c-4a05-9cfc-539accce7bf4,,
fdbd57e3-e82e-4f64-ac32-df92d0d87eff.live_data_internal.json,,0,,,,61.1,,,,,fdbd57e3-e82e-4f64-ac32-df92d0d87eff.sensing_status.json,4,,,,,,,,,,,,,,,390860,,63200010,,,2026-05-13 07:23:00.532,11007,,,,113.0,,,,63200010,125.0,2026-05-13 07:30:55.439,2026-05-13 07:30:55.439,,,,,97.0,,,,,61.1,,,,UTC+0530,NtSgKtj6xT,,,fdbd57e3-e82e-4f64-ac32-df92d0d87eff.com.samsung.health.exercise.live_data.json,,,com.sec.android.app.shealth,,,,,2026-05-13 07:29:31.392,fdbd57e3-e82e-4f64-ac32-df92d0d87eff,,
aad72d1d-f5b1-4e92-bbee-2644c5dd2d4e.live_data_internal.json,,0,,,,60.25,,,,,aad72d1d-f5b1-4e92-bbee-2644c5dd2d4e.sensing_status.json,4,,,,,,,,,,,,,,,485560,,63200010,,,2026-05-13 08:15:39.920,11007,,,,106.0,,,,63200010,123.0,2026-05-13 08:24:43.726,2026-05-13 08:24:43.726,,,,,96.0,,,,,60.25,,,,UTC+0530,NtSgKtj6xT,,,aad72d1d-f5b1-4e92-bbee-2644c5dd2d4e.com.samsung.health.exercise.live_data.json,,,com.sec.android.app.shealth,,,,,2026-05-13 08:23:45.480,aad72d1d-f5b1-4e92-bbee-2644c5dd2d4e,,
8da7e836-780c-4206-be45-c0b88d844e08.live_data_internal.json,,0,,,,57.38,,,,,8da7e836-780c-4206-be45-c0b88d844e08.sensing_status.json,4,,,,,,,,,,,,,,,364040,,63200010,,,2026-05-14 14:56:25.450,11007,,,,111.0,,,,63200010,123.0,2026-05-14 15:03:56.869,2026-05-14 15:03:56.869,,,,,103.0,,,,,57.38,,,,UTC+0530,NtSgKtj6xT,,,8da7e836-780c-4206-be45-c0b88d844e08.com.samsung.health.exercise.live_data.json,,,com.sec.android.app.shealth,,,,,2026-05-14 15:02:29.490,8da7e836-780c-4206-be45-c0b88d844e08,,
87863b6c-375b-4349-9db4-6760bc2151b2.live_data_internal.json,,0,,,,40.4,,,,,87863b6c-375b-4349-9db4-6760bc2151b2.sensing_status.json,4,,,,,,,,,,,,,,,256020,,63200010,,,2026-05-14 16:01:07.161,11007,,,,103.0,,,,63200010,121.0,2026-05-14 16:06:47.072,2026-05-14 16:06:47.072,,,,,87.0,,,,,40.4,,,,UTC+0530,NtSgKtj6xT,,,87863b6c-375b-4349-9db4-6760bc2151b2.com.samsung.health.exercise.live_data.json,,,com.sec.android.app.shealth,,,,,2026-05-14 16:05:23.181,87863b6c-375b-4349-9db4-6760bc2151b2,,
089ffde3-a807-4e77-b8d4-d416350aaa8b.live_data_internal.json,,0,,,,56.91,,,,,089ffde3-a807-4e77-b8d4-d416350aaa8b.sensing_status.json,4,,,,,,,,,,,,,,,397080,,63200010,,,2026-05-15 05:47:09.963,11007,,,,99.0,,,,63200010,126.0,2026-05-15 05:54:58.809,2026-05-15 05:54:58.809,,,,,88.0,,,,,56.91,,,,UTC+0530,NtSgKtj6xT,,,089ffde3-a807-4e77-b8d4-d416350aaa8b.com.samsung.health.exercise.live_data.json,,,com.sec.android.app.shealth,,,,,2026-05-15 05:53:47.043,089ffde3-a807-4e77-b8d4-d416350aaa8b,,
947a28b2-e862-4501-92db-0a6f190f3e82.live_data_internal.json,,0,,,,70.68,,,,,947a28b2-e862-4501-92db-0a6f190f3e82.sensing_status.json,4,,,,,,,,,,,,,,,523860,,63200010,,,2026-05-16 14:19:13.401,11007,,,,106.0,,,,63200010,132.0,2026-05-16 14:29:05.355,2026-05-16 14:29:05.355,,,,,93.0,,,,,70.68,,,,UTC+0530,NtSgKtj6xT,,,947a28b2-e862-4501-92db-0a6f190f3e82.com.samsung.health.exercise.live_data.json,,,com.sec.android.app.shealth,,,,,2026-05-16 14:27:57.261,947a28b2-e862-4501-92db-0a6f190f3e82,,
2f1a6602-1d37-4ce2-9942-ef4b9a440b43.live_data_internal.json,,0,,,,43.88,,,,,2f1a6602-1d37-4ce2-9942-ef4b9a440b43.sensing_status.json,4,,,,,,,,,,,,,,,339480,,63200010,,,2026-05-16 15:52:08.339,11007,,,,96.0,,,,63200010,107.0,2026-05-16 15:59:07.225,2026-05-16 15:59:07.225,,,,,84.0,,,,,43.88,,,,UTC+0530,NtSgKtj6xT,,,2f1a6602-1d37-4ce2-9942-ef4b9a440b43.com.samsung.health.exercise.live_data.json,,,com.sec.android.app.shealth,,,,,2026-05-16 15:57:47.819,2f1a6602-1d37-4ce2-9942-ef4b9a440b43,,
8461bd0a-e2bb-4feb-a3fe-0873cdb7fa46.live_data_internal.json,,0,,,,171.89674,,,,,8461bd0a-e2bb-4feb-a3fe-0873cdb7fa46.sensing_status.json,4,,,,,,,,,,,,,,,1620483,,63200010,,,2026-05-17 04:17:35.835,0,,,,121.0,,,,63200010,160.0,2026-05-17 04:44:36.542,2026-05-17 04:44:36.542,,,,,87.0,,,,,171.89,,,,UTC+0530,NtSgKtj6xT,,,8461bd0a-e2bb-4feb-a3fe-0873cdb7fa46.com.samsung.health.exercise.live_data.json,,,com.sec.android.app.shealth,,,,,2026-05-17 04:44:36.664,8461bd0a-e2bb-4feb-a3fe-0873cdb7fa46,,
39a6c529-15c9-4621-bd51-4ea439184d34.live_data_internal.json,,0,,,,63.63,,,,,39a6c529-15c9-4621-bd51-4ea439184d34.sensing_status.json,4,,,,,,,,,,,,,,,759122,,63200010,,,2026-05-17 12:17:40.304,0,,,,104.0,,,,63200010,116.0,2026-05-17 12:30:19.435,2026-05-17 12:30:19.435,,,,,95.0,,,,,63.63,,,,UTC+0530,NtSgKtj6xT,,,39a6c529-15c9-4621-bd51-4ea439184d34.com.samsung.health.exercise.live_data.json,,,com.sec.android.app.shealth,,,,,2026-05-17 12:30:18.767,39a6c529-15c9-4621-bd51-4ea439184d34,,
cf5cc243-7fbf-4dc6-a98a-c6e4a9491ca4.live_data_internal.json,,0,,,,462.15,,,,,cf5cc243-7fbf-4dc6-a98a-c6e4a9491ca4.sensing_status.json,1,,,,,,,,,,,,,,,3475717,,63200010,,,2026-05-18 03:59:34.457,15002,,,,121.0,,,,63200010,155.0,2026-05-18 04:57:31.266,2026-05-18 04:57:31.266,,,,,83.0,,,,,462.15,,,,UTC+0530,NtSgKtj6xT,,,cf5cc243-7fbf-4dc6-a98a-c6e4a9491ca4.com.samsung.health.exercise.live_data.json,,,com.sec.android.app.shealth,,,,,2026-05-18 04:57:30.174,cf5cc243-7fbf-4dc6-a98a-c6e4a9491ca4,,
70797082-9564-46db-aee5-f991991a49ee.live_data_internal.json,,0,,,,37.47,,,,,70797082-9564-46db-aee5-f991991a49ee.sensing_status.json,4,,,,,,,,,,,,,,,228600,,63200010,,,2026-05-18 12:25:01.491,11007,,,,105.0,,,,63200010,109.0,2026-05-18 12:30:15.335,2026-05-18 12:30:15.335,,,,,102.0,,,,,37.47,,,,UTC+0530,NtSgKtj6xT,,,70797082-9564-46db-aee5-f991991a49ee.com.samsung.health.exercise.live_data.json,,,com.sec.android.app.shealth,,,,,2026-05-18 12:28:50.091,70797082-9564-46db-aee5-f991991a49ee,,
bf348360-7ffc-4891-ba1c-c4e2f8114cd8.live_data_internal.json,,0,,,,68.23,,,,,bf348360-7ffc-4891-ba1c-c4e2f8114cd8.sensing_status.json,4,,,,,,,,,,,,,,,538820,,63200010,,,2026-05-18 12:29:57.945,11007,,,,103.0,,,,63200010,114.0,2026-05-18 12:39:54.508,2026-05-18 12:39:54.508,,,,,95.0,,,,,68.23,,,,UTC+0530,NtSgKtj6xT,,,bf348360-7ffc-4891-ba1c-c4e2f8114cd8.com.samsung.health.exercise.live_data.json,,,com.sec.android.app.shealth,,,,,2026-05-18 12:38:56.765,bf348360-7ffc-4891-ba1c-c4e2f8114cd8,,
0a71751e-070e-4f65-98c6-555b2c9f839f.live_data_internal.json,,0,,,,39.35,,,,,0a71751e-070e-4f65-98c6-555b2c9f839f.sensing_status.json,4,,,,,,,,,,,,,,,259620,,63200010,,,2026-05-19 15:40:58.124,11007,,,,103.0,,,,63200010,112.0,2026-05-19 15:46:36.052,2026-05-19 15:46:36.052,,,,,97.0,,,,,39.35,,,,UTC+0530,NtSgKtj6xT,,,0a71751e-070e-4f65-98c6-555b2c9f839f.com.samsung.health.exercise.live_data.json,,,com.sec.android.app.shealth,,,,,2026-05-19 15:45:17.744,0a71751e-070e-4f65-98c6-555b2c9f839f,,
ba67a720-1ee0-4b7b-a0ef-898d917fe9f4.live_data_internal.json,,0,,,,44.89,,,,,ba67a720-1ee0-4b7b-a0ef-898d917fe9f4.sensing_status.json,4,,,,,,,,,,,,,,,285300,,63200010,,,2026-05-22 04:26:41.840,11007,,,,99.0,,,,63200010,106.0,2026-05-22 04:32:54.160,2026-05-22 04:32:54.160,,,,,93.0,,,,,44.89,,,,UTC+0530,NtSgKtj6xT,,,ba67a720-1ee0-4b7b-a0ef-898d917fe9f4.com.samsung.health.exercise.live_data.json,,,com.sec.android.app.shealth,,,,,2026-05-22 04:31:27.140,ba67a720-1ee0-4b7b-a0ef-898d917fe9f4,,
2bd43fba-704d-4778-a538-c38dc1099fb8.live_data_internal.json,,0,,,,67.31,,,,,2bd43fba-704d-4778-a538-c38dc1099fb8.sensing_status.json,4,,,,,,,,,,,,,,,504240,,63200010,,,2026-05-22 14:22:56.236,11007,,,,108.0,,,,63200010,120.0,2026-05-22 14:32:32.666,2026-05-22 14:32:32.666,,,,,97.0,,,,,67.31,,,,UTC+0530,NtSgKtj6xT,,,2bd43fba-704d-4778-a538-c38dc1099fb8.com.samsung.health.exercise.live_data.json,,,com.sec.android.app.shealth,,,,,2026-05-22 14:31:20.476,2bd43fba-704d-4778-a538-c38dc1099fb8,,
af621965-1664-419c-aaf7-974bc9517998.live_data_internal.json,,0,,,,42.15,,,,,af621965-1664-419c-aaf7-974bc9517998.sensing_status.json,4,,,,,,,,,,,,,,,240880,,63200010,,,2026-05-22 15:45:05.446,11007,,,,117.0,,,,63200010,129.0,2026-05-22 15:50:22.660,2026-05-22 15:50:22.660,,,,,108.0,,,,,42.15,,,,UTC+0530,NtSgKtj6xT,,,af621965-1664-419c-aaf7-974bc9517998.com.samsung.health.exercise.live_data.json,,,com.sec.android.app.shealth,,,,,2026-05-22 15:49:06.326,af621965-1664-419c-aaf7-974bc9517998,,
c280358b-b7fc-4ec0-9b52-0cd471cfb6df.live_data_internal.json,,0,,,,87.42502,,,,,c280358b-b7fc-4ec0-9b52-0cd471cfb6df.sensing_status.json,4,,,,,,,,,,,,,,,900893,,63200010,,,2026-05-23 05:48:32.213,1001,,,,102.0,30001,,,63200010,110.0,2026-05-23 06:05:10.313,2026-05-23 06:05:10.313,,,1.4722222,74.12645,88.0,,1113,828.77,,87.0,95.0,,,UTC+0530,NtSgKtj6xT,,,c280358b-b7fc-4ec0-9b52-0cd471cfb6df.com.samsung.health.exercise.live_data.json,,0.9199428,com.sec.android.app.shealth,,,,,2026-05-23 06:03:54.906,c280358b-b7fc-4ec0-9b52-0cd471cfb6df,,
ba357cc2-4ffd-4d56-a654-79eeb45a39d0.live_data_internal.json,,0,,,,523.0,,,,,ba357cc2-4ffd-4d56-a654-79eeb45a39d0.sensing_status.json,1,,,,,,,,,,,,,,,3668608,,63200010,,,2026-05-25 04:12:33.669,15002,,,,126.0,,,,63200010,160.0,2026-05-25 05:13:43.305,2026-05-25 05:13:43.305,,,,,100.0,,,,,523.0,,,,UTC+0530,NtSgKtj6xT,,,ba357cc2-4ffd-4d56-a654-79eeb45a39d0.com.samsung.health.exercise.live_data.json,,,com.sec.android.app.shealth,,,,,2026-05-25 05:13:42.277,ba357cc2-4ffd-4d56-a654-79eeb45a39d0,,
0c7b97e1-2c11-4e51-a6b8-e04fd5a23c6b.live_data_internal.json,,0,,,,92.89059,,,,,0c7b97e1-2c11-4e51-a6b8-e04fd5a23c6b.sensing_status.json,4,,,,,,,,,,,,,,,977562,,63200010,,,2026-05-25 06:01:13.629,1001,,,,108.0,30001,,,63200010,129.0,2026-05-25 06:19:32.307,2026-05-25 06:19:32.307,,,1.7222222,84.209496,83.0,,1372,979.16,,92.0,102.0,,,UTC+0530,NtSgKtj6xT,,,0c7b97e1-2c11-4e51-a6b8-e04fd5a23c6b.com.samsung.health.exercise.live_data.json,,1.0016346,com.sec.android.app.shealth,,,,,2026-05-25 06:18:16.871,0c7b97e1-2c11-4e51-a6b8-e04fd5a23c6b,,
155b9736-c69e-41f5-8a92-41cd32e99aa3.live_data_internal.json,,0,,,,93.198006,,,,,155b9736-c69e-41f5-8a92-41cd32e99aa3.sensing_status.json,4,,,,,,,,,,,,,,,802377,,63200010,,,2026-05-26 03:27:38.061,1001,,,,105.0,30001,,,63200010,120.0,2026-05-26 03:46:14.833,2026-05-26 03:46:14.833,,,2.1162114,69.31903,91.0,,927,688.66,,93.0,90.0,,,UTC+0530,NtSgKtj6xT,,,155b9736-c69e-41f5-8a92-41cd32e99aa3.com.samsung.health.exercise.live_data.json,,0.8582748,com.sec.android.app.shealth,,,,,2026-05-26 03:41:10.594,155b9736-c69e-41f5-8a92-41cd32e99aa3,,
918565d9-f8b6-4ee5-ab45-acf263468884.live_data_internal.json,,0,,,,530.47,,,,,918565d9-f8b6-4ee5-ab45-acf263468884.sensing_status.json,1,,,,,,,,,,,,,,,4111109,,63200010,,,2026-05-26 03:56:56.206,15002,,,,118.0,,,,63200010,149.0,2026-05-26 05:05:27.692,2026-05-26 05:05:27.692,,,,,86.0,,,,,530.47,,,,UTC+0530,NtSgKtj6xT,,,918565d9-f8b6-4ee5-ab45-acf263468884.com.samsung.health.exercise.live_data.json,,,com.sec.android.app.shealth,,,,,2026-05-26 05:05:27.315,918565d9-f8b6-4ee5-ab45-acf263468884,,
b16bfb62-eb01-468b-abae-b9232eb5330f.live_data_internal.json,,0,,,,52.8,,,,,b16bfb62-eb01-468b-abae-b9232eb5330f.sensing_status.json,4,,,,,,,,,,,,,,,669313,,63200010,,,2026-05-26 14:02:40.119,0,,,,116.0,,,,63200010,124.0,2026-05-26 14:13:49.648,2026-05-26 14:13:49.648,,,,,112.0,,,,,52.8,,,,UTC+0530,NtSgKtj6xT,,,b16bfb62-eb01-468b-abae-b9232eb5330f.com.samsung.health.exercise.live_data.json,,,com.sec.android.app.shealth,,,,,2026-05-26 14:13:49.220,b16bfb62-eb01-468b-abae-b9232eb5330f,,
9175294d-1b9e-4f16-b896-67d44b983968.live_data_internal.json,,0,,,,60.5,,,,,9175294d-1b9e-4f16-b896-67d44b983968.sensing_status.json,4,,,,,,,,,,,,,,,511700,,63200010,,,2026-05-26 14:25:01.874,11007,,,,104.0,,,,63200010,122.0,2026-05-26 14:34:35.416,2026-05-26 14:34:35.416,,,,,79.0,,,,,60.5,,,,UTC+0530,NtSgKtj6xT,,,9175294d-1b9e-4f16-b896-67d44b983968.com.samsung.health.exercise.live_data.json,,,com.sec.android.app.shealth,,,,,2026-05-26 14:33:33.574,9175294d-1b9e-4f16-b896-67d44b983968,,
77527138-bdf9-4eb4-bb6e-66faaee04f80.live_data_internal.json,,0,,,,436.09,,,,,77527138-bdf9-4eb4-bb6e-66faaee04f80.sensing_status.json,1,,,,,,,,,,,,,,,3315929,,63200010,,,2026-05-27 03:58:40.810,15002,,,,120.0,,,,63200010,156.0,2026-05-27 04:53:57.519,2026-05-27 04:53:57.519,,,,,94.0,,,,,436.09,,,,UTC+0530,NtSgKtj6xT,,,77527138-bdf9-4eb4-bb6e-66faaee04f80.com.samsung.health.exercise.live_data.json,,,com.sec.android.app.shealth,,,,,2026-05-27 04:53:56.739,77527138-bdf9-4eb4-bb6e-66faaee04f80,,
626fbe2a-7260-40fe-b667-30abfae3446c.live_data_internal.json,,0,,,,578.63,,,,,626fbe2a-7260-40fe-b667-30abfae3446c.sensing_status.json,1,,,,,,,,,,,,,,,3780071,,63200010,,,2026-05-28 04:01:32.717,15002,,,,132.0,,,,63200010,168.0,2026-05-28 05:04:33.143,2026-05-28 05:04:33.143,,,,,103.0,,,,,578.63,,,,UTC+0530,NtSgKtj6xT,,,626fbe2a-7260-40fe-b667-30abfae3446c.com.samsung.health.exercise.live_data.json,,,com.sec.android.app.shealth,,,,,2026-05-28 05:04:32.788,626fbe2a-7260-40fe-b667-30abfae3446c,,
c5880b47-b465-4843-99a7-c653a1458338.live_data_internal.json,,0,,,,40.27,,,,,c5880b47-b465-4843-99a7-c653a1458338.sensing_status.json,4,,,,,,,,,,,,,,,371020,,63200010,,,2026-05-28 14:29:47.410,11007,,,,92.0,,,,63200010,107.0,2026-05-28 14:37:18.133,2026-05-28 14:37:18.133,,,,,75.0,,,,,40.27,,,,UTC+0530,NtSgKtj6xT,,,c5880b47-b465-4843-99a7-c653a1458338.com.samsung.health.exercise.live_data.json,,,com.sec.android.app.shealth,,,,,2026-05-28 14:35:58.430,c5880b47-b465-4843-99a7-c653a1458338,,
03a285bf-74a3-4127-a593-fdb5474ac68a.live_data_internal.json,,0,,,,39.59,,,,,03a285bf-74a3-4127-a593-fdb5474ac68a.sensing_status.json,4,,,,,,,,,,,,,,,221840,,63200010,,,2026-05-28 15:54:40.895,11007,,,,101.0,,,,63200010,104.0,2026-05-28 15:59:49.229,2026-05-28 15:59:49.229,,,,,98.0,,,,,39.59,,,,UTC+0530,NtSgKtj6xT,,,03a285bf-74a3-4127-a593-fdb5474ac68a.com.samsung.health.exercise.live_data.json,,,com.sec.android.app.shealth,,,,,2026-05-28 15:58:22.735,03a285bf-74a3-4127-a593-fdb5474ac68a,,
831759c1-ea10-4884-9cd5-03ae7cdaeb70.live_data_internal.json,,0,,,,506.23,,,,,831759c1-ea10-4884-9cd5-03ae7cdaeb70.sensing_status.json,1,,,,,,,,,,,,,,,3602965,,63200010,,,2026-05-29 04:17:48.727,15002,,,,125.0,,,,63200010,148.0,2026-05-29 05:17:52.392,2026-05-29 05:17:52.392,,,,,97.0,,,,,506.23,,,,UTC+0530,NtSgKtj6xT,,,831759c1-ea10-4884-9cd5-03ae7cdaeb70.com.samsung.health.exercise.live_data.json,,,com.sec.android.app.shealth,,,,,2026-05-29 05:17:51.692,831759c1-ea10-4884-9cd5-03ae7cdaeb70,,
c8b9ab40-284a-4e70-98c1-58512e1c4974.live_data_internal.json,,0,,,,69.73353,,,,,c8b9ab40-284a-4e70-98c1-58512e1c4974.sensing_status.json,4,,,,,,,,,,,,,,,654120,,63200010,,,2026-05-29 05:18:06.243,1001,,,,118.0,30001,,,63200010,131.0,2026-05-29 05:30:30.240,2026-05-29 05:30:30.240,,,1.5555556,82.0033,111.0,,894,689.74,,68.0,117.0,,,UTC+0530,NtSgKtj6xT,,,c8b9ab40-284a-4e70-98c1-58512e1c4974.com.samsung.health.exercise.live_data.json,,1.0544548,com.sec.android.app.shealth,,,,,2026-05-29 05:30:29.279,c8b9ab40-284a-4e70-98c1-58512e1c4974,,
f8e0bd99-07d7-4255-9fcd-d46d4123b794.live_data_internal.json,,0,,,,88.75,,,,,f8e0bd99-07d7-4255-9fcd-d46d4123b794.sensing_status.json,4,,,,,,,,,,,,,,,648160,,63200010,,,2026-05-29 14:28:26.545,11007,,,,115.0,,,,63200010,127.0,2026-05-29 14:40:20.750,2026-05-29 14:40:20.750,,,,,106.0,,,,,88.75,,,,UTC+0530,NtSgKtj6xT,,,f8e0bd99-07d7-4255-9fcd-d46d4123b794.com.samsung.health.exercise.live_data.json,,,com.sec.android.app.shealth,,,,,2026-05-29 14:39:14.705,f8e0bd99-07d7-4255-9fcd-d46d4123b794,,
ae226b1e-322b-40a2-8155-227d8086bb17.live_data_internal.json,,0,,,,70.98,,,,,ae226b1e-322b-40a2-8155-227d8086bb17.sensing_status.json,4,,,,,,,,,,,,,,,779918,,63200010,,,2026-05-29 14:40:21.440,0,,,,123.0,,,,63200010,138.0,2026-05-29 14:53:20.451,2026-05-29 14:53:20.451,,,,,105.0,,,,,70.98,,,,UTC+0530,NtSgKtj6xT,,,ae226b1e-322b-40a2-8155-227d8086bb17.com.samsung.health.exercise.live_data.json,,,com.sec.android.app.shealth,,,,,2026-05-29 14:53:20.431,ae226b1e-322b-40a2-8155-227d8086bb17,,
fb81a29e-72de-4fbc-a19c-22abcc0b3c69.live_data_internal.json,,0,,,,66.61,,,,,fb81a29e-72de-4fbc-a19c-22abcc0b3c69.sensing_status.json,4,,,,,,,,,,,,,,,498240,,63200010,,,2026-05-30 06:02:13.609,11007,,,,118.0,,,,63200010,139.0,2026-05-30 06:11:32.876,2026-05-30 06:11:32.876,,,,,108.0,,,,,66.61,,,,UTC+0530,NtSgKtj6xT,,,fb81a29e-72de-4fbc-a19c-22abcc0b3c69.com.samsung.health.exercise.live_data.json,,,com.sec.android.app.shealth,,,,,2026-05-30 06:10:31.849,fb81a29e-72de-4fbc-a19c-22abcc0b3c69,,
75a00655-92ff-4c14-9d38-c7e4467791a6.live_data_internal.json,,0,,,,54.13,,,,,75a00655-92ff-4c14-9d38-c7e4467791a6.sensing_status.json,4,,,,,,,,,,,,,,,371760,,63200010,,,2026-05-30 06:58:35.736,11007,,,,103.0,,,,63200010,114.0,2026-05-30 07:06:05.218,2026-05-30 07:06:05.218,,,,,93.0,,,,,54.13,,,,UTC+0530,NtSgKtj6xT,,,75a00655-92ff-4c14-9d38-c7e4467791a6.com.samsung.health.exercise.live_data.json,,,com.sec.android.app.shealth,,,,,2026-05-30 07:04:47.496,75a00655-92ff-4c14-9d38-c7e4467791a6,,
c335a9aa-1d8b-45bd-bf73-64eae8b8d744.live_data_internal.json,,0,,,,35.33,,,,,c335a9aa-1d8b-45bd-bf73-64eae8b8d744.sensing_status.json,4,,,,,,,,,,,,,,,209640,,63200010,,,2026-05-31 13:01:22.755,11007,,,,108.0,,,,63200010,117.0,2026-05-31 13:06:15.686,2026-05-31 13:06:15.686,,,,,96.0,,,,,35.33,,,,UTC+0530,NtSgKtj6xT,,,c335a9aa-1d8b-45bd-bf73-64eae8b8d744.com.samsung.health.exercise.live_data.json,,,com.sec.android.app.shealth,,,,,2026-05-31 13:04:52.395,c335a9aa-1d8b-45bd-bf73-64eae8b8d744,,
07bee0ca-4a86-4e7b-ae96-c9d24a65f644.live_data_internal.json,,0,,,,55.64,,,,,07bee0ca-4a86-4e7b-ae96-c9d24a65f644.sensing_status.json,4,,,,,,,,,,,,,,,448280,,63200010,,,2026-05-31 14:28:05.650,11007,,,,100.0,,,,63200010,117.0,2026-05-31 14:36:40.201,2026-05-31 14:36:40.201,,,,,79.0,,,,,55.64,,,,UTC+0530,NtSgKtj6xT,,,07bee0ca-4a86-4e7b-ae96-c9d24a65f644.com.samsung.health.exercise.live_data.json,,,com.sec.android.app.shealth,,,,,2026-05-31 14:35:33.930,07bee0ca-4a86-4e7b-ae96-c9d24a65f644,,
4ac8770e-3c9d-450c-91e6-f5c5b82c7fc8.live_data_internal.json,,0,,,,61.9,,,,,4ac8770e-3c9d-450c-91e6-f5c5b82c7fc8.sensing_status.json,4,,,,,,,,,,,,,,,718001,,63200010,,,2026-05-31 14:37:49.389,0,,,,103.0,,,,63200010,110.0,2026-05-31 14:49:47.456,2026-05-31 14:49:47.456,,,,,96.0,,,,,61.9,,,,UTC+0530,NtSgKtj6xT,,,4ac8770e-3c9d-450c-91e6-f5c5b82c7fc8.com.samsung.health.exercise.live_data.json,,,com.sec.android.app.shealth,,,,,2026-05-31 14:49:46.572,4ac8770e-3c9d-450c-91e6-f5c5b82c7fc8,,
923bfa18-0af8-435a-83ab-6cb44f869095.live_data_internal.json,,0,,,,68.43,,,,,923bfa18-0af8-435a-83ab-6cb44f869095.sensing_status.json,4,,,,,,,,,,,,,,,516040,,63200010,,,2026-05-31 15:46:12.524,11007,,,,104.0,,,,63200010,125.0,2026-05-31 15:55:54.252,2026-05-31 15:55:54.252,,,,,89.0,,,,,68.43,,,,UTC+0530,NtSgKtj6xT,,,923bfa18-0af8-435a-83ab-6cb44f869095.com.samsung.health.exercise.live_data.json,,,com.sec.android.app.shealth,,,,,2026-05-31 15:54:48.564,923bfa18-0af8-435a-83ab-6cb44f869095,,
3a62dba6-85b4-4efc-8251-3334867da52a.live_data_internal.json,,0,,,,598.52,,,,,3a62dba6-85b4-4efc-8251-3334867da52a.sensing_status.json,1,,,,,,,,,,,,,,,4030829,,63200010,,,2026-06-03 04:00:49.801,15002,,,,130.0,,,,63200010,159.0,2026-06-03 05:08:01.154,2026-06-03 05:08:01.154,,,,,105.0,,,,,598.52,,,,UTC+0530,NtSgKtj6xT,,,3a62dba6-85b4-4efc-8251-3334867da52a.com.samsung.health.exercise.live_data.json,,,com.sec.android.app.shealth,,,,,2026-06-03 05:08:00.630,3a62dba6-85b4-4efc-8251-3334867da52a,,
2ce90948-902d-42fb-90ab-4a412b6d37eb.live_data_internal.json,,0,,,,596.15,,,,,2ce90948-902d-42fb-90ab-4a412b6d37eb.sensing_status.json,1,,,,,,,,,,,,,,,3786513,,63200010,,,2026-06-04 04:05:14.062,15002,,,,134.0,,,,63200010,162.0,2026-06-04 05:08:21.001,2026-06-04 05:08:21.001,,,,,86.0,,,,,596.15,,,,UTC+0530,NtSgKtj6xT,,,2ce90948-902d-42fb-90ab-4a412b6d37eb.com.samsung.health.exercise.live_data.json,,,com.sec.android.app.shealth,,,,,2026-06-04 05:08:20.575,2ce90948-902d-42fb-90ab-4a412b6d37eb,,
4a967723-8bf4-40f4-a3ec-d8aea6c14dfe.live_data_internal.json,,0,,,,90.51,,,,,4a967723-8bf4-40f4-a3ec-d8aea6c14dfe.sensing_status.json,4,,,,,,,,,,,,,,,636420,,63200010,,,2026-06-04 14:18:54.022,11007,,,,119.0,,,,63200010,139.0,2026-06-04 14:30:24.252,2026-06-04 14:30:24.252,,,,,105.0,,,,,90.51,,,,UTC+0530,NtSgKtj6xT,,,4a967723-8bf4-40f4-a3ec-d8aea6c14dfe.com.samsung.health.exercise.live_data.json,,,com.sec.android.app.shealth,,,,,2026-06-04 14:29:30.442,4a967723-8bf4-40f4-a3ec-d8aea6c14dfe,,
e73498bd-822f-41e1-a79e-f619e0382cbf.live_data_internal.json,,0,,,,56.73,,,,,e73498bd-822f-41e1-a79e-f619e0382cbf.sensing_status.json,4,,,,,,,,,,,,,,,357120,,63200010,,,2026-06-04 15:34:59.064,11007,,,,107.0,,,,63200010,117.0,2026-06-04 15:42:16.933,2026-06-04 15:42:16.933,,,,,96.0,,,,,56.73,,,,UTC+0530,NtSgKtj6xT,,,e73498bd-822f-41e1-a79e-f619e0382cbf.com.samsung.health.exercise.live_data.json,,,com.sec.android.app.shealth,,,,,2026-06-04 15:40:56.184,e73498bd-822f-41e1-a79e-f619e0382cbf,,
18dac2ed-f1f2-463c-b4ad-0c8852b0ddd1.live_data_internal.json,,0,,,,544.28,,,,,18dac2ed-f1f2-463c-b4ad-0c8852b0ddd1.sensing_status.json,1,,,,,,,,,,,,,,,4066977,,63200010,,,2026-06-05 04:03:53.552,15002,,,,121.0,,,,63200010,148.0,2026-06-05 05:11:40.948,2026-06-05 05:11:40.948,,,,,100.0,,,,,544.28,,,,UTC+0530,NtSgKtj6xT,,,18dac2ed-f1f2-463c-b4ad-0c8852b0ddd1.com.samsung.health.exercise.live_data.json,,,com.sec.android.app.shealth,,,,,2026-06-05 05:11:40.529,18dac2ed-f1f2-463c-b4ad-0c8852b0ddd1,,
e0e7fdee-68a4-4053-bf3f-d7f96dd73eec.live_data_internal.json,,0,,,,536.3,,,,,e0e7fdee-68a4-4053-bf3f-d7f96dd73eec.sensing_status.json,1,,,,,,,,,,,,,,,3386959,,63200010,,,2026-06-06 04:16:06.242,15002,,,,133.0,,,,63200010,172.0,2026-06-06 05:12:34.112,2026-06-06 05:12:34.112,,,,,55.0,,,,,536.3,,,,UTC+0530,NtSgKtj6xT,,,e0e7fdee-68a4-4053-bf3f-d7f96dd73eec.com.samsung.health.exercise.live_data.json,,,com.sec.android.app.shealth,,,,,2026-06-06 05:12:33.201,e0e7fdee-68a4-4053-bf3f-d7f96dd73eec,,
0e883283-cfcc-45d7-aa3c-5f79a0f22cff.live_data_internal.json,,0,,,,100.90447,,,,,0e883283-cfcc-45d7-aa3c-5f79a0f22cff.sensing_status.json,4,,,,,,,,,,,,,,,919712,,63200010,,,2026-06-06 05:12:43.683,1001,,,,115.0,30001,,,63200010,132.0,2026-06-06 05:30:32.909,2026-06-06 05:30:32.909,,,1.5204607,100.07481,89.0,,1534,1170.64,,98.0,111.0,,,UTC+0530,NtSgKtj6xT,,,0e883283-cfcc-45d7-aa3c-5f79a0f22cff.com.samsung.health.exercise.live_data.json,,1.2728332,com.sec.android.app.shealth,,,,,2026-06-06 05:30:32.371,0e883283-cfcc-45d7-aa3c-5f79a0f22cff,,
fcf4cec2-8d6d-4066-8b23-e2dd244517c2.live_data_internal.json,,0,,,,82.78,,,,,fcf4cec2-8d6d-4066-8b23-e2dd244517c2.sensing_status.json,4,,,,,,,,,,,,,,,901897,,63200010,,,2026-06-06 14:28:27.203,0,,,,119.0,,,,63200010,131.0,2026-06-06 14:43:29.348,2026-06-06 14:43:29.348,,,,,111.0,,,,,82.78,,,,UTC+0530,NtSgKtj6xT,,,fcf4cec2-8d6d-4066-8b23-e2dd244517c2.com.samsung.health.exercise.live_data.json,,,com.sec.android.app.shealth,,,,,2026-06-06 14:43:29.090,fcf4cec2-8d6d-4066-8b23-e2dd244517c2,,
cbcd372e-45be-4c6c-98ba-cc23fb18ef34.live_data_internal.json,,0,,,,516.5813,,,,,cbcd372e-45be-4c6c-98ba-cc23fb18ef34.sensing_status.json,1,,,,,,,,,,,,,,,3726976,,63200010,,,2026-06-08 04:04:18.446,15002,,,,123.0,,,,63200010,156.0,2026-06-08 05:11:34.036,2026-06-08 05:11:34.036,,,,,97.0,,,,,510.58,,,,UTC+0530,NtSgKtj6xT,,,cbcd372e-45be-4c6c-98ba-cc23fb18ef34.com.samsung.health.exercise.live_data.json,,,com.sec.android.app.shealth,,,,,2026-06-08 05:11:33.242,cbcd372e-45be-4c6c-98ba-cc23fb18ef34,,
5f5a1423-c04e-452b-95bc-f334589dae19.live_data_internal.json,,0,,,,672.97,,,,,5f5a1423-c04e-452b-95bc-f334589dae19.sensing_status.json,1,,,,,,,,,,,,,,,4268877,,63200010,,,2026-06-09 04:07:46.346,15002,,,,134.0,,,,63200010,155.0,2026-06-09 05:18:55.764,2026-06-09 05:18:55.764,,,,,110.0,,,,,672.97,,,,UTC+0530,NtSgKtj6xT,,,5f5a1423-c04e-452b-95bc-f334589dae19.com.samsung.health.exercise.live_data.json,,,com.sec.android.app.shealth,,,,,2026-06-09 05:18:55.223,5f5a1423-c04e-452b-95bc-f334589dae19,,
445051cc-bf96-48b5-9291-ac2236f2fb7c.live_data_internal.json,,0,,,,110.55,,,,,445051cc-bf96-48b5-9291-ac2236f2fb7c.sensing_status.json,4,,,,,,,,,,,,,,,714320,,63200010,,,2026-06-09 14:14:33.254,11007,,,,125.0,,,,63200010,158.0,2026-06-09 14:27:40.568,2026-06-09 14:27:40.568,,,,,106.0,,,,,110.55,,,,UTC+0530,NtSgKtj6xT,,,445051cc-bf96-48b5-9291-ac2236f2fb7c.com.samsung.health.exercise.live_data.json,,,com.sec.android.app.shealth,,,,,2026-06-09 14:26:27.574,445051cc-bf96-48b5-9291-ac2236f2fb7c,,
2a0c90dd-e143-48ee-9788-346325458062.live_data_internal.json,,0,,,,41.5,,,,,2a0c90dd-e143-48ee-9788-346325458062.sensing_status.json,4,,,,,,,,,,,,,,,333760,,63200010,,,2026-06-09 15:42:35.610,11007,,,,86.0,,,,63200010,114.0,2026-06-09 15:49:27.926,2026-06-09 15:49:27.926,,,,,70.0,,,,,41.5,,,,UTC+0530,NtSgKtj6xT,,,2a0c90dd-e143-48ee-9788-346325458062.com.samsung.health.exercise.live_data.json,,,com.sec.android.app.shealth,,,,,2026-06-09 15:48:09.370,2a0c90dd-e143-48ee-9788-346325458062,,
16cececb-a563-440c-832c-047472ebdd03.live_data_internal.json,,0,,,,534.1,,,,,16cececb-a563-440c-832c-047472ebdd03.sensing_status.json,1,,,,,,,,,,,,,,,3832020,,63200010,,,2026-06-10 04:00:45.313,15002,,,,124.0,,,,63200010,159.0,2026-06-10 05:04:38.048,2026-06-10 05:04:38.048,,,,,103.0,,,,,534.1,,,,UTC+0530,NtSgKtj6xT,,,16cececb-a563-440c-832c-047472ebdd03.com.samsung.health.exercise.live_data.json,,,com.sec.android.app.shealth,,,,,2026-06-10 05:04:37.333,16cececb-a563-440c-832c-047472ebdd03,,
b66d57de-9667-4af7-854e-f889e473574a.live_data_internal.json,,0,,,,73.51,,,,,b66d57de-9667-4af7-854e-f889e473574a.sensing_status.json,4,,,,,,,,,,,,,,,487260,,63200010,,,2026-06-10 14:27:21.303,11007,,,,112.0,,,,63200010,125.0,2026-06-10 14:36:48.561,2026-06-10 14:36:48.561,,,,,86.0,,,,,73.51,,,,UTC+0530,NtSgKtj6xT,,,b66d57de-9667-4af7-854e-f889e473574a.com.samsung.health.exercise.live_data.json,,,com.sec.android.app.shealth,,,,,2026-06-10 14:35:28.563,b66d57de-9667-4af7-854e-f889e473574a,,
208aedbb-ec88-4850-b3f3-afa69b2bea78.live_data_internal.json,,0,,,,47.84,,,,,208aedbb-ec88-4850-b3f3-afa69b2bea78.sensing_status.json,4,,,,,,,,,,,,,,,327200,,63200010,,,2026-06-10 15:50:22.586,11007,,,,104.0,,,,63200010,116.0,2026-06-10 15:57:14.302,2026-06-10 15:57:14.302,,,,,85.0,,,,,47.84,,,,UTC+0530,NtSgKtj6xT,,,208aedbb-ec88-4850-b3f3-afa69b2bea78.com.samsung.health.exercise.live_data.json,,,com.sec.android.app.shealth,,,,,2026-06-10 15:55:49.786,208aedbb-ec88-4850-b3f3-afa69b2bea78,,
ac9ce108-9633-4876-9f66-1fd121983a7d.live_data_internal.json,,0,,,,413.95,,,,,ac9ce108-9633-4876-9f66-1fd121983a7d.sensing_status.json,1,,,,,,,,,,,,,,,3044559,,63200010,,,2026-06-11 04:09:45.594,15002,,,,123.0,,,,63200010,152.0,2026-06-11 05:00:00.034,2026-06-11 05:00:00.034,,,,,101.0,,,,,413.95,,,,UTC+0530,NtSgKtj6xT,,,ac9ce108-9633-4876-9f66-1fd121983a7d.com.samsung.health.exercise.live_data.json,,,com.sec.android.app.shealth,,,,,2026-06-11 05:00:30.153,ac9ce108-9633-4876-9f66-1fd121983a7d,,
97193e2d-06ac-4855-98bf-bd8bd565cc2c.live_data_internal.json,,0,,,,95.105,,,,,97193e2d-06ac-4855-98bf-bd8bd565cc2c.sensing_status.json,1,,,,,,,,,,,,,,,1076282,,63200010,,,2026-06-11 05:00:32.297,15005,,,,123.0,30001,,,63200010,145.0,2026-06-11 05:18:29.512,2026-06-11 05:18:29.512,,,1.85032,83.621216,112.0,,1500,1052.531,,95.105,133.218,,39.6,UTC+0530,NtSgKtj6xT,,,97193e2d-06ac-4855-98bf-bd8bd565cc2c.com.samsung.health.exercise.live_data.json,,0.9779324,com.sec.android.app.shealth,,,,,2026-06-11 05:18:28.579,97193e2d-06ac-4855-98bf-bd8bd565cc2c,,
b1c7bcc3-8f55-4e13-b31d-15c4522e6d69.live_data_internal.json,,0,,,,125.85,,,,,b1c7bcc3-8f55-4e13-b31d-15c4522e6d69.sensing_status.json,4,,,,,,,,,,,,,,,1101384,,63200010,,,2026-06-11 12:38:36.348,0,,,,133.0,,,,63200010,163.0,2026-06-11 12:56:58.079,2026-06-11 12:56:58.079,,,,,109.0,,,,,125.85,,,,UTC+0530,NtSgKtj6xT,,,b1c7bcc3-8f55-4e13-b31d-15c4522e6d69.com.samsung.health.exercise.live_data.json,,,com.sec.android.app.shealth,,,,,2026-06-11 12:56:57.476,b1c7bcc3-8f55-4e13-b31d-15c4522e6d69,,
c0c30dcd-7ca4-4cfd-ab4d-bba189732939.live_data_internal.json,,0,,,,536.81,,,,,c0c30dcd-7ca4-4cfd-ab4d-bba189732939.sensing_status.json,1,,,,,,,,,,,,,,,4027384,,63200010,,,2026-06-12 04:00:16.269,15002,,,,120.0,,,,63200010,185.0,2026-06-12 05:06:53.745,2026-06-12 05:06:53.745,,,,,93.0,,,,,536.81,,,,UTC+0530,NtSgKtj6xT,,,c0c30dcd-7ca4-4cfd-ab4d-bba189732939.com.samsung.health.exercise.live_data.json,,,com.sec.android.app.shealth,,,,,2026-06-12 05:07:23.653,c0c30dcd-7ca4-4cfd-ab4d-bba189732939,,
3b18fad2-616e-4058-a555-6d09c21846d8.live_data_internal.json,,0,,,,31.87,,,,,3b18fad2-616e-4058-a555-6d09c21846d8.sensing_status.json,4,,,,,,,,,,,,,,,188440,,63200010,,,2026-06-12 12:26:24.807,11007,,,,108.0,,,,63200010,111.0,2026-06-12 12:30:54.496,2026-06-12 12:30:54.496,,,,,106.0,,,,,31.87,,,,UTC+0530,NtSgKtj6xT,,,3b18fad2-616e-4058-a555-6d09c21846d8.com.samsung.health.exercise.live_data.json,,,com.sec.android.app.shealth,,,,,2026-06-12 12:29:33.247,3b18fad2-616e-4058-a555-6d09c21846d8,,
88f0b313-a32d-4128-91b4-1b8ec5d2e89c.live_data_internal.json,,0,,,,64.63,,,,,88f0b313-a32d-4128-91b4-1b8ec5d2e89c.sensing_status.json,4,,,,,,,,,,,,,,,443880,,63200010,,,2026-06-13 14:13:08.366,11007,,,,106.0,,,,63200010,125.0,2026-06-13 14:21:45.621,2026-06-13 14:21:45.621,,,,,95.0,,,,,64.63,,,,UTC+0530,NtSgKtj6xT,,,88f0b313-a32d-4128-91b4-1b8ec5d2e89c.com.samsung.health.exercise.live_data.json,,,com.sec.android.app.shealth,,,,,2026-06-13 14:20:32.246,88f0b313-a32d-4128-91b4-1b8ec5d2e89c,,
6ce9edc9-cb71-48e2-b90e-adfa586784ad.live_data_internal.json,,0,,,,41.33,,,,,6ce9edc9-cb71-48e2-b90e-adfa586784ad.sensing_status.json,4,,,,,,,,,,,,,,,234820,,63200010,,,2026-06-13 16:12:32.411,11007,,,,115.0,,,,63200010,120.0,2026-06-13 16:17:54.259,2026-06-13 16:17:54.259,,,,,109.0,,,,,41.33,,,,UTC+0530,NtSgKtj6xT,,,6ce9edc9-cb71-48e2-b90e-adfa586784ad.com.samsung.health.exercise.live_data.json,,,com.sec.android.app.shealth,,,,,2026-06-13 16:16:27.231,6ce9edc9-cb71-48e2-b90e-adfa586784ad,,
620cca32-65ae-44a9-a8a2-528030a4ec3c.live_data_internal.json,,0,,,,94.01,,,,,620cca32-65ae-44a9-a8a2-528030a4ec3c.sensing_status.json,4,,,,,,,,,,,,,,,677060,,63200010,,,2026-06-14 02:41:43.207,11007,,,,120.0,,,,63200010,139.0,2026-06-14 02:53:56.174,2026-06-14 02:53:56.174,,,,,111.0,,,,,94.01,,,,UTC+0530,NtSgKtj6xT,,,620cca32-65ae-44a9-a8a2-528030a4ec3c.com.samsung.health.exercise.live_data.json,,,com.sec.android.app.shealth,,,,,2026-06-14 02:53:00.267,620cca32-65ae-44a9-a8a2-528030a4ec3c,,
5d2d1331-babc-4e4a-9f71-8f6e7ff0e966.live_data_internal.json,,0,,,,153.52,,,,,5d2d1331-babc-4e4a-9f71-8f6e7ff0e966.sensing_status.json,4,,,,,,,,,,,,,,,1242300,,63200010,,,2026-06-14 03:45:00.754,11007,,,,117.0,,,,63200010,135.0,2026-06-14 04:06:07.566,2026-06-14 04:06:07.566,,,,,102.0,,,,,153.52,,,,UTC+0530,NtSgKtj6xT,,,5d2d1331-babc-4e4a-9f71-8f6e7ff0e966.com.samsung.health.exercise.live_data.json,,,com.sec.android.app.shealth,,,,,2026-06-14 04:05:43.054,5d2d1331-babc-4e4a-9f71-8f6e7ff0e966,,
25c3e829-0ed1-4341-b536-834654868e31.live_data_internal.json,,0,,,,597.07,,,,,25c3e829-0ed1-4341-b536-834654868e31.sensing_status.json,1,,,,,,,,,,,,,,,3841654,,63200010,,,2026-06-15 04:05:13.506,15002,,,,133.0,,,,63200010,177.0,2026-06-15 05:09:15.662,2026-06-15 05:09:15.662,,,,,102.0,,,,,597.07,,,,UTC+0530,NtSgKtj6xT,,,25c3e829-0ed1-4341-b536-834654868e31.com.samsung.health.exercise.live_data.json,,,com.sec.android.app.shealth,,,,,2026-06-15 05:09:15.160,25c3e829-0ed1-4341-b536-834654868e31,,
9fd4c8cc-99c5-453d-8dc6-e08537718460.live_data_internal.json,,0,,,,67.86,,,,,9fd4c8cc-99c5-453d-8dc6-e08537718460.sensing_status.json,4,,,,,,,,,,,,,,,471820,,63200010,,,2026-06-15 14:33:03.890,11007,,,,115.0,,,,63200010,133.0,2026-06-15 14:42:18.809,2026-06-15 14:42:18.809,,,,,92.0,,,,,67.86,,,,UTC+0530,NtSgKtj6xT,,,9fd4c8cc-99c5-453d-8dc6-e08537718460.com.samsung.health.exercise.live_data.json,,,com.sec.android.app.shealth,,,,,2026-06-15 14:40:55.710,9fd4c8cc-99c5-453d-8dc6-e08537718460,,
c3ea8d6f-c551-4393-868d-f562c908e31d.live_data_internal.json,,0,,,,69.04,,,,,c3ea8d6f-c551-4393-868d-f562c908e31d.sensing_status.json,4,,,,,,,,,,,,,,,434040,,63200010,,,2026-06-16 03:29:18.905,11007,,,,120.0,,,,63200010,134.0,2026-06-16 03:37:41.774,2026-06-16 03:37:41.774,,,,,112.0,,,,,69.04,,,,UTC+0530,NtSgKtj6xT,,,c3ea8d6f-c551-4393-868d-f562c908e31d.com.samsung.health.exercise.live_data.json,,,com.sec.android.app.shealth,,,,,2026-06-16 03:36:32.945,c3ea8d6f-c551-4393-868d-f562c908e31d,,
849cde48-d692-44a7-b9b4-f2aa31ef01c6.live_data_internal.json,,0,,,,32.84,,,,,849cde48-d692-44a7-b9b4-f2aa31ef01c6.sensing_status.json,4,,,,,,,,,,,,,,,216800,,63200010,,,2026-06-16 04:03:02.172,11007,,,,101.0,,,,63200010,109.0,2026-06-16 04:08:01.253,2026-06-16 04:08:01.253,,,,,88.0,,,,,32.84,,,,UTC+0530,NtSgKtj6xT,,,849cde48-d692-44a7-b9b4-f2aa31ef01c6.com.samsung.health.exercise.live_data.json,,,com.sec.android.app.shealth,,,,,2026-06-16 04:06:38.972,849cde48-d692-44a7-b9b4-f2aa31ef01c6,,
22e79a3e-7d4e-4fbf-8069-acc756d180c1.live_data_internal.json,,0,,,,92.75,,,,,22e79a3e-7d4e-4fbf-8069-acc756d180c1.sensing_status.json,4,,,,,,,,,,,,,,,685160,,63200010,,,2026-06-16 04:11:41.863,11007,,,,115.0,,,,63200010,131.0,2026-06-16 04:23:58.125,2026-06-16 04:23:58.125,,,,,93.0,,,,,92.75,,,,UTC+0530,NtSgKtj6xT,,,22e79a3e-7d4e-4fbf-8069-acc756d180c1.com.samsung.health.exercise.live_data.json,,,com.sec.android.app.shealth,,,,,2026-06-16 04:23:07.023,22e79a3e-7d4e-4fbf-8069-acc756d180c1,,
0efa3593-a153-4c80-a271-e2094c435489.live_data_internal.json,,0,,,,50.22,,,,,0efa3593-a153-4c80-a271-e2094c435489.sensing_status.json,4,,,,,,,,,,,,,,,305060,,63200010,,,2026-06-16 04:41:51.332,11007,,,,121.0,,,,63200010,125.0,2026-06-16 04:48:20.303,2026-06-16 04:48:20.303,,,,,117.0,,,,,50.22,,,,UTC+0530,NtSgKtj6xT,,,0efa3593-a153-4c80-a271-e2094c435489.com.samsung.health.exercise.live_data.json,,,com.sec.android.app.shealth,,,,,2026-06-16 04:46:56.392,0efa3593-a153-4c80-a271-e2094c435489,,
7caaa44f-5f23-4338-a7d8-cd412ebaca71.live_data_internal.json,,0,,,,83.52,,,,,7caaa44f-5f23-4338-a7d8-cd412ebaca71.sensing_status.json,4,,,,,,,,,,,,,,,562280,,63200010,,,2026-06-16 05:28:59.907,11007,,,,128.0,,,,63200010,152.0,2026-06-16 05:39:25.382,2026-06-16 05:39:25.382,,,,,90.0,,,,,83.52,,,,UTC+0530,NtSgKtj6xT,,,7caaa44f-5f23-4338-a7d8-cd412ebaca71.com.samsung.health.exercise.live_data.json,,,com.sec.android.app.shealth,,,,,2026-06-16 05:38:22.187,7caaa44f-5f23-4338-a7d8-cd412ebaca71,,
c32dfe22-5307-4996-bd63-52ae0e3ab986.live_data_internal.json,,0,,,,565.22,,,,,c32dfe22-5307-4996-bd63-52ae0e3ab986.sensing_status.json,1,,,,,,,,,,,,,,,4003330,,63200010,,,2026-06-17 04:07:06.042,15002,,,,126.0,,,,63200010,146.0,2026-06-17 05:13:49.917,2026-06-17 05:13:49.917,,,,,97.0,,,,,565.22,,,,UTC+0530,NtSgKtj6xT,,,c32dfe22-5307-4996-bd63-52ae0e3ab986.com.samsung.health.exercise.live_data.json,,,com.sec.android.app.shealth,,,,,2026-06-17 05:13:49.372,c32dfe22-5307-4996-bd63-52ae0e3ab986,,
3cecbe94-b1ba-46cc-854c-f73c3e3eb24d.live_data_internal.json,,0,,,,92.46,,,,,3cecbe94-b1ba-46cc-854c-f73c3e3eb24d.sensing_status.json,4,,,,,,,,,,,,,,,691900,,63200010,,,2026-06-17 14:19:03.824,11007,,,,114.0,,,,63200010,132.0,2026-06-17 14:31:38.322,2026-06-17 14:31:38.322,,,,,98.0,,,,,92.46,,,,UTC+0530,NtSgKtj6xT,,,3cecbe94-b1ba-46cc-854c-f73c3e3eb24d.com.samsung.health.exercise.live_data.json,,,com.sec.android.app.shealth,,,,,2026-06-17 14:30:35.724,3cecbe94-b1ba-46cc-854c-f73c3e3eb24d,,
a755cd05-e8b9-4a86-a319-2679601e2ee2.live_data_internal.json,,0,,,,37.57,,,,,a755cd05-e8b9-4a86-a319-2679601e2ee2.sensing_status.json,4,,,,,,,,,,,,,,,204100,,63200010,,,2026-06-17 15:54:15.213,11007,,,,137.0,,,,63200010,142.0,2026-06-17 15:59:05.576,2026-06-17 15:59:05.576,,,,,132.0,,,,,37.57,,,,UTC+0530,NtSgKtj6xT,,,a755cd05-e8b9-4a86-a319-2679601e2ee2.com.samsung.health.exercise.live_data.json,,,com.sec.android.app.shealth,,,,,2026-06-17 15:57:39.313,a755cd05-e8b9-4a86-a319-2679601e2ee2,,
ac54c89c-bbf8-49f0-985f-391c4f86c2c9.live_data_internal.json,,0,,,,61.31,,,,,ac54c89c-bbf8-49f0-985f-391c4f86c2c9.sensing_status.json,4,,,,,,,,,,,,,,,375820,,63200010,,,2026-06-18 03:38:48.243,11007,,,,115.0,,,,63200010,129.0,2026-06-18 03:46:26.259,2026-06-18 03:46:26.259,,,,,92.0,,,,,61.31,,,,UTC+0530,NtSgKtj6xT,,,ac54c89c-bbf8-49f0-985f-391c4f86c2c9.com.samsung.health.exercise.live_data.json,,,com.sec.android.app.shealth,,,,,2026-06-18 03:45:04.063,ac54c89c-bbf8-49f0-985f-391c4f86c2c9,,
2eb5d107-59f5-48f1-ab23-117d92a3f88a.live_data_internal.json,,0,,,,39.44,,,,,2eb5d107-59f5-48f1-ab23-117d92a3f88a.sensing_status.json,4,,,,,,,,,,,,,,,272980,,63200010,,,2026-06-19 02:32:29.661,11007,,,,106.0,,,,63200010,116.0,2026-06-19 02:38:27.435,2026-06-19 02:38:27.435,,,,,99.0,,,,,39.44,,,,UTC+0530,NtSgKtj6xT,,,2eb5d107-59f5-48f1-ab23-117d92a3f88a.com.samsung.health.exercise.live_data.json,,,com.sec.android.app.shealth,,,,,2026-06-19 02:37:02.641,2eb5d107-59f5-48f1-ab23-117d92a3f88a,,
d274378a-69cd-4f28-984c-652ac5602fdd.live_data_internal.json,,0,,,,35.09,,,,,d274378a-69cd-4f28-984c-652ac5602fdd.sensing_status.json,4,,,,,,,,,,,,,,,253200,,63200010,,,2026-06-19 03:03:11.000,11007,,,,114.0,,,,63200010,125.0,2026-06-19 03:08:48.140,2026-06-19 03:08:48.140,,,,,100.0,,,,,35.09,,,,UTC+0530,NtSgKtj6xT,,,d274378a-69cd-4f28-984c-652ac5602fdd.com.samsung.health.exercise.live_data.json,,,com.sec.android.app.shealth,,,,,2026-06-19 03:07:24.200,d274378a-69cd-4f28-984c-652ac5602fdd,,
007d682d-e979-4527-a753-d6e286039024.live_data_internal.json,,0,,,,79.48,,,,,007d682d-e979-4527-a753-d6e286039024.sensing_status.json,4,,,,,,,,,,,,,,,540560,,63200010,,,2026-06-19 06:09:38.304,11007,,,,121.0,,,,63200010,142.0,2026-06-19 06:19:42.629,2026-06-19 06:19:42.629,,,,,95.0,,,,,79.48,,,,UTC+0530,NtSgKtj6xT,,,007d682d-e979-4527-a753-d6e286039024.com.samsung.health.exercise.live_data.json,,,com.sec.android.app.shealth,,,,,2026-06-19 06:18:38.864,007d682d-e979-4527-a753-d6e286039024,,
7ef78947-e1d8-4402-8b3e-9774c9bf7475.live_data_internal.json,,0,,,,71.21,,,,,7ef78947-e1d8-4402-8b3e-9774c9bf7475.sensing_status.json,4,,,,,,,,,,,,,,,464500,,63200010,,,2026-06-19 06:29:25.920,11007,,,,118.0,,,,63200010,132.0,2026-06-19 06:38:24.162,2026-06-19 06:38:24.162,,,,,103.0,,,,,71.21,,,,UTC+0530,NtSgKtj6xT,,,7ef78947-e1d8-4402-8b3e-9774c9bf7475.com.samsung.health.exercise.live_data.json,,,com.sec.android.app.shealth,,,,,2026-06-19 06:37:10.420,7ef78947-e1d8-4402-8b3e-9774c9bf7475,,
05e1443a-b0f1-404c-8320-c18021693d78.live_data_internal.json,,0,,,,80.65,,,,,05e1443a-b0f1-404c-8320-c18021693d78.sensing_status.json,4,,,,,,,,,,,,,,,581900,,63200010,,,2026-06-19 14:29:37.151,11007,,,,119.0,,,,63200010,140.0,2026-06-19 14:40:13.635,2026-06-19 14:40:13.635,,,,,106.0,,,,,80.65,,,,UTC+0530,NtSgKtj6xT,,,05e1443a-b0f1-404c-8320-c18021693d78.com.samsung.health.exercise.live_data.json,,,com.sec.android.app.shealth,,,,,2026-06-19 14:39:19.051,05e1443a-b0f1-404c-8320-c18021693d78,,
aa51dbc0-112f-4754-89f0-3a1df4716cb9.live_data_internal.json,,0,,,,44.1,,,,,aa51dbc0-112f-4754-89f0-3a1df4716cb9.sensing_status.json,4,,,,,,,,,,,,,,,339520,,63200010,,,2026-06-19 16:12:34.544,11007,,,,104.0,,,,63200010,113.0,2026-06-19 16:19:34.389,2026-06-19 16:19:34.389,,,,,95.0,,,,,44.1,,,,UTC+0530,NtSgKtj6xT,,,aa51dbc0-112f-4754-89f0-3a1df4716cb9.com.samsung.health.exercise.live_data.json,,,com.sec.android.app.shealth,,,,,2026-06-19 16:18:14.064,aa51dbc0-112f-4754-89f0-3a1df4716cb9,,
ba191172-506d-4deb-8794-d4f3ad9d64a2.live_data_internal.json,,0,,,,56.25,,,,,ba191172-506d-4deb-8794-d4f3ad9d64a2.sensing_status.json,4,,,,,,,,,,,,,,,466340,,63200010,,,2026-06-20 08:22:38.552,11007,,,,101.0,,,,63200010,119.0,2026-06-20 08:31:38.305,2026-06-20 08:31:38.305,,,,,81.0,,,,,56.25,,,,UTC+0530,NtSgKtj6xT,,,ba191172-506d-4deb-8794-d4f3ad9d64a2.com.samsung.health.exercise.live_data.json,,,com.sec.android.app.shealth,,,,,2026-06-20 08:30:24.892,ba191172-506d-4deb-8794-d4f3ad9d64a2,,
1c5a7ed3-902f-4f9c-9361-da758046482b.live_data_internal.json,,0,,,,58.3,,,,,1c5a7ed3-902f-4f9c-9361-da758046482b.sensing_status.json,4,,,,,,,,,,,,,,,476900,,63200010,,,2026-06-20 14:25:56.672,11007,,,,97.0,,,,63200010,116.0,2026-06-20 14:35:10.975,2026-06-20 14:35:10.975,,,,,73.0,,,,,58.3,,,,UTC+0530,NtSgKtj6xT,,,1c5a7ed3-902f-4f9c-9361-da758046482b.com.samsung.health.exercise.live_data.json,,,com.sec.android.app.shealth,,,,,2026-06-20 14:33:53.572,1c5a7ed3-902f-4f9c-9361-da758046482b,,
7115e32e-b39b-4015-ac8b-d21856c3e1b4.live_data_internal.json,,0,,,,48.92,,,,,7115e32e-b39b-4015-ac8b-d21856c3e1b4.sensing_status.json,4,,,,,,,,,,,,,,,360060,,63200010,,,2026-06-20 15:45:41.655,11007,,,,107.0,,,,63200010,121.0,2026-06-20 15:52:51.574,2026-06-20 15:52:51.574,,,,,92.0,,,,,48.92,,,,UTC+0530,NtSgKtj6xT,,,7115e32e-b39b-4015-ac8b-d21856c3e1b4.com.samsung.health.exercise.live_data.json,,,com.sec.android.app.shealth,,,,,2026-06-20 15:51:41.715,7115e32e-b39b-4015-ac8b-d21856c3e1b4,,
1f7ad412-7747-4f97-b4ad-846f53877992.live_data_internal.json,,0,,,,679.98,,,,,1f7ad412-7747-4f97-b4ad-846f53877992.sensing_status.json,1,,,,,,,,,,,,,,,4464050,,63200010,,,2026-06-22 04:05:54.878,15002,,,,131.0,,,,63200010,165.0,2026-06-22 05:19:46.371,2026-06-22 05:19:46.371,,,,,101.0,,,,,679.98,,,,UTC+0530,NtSgKtj6xT,,,1f7ad412-7747-4f97-b4ad-846f53877992.com.samsung.health.exercise.live_data.json,,,com.sec.android.app.shealth,,,,,2026-06-22 05:20:18.928,1f7ad412-7747-4f97-b4ad-846f53877992,,
3b69dc72-1188-4846-9869-a4d88c6a389a.live_data_internal.json,,0,,,,39.62,,,,,3b69dc72-1188-4846-9869-a4d88c6a389a.sensing_status.json,4,,,,,,,,,,,,,,,289700,,63200010,,,2026-06-22 15:56:27.283,11007,,,,98.0,,,,63200010,116.0,2026-06-22 16:02:38.097,2026-06-22 16:02:38.097,,,,,82.0,,,,,39.62,,,,UTC+0530,NtSgKtj6xT,,,3b69dc72-1188-4846-9869-a4d88c6a389a.com.samsung.health.exercise.live_data.json,,,com.sec.android.app.shealth,,,,,2026-06-22 16:01:16.983,3b69dc72-1188-4846-9869-a4d88c6a389a,,
cf48e59e-6bb4-476d-b9a7-a526a5f9b7a5.live_data_internal.json,,0,,,,62.0,,,,,cf48e59e-6bb4-476d-b9a7-a526a5f9b7a5.sensing_status.json,4,,,,,,,,,,,,,,,640826,,63200010,,,2026-06-23 05:43:11.935,1001,,,,106.0,30001,,,63200010,121.0,2026-06-23 05:55:08.374,2026-06-23 05:55:08.374,,,1.5246195,90.91392,77.0,,971,753.06,,62.0,114.0,,,UTC+0530,NtSgKtj6xT,,,cf48e59e-6bb4-476d-b9a7-a526a5f9b7a5.com.samsung.health.exercise.live_data.json,,1.1751395,com.sec.android.app.shealth,,,,,2026-06-23 05:53:52.761,cf48e59e-6bb4-476d-b9a7-a526a5f9b7a5,,
d7ee2ab9-c2a2-48b3-b62a-81e411323404.live_data_internal.json,,0,,,,517.7,,,,,d7ee2ab9-c2a2-48b3-b62a-81e411323404.sensing_status.json,1,,,,,,,,,,,,,,,3756776,,63200010,,,2026-06-24 04:01:31.292,15002,,,,122.0,,,,63200010,160.0,2026-06-24 05:04:08.505,2026-06-24 05:04:08.505,,,,,95.0,,,,,517.7,,,,UTC+0530,NtSgKtj6xT,,,d7ee2ab9-c2a2-48b3-b62a-81e411323404.com.samsung.health.exercise.live_data.json,,,com.sec.android.app.shealth,,,,,2026-06-24 05:04:08.068,d7ee2ab9-c2a2-48b3-b62a-81e411323404,,
e2e647c6-0692-46ac-b722-e03e66ee722e.live_data_internal.json,,0,,,,596.37,,,,,e2e647c6-0692-46ac-b722-e03e66ee722e.sensing_status.json,1,,,,,,,,,,,,,,,4180599,,63200010,,,2026-06-26 04:15:03.969,15002,,,,126.0,,,,63200010,174.0,2026-06-26 05:24:44.827,2026-06-26 05:24:44.827,,,,,101.0,,,,,596.37,,,,UTC+0530,NtSgKtj6xT,,,e2e647c6-0692-46ac-b722-e03e66ee722e.com.samsung.health.exercise.live_data.json,,,com.sec.android.app.shealth,,,,,2026-06-26 05:24:44.568,e2e647c6-0692-46ac-b722-e03e66ee722e,,
a0303a53-cfaa-4a58-b001-d98cd3bd47fe.live_data_internal.json,,0,,,,61.2,,,,,a0303a53-cfaa-4a58-b001-d98cd3bd47fe.sensing_status.json,4,,,,,,,,,,,,,,,441860,,63200010,,,2026-06-26 14:38:55.113,11007,,,,110.0,,,,63200010,121.0,2026-06-26 14:47:31.012,2026-06-26 14:47:31.012,,,,,98.0,,,,,61.2,,,,UTC+0530,NtSgKtj6xT,,,a0303a53-cfaa-4a58-b001-d98cd3bd47fe.com.samsung.health.exercise.live_data.json,,,com.sec.android.app.shealth,,,,,2026-06-26 14:46:16.973,a0303a53-cfaa-4a58-b001-d98cd3bd47fe,,
2b09e9a9-78e5-4ed7-9337-0419680aba90.live_data_internal.json,,0,,,,47.16,,,,,2b09e9a9-78e5-4ed7-9337-0419680aba90.sensing_status.json,4,,,,,,,,,,,,,,,300820,,63200010,,,2026-06-26 15:47:39.661,11007,,,,100.0,,,,63200010,108.0,2026-06-26 15:54:04.863,2026-06-26 15:54:04.863,,,,,84.0,,,,,47.16,,,,UTC+0530,NtSgKtj6xT,,,2b09e9a9-78e5-4ed7-9337-0419680aba90.com.samsung.health.exercise.live_data.json,,,com.sec.android.app.shealth,,,,,2026-06-26 15:52:40.481,2b09e9a9-78e5-4ed7-9337-0419680aba90,,
10fe2e3a-9a95-4682-b5e5-e247a9a8f475.live_data_internal.json,,0,,,,52.41,,,,,10fe2e3a-9a95-4682-b5e5-e247a9a8f475.sensing_status.json,4,,,,,,,,,,,,,,,363500,,63200010,,,2026-06-28 03:52:33.049,11007,,,,102.0,,,,63200010,117.0,2026-06-28 03:59:49.211,2026-06-28 03:59:49.211,,,,,88.0,,,,,52.41,,,,UTC+0530,NtSgKtj6xT,,,10fe2e3a-9a95-4682-b5e5-e247a9a8f475.com.samsung.health.exercise.live_data.json,,,com.sec.android.app.shealth,,,,,2026-06-28 03:58:36.549,10fe2e3a-9a95-4682-b5e5-e247a9a8f475,,
de9d44d6-3360-468d-be62-ccfdd9c27311.live_data_internal.json,,0,,,,97.72,,,,,de9d44d6-3360-468d-be62-ccfdd9c27311.sensing_status.json,4,,,,,,,,,,,,,,,795180,,63200010,,,2026-06-28 03:59:35.905,11007,,,,112.0,,,,63200010,137.0,2026-06-28 04:13:21.257,2026-06-28 04:13:21.257,,,,,78.0,,,,,97.72,,,,UTC+0530,NtSgKtj6xT,,,de9d44d6-3360-468d-be62-ccfdd9c27311.com.samsung.health.exercise.live_data.json,,,com.sec.android.app.shealth,,,,,2026-06-28 04:12:51.085,de9d44d6-3360-468d-be62-ccfdd9c27311,,
b6e615f3-3f80-4bb5-ad66-9d0232c9edc5.live_data_internal.json,,0,,,,44.99,,,,,b6e615f3-3f80-4bb5-ad66-9d0232c9edc5.sensing_status.json,4,,,,,,,,,,,,,,,281120,,63200010,,,2026-06-28 12:05:09.668,11007,,,,104.0,,,,63200010,111.0,2026-06-28 12:11:15.289,2026-06-28 12:11:15.289,,,,,97.0,,,,,44.99,,,,UTC+0530,NtSgKtj6xT,,,b6e615f3-3f80-4bb5-ad66-9d0232c9edc5.com.samsung.health.exercise.live_data.json,,,com.sec.android.app.shealth,,,,,2026-06-28 12:09:50.788,b6e615f3-3f80-4bb5-ad66-9d0232c9edc5,,
91a600f9-cf47-4698-a761-678d21874897.live_data_internal.json,,0,,,,36.84,,,,,91a600f9-cf47-4698-a761-678d21874897.sensing_status.json,4,,,,,,,,,,,,,,,262580,,63200010,,,2026-06-28 12:13:36.501,11007,,,,100.0,,,,63200010,109.0,2026-06-28 12:19:16.434,2026-06-28 12:19:16.434,,,,,92.0,,,,,36.84,,,,UTC+0530,NtSgKtj6xT,,,91a600f9-cf47-4698-a761-678d21874897.com.samsung.health.exercise.live_data.json,,,com.sec.android.app.shealth,,,,,2026-06-28 12:17:59.081,91a600f9-cf47-4698-a761-678d21874897,,
1d9741be-ab5a-45c8-b533-5bc41fdb6c08.live_data_internal.json,,0,,,,590.47015,,,,,1d9741be-ab5a-45c8-b533-5bc41fdb6c08.sensing_status.json,1,,,,,,,,,,,,,,,3984810,,63200010,,,2026-06-29 04:07:44.354,15002,,,,129.0,,,,63200010,160.0,2026-06-29 05:16:03.927,2026-06-29 05:16:03.927,,,,,103.0,,,,,588.24,,,,UTC+0530,NtSgKtj6xT,,,1d9741be-ab5a-45c8-b533-5bc41fdb6c08.com.samsung.health.exercise.live_data.json,,,com.sec.android.app.shealth,,,,,2026-06-29 05:16:03.554,1d9741be-ab5a-45c8-b533-5bc41fdb6c08,,
9f3d9ad6-3c7e-44b2-b1fd-8e3ddf3a2796.live_data_internal.json,,0,,,,64.53,,,,,9f3d9ad6-3c7e-44b2-b1fd-8e3ddf3a2796.sensing_status.json,4,,,,,,,,,,,,,,,730574,,63200010,,,2026-06-30 03:49:05.295,0,,,,117.0,,,,63200010,125.0,2026-06-30 04:01:16.177,2026-06-30 04:01:16.177,,,,,107.0,,,,,64.53,,,,UTC+0530,NtSgKtj6xT,,,9f3d9ad6-3c7e-44b2-b1fd-8e3ddf3a2796.com.samsung.health.exercise.live_data.json,,,com.sec.android.app.shealth,,,,,2026-06-30 04:01:15.552,9f3d9ad6-3c7e-44b2-b1fd-8e3ddf3a2796,,
f4502575-bc62-42ed-a6a3-b593fa8ac3ef.live_data_internal.json,,0,,,,585.26,,,,,f4502575-bc62-42ed-a6a3-b593fa8ac3ef.sensing_status.json,1,,,,,,,,,,,,,,,3945266,,63200010,,,2026-06-30 04:15:32.544,15002,,,,129.0,,,,63200010,154.0,2026-06-30 05:21:23.176,2026-06-30 05:21:23.176,,,,,73.0,,,,,585.26,,,,UTC+0530,NtSgKtj6xT,,,f4502575-bc62-42ed-a6a3-b593fa8ac3ef.com.samsung.health.exercise.live_data.json,,,com.sec.android.app.shealth,,,,,2026-06-30 05:21:17.810,f4502575-bc62-42ed-a6a3-b593fa8ac3ef,,
f51c2f8f-8789-4e4c-b0c1-e4ae2cc7bc41.live_data_internal.json,,0,,,,68.49,,,,,f51c2f8f-8789-4e4c-b0c1-e4ae2cc7bc41.sensing_status.json,4,,,,,,,,,,,,,,,561480,,63200010,,,2026-06-30 14:47:15.904,11007,,,,111.0,,,,63200010,125.0,2026-06-30 14:57:41.078,2026-06-30 14:57:41.078,,,,,100.0,,,,,68.49,,,,UTC+0530,NtSgKtj6xT,,,f51c2f8f-8789-4e4c-b0c1-e4ae2cc7bc41.com.samsung.health.exercise.live_data.json,,,com.sec.android.app.shealth,,,,,2026-06-30 14:56:37.384,f51c2f8f-8789-4e4c-b0c1-e4ae2cc7bc41,,
7bf1ed43-5e02-4a55-87d5-c8b2adc8013a.live_data_internal.json,,0,,,,46.94,,,,,7bf1ed43-5e02-4a55-87d5-c8b2adc8013a.sensing_status.json,4,,,,,,,,,,,,,,,291940,,63200010,,,2026-06-30 15:44:20.473,11007,,,,106.0,,,,63200010,112.0,2026-06-30 15:50:37.769,2026-06-30 15:50:37.769,,,,,100.0,,,,,46.94,,,,UTC+0530,NtSgKtj6xT,,,7bf1ed43-5e02-4a55-87d5-c8b2adc8013a.com.samsung.health.exercise.live_data.json,,,com.sec.android.app.shealth,,,,,2026-06-30 15:49:12.413,7bf1ed43-5e02-4a55-87d5-c8b2adc8013a,,
1c7c70a3-0441-476a-a2a2-ef297fa36918.live_data_internal.json,,0,,,,79.0,,,,,1c7c70a3-0441-476a-a2a2-ef297fa36918.sensing_status.json,4,,,,,,,,,,,,,,,668800,,70001070,,,2026-07-03 06:42:41.449,1001,,,,104.0,30001,,,70001070,119.0,2026-07-03 06:57:29.379,2026-07-03 06:57:29.379,,,1.5067048,109.09091,75.0,,1216,939.85,,79.0,115.0,,,UTC+0530,NtSgKtj6xT,,,1c7c70a3-0441-476a-a2a2-ef297fa36918.com.samsung.health.exercise.live_data.json,,1.4052781,com.sec.android.app.shealth,,,,,2026-07-03 06:53:50.248,1c7c70a3-0441-476a-a2a2-ef297fa36918,,
1e14560c-9853-4a7b-8744-ca1b6f269003.live_data_internal.json,,0,,,,120.68632,,,,,1e14560c-9853-4a7b-8744-ca1b6f269003.sensing_status.json,4,,,,,,,,,,,,,,,955054,,70001070,,,2026-07-05 08:53:07.077,1001,,,,94.0,30001,,,70001070,109.0,2026-07-05 09:16:00.386,2026-07-05 09:16:00.386,,,1.9166666,87.07361,84.0,,1386,971.26,,114.0,95.0,,,UTC+0530,NtSgKtj6xT,,,1e14560c-9853-4a7b-8744-ca1b6f269003.com.samsung.health.exercise.live_data.json,,1.0169686,com.sec.android.app.shealth,,,,,2026-07-05 09:14:45.085,1e14560c-9853-4a7b-8744-ca1b6f269003,,
8dff6985-18e6-4e29-ae74-ece4362ada0d.live_data_internal.json,,0,,,,638.4,,,,,8dff6985-18e6-4e29-ae74-ece4362ada0d.sensing_status.json,1,,,,,,,,,,,,,,,4573015,,70001070,,,2026-07-06 04:08:06.746,15002,,,,124.0,,,,70001070,164.0,2026-07-06 05:24:20.157,2026-07-06 05:24:20.157,,,,,54.0,,,,,638.4,,,,UTC+0530,NtSgKtj6xT,,,8dff6985-18e6-4e29-ae74-ece4362ada0d.com.samsung.health.exercise.live_data.json,,,com.sec.android.app.shealth,,,,,2026-07-06 05:24:19.761,8dff6985-18e6-4e29-ae74-ece4362ada0d,,
50634f0f-b574-453c-88f8-bd0f685be3bf.live_data_internal.json,,0,,,,101.179794,,,,,50634f0f-b574-453c-88f8-bd0f685be3bf.sensing_status.json,4,,,,,,,,,,,,,,,947935,,70001070,,,2026-07-06 15:11:34.771,1001,,,,96.0,30001,,,70001070,109.0,2026-07-06 15:31:14.450,2026-07-06 15:31:14.450,,,1.3888888,93.04435,78.0,,1470,1078.2,,100.0,104.0,,,UTC+0530,NtSgKtj6xT,,,50634f0f-b574-453c-88f8-bd0f685be3bf.com.samsung.health.exercise.live_data.json,,1.1374197,com.sec.android.app.shealth,,,,,2026-07-06 15:28:23.220,50634f0f-b574-453c-88f8-bd0f685be3bf,,
8824f8c9-f0a2-4012-a13d-9c78428e22f0.live_data_internal.json,,0,,,,588.95,,,,,8824f8c9-f0a2-4012-a13d-9c78428e22f0.sensing_status.json,1,,,,,,,,,,,,,,,4379909,,70001070,,,2026-07-07 03:53:59.753,15002,,,,121.0,,,,70001070,153.0,2026-07-07 05:07:05.393,2026-07-07 05:07:05.393,,,,,81.0,,,,,588.95,,,,UTC+0530,NtSgKtj6xT,,,8824f8c9-f0a2-4012-a13d-9c78428e22f0.com.samsung.health.exercise.live_data.json,,,com.sec.android.app.shealth,,,,,2026-07-07 05:06:59.662,8824f8c9-f0a2-4012-a13d-9c78428e22f0,,
174e271d-7501-4f1b-8fdb-cf0ffc5873f5.live_data_internal.json,,0,,,,52.210934,,,,,174e271d-7501-4f1b-8fdb-cf0ffc5873f5.sensing_status.json,4,,,,,,,,,,,,,,,661229,,70001070,,,2026-07-08 06:16:38.084,0,,,,110.0,,,,70001070,113.0,2026-07-08 06:27:39.558,2026-07-08 06:27:39.558,,,,,105.0,,,,,52.21,,,,UTC+0530,NtSgKtj6xT,,,174e271d-7501-4f1b-8fdb-cf0ffc5873f5.com.samsung.health.exercise.live_data.json,,,com.sec.android.app.shealth,,,,,2026-07-08 06:27:39.361,174e271d-7501-4f1b-8fdb-cf0ffc5873f5,,
a90a1608-1799-4cac-b214-82029ca6a20c.live_data_internal.json,,0,,,,69.41,,,,,a90a1608-1799-4cac-b214-82029ca6a20c.sensing_status.json,4,,,,,,,,,,,,,,,463000,,70001070,,,2026-07-08 14:39:51.996,11007,,,,114.0,,,,70001070,122.0,2026-07-08 14:48:57.355,2026-07-08 14:48:57.355,,,,,108.0,,,,,69.41,,,,UTC+0530,NtSgKtj6xT,,,a90a1608-1799-4cac-b214-82029ca6a20c.com.samsung.health.exercise.live_data.json,,,com.sec.android.app.shealth,,,,,2026-07-08 14:47:34.996,a90a1608-1799-4cac-b214-82029ca6a20c,,
960b2e08-25f0-47a3-9fad-3f93157a4557.live_data_internal.json,,0,,,,74.87,,,,,960b2e08-25f0-47a3-9fad-3f93157a4557.sensing_status.json,4,,,,,,,,,,,,,,,541920,,70001070,,,2026-07-08 16:06:59.303,11007,,,,113.0,,,,70001070,123.0,2026-07-08 16:17:18.485,2026-07-08 16:17:18.485,,,,,106.0,,,,,74.87,,,,UTC+0530,NtSgKtj6xT,,,960b2e08-25f0-47a3-9fad-3f93157a4557.com.samsung.health.exercise.live_data.json,,,com.sec.android.app.shealth,,,,,2026-07-08 16:16:01.223,960b2e08-25f0-47a3-9fad-3f93157a4557,,
600848f6-30f3-446a-9f31-7341a81f5096.live_data_internal.json,,0,,,,568.47,,,,,600848f6-30f3-446a-9f31-7341a81f5096.sensing_status.json,1,,,,,,,,,,,,,,,3767095,,70001070,,,2026-07-09 04:11:19.994,15002,,,,130.0,,,,70001070,154.0,2026-07-09 05:14:12.502,2026-07-09 05:14:12.502,,,,,104.0,,,,,568.47,,,,UTC+0530,NtSgKtj6xT,,,600848f6-30f3-446a-9f31-7341a81f5096.com.samsung.health.exercise.live_data.json,,,com.sec.android.app.shealth,,,,,2026-07-09 05:14:07.089,600848f6-30f3-446a-9f31-7341a81f5096,,
bcf5aac8-ee42-4c8f-8ab4-9acabe5fb651.live_data_internal.json,,0,,,,69.25,,,,,bcf5aac8-ee42-4c8f-8ab4-9acabe5fb651.sensing_status.json,4,,,,,,,,,,,,,,,469920,,70001070,,,2026-07-09 14:27:57.809,11007,,,,112.0,,,,70001070,121.0,2026-07-09 14:37:05.515,2026-07-09 14:37:05.515,,,,,102.0,,,,,69.25,,,,UTC+0530,NtSgKtj6xT,,,bcf5aac8-ee42-4c8f-8ab4-9acabe5fb651.com.samsung.health.exercise.live_data.json,,,com.sec.android.app.shealth,,,,,2026-07-09 14:35:47.729,bcf5aac8-ee42-4c8f-8ab4-9acabe5fb651,,
f4916131-d080-41c9-9a1f-bbf2a4c17fc3.live_data_internal.json,,0,,,,49.4,,,,,f4916131-d080-41c9-9a1f-bbf2a4c17fc3.sensing_status.json,4,,,,,,,,,,,,,,,341320,,70001070,,,2026-07-09 15:52:38.583,11007,,,,95.0,,,,70001070,113.0,2026-07-09 15:59:38.883,2026-07-09 15:59:38.883,,,,,79.0,,,,,49.4,,,,UTC+0530,NtSgKtj6xT,,,f4916131-d080-41c9-9a1f-bbf2a4c17fc3.com.samsung.health.exercise.live_data.json,,,com.sec.android.app.shealth,,,,,2026-07-09 15:58:19.903,f4916131-d080-41c9-9a1f-bbf2a4c17fc3,,
96c99ed8-deed-4975-b4fd-15dfd11375a9.live_data_internal.json,,0,,,,547.23,,,,,96c99ed8-deed-4975-b4fd-15dfd11375a9.sensing_status.json,1,,,,,,,,,,,,,,,4067310,,70001070,,,2026-07-10 04:10:32.328,15002,,,,122.0,,,,70001070,166.0,2026-07-10 05:18:20.130,2026-07-10 05:18:20.130,,,,,82.0,,,,,547.23,,,,UTC+0530,NtSgKtj6xT,,,96c99ed8-deed-4975-b4fd-15dfd11375a9.com.samsung.health.exercise.live_data.json,,,com.sec.android.app.shealth,,,,,2026-07-10 05:18:19.638,96c99ed8-deed-4975-b4fd-15dfd11375a9,,
d2a1f5f3-c89d-4171-a686-8f7abde58050.live_data_internal.json,,0,,,,29.05,,,,,d2a1f5f3-c89d-4171-a686-8f7abde58050.sensing_status.json,4,,,,,,,,,,,,,,,233480,,70001070,,,2026-07-10 06:56:17.210,11007,,,,85.0,,,,70001070,86.0,2026-07-10 07:01:35.561,2026-07-10 07:01:35.561,,,,,85.0,,,,,29.05,,,,UTC+0530,NtSgKtj6xT,,,d2a1f5f3-c89d-4171-a686-8f7abde58050.com.samsung.health.exercise.live_data.json,,,com.sec.android.app.shealth,,,,,2026-07-10 07:00:10.690,d2a1f5f3-c89d-4171-a686-8f7abde58050,,
407826eb-5ed9-43bb-be34-18591e4c3609.live_data_internal.json,,0,,,,55.32,,,,,407826eb-5ed9-43bb-be34-18591e4c3609.sensing_status.json,4,,,,,,,,,,,,,,,400700,,70001070,,,2026-07-10 14:57:30.285,11007,,,,111.0,,,,70001070,130.0,2026-07-10 15:05:22.154,2026-07-10 15:05:22.154,,,,,101.0,,,,,55.32,,,,UTC+0530,NtSgKtj6xT,,,407826eb-5ed9-43bb-be34-18591e4c3609.com.samsung.health.exercise.live_data.json,,,com.sec.android.app.shealth,,,,,2026-07-10 15:04:10.985,407826eb-5ed9-43bb-be34-18591e4c3609,,
db9b4472-1ac3-4e0d-a180-7bdad5d66929.live_data_internal.json,,0,,,,465.96,,,,,db9b4472-1ac3-4e0d-a180-7bdad5d66929.sensing_status.json,1,,,,,,,,,,,,,,,3606966,,70001070,,,2026-07-11 04:03:55.823,15002,,,,118.0,,,,70001070,148.0,2026-07-11 05:04:03.149,2026-07-11 05:04:03.149,,,,,100.0,,,,,465.96,,,,UTC+0530,NtSgKtj6xT,,,db9b4472-1ac3-4e0d-a180-7bdad5d66929.com.samsung.health.exercise.live_data.json,,,com.sec.android.app.shealth,,,,,2026-07-11 05:04:02.789,db9b4472-1ac3-4e0d-a180-7bdad5d66929,,
7f385d03-cd21-4391-89f2-9112262d3523.live_data_internal.json,,0,,,,71.58048,,,,,7f385d03-cd21-4391-89f2-9112262d3523.sensing_status.json,4,,,,,,,,,,,,,,,800682,,70001070,,,2026-07-12 05:04:54.071,1001,,,,102.0,30001,,,70001070,115.0,2026-07-12 05:18:45.134,2026-07-12 05:18:45.134,,,1.3611112,71.18931,90.0,,950,711.83,,71.0,97.0,,,UTC+0530,NtSgKtj6xT,,,7f385d03-cd21-4391-89f2-9112262d3523.com.samsung.health.exercise.live_data.json,,0.8890296,com.sec.android.app.shealth,,,,,2026-07-12 05:18:44.527,7f385d03-cd21-4391-89f2-9112262d3523,,
73566aef-5974-42d4-be8f-be7225ca69d6.live_data_internal.json,,0,,,,573.4209,,,,,73566aef-5974-42d4-be8f-be7225ca69d6.sensing_status.json,1,,,,,,,,,,,,,,,4121291,,70001070,,,2026-07-13 04:02:31.026,15002,,,,124.0,,,,70001070,150.0,2026-07-13 05:13:02.157,2026-07-13 05:13:02.157,,,,,104.0,,,,,571.29,,,,UTC+0530,NtSgKtj6xT,,,73566aef-5974-42d4-be8f-be7225ca69d6.com.samsung.health.exercise.live_data.json,,,com.sec.android.app.shealth,,,,,2026-07-13 05:13:01.615,73566aef-5974-42d4-be8f-be7225ca69d6,,
c23012f9-2c72-4a0f-9f1d-a66c87173946.live_data_internal.json,,0,,,,44.54,,,,,c23012f9-2c72-4a0f-9f1d-a66c87173946.sensing_status.json,4,,,,,,,,,,,,,,,289880,,70001070,,,2026-07-13 15:41:08.263,11007,,,,102.0,,,,70001070,114.0,2026-07-13 15:47:22.075,2026-07-13 15:47:22.075,,,,,83.0,,,,,44.54,,,,UTC+0530,NtSgKtj6xT,,,c23012f9-2c72-4a0f-9f1d-a66c87173946.com.samsung.health.exercise.live_data.json,,,com.sec.android.app.shealth,,,,,2026-07-13 15:45:58.143,c23012f9-2c72-4a0f-9f1d-a66c87173946,,
686cd259-20eb-4140-be21-4013887a51bc.live_data_internal.json,,0,,,,567.11,,,,,686cd259-20eb-4140-be21-4013887a51bc.sensing_status.json,1,,,,,,,,,,,,,,,4351124,,70001070,,,2026-07-14 04:02:28.049,15002,,,,118.0,,,,70001070,152.0,2026-07-14 05:14:59.921,2026-07-14 05:14:59.921,,,,,96.0,,,,,567.11,,,,UTC+0530,NtSgKtj6xT,,,686cd259-20eb-4140-be21-4013887a51bc.com.samsung.health.exercise.live_data.json,,,com.sec.android.app.shealth,,,,,2026-07-14 05:14:59.173,686cd259-20eb-4140-be21-4013887a51bc,,
2ef8d53a-922e-4226-b80c-ea94bc499250.live_data_internal.json,,0,,,,582.47,,,,,2ef8d53a-922e-4226-b80c-ea94bc499250.sensing_status.json,1,,,,,,,,,,,,,,,3923204,,70001070,,,2026-07-15 04:17:05.088,15002,,,,129.0,,,,70001070,159.0,2026-07-15 05:22:28.710,2026-07-15 05:22:28.710,,,,,105.0,,,,,582.47,,,,UTC+0530,NtSgKtj6xT,,,2ef8d53a-922e-4226-b80c-ea94bc499250.com.samsung.health.exercise.live_data.json,,,com.sec.android.app.shealth,,,,,2026-07-15 05:22:28.292,2ef8d53a-922e-4226-b80c-ea94bc499250,,
efacfb33-2dfc-4a9e-858e-2d14e79a7d25.live_data_internal.json,,0,,,,534.63,,,,,efacfb33-2dfc-4a9e-858e-2d14e79a7d25.sensing_status.json,1,,,,,,,,,,,,,,,3811802,,70050090,,,2026-07-18 04:14:54.123,15002,,,,124.0,,,,70050090,165.0,2026-07-18 05:18:26.725,2026-07-18 05:18:26.725,,,,,100.0,,,,,534.63,,,,UTC+0530,NtSgKtj6xT,,,efacfb33-2dfc-4a9e-858e-2d14e79a7d25.com.samsung.health.exercise.live_data.json,,,com.sec.android.app.shealth,,,,,2026-07-18 05:18:25.925,efacfb33-2dfc-4a9e-858e-2d14e79a7d25,,
18fef829-5929-4dbc-ae28-cf16795adcd7.live_data_internal.json,,0,,,,57.79,,,,,18fef829-5929-4dbc-ae28-cf16795adcd7.sensing_status.json,4,,,,,,,,,,,,,,,361480,,70050090,,,2026-07-19 07:00:27.645,11007,,,,112.0,,,,70050090,120.0,2026-07-19 07:07:50.121,2026-07-19 07:07:50.121,,,,,104.0,,,,,57.79,,,,UTC+0530,NtSgKtj6xT,,,18fef829-5929-4dbc-ae28-cf16795adcd7.com.samsung.health.exercise.live_data.json,,,com.sec.android.app.shealth,,,,,2026-07-19 07:06:29.125,18fef829-5929-4dbc-ae28-cf16795adcd7,,
acbe7cf5-97fc-4aca-802e-3f99006a63f1.live_data_internal.json,,0,,,,34.29,,,,,acbe7cf5-97fc-4aca-802e-3f99006a63f1.sensing_status.json,4,,,,,,,,,,,,,,,233400,,70050090,,,2026-07-19 07:07:46.520,11007,,,,95.0,,,,70050090,108.0,2026-07-19 07:13:05.573,2026-07-19 07:13:05.573,,,,,80.0,,,,,34.29,,,,UTC+0530,NtSgKtj6xT,,,acbe7cf5-97fc-4aca-802e-3f99006a63f1.com.samsung.health.exercise.live_data.json,,,com.sec.android.app.shealth,,,,,2026-07-19 07:11:39.920,acbe7cf5-97fc-4aca-802e-3f99006a63f1,,
e14b1521-5ed8-44b2-a02c-08e4b0edcabb.live_data_internal.json,,0,,,,37.25,,,,,e14b1521-5ed8-44b2-a02c-08e4b0edcabb.sensing_status.json,4,,,,,,,,,,,,,,,308840,,70050090,,,2026-07-19 07:26:47.069,11007,,,,93.0,,,,70050090,112.0,2026-07-19 07:33:17.346,2026-07-19 07:33:17.346,,,,,79.0,,,,,37.25,,,,UTC+0530,NtSgKtj6xT,,,e14b1521-5ed8-44b2-a02c-08e4b0edcabb.com.samsung.health.exercise.live_data.json,,,com.sec.android.app.shealth,,,,,2026-07-19 07:31:55.909,e14b1521-5ed8-44b2-a02c-08e4b0edcabb,,
1578bea9-4747-4187-8747-50565b1986e7.live_data_internal.json,,0,,,,489.89624,,,,,1578bea9-4747-4187-8747-50565b1986e7.sensing_status.json,1,,,,,,,,,,,,,,,3856176,,70050090,,,2026-07-20 03:58:52.486,15002,,,,114.0,,,,70050090,141.0,2026-07-20 05:11:33.800,2026-07-20 05:11:33.800,,,,,81.0,,,,,480.06,,,,UTC+0530,NtSgKtj6xT,,,1578bea9-4747-4187-8747-50565b1986e7.com.samsung.health.exercise.live_data.json,,,com.sec.android.app.shealth,,,,,2026-07-20 05:11:33.182,1578bea9-4747-4187-8747-50565b1986e7,,
d42d03d2-1c38-412b-a425-d485e7319fef.live_data_internal.json,,0,,,,62.00002,,,,,d42d03d2-1c38-412b-a425-d485e7319fef.sensing_status.json,4,,,,,,,,,,,,,,,617441,,70050090,,,2026-07-21 05:04:41.450,1001,,,,93.0,30001,,,70050090,107.0,2026-07-21 05:16:14.335,2026-07-21 05:16:14.335,,,1.5833334,73.85321,80.0,,760,575.74,,62.0,113.0,,,UTC+0530,NtSgKtj6xT,,,d42d03d2-1c38-412b-a425-d485e7319fef.com.samsung.health.exercise.live_data.json,,0.93246156,com.sec.android.app.shealth,,,,,2026-07-21 05:14:58.892,d42d03d2-1c38-412b-a425-d485e7319fef,,
5417d2a7-a9f0-40af-9078-709ee56b17b4.live_data_internal.json,,0,,,,70.66,,,,,5417d2a7-a9f0-40af-9078-709ee56b17b4.sensing_status.json,4,,,,,,,,,,,,,,,472040,,70050090,,,2026-07-21 14:42:14.125,11007,,,,111.0,,,,70050090,124.0,2026-07-21 14:51:26.645,2026-07-21 14:51:26.645,,,,,94.0,,,,,70.66,,,,UTC+0530,NtSgKtj6xT,,,5417d2a7-a9f0-40af-9078-709ee56b17b4.com.samsung.health.exercise.live_data.json,,,com.sec.android.app.shealth,,,,,2026-07-21 14:50:06.165,5417d2a7-a9f0-40af-9078-709ee56b17b4,,
938022d1-8d34-4db2-848b-26423c387091.live_data_internal.json,,0,,,,36.7,,,,,938022d1-8d34-4db2-848b-26423c387091.sensing_status.json,4,,,,,,,,,,,,,,,320900,,70050090,,,2026-07-21 16:23:55.938,11007,,,,91.0,,,,70050090,104.0,2026-07-21 16:30:40.886,2026-07-21 16:30:40.886,,,,,78.0,,,,,36.7,,,,UTC+0530,NtSgKtj6xT,,,938022d1-8d34-4db2-848b-26423c387091.com.samsung.health.exercise.live_data.json,,,com.sec.android.app.shealth,,,,,2026-07-21 16:29:16.838,938022d1-8d34-4db2-848b-26423c387091,,
650550de-bd35-4710-9907-ee6182e3a34b.live_data_internal.json,,0,,,,560.3,,,,,650550de-bd35-4710-9907-ee6182e3a34b.sensing_status.json,1,,,,,,,,,,,,,,,4212132,,70050090,,,2026-07-22 04:00:47.421,15002,,,,120.0,,,,70050090,149.0,2026-07-22 05:11:00.127,2026-07-22 05:11:00.127,,,,,93.0,,,,,560.3,,,,UTC+0530,NtSgKtj6xT,,,650550de-bd35-4710-9907-ee6182e3a34b.com.samsung.health.exercise.live_data.json,,,com.sec.android.app.shealth,,,,,2026-07-22 05:10:59.553,650550de-bd35-4710-9907-ee6182e3a34b,,
5c5ceef2-93de-46ad-af67-5e432d76c0b0.live_data_internal.json,,0,,,,523.41,,,,,5c5ceef2-93de-46ad-af67-5e432d76c0b0.sensing_status.json,1,,,,,,,,,,,,,,,3994380,,70050090,,,2026-07-23 04:07:35.801,15002,,,,119.0,,,,70050090,149.0,2026-07-23 05:14:10.508,2026-07-23 05:14:10.508,,,,,89.0,,,,,523.41,,,,UTC+0530,NtSgKtj6xT,,,5c5ceef2-93de-46ad-af67-5e432d76c0b0.com.samsung.health.exercise.live_data.json,,,com.sec.android.app.shealth,,,,,2026-07-23 05:14:10.181,5c5ceef2-93de-46ad-af67-5e432d76c0b0,,
44b3356d-7b83-4d4d-841a-f11bcf8d7f5d.live_data_internal.json,,0,,,,69.7,,,,,44b3356d-7b83-4d4d-841a-f11bcf8d7f5d.sensing_status.json,4,,,,,,,,,,,,,,,486320,,70050090,,,2026-07-23 14:24:33.502,11007,,,,105.0,,,,70050090,123.0,2026-07-23 14:33:55.779,2026-07-23 14:33:55.779,,,,,94.0,,,,,69.7,,,,UTC+0530,NtSgKtj6xT,,,44b3356d-7b83-4d4d-841a-f11bcf8d7f5d.com.samsung.health.exercise.live_data.json,,,com.sec.android.app.shealth,,,,,2026-07-23 14:32:39.822,44b3356d-7b83-4d4d-841a-f11bcf8d7f5d,,
0158ad68-9a9b-45fc-86f1-f154020e918e.live_data_internal.json,,0,,,,54.1,,,,,0158ad68-9a9b-45fc-86f1-f154020e918e.sensing_status.json,4,,,,,,,,,,,,,,,396980,,70050090,,,2026-07-23 15:35:46.155,11007,,,,109.0,,,,70050090,121.0,2026-07-23 15:43:36.067,2026-07-23 15:43:36.067,,,,,94.0,,,,,54.1,,,,UTC+0530,NtSgKtj6xT,,,0158ad68-9a9b-45fc-86f1-f154020e918e.com.samsung.health.exercise.live_data.json,,,com.sec.android.app.shealth,,,,,2026-07-23 15:42:23.135,0158ad68-9a9b-45fc-86f1-f154020e918e,,
559c6ed7-5573-49cc-bb10-74659cdfc649.live_data_internal.json,,0,,,,550.08,,,,,559c6ed7-5573-49cc-bb10-74659cdfc649.sensing_status.json,1,,,,,,,,,,,,,,,4106336,,70050090,,,2026-07-24 04:05:01.655,15002,,,,119.0,,,,70050090,154.0,2026-07-24 05:13:28.321,2026-07-24 05:13:28.321,,,,,92.0,,,,,550.08,,,,UTC+0530,NtSgKtj6xT,,,559c6ed7-5573-49cc-bb10-74659cdfc649.com.samsung.health.exercise.live_data.json,,,com.sec.android.app.shealth,,,,,2026-07-24 05:13:27.991,559c6ed7-5573-49cc-bb10-74659cdfc649,,
b359ef21-00ec-4553-8972-98787278100d.live_data_internal.json,,0,,,,472.45,,,,,b359ef21-00ec-4553-8972-98787278100d.sensing_status.json,1,,,,,,,,,,,,,,,3457940,,70050090,,,2026-07-25 04:38:33.720,15002,,,,122.0,,,,70050090,170.0,2026-07-25 05:36:16.983,2026-07-25 05:36:16.983,,,,,83.0,,,,,472.45,,,,UTC+0530,NtSgKtj6xT,,,b359ef21-00ec-4553-8972-98787278100d.com.samsung.health.exercise.live_data.json,,,com.sec.android.app.shealth,,,,,2026-07-25 05:36:11.660,b359ef21-00ec-4553-8972-98787278100d,,
665166fc-f1e1-4815-a3b3-c144466b6b34.live_data_internal.json,,0,,,,58.27,,,,,665166fc-f1e1-4815-a3b3-c144466b6b34.sensing_status.json,4,,,,,,,,,,,,,,,441320,,70050090,,,2026-07-25 08:17:35.612,11007,,,,107.0,,,,70050090,117.0,2026-07-25 08:26:12.373,2026-07-25 08:26:12.373,,,,,96.0,,,,,58.27,,,,UTC+0530,NtSgKtj6xT,,,665166fc-f1e1-4815-a3b3-c144466b6b34.com.samsung.health.exercise.live_data.json,,,com.sec.android.app.shealth,,,,,2026-07-25 08:24:56.932,665166fc-f1e1-4815-a3b3-c144466b6b34,,
b5b0d9ac-006a-4d27-a4ff-a35dbb2139e4.live_data_internal.json,,0,,,,65.88,,,,,b5b0d9ac-006a-4d27-a4ff-a35dbb2139e4.sensing_status.json,4,,,,,,,,,,,,,,,468420,,70050090,,,2026-07-26 02:44:41.774,11007,,,,106.0,,,,70050090,116.0,2026-07-26 02:53:45.599,2026-07-26 02:53:45.599,,,,,99.0,,,,,65.88,,,,UTC+0530,NtSgKtj6xT,,,b5b0d9ac-006a-4d27-a4ff-a35dbb2139e4.com.samsung.health.exercise.live_data.json,,,com.sec.android.app.shealth,,,,,2026-07-26 02:52:30.194,b5b0d9ac-006a-4d27-a4ff-a35dbb2139e4,,
336d11f7-f550-4abf-9950-f46c5b95d431.live_data_internal.json,,0,,,,31.46,,,,,336d11f7-f550-4abf-9950-f46c5b95d431.sensing_status.json,4,,,,,,,,,,,,,,,193240,,70050090,,,2026-07-26 02:56:27.402,11007,,,,93.0,,,,70050090,97.0,2026-07-26 03:01:08.163,2026-07-26 03:01:08.163,,,,,90.0,,,,,31.46,,,,UTC+0530,NtSgKtj6xT,,,336d11f7-f550-4abf-9950-f46c5b95d431.com.samsung.health.exercise.live_data.json,,,com.sec.android.app.shealth,,,,,2026-07-26 02:59:40.642,336d11f7-f550-4abf-9950-f46c5b95d431,,
,,0,,,,33.58,,,,,5c1fc1a3-724e-4495-9409-aab7ca82e827.sensing_status.json,4,,,,,,,,,,,,,,,221140,,70050090,,,2026-07-26 03:17:22.600,11007,,,,96.0,,,,70050090,101.0,2026-07-26 03:22:31.026,2026-07-26 03:22:31.026,,,,,92.0,,,,,33.58,,,,UTC+0530,NtSgKtj6xT,,,,,,com.sec.android.app.shealth,,,,,2026-07-26 03:21:03.740,5c1fc1a3-724e-4495-9409-aab7ca82e827,,
c2fd6bc9-58b4-4920-aae3-8c0866fd9e11.live_data_internal.json,,0,,,,57.49,,,,,c2fd6bc9-58b4-4920-aae3-8c0866fd9e11.sensing_status.json,4,,,,,,,,,,,,,,,485040,,70050090,,,2026-07-26 03:22:22.769,11007,,,,100.0,,,,70050090,112.0,2026-07-26 03:31:24.322,2026-07-26 03:31:24.322,,,,,93.0,,,,,57.49,,,,UTC+0530,NtSgKtj6xT,,,c2fd6bc9-58b4-4920-aae3-8c0866fd9e11.com.samsung.health.exercise.live_data.json,,,com.sec.android.app.shealth,,,,,2026-07-26 03:30:27.809,c2fd6bc9-58b4-4920-aae3-8c0866fd9e11,,
a0caf4b8-d75e-4d28-bcb1-640f68e11f00.live_data_internal.json,,0,,,,50.26,,,,,a0caf4b8-d75e-4d28-bcb1-640f68e11f00.sensing_status.json,4,,,,,,,,,,,,,,,341000,,70050090,,,2026-07-26 03:31:15.593,11007,,,,102.0,,,,70050090,117.0,2026-07-26 03:38:13.542,2026-07-26 03:38:13.542,,,,,93.0,,,,,50.26,,,,UTC+0530,NtSgKtj6xT,,,a0caf4b8-d75e-4d28-bcb1-640f68e11f00.com.samsung.health.exercise.live_data.json,,,com.sec.android.app.shealth,,,,,2026-07-26 03:36:56.593,a0caf4b8-d75e-4d28-bcb1-640f68e11f00,,
8d5564e2-bf5d-4188-ac53-72bffc986d18.live_data_internal.json,,0,,,,137.38,,,,,8d5564e2-bf5d-4188-ac53-72bffc986d18.sensing_status.json,4,,,,,,,,,,,,,,,1138320,,70050090,,,2026-07-26 03:58:26.091,11007,,,,102.0,,,,70050090,132.0,2026-07-26 04:17:57.357,2026-07-26 04:17:57.357,,,,,84.0,,,,,137.38,,,,UTC+0530,NtSgKtj6xT,,,8d5564e2-bf5d-4188-ac53-72bffc986d18.com.samsung.health.exercise.live_data.json,,,com.sec.android.app.shealth,,,,,2026-07-26 04:17:24.411,8d5564e2-bf5d-4188-ac53-72bffc986d18,,
2bede749-556f-4ce6-a58c-157c283ed57a.live_data_internal.json,,0,,,,79.47,,,,,2bede749-556f-4ce6-a58c-157c283ed57a.sensing_status.json,4,,,,,,,,,,,,,,,809440,,70050090,,,2026-07-26 08:05:15.553,11007,,,,92.0,,,,70050090,113.0,2026-07-26 08:19:31.276,2026-07-26 08:19:31.276,,,,,72.0,,,,,79.47,,,,UTC+0530,NtSgKtj6xT,,,2bede749-556f-4ce6-a58c-157c283ed57a.com.samsung.health.exercise.live_data.json,,,com.sec.android.app.shealth,,,,,2026-07-26 08:18:44.993,2bede749-556f-4ce6-a58c-157c283ed57a,,
c44c0b4c-fa84-465e-8449-6a538b772e88.live_data_internal.json,,0,,,,31.35,,,,,c44c0b4c-fa84-465e-8449-6a538b772e88.sensing_status.json,4,,,,,,,,,,,,,,,213140,,70050090,,,2026-07-27 06:01:15.275,11007,,,,84.0,,,,70050090,89.0,2026-07-27 06:06:15.450,2026-07-27 06:06:15.450,,,,,81.0,,,,,31.35,,,,UTC+0530,NtSgKtj6xT,,,c44c0b4c-fa84-465e-8449-6a538b772e88.com.samsung.health.exercise.live_data.json,,,com.sec.android.app.shealth,,,,,2026-07-27 06:04:48.415,c44c0b4c-fa84-465e-8449-6a538b772e88,,
7fad15e8-de25-46e7-b4fd-d401008285e5.live_data_internal.json,,0,,,,42.92,,,,,7fad15e8-de25-46e7-b4fd-d401008285e5.sensing_status.json,4,,,,,,,,,,,,,,,279380,,70050090,,,2026-07-27 06:54:00.371,11007,,,,107.0,,,,70050090,112.0,2026-07-27 07:00:00.789,2026-07-27 07:00:00.789,,,,,102.0,,,,,42.92,,,,UTC+0530,NtSgKtj6xT,,,7fad15e8-de25-46e7-b4fd-d401008285e5.com.samsung.health.exercise.live_data.json,,,com.sec.android.app.shealth,,,,,2026-07-27 06:58:39.751,7fad15e8-de25-46e7-b4fd-d401008285e5,,
8f892c17-957c-40b8-907a-9a844539a903.live_data_internal.json,,0,,,,33.16,,,,,8f892c17-957c-40b8-907a-9a844539a903.sensing_status.json,4,,,,,,,,,,,,,,,187320,,70050090,,,2026-07-27 06:59:53.350,11007,,,,92.0,,,,70050090,94.0,2026-07-27 07:04:28.370,2026-07-27 07:04:28.370,,,,,90.0,,,,,33.16,,,,UTC+0530,NtSgKtj6xT,,,8f892c17-957c-40b8-907a-9a844539a903.com.samsung.health.exercise.live_data.json,,,com.sec.android.app.shealth,,,,,2026-07-27 07:03:00.670,8f892c17-957c-40b8-907a-9a844539a903,,
b82e29de-1344-4a93-8462-005e8bf8dac2.live_data_internal.json,,0,,,,70.15,,,,,b82e29de-1344-4a93-8462-005e8bf8dac2.sensing_status.json,4,,,,,,,,,,,,,,,542260,,70050090,,,2026-07-28 14:27:28.533,11007,,,,101.0,,,,70050090,118.0,2026-07-28 14:37:50.089,2026-07-28 14:37:50.089,,,,,92.0,,,,,70.15,,,,UTC+0530,NtSgKtj6xT,,,b82e29de-1344-4a93-8462-005e8bf8dac2.com.samsung.health.exercise.live_data.json,,,com.sec.android.app.shealth,,,,,2026-07-28 14:36:30.793,b82e29de-1344-4a93-8462-005e8bf8dac2,,
67bd1739-ff11-4ff6-8a66-b90af7a5f83f.live_data_internal.json,,0,,,,37.17,,,,,67bd1739-ff11-4ff6-8a66-b90af7a5f83f.sensing_status.json,4,,,,,,,,,,,,,,,253120,,70050090,,,2026-07-28 15:47:03.782,11007,,,,93.0,,,,70050090,110.0,2026-07-28 15:52:41.055,2026-07-28 15:52:41.055,,,,,78.0,,,,,37.17,,,,UTC+0530,NtSgKtj6xT,,,67bd1739-ff11-4ff6-8a66-b90af7a5f83f.com.samsung.health.exercise.live_data.json,,,com.sec.android.app.shealth,,,,,2026-07-28 15:51:16.902,67bd1739-ff11-4ff6-8a66-b90af7a5f83f,,
0ddb8f61-4051-48fc-9b07-13deb80b956d.live_data_internal.json,,0,,,,618.13574,,,,,0ddb8f61-4051-48fc-9b07-13deb80b956d.sensing_status.json,1,,,,,,,,,,,,,,,4535287,,70060030,,,2026-07-29 04:06:28.309,15002,,,,121.0,,,,70060030,157.0,2026-07-29 05:24:35.667,2026-07-29 05:24:35.667,,,,,90.0,,,,,615.18,,,,UTC+0530,NtSgKtj6xT,,,0ddb8f61-4051-48fc-9b07-13deb80b956d.com.samsung.health.exercise.live_data.json,,,com.sec.android.app.shealth,,,,,2026-07-29 05:24:35.203,0ddb8f61-4051-48fc-9b07-13deb80b956d,,
7fdf99de-eb1f-4c63-8e26-698c46bb7689.live_data_internal.json,,0,,,,84.32226,,,,,7fdf99de-eb1f-4c63-8e26-698c46bb7689.sensing_status.json,4,,,,,,,,,,,,,,,904545,,70060030,,,2026-07-30 03:42:22.788,0,,,,108.0,,,,70060030,125.0,2026-07-30 03:57:27.435,2026-07-30 03:57:27.435,,,,,99.0,,,,,84.32,,,,UTC+0530,NtSgKtj6xT,,,7fdf99de-eb1f-4c63-8e26-698c46bb7689.com.samsung.health.exercise.live_data.json,,,com.sec.android.app.shealth,,,,,2026-07-30 03:57:27.449,7fdf99de-eb1f-4c63-8e26-698c46bb7689,,
565e0837-2437-401b-a272-f0fff50ab161.live_data_internal.json,,0,,,,476.02997,,,,,565e0837-2437-401b-a272-f0fff50ab161.sensing_status.json,1,,,,,,,,,,,,,,,3906444,,70060030,,,2026-07-30 04:11:55.328,15002,,,,113.0,,,,70060030,140.0,2026-07-30 05:17:11.423,2026-07-30 05:17:11.423,,,,,85.0,,,,,475.85,,,,UTC+0530,NtSgKtj6xT,,,565e0837-2437-401b-a272-f0fff50ab161.com.samsung.health.exercise.live_data.json,,,com.sec.android.app.shealth,,,,,2026-07-30 05:17:11.003,565e0837-2437-401b-a272-f0fff50ab161,,
ca8acd90-2a80-4662-9324-28da5cc945da.live_data_internal.json,,0,,,,502.70612,,,,,ca8acd90-2a80-4662-9324-28da5cc945da.sensing_status.json,1,,,,,,,,,,,,,,,3824509,,70060030,,,2026-07-31 04:02:57.049,15002,,,,120.0,,,,70060030,152.0,2026-07-31 05:06:51.962,2026-07-31 05:06:51.962,,,,,97.0,,,,,502.51,,,,UTC+0530,NtSgKtj6xT,,,ca8acd90-2a80-4662-9324-28da5cc945da.com.samsung.health.exercise.live_data.json,,,com.sec.android.app.shealth,,,,,2026-07-31 05:06:51.616,ca8acd90-2a80-4662-9324-28da5cc945da,,
3eb15167-dc25-4bcc-b331-c48ee32d7cd1.live_data_internal.json,,0,,,,514.73676,,,,,3eb15167-dc25-4bcc-b331-c48ee32d7cd1.sensing_status.json,1,,,,,,,,,,,,,,,3844231,,70060030,,,2026-08-01 04:19:22.247,15002,,,,122.0,,,,70060030,152.0,2026-08-01 05:23:31.462,2026-08-01 05:23:31.462,,,,,100.0,,,,,514.65,,,,UTC+0530,NtSgKtj6xT,,,3eb15167-dc25-4bcc-b331-c48ee32d7cd1.com.samsung.health.exercise.live_data.json,,,com.sec.android.app.shealth,,,,,2026-08-01 05:23:30.927,3eb15167-dc25-4bcc-b331-c48ee32d7cd1,,
f727e7b0-7e2a-4923-b05a-604e6343651b.live_data_internal.json,,0,,,,65.89,,,,,f727e7b0-7e2a-4923-b05a-604e6343651b.sensing_status.json,4,,,,,,,,,,,,,,,527780,,70060030,,,2026-08-02 14:24:55.618,11007,,,,111.0,,,,70060030,132.0,2026-08-02 14:34:43.860,2026-08-02 14:34:43.860,,,,,99.0,,,,,65.89,,,,UTC+0530,NtSgKtj6xT,,,f727e7b0-7e2a-4923-b05a-604e6343651b.com.samsung.health.exercise.live_data.json,,,com.sec.android.app.shealth,,,,,2026-08-02 14:33:43.398,f727e7b0-7e2a-4923-b05a-604e6343651b,,
0b8ada1f-4841-4e8d-970f-f33e40079bc1.live_data_internal.json,,0,,,,666.77,,,,,0b8ada1f-4841-4e8d-970f-f33e40079bc1.sensing_status.json,1,,,,,,,,,,,,,,,4573190,,70060030,,,2026-08-03 04:06:50.805,15002,,,,128.0,,,,70060030,156.0,2026-08-03 05:23:06.841,2026-08-03 05:23:06.841,,,,,96.0,,,,,666.77,,,,UTC+0530,NtSgKtj6xT,,,0b8ada1f-4841-4e8d-970f-f33e40079bc1.com.samsung.health.exercise.live_data.json,,,com.sec.android.app.shealth,,,,,2026-08-03 05:23:03.995,0b8ada1f-4841-4e8d-970f-f33e40079bc1,,
